time,label,accept,page,status,x_cache,placement,colo,appconnect_ms,ttfb_ms,total_ms,server_ms,bytes,db_count,db_total,db_first,db_last,render,cache_hit,cache_miss,server_timing
2026-10-06T07:19:43Z,astro6,curl,/posts/architektura-emdash-typescript-astro,200,MISS,remote-WAW,HAM,105.9,407.0,553.0,301.1,33115,14.0,374.0,0.0,135.0,135.0,10.0,7.0,"rt;dur=0;desc=""Runtime init"", render;dur=135;desc=""Page render"", mw;dur=135;desc=""Total middleware"", db.total;dur=374;desc=""DB total"", db.count;dur=14;desc=""Query count"", db.first;dur=0;desc=""First query at"", db.last;dur=135;desc=""Last query at"", cache.hit;dur=10;desc=""Cache hits"", cache.miss;dur=7;desc=""Cache misses"" | D1_layout;dur=66.0;desc=""D1:layout"", D1_entry+recent;dur=115.0;desc=""D1:entry+recent"", D1_tags;dur=20.0;desc=""D1:tags"", total;dur=135.0;desc=""total"""
2026-10-06T07:19:43Z,astro6,curl,/category/technologia,200,MISS,remote-WAW,HAM,109.8,415.4,420.7,305.6,28122,13.0,437.0,0.0,177.0,177.0,4.0,6.0,"rt;dur=0;desc=""Runtime init"", render;dur=177;desc=""Page render"", mw;dur=177;desc=""Total middleware"", db.total;dur=437;desc=""DB total"", db.count;dur=13;desc=""Query count"", db.first;dur=0;desc=""First query at"", db.last;dur=177;desc=""Last query at"", cache.hit;dur=4;desc=""Cache hits"", cache.miss;dur=6;desc=""Cache misses"" | D1_layout;dur=93.0;desc=""D1:layout"", D1_term+posts;dur=177.0;desc=""D1:term+posts"", total;dur=177.0;desc=""total"""
2026-10-06T07:19:44Z,astro6,curl,/,200,MISS,remote-WAW,HAM,205.4,662.5,663.1,457.1,29758,9.0,232.0,0.0,137.0,137.0,4.0,6.0,"rt;dur=0;desc=""Runtime init"", render;dur=137;desc=""Page render"", mw;dur=137;desc=""Total middleware"", db.total;dur=232;desc=""DB total"", db.count;dur=9;desc=""Query count"", db.first;dur=0;desc=""First query at"", db.last;dur=137;desc=""Last query at"", cache.hit;dur=4;desc=""Cache hits"", cache.miss;dur=6;desc=""Cache misses"" | D1_layout;dur=65.0;desc=""D1:layout"", D1_posts;dur=117.0;desc=""D1:posts"", D1_all-tags;dur=20.0;desc=""D1:all-tags"", total;dur=137.0;desc=""total"""
2026-10-06T07:19:45Z,astro6,curl,/posts/,200,MISS,remote-WAW,HAM,112.0,414.3,422.9,302.3,36905,9.0,276.0,0.0,163.0,163.0,4.0,6.0,"rt;dur=0;desc=""Runtime init"", render;dur=163;desc=""Page render"", mw;dur=163;desc=""Total middleware"", db.total;dur=276;desc=""DB total"", db.count;dur=9;desc=""Query count"", db.first;dur=0;desc=""First query at"", db.last;dur=163;desc=""Last query at"", cache.hit;dur=4;desc=""Cache hits"", cache.miss;dur=6;desc=""Cache misses"" | D1_layout;dur=84.0;desc=""D1:layout"", D1_posts;dur=135.0;desc=""D1:posts"", D1_all-tags;dur=28.0;desc=""D1:all-tags"", total;dur=163.0;desc=""total"""
2026-10-06T07:19:47Z,astro6,browser,/posts/architektura-emdash-typescript-astro,200,MISS,remote-WAW,HAM,1116.3,1627.7,1726.1,511.4,33507,13.0,450.0,0.0,187.0,187.0,10.0,7.0,"rt;dur=0;desc=""Runtime init"", render;dur=187;desc=""Page render"", mw;dur=187;desc=""Total middleware"", db.total;dur=450;desc=""DB total"", db.count;dur=13;desc=""Query count"", db.first;dur=0;desc=""First query at"", db.last;dur=187;desc=""Last query at"", cache.hit;dur=10;desc=""Cache hits"", cache.miss;dur=7;desc=""Cache misses"" | D1_layout;dur=100.0;desc=""D1:layout"", D1_entry+recent;dur=159.0;desc=""D1:entry+recent"", D1_tags;dur=28.0;desc=""D1:tags"", total;dur=187.0;desc=""total"" | cfEdge;dur=282,cfOrigin;dur=0"
2026-10-06T07:19:48Z,astro6,browser,/posts/,200,MISS,remote-WAW,HAM,109.1,632.7,635.0,523.6,37264,9.0,231.0,0.0,134.0,134.0,4.0,6.0,"rt;dur=0;desc=""Runtime init"", render;dur=134;desc=""Page render"", mw;dur=134;desc=""Total middleware"", db.total;dur=231;desc=""DB total"", db.count;dur=9;desc=""Query count"", db.first;dur=0;desc=""First query at"", db.last;dur=134;desc=""Last query at"", cache.hit;dur=4;desc=""Cache hits"", cache.miss;dur=6;desc=""Cache misses"" | D1_layout;dur=71.0;desc=""D1:layout"", D1_posts;dur=111.0;desc=""D1:posts"", D1_all-tags;dur=23.0;desc=""D1:all-tags"", total;dur=134.0;desc=""total"" | cfEdge;dur=229,cfOrigin;dur=0"
2026-10-06T07:19:48Z,astro6,browser,/category/technologia,200,MISS,remote-WAW,HAM,116.5,481.7,482.5,365.2,28494,11.0,364.0,0.0,160.0,160.0,4.0,6.0,"rt;dur=0;desc=""Runtime init"", render;dur=160;desc=""Page render"", mw;dur=160;desc=""Total middleware"", db.total;dur=364;desc=""DB total"", db.count;dur=11;desc=""Query count"", db.first;dur=0;desc=""First query at"", db.last;dur=160;desc=""Last query at"", cache.hit;dur=4;desc=""Cache hits"", cache.miss;dur=6;desc=""Cache misses"" | D1_layout;dur=101.0;desc=""D1:layout"", D1_term+posts;dur=160.0;desc=""D1:term+posts"", total;dur=160.0;desc=""total"" | cfEdge;dur=231,cfOrigin;dur=0"
2026-10-06T07:19:49Z,astro6,browser,/,200,MISS,remote-WAW,HAM,113.4,400.7,406.1,287.3,30121,9.0,255.0,0.0,143.0,143.0,4.0,6.0,"rt;dur=0;desc=""Runtime init"", render;dur=143;desc=""Page render"", mw;dur=143;desc=""Total middleware"", db.total;dur=255;desc=""DB total"", db.count;dur=9;desc=""Query count"", db.first;dur=0;desc=""First query at"", db.last;dur=143;desc=""Last query at"", cache.hit;dur=4;desc=""Cache hits"", cache.miss;dur=6;desc=""Cache misses"" | D1_layout;dur=80.0;desc=""D1:layout"", D1_posts;dur=121.0;desc=""D1:posts"", D1_all-tags;dur=22.0;desc=""D1:all-tags"", total;dur=143.0;desc=""total"" | cfEdge;dur=238,cfOrigin;dur=0"
2026-10-06T07:19:50Z,astro6,browser,/posts/,200,MISS,remote-WAW,HAM,409.7,1033.0,1084.9,623.3,37276,10.0,255.0,0.0,138.0,138.0,4.0,6.0,"rt;dur=0;desc=""Runtime init"", render;dur=138;desc=""Page render"", mw;dur=138;desc=""Total middleware"", db.total;dur=255;desc=""DB total"", db.count;dur=10;desc=""Query count"", db.first;dur=0;desc=""First query at"", db.last;dur=138;desc=""Last query at"", cache.hit;dur=4;desc=""Cache hits"", cache.miss;dur=6;desc=""Cache misses"" | D1_layout;dur=78.0;desc=""D1:layout"", D1_posts;dur=117.0;desc=""D1:posts"", D1_all-tags;dur=21.0;desc=""D1:all-tags"", total;dur=138.0;desc=""total"" | cfEdge;dur=252,cfOrigin;dur=0"
2026-10-06T07:19:51Z,astro6,curl,/posts/architektura-emdash-typescript-astro,200,MISS,remote-WAW,HAM,201.0,616.1,621.7,415.1,33147,13.0,422.0,0.0,173.0,173.0,10.0,7.0,"rt;dur=0;desc=""Runtime init"", render;dur=173;desc=""Page render"", mw;dur=173;desc=""Total middleware"", db.total;dur=422;desc=""DB total"", db.count;dur=13;desc=""Query count"", db.first;dur=0;desc=""First query at"", db.last;dur=173;desc=""Last query at"", cache.hit;dur=10;desc=""Cache hits"", cache.miss;dur=7;desc=""Cache misses"" | D1_layout;dur=97.0;desc=""D1:layout"", D1_entry+recent;dur=150.0;desc=""D1:entry+recent"", D1_tags;dur=23.0;desc=""D1:tags"", total;dur=173.0;desc=""total"""
2026-10-06T07:19:52Z,astro6,curl,/posts/,200,MISS,remote-WAW,HAM,267.8,792.6,794.5,524.8,36909,9.0,296.0,0.0,173.0,173.0,4.0,6.0,"rt;dur=0;desc=""Runtime init"", render;dur=173;desc=""Page render"", mw;dur=173;desc=""Total middleware"", db.total;dur=296;desc=""DB total"", db.count;dur=9;desc=""Query count"", db.first;dur=0;desc=""First query at"", db.last;dur=173;desc=""Last query at"", cache.hit;dur=4;desc=""Cache hits"", cache.miss;dur=6;desc=""Cache misses"" | D1_layout;dur=94.0;desc=""D1:layout"", D1_posts;dur=144.0;desc=""D1:posts"", D1_all-tags;dur=29.0;desc=""D1:all-tags"", total;dur=173.0;desc=""total"""
2026-10-06T07:19:53Z,astro6,browser,/,200,MISS,remote-WAW,HAM,290.9,632.7,637.3,341.8,30129,9.0,258.0,0.0,160.0,160.0,4.0,6.0,"rt;dur=0;desc=""Runtime init"", render;dur=160;desc=""Page render"", mw;dur=160;desc=""Total middleware"", db.total;dur=258;desc=""DB total"", db.count;dur=9;desc=""Query count"", db.first;dur=0;desc=""First query at"", db.last;dur=160;desc=""Last query at"", cache.hit;dur=4;desc=""Cache hits"", cache.miss;dur=6;desc=""Cache misses"" | D1_layout;dur=80.0;desc=""D1:layout"", D1_posts;dur=136.0;desc=""D1:posts"", D1_all-tags;dur=24.0;desc=""D1:all-tags"", total;dur=160.0;desc=""total"" | cfEdge;dur=243,cfOrigin;dur=0"
2026-10-06T07:19:54Z,astro6,browser,/category/technologia,200,MISS,remote-WAW,HAM,290.6,589.7,594.5,299.1,28486,11.0,388.0,0.0,166.0,166.0,4.0,6.0,"rt;dur=0;desc=""Runtime init"", render;dur=166;desc=""Page render"", mw;dur=166;desc=""Total middleware"", db.total;dur=388;desc=""DB total"", db.count;dur=11;desc=""Query count"", db.first;dur=0;desc=""First query at"", db.last;dur=166;desc=""Last query at"", cache.hit;dur=4;desc=""Cache hits"", cache.miss;dur=6;desc=""Cache misses"" | D1_layout;dur=101.0;desc=""D1:layout"", D1_term+posts;dur=166.0;desc=""D1:term+posts"", total;dur=166.0;desc=""total"" | cfEdge;dur=234,cfOrigin;dur=0"
2026-10-06T07:19:55Z,astro6,browser,/posts/architektura-emdash-typescript-astro,200,MISS,remote-WAW,HAM,333.5,678.7,705.9,345.2,33490,13.0,346.0,0.0,140.0,140.0,10.0,7.0,"rt;dur=0;desc=""Runtime init"", render;dur=140;desc=""Page render"", mw;dur=140;desc=""Total middleware"", db.total;dur=346;desc=""DB total"", db.count;dur=13;desc=""Query count"", db.first;dur=0;desc=""First query at"", db.last;dur=140;desc=""Last query at"", cache.hit;dur=10;desc=""Cache hits"", cache.miss;dur=7;desc=""Cache misses"" | D1_layout;dur=81.0;desc=""D1:layout"", D1_entry+recent;dur=121.0;desc=""D1:entry+recent"", D1_tags;dur=19.0;desc=""D1:tags"", total;dur=140.0;desc=""total"" | cfEdge;dur=240,cfOrigin;dur=0"
2026-10-06T07:19:56Z,astro6,curl,/category/technologia,200,MISS,remote-WAW,HAM,465.0,878.8,879.5,413.8,28122,12.0,348.0,0.0,186.0,186.0,4.0,6.0,"rt;dur=0;desc=""Runtime init"", render;dur=186;desc=""Page render"", mw;dur=186;desc=""Total middleware"", db.total;dur=348;desc=""DB total"", db.count;dur=12;desc=""Query count"", db.first;dur=0;desc=""First query at"", db.last;dur=186;desc=""Last query at"", cache.hit;dur=4;desc=""Cache hits"", cache.miss;dur=6;desc=""Cache misses"" | D1_layout;dur=83.0;desc=""D1:layout"", D1_term+posts;dur=186.0;desc=""D1:term+posts"", total;dur=186.0;desc=""total"""
2026-10-06T07:19:57Z,astro6,curl,/,200,MISS,remote-WAW,HAM,154.0,640.3,652.2,486.3,29766,9.0,251.0,0.0,153.0,153.0,4.0,6.0,"rt;dur=0;desc=""Runtime init"", render;dur=153;desc=""Page render"", mw;dur=153;desc=""Total middleware"", db.total;dur=251;desc=""DB total"", db.count;dur=9;desc=""Query count"", db.first;dur=0;desc=""First query at"", db.last;dur=153;desc=""Last query at"", cache.hit;dur=4;desc=""Cache hits"", cache.miss;dur=6;desc=""Cache misses"" | D1_layout;dur=75.0;desc=""D1:layout"", D1_posts;dur=126.0;desc=""D1:posts"", D1_all-tags;dur=27.0;desc=""D1:all-tags"", total;dur=153.0;desc=""total"""
2026-10-06T07:19:58Z,astro6,browser,/,200,MISS,remote-WAW,HAM,186.8,486.4,494.5,299.6,30141,9.0,249.0,0.0,149.0,149.0,4.0,6.0,"rt;dur=0;desc=""Runtime init"", render;dur=149;desc=""Page render"", mw;dur=149;desc=""Total middleware"", db.total;dur=249;desc=""DB total"", db.count;dur=9;desc=""Query count"", db.first;dur=0;desc=""First query at"", db.last;dur=149;desc=""Last query at"", cache.hit;dur=4;desc=""Cache hits"", cache.miss;dur=6;desc=""Cache misses"" | D1_layout;dur=78.0;desc=""D1:layout"", D1_posts;dur=128.0;desc=""D1:posts"", D1_all-tags;dur=21.0;desc=""D1:all-tags"", total;dur=149.0;desc=""total"" | cfEdge;dur=244,cfOrigin;dur=0"
2026-10-06T07:19:58Z,astro6,curl,/category/technologia,200,MISS,remote-WAW,HAM,123.7,495.8,497.3,372.1,28118,11.0,365.0,0.0,162.0,162.0,4.0,6.0,"rt;dur=0;desc=""Runtime init"", render;dur=162;desc=""Page render"", mw;dur=162;desc=""Total middleware"", db.total;dur=365;desc=""DB total"", db.count;dur=11;desc=""Query count"", db.first;dur=0;desc=""First query at"", db.last;dur=162;desc=""Last query at"", cache.hit;dur=4;desc=""Cache hits"", cache.miss;dur=6;desc=""Cache misses"" | D1_layout;dur=97.0;desc=""D1:layout"", D1_term+posts;dur=162.0;desc=""D1:term+posts"", total;dur=162.0;desc=""total"""
2026-10-06T07:19:59Z,astro6,curl,/posts/architektura-emdash-typescript-astro,200,MISS,remote-WAW,HAM,112.0,388.3,453.2,276.3,33155,13.0,332.0,0.0,135.0,135.0,10.0,7.0,"rt;dur=0;desc=""Runtime init"", render;dur=135;desc=""Page render"", mw;dur=135;desc=""Total middleware"", db.total;dur=332;desc=""DB total"", db.count;dur=13;desc=""Query count"", db.first;dur=0;desc=""First query at"", db.last;dur=135;desc=""Last query at"", cache.hit;dur=10;desc=""Cache hits"", cache.miss;dur=7;desc=""Cache misses"" | D1_layout;dur=73.0;desc=""D1:layout"", D1_entry+recent;dur=110.0;desc=""D1:entry+recent"", D1_tags;dur=25.0;desc=""D1:tags"", total;dur=135.0;desc=""total"""
2026-10-06T07:20:00Z,astro6,browser,/posts/architektura-emdash-typescript-astro,200,MISS,remote-WAW,HAM,208.9,656.9,659.7,448.0,33526,13.0,352.0,0.0,156.0,156.0,10.0,7.0,"rt;dur=0;desc=""Runtime init"", render;dur=156;desc=""Page render"", mw;dur=156;desc=""Total middleware"", db.total;dur=352;desc=""DB total"", db.count;dur=13;desc=""Query count"", db.first;dur=0;desc=""First query at"", db.last;dur=156;desc=""Last query at"", cache.hit;dur=10;desc=""Cache hits"", cache.miss;dur=7;desc=""Cache misses"" | D1_layout;dur=83.0;desc=""D1:layout"", D1_entry+recent;dur=133.0;desc=""D1:entry+recent"", D1_tags;dur=23.0;desc=""D1:tags"", total;dur=156.0;desc=""total"" | cfEdge;dur=242,cfOrigin;dur=0"
2026-10-06T07:20:00Z,astro6,browser,/category/technologia,200,MISS,remote-WAW,HAM,91.7,372.2,375.7,280.5,28485,12.0,268.0,0.0,137.0,137.0,4.0,6.0,"rt;dur=0;desc=""Runtime init"", render;dur=137;desc=""Page render"", mw;dur=137;desc=""Total middleware"", db.total;dur=268;desc=""DB total"", db.count;dur=12;desc=""Query count"", db.first;dur=0;desc=""First query at"", db.last;dur=137;desc=""Last query at"", cache.hit;dur=4;desc=""Cache hits"", cache.miss;dur=6;desc=""Cache misses"" | D1_layout;dur=73.0;desc=""D1:layout"", D1_term+posts;dur=137.0;desc=""D1:term+posts"", total;dur=137.0;desc=""total"" | cfEdge;dur=241,cfOrigin;dur=0"
2026-10-06T07:20:01Z,astro6,curl,/posts/,200,MISS,remote-WAW,HAM,99.8,391.1,392.1,291.3,36897,9.0,292.0,0.0,161.0,161.0,4.0,6.0,"rt;dur=0;desc=""Runtime init"", render;dur=161;desc=""Page render"", mw;dur=161;desc=""Total middleware"", db.total;dur=292;desc=""DB total"", db.count;dur=9;desc=""Query count"", db.first;dur=0;desc=""First query at"", db.last;dur=161;desc=""Last query at"", cache.hit;dur=4;desc=""Cache hits"", cache.miss;dur=6;desc=""Cache misses"" | D1_layout;dur=89.0;desc=""D1:layout"", D1_posts;dur=133.0;desc=""D1:posts"", D1_all-tags;dur=28.0;desc=""D1:all-tags"", total;dur=161.0;desc=""total"""
2026-10-06T07:20:02Z,astro6,curl,/,200,MISS,remote-WAW,HAM,179.7,855.0,858.7,675.3,29758,9.0,268.0,0.0,151.0,151.0,4.0,6.0,"rt;dur=0;desc=""Runtime init"", render;dur=151;desc=""Page render"", mw;dur=151;desc=""Total middleware"", db.total;dur=268;desc=""DB total"", db.count;dur=9;desc=""Query count"", db.first;dur=0;desc=""First query at"", db.last;dur=151;desc=""Last query at"", cache.hit;dur=4;desc=""Cache hits"", cache.miss;dur=6;desc=""Cache misses"" | D1_layout;dur=83.0;desc=""D1:layout"", D1_posts;dur=130.0;desc=""D1:posts"", D1_all-tags;dur=21.0;desc=""D1:all-tags"", total;dur=151.0;desc=""total"""
2026-10-06T07:20:03Z,astro6,browser,/posts/,200,MISS,remote-WAW,HAM,154.9,453.6,469.7,298.7,37280,9.0,287.0,0.0,166.0,166.0,4.0,6.0,"rt;dur=0;desc=""Runtime init"", render;dur=166;desc=""Page render"", mw;dur=166;desc=""Total middleware"", db.total;dur=287;desc=""DB total"", db.count;dur=9;desc=""Query count"", db.first;dur=0;desc=""First query at"", db.last;dur=166;desc=""Last query at"", cache.hit;dur=4;desc=""Cache hits"", cache.miss;dur=6;desc=""Cache misses"" | D1_layout;dur=81.0;desc=""D1:layout"", D1_posts;dur=142.0;desc=""D1:posts"", D1_all-tags;dur=24.0;desc=""D1:all-tags"", total;dur=166.0;desc=""total"" | cfEdge;dur=244,cfOrigin;dur=0"
2026-10-06T07:20:04Z,astro6,browser,/posts/architektura-emdash-typescript-astro,200,MISS,remote-WAW,HAM,103.1,416.9,473.1,313.8,33514,13.0,430.0,0.0,184.0,184.0,10.0,7.0,"rt;dur=0;desc=""Runtime init"", render;dur=184;desc=""Page render"", mw;dur=184;desc=""Total middleware"", db.total;dur=430;desc=""DB total"", db.count;dur=13;desc=""Query count"", db.first;dur=0;desc=""First query at"", db.last;dur=184;desc=""Last query at"", cache.hit;dur=10;desc=""Cache hits"", cache.miss;dur=7;desc=""Cache misses"" | D1_layout;dur=87.0;desc=""D1:layout"", D1_entry+recent;dur=154.0;desc=""D1:entry+recent"", D1_tags;dur=30.0;desc=""D1:tags"", total;dur=184.0;desc=""total"" | cfEdge;dur=252,cfOrigin;dur=0"
2026-10-06T07:20:04Z,astro6,curl,/posts/,200,MISS,remote-WAW,HAM,88.4,362.2,364.5,273.8,36901,9.0,235.0,0.0,140.0,140.0,4.0,6.0,"rt;dur=0;desc=""Runtime init"", render;dur=140;desc=""Page render"", mw;dur=140;desc=""Total middleware"", db.total;dur=235;desc=""DB total"", db.count;dur=9;desc=""Query count"", db.first;dur=0;desc=""First query at"", db.last;dur=140;desc=""Last query at"", cache.hit;dur=4;desc=""Cache hits"", cache.miss;dur=6;desc=""Cache misses"" | D1_layout;dur=71.0;desc=""D1:layout"", D1_posts;dur=116.0;desc=""D1:posts"", D1_all-tags;dur=24.0;desc=""D1:all-tags"", total;dur=140.0;desc=""total"""
2026-10-06T07:20:05Z,astro6,curl,/,200,MISS,remote-WAW,HAM,241.9,552.9,575.1,311.0,29758,9.0,252.0,0.0,151.0,151.0,4.0,6.0,"rt;dur=0;desc=""Runtime init"", render;dur=151;desc=""Page render"", mw;dur=151;desc=""Total middleware"", db.total;dur=252;desc=""DB total"", db.count;dur=9;desc=""Query count"", db.first;dur=0;desc=""First query at"", db.last;dur=151;desc=""Last query at"", cache.hit;dur=4;desc=""Cache hits"", cache.miss;dur=6;desc=""Cache misses"" | D1_layout;dur=67.0;desc=""D1:layout"", D1_posts;dur=126.0;desc=""D1:posts"", D1_all-tags;dur=25.0;desc=""D1:all-tags"", total;dur=151.0;desc=""total"""
2026-10-06T07:20:06Z,astro6,browser,/posts/,200,MISS,remote-WAW,HAM,409.9,716.9,759.6,307.0,37284,9.0,275.0,0.0,169.0,169.0,4.0,6.0,"rt;dur=0;desc=""Runtime init"", render;dur=169;desc=""Page render"", mw;dur=169;desc=""Total middleware"", db.total;dur=275;desc=""DB total"", db.count;dur=9;desc=""Query count"", db.first;dur=0;desc=""First query at"", db.last;dur=169;desc=""Last query at"", cache.hit;dur=4;desc=""Cache hits"", cache.miss;dur=6;desc=""Cache misses"" | D1_layout;dur=86.0;desc=""D1:layout"", D1_posts;dur=140.0;desc=""D1:posts"", D1_all-tags;dur=29.0;desc=""D1:all-tags"", total;dur=169.0;desc=""total"" | cfEdge;dur=246,cfOrigin;dur=0"
2026-10-06T07:20:07Z,astro6,curl,/posts/architektura-emdash-typescript-astro,200,MISS,remote-WAW,HAM,127.0,613.9,618.7,486.9,33151,12.0,491.0,0.0,293.0,293.0,10.0,7.0,"rt;dur=0;desc=""Runtime init"", render;dur=293;desc=""Page render"", mw;dur=293;desc=""Total middleware"", db.total;dur=491;desc=""DB total"", db.count;dur=12;desc=""Query count"", db.first;dur=0;desc=""First query at"", db.last;dur=293;desc=""Last query at"", cache.hit;dur=10;desc=""Cache hits"", cache.miss;dur=7;desc=""Cache misses"" | D1_layout;dur=75.0;desc=""D1:layout"", D1_entry+recent;dur=270.0;desc=""D1:entry+recent"", D1_tags;dur=23.0;desc=""D1:tags"", total;dur=293.0;desc=""total"""
2026-10-06T07:20:08Z,astro6,browser,/category/technologia,200,MISS,remote-WAW,HAM,317.7,657.1,657.9,339.4,28494,11.0,362.0,0.0,156.0,156.0,4.0,6.0,"rt;dur=0;desc=""Runtime init"", render;dur=156;desc=""Page render"", mw;dur=156;desc=""Total middleware"", db.total;dur=362;desc=""DB total"", db.count;dur=11;desc=""Query count"", db.first;dur=0;desc=""First query at"", db.last;dur=156;desc=""Last query at"", cache.hit;dur=4;desc=""Cache hits"", cache.miss;dur=6;desc=""Cache misses"" | D1_layout;dur=107.0;desc=""D1:layout"", D1_term+posts;dur=156.0;desc=""D1:term+posts"", total;dur=156.0;desc=""total"" | cfEdge;dur=220,cfOrigin;dur=0"
2026-10-06T07:20:09Z,astro6,browser,/,200,MISS,remote-WAW,HAM,306.8,583.1,593.5,276.3,30125,9.0,284.0,0.0,166.0,166.0,4.0,6.0,"rt;dur=0;desc=""Runtime init"", render;dur=166;desc=""Page render"", mw;dur=166;desc=""Total middleware"", db.total;dur=284;desc=""DB total"", db.count;dur=9;desc=""Query count"", db.first;dur=0;desc=""First query at"", db.last;dur=166;desc=""Last query at"", cache.hit;dur=4;desc=""Cache hits"", cache.miss;dur=6;desc=""Cache misses"" | D1_layout;dur=82.0;desc=""D1:layout"", D1_posts;dur=140.0;desc=""D1:posts"", D1_all-tags;dur=26.0;desc=""D1:all-tags"", total;dur=166.0;desc=""total"" | cfEdge;dur=226,cfOrigin;dur=0"
2026-10-06T07:20:09Z,astro6,curl,/category/technologia,200,MISS,remote-WAW,HAM,352.4,692.6,693.6,340.2,28118,11.0,287.0,0.0,129.0,129.0,4.0,6.0,"rt;dur=0;desc=""Runtime init"", render;dur=129;desc=""Page render"", mw;dur=129;desc=""Total middleware"", db.total;dur=287;desc=""DB total"", db.count;dur=11;desc=""Query count"", db.first;dur=0;desc=""First query at"", db.last;dur=129;desc=""Last query at"", cache.hit;dur=4;desc=""Cache hits"", cache.miss;dur=6;desc=""Cache misses"" | D1_layout;dur=82.0;desc=""D1:layout"", D1_term+posts;dur=129.0;desc=""D1:term+posts"", total;dur=129.0;desc=""total"""
2026-10-06T07:20:10Z,astro6,browser,/,200,MISS,remote-WAW,HAM,301.5,647.1,652.1,345.6,30149,9.0,207.0,0.0,130.0,130.0,4.0,6.0,"rt;dur=0;desc=""Runtime init"", render;dur=130;desc=""Page render"", mw;dur=130;desc=""Total middleware"", db.total;dur=207;desc=""DB total"", db.count;dur=9;desc=""Query count"", db.first;dur=0;desc=""First query at"", db.last;dur=130;desc=""Last query at"", cache.hit;dur=4;desc=""Cache hits"", cache.miss;dur=6;desc=""Cache misses"" | D1_layout;dur=63.0;desc=""D1:layout"", D1_posts;dur=111.0;desc=""D1:posts"", D1_all-tags;dur=19.0;desc=""D1:all-tags"", total;dur=130.0;desc=""total"" | cfEdge;dur=210,cfOrigin;dur=0"
2026-10-06T07:20:11Z,astro6,curl,/posts/,200,MISS,remote-WAW,HAM,119.6,648.4,649.6,528.8,36901,9.0,417.0,0.0,321.0,321.0,4.0,6.0,"rt;dur=0;desc=""Runtime init"", render;dur=321;desc=""Page render"", mw;dur=321;desc=""Total middleware"", db.total;dur=417;desc=""DB total"", db.count;dur=9;desc=""Query count"", db.first;dur=0;desc=""First query at"", db.last;dur=321;desc=""Last query at"", cache.hit;dur=4;desc=""Cache hits"", cache.miss;dur=6;desc=""Cache misses"" | D1_layout;dur=67.0;desc=""D1:layout"", D1_posts;dur=302.0;desc=""D1:posts"", D1_all-tags;dur=19.0;desc=""D1:all-tags"", total;dur=321.0;desc=""total"""
2026-10-06T07:20:12Z,astro6,browser,/posts/architektura-emdash-typescript-astro,200,MISS,remote-WAW,HAM,226.0,638.1,639.0,412.1,33486,13.0,352.0,0.0,150.0,150.0,10.0,7.0,"rt;dur=0;desc=""Runtime init"", render;dur=150;desc=""Page render"", mw;dur=150;desc=""Total middleware"", db.total;dur=352;desc=""DB total"", db.count;dur=13;desc=""Query count"", db.first;dur=0;desc=""First query at"", db.last;dur=150;desc=""Last query at"", cache.hit;dur=10;desc=""Cache hits"", cache.miss;dur=7;desc=""Cache misses"" | D1_layout;dur=74.0;desc=""D1:layout"", D1_entry+recent;dur=129.0;desc=""D1:entry+recent"", D1_tags;dur=21.0;desc=""D1:tags"", total;dur=150.0;desc=""total"" | cfEdge;dur=245,cfOrigin;dur=0"
2026-10-06T07:20:13Z,astro6,browser,/posts/,200,MISS,remote-WAW,HAM,172.2,638.4,658.6,466.2,37272,9.0,452.0,0.0,342.0,342.0,4.0,6.0,"rt;dur=0;desc=""Runtime init"", render;dur=342;desc=""Page render"", mw;dur=342;desc=""Total middleware"", db.total;dur=452;desc=""DB total"", db.count;dur=9;desc=""Query count"", db.first;dur=0;desc=""First query at"", db.last;dur=342;desc=""Last query at"", cache.hit;dur=4;desc=""Cache hits"", cache.miss;dur=6;desc=""Cache misses"" | D1_layout;dur=77.0;desc=""D1:layout"", D1_posts;dur=314.0;desc=""D1:posts"", D1_all-tags;dur=28.0;desc=""D1:all-tags"", total;dur=342.0;desc=""total"" | cfEdge;dur=417,cfOrigin;dur=0"
2026-10-06T07:20:14Z,astro6,curl,/,200,MISS,remote-WAW,HAM,100.9,388.3,393.7,287.4,29758,10.0,311.0,0.0,145.0,145.0,4.0,6.0,"rt;dur=0;desc=""Runtime init"", render;dur=145;desc=""Page render"", mw;dur=145;desc=""Total middleware"", db.total;dur=311;desc=""DB total"", db.count;dur=10;desc=""Query count"", db.first;dur=0;desc=""First query at"", db.last;dur=145;desc=""Last query at"", cache.hit;dur=4;desc=""Cache hits"", cache.miss;dur=6;desc=""Cache misses"" | D1_layout;dur=77.0;desc=""D1:layout"", D1_posts;dur=119.0;desc=""D1:posts"", D1_all-tags;dur=26.0;desc=""D1:all-tags"", total;dur=145.0;desc=""total"""
2026-10-06T07:20:14Z,astro6,curl,/category/technologia,200,MISS,remote-WAW,HAM,187.7,431.4,437.1,243.7,28122,11.0,273.0,0.0,114.0,114.0,4.0,6.0,"rt;dur=0;desc=""Runtime init"", render;dur=114;desc=""Page render"", mw;dur=114;desc=""Total middleware"", db.total;dur=273;desc=""DB total"", db.count;dur=11;desc=""Query count"", db.first;dur=0;desc=""First query at"", db.last;dur=114;desc=""Last query at"", cache.hit;dur=4;desc=""Cache hits"", cache.miss;dur=6;desc=""Cache misses"" | D1_layout;dur=79.0;desc=""D1:layout"", D1_term+posts;dur=114.0;desc=""D1:term+posts"", total;dur=114.0;desc=""total"""
2026-10-06T07:20:15Z,astro6,curl,/posts/architektura-emdash-typescript-astro,200,MISS,remote-WAW,HAM,145.4,608.7,663.9,463.3,33140,13.0,709.0,0.0,355.0,355.0,10.0,7.0,"rt;dur=0;desc=""Runtime init"", render;dur=355;desc=""Page render"", mw;dur=355;desc=""Total middleware"", db.total;dur=709;desc=""DB total"", db.count;dur=13;desc=""Query count"", db.first;dur=0;desc=""First query at"", db.last;dur=355;desc=""Last query at"", cache.hit;dur=10;desc=""Cache hits"", cache.miss;dur=7;desc=""Cache misses"" | D1_layout;dur=110.0;desc=""D1:layout"", D1_entry+recent;dur=330.0;desc=""D1:entry+recent"", D1_tags;dur=25.0;desc=""D1:tags"", total;dur=355.0;desc=""total"""
2026-10-06T07:20:16Z,astro6,browser,/category/technologia,200,MISS,remote-WAW,HAM,89.3,513.5,523.2,424.2,28485,11.0,515.0,0.0,308.0,308.0,4.0,6.0,"rt;dur=0;desc=""Runtime init"", render;dur=308;desc=""Page render"", mw;dur=308;desc=""Total middleware"", db.total;dur=515;desc=""DB total"", db.count;dur=11;desc=""Query count"", db.first;dur=0;desc=""First query at"", db.last;dur=308;desc=""Last query at"", cache.hit;dur=4;desc=""Cache hits"", cache.miss;dur=6;desc=""Cache misses"" | D1_layout;dur=99.0;desc=""D1:layout"", D1_term+posts;dur=308.0;desc=""D1:term+posts"", total;dur=308.0;desc=""total"" | cfEdge;dur=378,cfOrigin;dur=0"
2026-10-06T07:20:17Z,astro6,curl,/posts/,200,MISS,remote-WAW,HAM,102.4,585.8,595.0,483.4,36898,9.0,467.0,0.0,256.0,256.0,4.0,6.0,"rt;dur=0;desc=""Runtime init"", render;dur=256;desc=""Page render"", mw;dur=256;desc=""Total middleware"", db.total;dur=467;desc=""DB total"", db.count;dur=9;desc=""Query count"", db.first;dur=0;desc=""First query at"", db.last;dur=256;desc=""Last query at"", cache.hit;dur=4;desc=""Cache hits"", cache.miss;dur=6;desc=""Cache misses"" | D1_layout;dur=178.0;desc=""D1:layout"", D1_posts;dur=232.0;desc=""D1:posts"", D1_all-tags;dur=24.0;desc=""D1:all-tags"", total;dur=256.0;desc=""total"""
2026-10-06T07:20:17Z,astro6,browser,/posts/,200,MISS,remote-WAW,HAM,201.8,477.9,489.4,276.1,37268,9.0,229.0,0.0,141.0,141.0,4.0,6.0,"rt;dur=0;desc=""Runtime init"", render;dur=141;desc=""Page render"", mw;dur=141;desc=""Total middleware"", db.total;dur=229;desc=""DB total"", db.count;dur=9;desc=""Query count"", db.first;dur=0;desc=""First query at"", db.last;dur=141;desc=""Last query at"", cache.hit;dur=4;desc=""Cache hits"", cache.miss;dur=6;desc=""Cache misses"" | D1_layout;dur=70.0;desc=""D1:layout"", D1_posts;dur=118.0;desc=""D1:posts"", D1_all-tags;dur=23.0;desc=""D1:all-tags"", total;dur=141.0;desc=""total"" | cfEdge;dur=229,cfOrigin;dur=0"
2026-10-06T07:20:18Z,astro6,curl,/,200,MISS,remote-WAW,HAM,87.8,375.1,383.3,287.3,29774,9.0,314.0,0.0,181.0,181.0,4.0,6.0,"rt;dur=0;desc=""Runtime init"", render;dur=181;desc=""Page render"", mw;dur=181;desc=""Total middleware"", db.total;dur=314;desc=""DB total"", db.count;dur=9;desc=""Query count"", db.first;dur=0;desc=""First query at"", db.last;dur=181;desc=""Last query at"", cache.hit;dur=4;desc=""Cache hits"", cache.miss;dur=6;desc=""Cache misses"" | D1_layout;dur=92.0;desc=""D1:layout"", D1_posts;dur=148.0;desc=""D1:posts"", D1_all-tags;dur=33.0;desc=""D1:all-tags"", total;dur=181.0;desc=""total"""
2026-10-06T07:20:20Z,astro6,curl,/posts/architektura-emdash-typescript-astro,200,MISS,remote-WAW,HAM,1092.9,1469.3,1470.9,376.4,33139,13.0,418.0,0.0,175.0,175.0,10.0,7.0,"rt;dur=0;desc=""Runtime init"", render;dur=175;desc=""Page render"", mw;dur=175;desc=""Total middleware"", db.total;dur=418;desc=""DB total"", db.count;dur=13;desc=""Query count"", db.first;dur=0;desc=""First query at"", db.last;dur=175;desc=""Last query at"", cache.hit;dur=10;desc=""Cache hits"", cache.miss;dur=7;desc=""Cache misses"" | D1_layout;dur=95.0;desc=""D1:layout"", D1_entry+recent;dur=153.0;desc=""D1:entry+recent"", D1_tags;dur=22.0;desc=""D1:tags"", total;dur=175.0;desc=""total"""
2026-10-06T07:20:21Z,astro6,browser,/posts/architektura-emdash-typescript-astro,200,MISS,remote-WAW,HAM,93.1,557.7,565.5,464.6,33494,13.0,337.0,0.0,146.0,146.0,10.0,7.0,"rt;dur=0;desc=""Runtime init"", render;dur=146;desc=""Page render"", mw;dur=146;desc=""Total middleware"", db.total;dur=337;desc=""DB total"", db.count;dur=13;desc=""Query count"", db.first;dur=0;desc=""First query at"", db.last;dur=146;desc=""Last query at"", cache.hit;dur=10;desc=""Cache hits"", cache.miss;dur=7;desc=""Cache misses"" | D1_layout;dur=72.0;desc=""D1:layout"", D1_entry+recent;dur=123.0;desc=""D1:entry+recent"", D1_tags;dur=23.0;desc=""D1:tags"", total;dur=146.0;desc=""total"" | cfEdge;dur=250,cfOrigin;dur=0"
2026-10-06T07:20:21Z,astro6,curl,/category/technologia,200,MISS,remote-WAW,HAM,119.7,392.7,399.1,273.0,28122,11.0,303.0,0.0,137.0,137.0,4.0,6.0,"rt;dur=0;desc=""Runtime init"", render;dur=137;desc=""Page render"", mw;dur=137;desc=""Total middleware"", db.total;dur=303;desc=""DB total"", db.count;dur=11;desc=""Query count"", db.first;dur=0;desc=""First query at"", db.last;dur=137;desc=""Last query at"", cache.hit;dur=4;desc=""Cache hits"", cache.miss;dur=6;desc=""Cache misses"" | D1_layout;dur=96.0;desc=""D1:layout"", D1_term+posts;dur=137.0;desc=""D1:term+posts"", total;dur=137.0;desc=""total"""
2026-10-06T07:20:22Z,astro6,browser,/category/technologia,200,MISS,remote-WAW,HAM,95.9,440.8,442.3,344.9,28497,12.0,324.0,0.0,122.0,122.0,4.0,6.0,"rt;dur=0;desc=""Runtime init"", render;dur=122;desc=""Page render"", mw;dur=122;desc=""Total middleware"", db.total;dur=324;desc=""DB total"", db.count;dur=12;desc=""Query count"", db.first;dur=0;desc=""First query at"", db.last;dur=122;desc=""Last query at"", cache.hit;dur=4;desc=""Cache hits"", cache.miss;dur=6;desc=""Cache misses"" | D1_layout;dur=75.0;desc=""D1:layout"", D1_term+posts;dur=122.0;desc=""D1:term+posts"", total;dur=122.0;desc=""total"" | cfEdge;dur=220,cfOrigin;dur=0"
2026-10-06T07:20:22Z,astro6,browser,/,200,MISS,remote-WAW,HAM,97.8,377.8,381.8,280.0,30133,9.0,209.0,0.0,131.0,131.0,4.0,6.0,"rt;dur=0;desc=""Runtime init"", render;dur=131;desc=""Page render"", mw;dur=131;desc=""Total middleware"", db.total;dur=209;desc=""DB total"", db.count;dur=9;desc=""Query count"", db.first;dur=0;desc=""First query at"", db.last;dur=131;desc=""Last query at"", cache.hit;dur=4;desc=""Cache hits"", cache.miss;dur=6;desc=""Cache misses"" | D1_layout;dur=53.0;desc=""D1:layout"", D1_posts;dur=107.0;desc=""D1:posts"", D1_all-tags;dur=24.0;desc=""D1:all-tags"", total;dur=131.0;desc=""total"" | cfEdge;dur=224,cfOrigin;dur=0"
2026-10-06T07:20:23Z,astro6,browser,/category/technologia,200,MISS,remote-WAW,HAM,194.0,482.8,493.6,288.8,28506,11.0,399.0,0.0,167.0,167.0,4.0,6.0,"rt;dur=0;desc=""Runtime init"", render;dur=167;desc=""Page render"", mw;dur=167;desc=""Total middleware"", db.total;dur=399;desc=""DB total"", db.count;dur=11;desc=""Query count"", db.first;dur=0;desc=""First query at"", db.last;dur=167;desc=""Last query at"", cache.hit;dur=4;desc=""Cache hits"", cache.miss;dur=6;desc=""Cache misses"" | D1_layout;dur=110.0;desc=""D1:layout"", D1_term+posts;dur=167.0;desc=""D1:term+posts"", total;dur=167.0;desc=""total"" | cfEdge;dur=237,cfOrigin;dur=0"
2026-10-06T07:20:24Z,astro6,browser,/,200,MISS,remote-WAW,HAM,99.9,690.9,692.4,591.0,30129,9.0,427.0,0.0,334.0,334.0,4.0,6.0,"rt;dur=0;desc=""Runtime init"", render;dur=334;desc=""Page render"", mw;dur=334;desc=""Total middleware"", db.total;dur=427;desc=""DB total"", db.count;dur=9;desc=""Query count"", db.first;dur=0;desc=""First query at"", db.last;dur=334;desc=""Last query at"", cache.hit;dur=4;desc=""Cache hits"", cache.miss;dur=6;desc=""Cache misses"" | D1_layout;dur=70.0;desc=""D1:layout"", D1_posts;dur=311.0;desc=""D1:posts"", D1_all-tags;dur=23.0;desc=""D1:all-tags"", total;dur=334.0;desc=""total"" | cfEdge;dur=406,cfOrigin;dur=0"
2026-10-06T07:20:25Z,astro6,curl,/,200,MISS,remote-WAW,HAM,296.2,637.8,638.4,341.6,29762,9.0,225.0,0.0,145.0,145.0,4.0,6.0,"rt;dur=0;desc=""Runtime init"", render;dur=145;desc=""Page render"", mw;dur=145;desc=""Total middleware"", db.total;dur=225;desc=""DB total"", db.count;dur=9;desc=""Query count"", db.first;dur=0;desc=""First query at"", db.last;dur=145;desc=""Last query at"", cache.hit;dur=4;desc=""Cache hits"", cache.miss;dur=6;desc=""Cache misses"" | D1_layout;dur=53.0;desc=""D1:layout"", D1_posts;dur=122.0;desc=""D1:posts"", D1_all-tags;dur=23.0;desc=""D1:all-tags"", total;dur=145.0;desc=""total"""
2026-10-06T07:20:26Z,astro6,curl,/posts/architektura-emdash-typescript-astro,200,MISS,remote-WAW,HAM,197.5,484.3,662.6,286.8,33111,13.0,418.0,0.0,170.0,170.0,10.0,7.0,"rt;dur=0;desc=""Runtime init"", render;dur=170;desc=""Page render"", mw;dur=170;desc=""Total middleware"", db.total;dur=418;desc=""DB total"", db.count;dur=13;desc=""Query count"", db.first;dur=0;desc=""First query at"", db.last;dur=170;desc=""Last query at"", cache.hit;dur=10;desc=""Cache hits"", cache.miss;dur=7;desc=""Cache misses"" | D1_layout;dur=91.0;desc=""D1:layout"", D1_entry+recent;dur=145.0;desc=""D1:entry+recent"", D1_tags;dur=25.0;desc=""D1:tags"", total;dur=170.0;desc=""total"""
2026-10-06T07:20:27Z,astro6,curl,/category/technologia,200,MISS,remote-WAW,HAM,261.1,637.7,639.1,376.6,28126,11.0,303.0,0.0,148.0,148.0,4.0,6.0,"rt;dur=0;desc=""Runtime init"", render;dur=148;desc=""Page render"", mw;dur=148;desc=""Total middleware"", db.total;dur=303;desc=""DB total"", db.count;dur=11;desc=""Query count"", db.first;dur=0;desc=""First query at"", db.last;dur=148;desc=""Last query at"", cache.hit;dur=4;desc=""Cache hits"", cache.miss;dur=6;desc=""Cache misses"" | D1_layout;dur=74.0;desc=""D1:layout"", D1_term+posts;dur=148.0;desc=""D1:term+posts"", total;dur=148.0;desc=""total"""
2026-10-06T07:20:28Z,astro6,curl,/posts/,200,MISS,remote-WAW,HAM,299.3,639.7,641.4,340.4,36905,9.0,259.0,0.0,155.0,155.0,4.0,6.0,"rt;dur=0;desc=""Runtime init"", render;dur=155;desc=""Page render"", mw;dur=155;desc=""Total middleware"", db.total;dur=259;desc=""DB total"", db.count;dur=9;desc=""Query count"", db.first;dur=0;desc=""First query at"", db.last;dur=155;desc=""Last query at"", cache.hit;dur=4;desc=""Cache hits"", cache.miss;dur=6;desc=""Cache misses"" | D1_layout;dur=87.0;desc=""D1:layout"", D1_posts;dur=131.0;desc=""D1:posts"", D1_all-tags;dur=24.0;desc=""D1:all-tags"", total;dur=155.0;desc=""total"""
2026-10-06T07:20:29Z,astro6,browser,/posts/,200,MISS,remote-WAW,HAM,691.0,988.4,1018.2,297.4,37280,9.0,234.0,0.0,145.0,145.0,4.0,6.0,"rt;dur=0;desc=""Runtime init"", render;dur=145;desc=""Page render"", mw;dur=145;desc=""Total middleware"", db.total;dur=234;desc=""DB total"", db.count;dur=9;desc=""Query count"", db.first;dur=0;desc=""First query at"", db.last;dur=145;desc=""Last query at"", cache.hit;dur=4;desc=""Cache hits"", cache.miss;dur=6;desc=""Cache misses"" | D1_layout;dur=62.0;desc=""D1:layout"", D1_posts;dur=120.0;desc=""D1:posts"", D1_all-tags;dur=25.0;desc=""D1:all-tags"", total;dur=145.0;desc=""total"" | cfEdge;dur=227,cfOrigin;dur=0"
2026-10-06T07:20:30Z,astro6,browser,/posts/architektura-emdash-typescript-astro,200,MISS,remote-WAW,HAM,180.3,503.4,600.3,323.1,33490,13.0,361.0,0.0,159.0,159.0,10.0,7.0,"rt;dur=0;desc=""Runtime init"", render;dur=159;desc=""Page render"", mw;dur=159;desc=""Total middleware"", db.total;dur=361;desc=""DB total"", db.count;dur=13;desc=""Query count"", db.first;dur=0;desc=""First query at"", db.last;dur=159;desc=""Last query at"", cache.hit;dur=10;desc=""Cache hits"", cache.miss;dur=7;desc=""Cache misses"" | D1_layout;dur=68.0;desc=""D1:layout"", D1_entry+recent;dur=135.0;desc=""D1:entry+recent"", D1_tags;dur=24.0;desc=""D1:tags"", total;dur=159.0;desc=""total"" | cfEdge;dur=261,cfOrigin;dur=0"
2026-10-06T07:20:30Z,astro6,browser,/posts/,200,MISS,remote-WAW,HAM,107.6,523.8,526.0,416.2,37268,9.0,268.0,0.0,159.0,159.0,4.0,6.0,"rt;dur=0;desc=""Runtime init"", render;dur=159;desc=""Page render"", mw;dur=159;desc=""Total middleware"", db.total;dur=268;desc=""DB total"", db.count;dur=9;desc=""Query count"", db.first;dur=0;desc=""First query at"", db.last;dur=159;desc=""Last query at"", cache.hit;dur=4;desc=""Cache hits"", cache.miss;dur=6;desc=""Cache misses"" | D1_layout;dur=82.0;desc=""D1:layout"", D1_posts;dur=131.0;desc=""D1:posts"", D1_all-tags;dur=28.0;desc=""D1:all-tags"", total;dur=159.0;desc=""total"" | cfEdge;dur=224,cfOrigin;dur=0"
2026-10-06T07:20:31Z,astro6,curl,/posts/,200,MISS,remote-WAW,HAM,149.1,646.4,663.0,497.3,36897,9.0,262.0,0.0,158.0,158.0,4.0,6.0,"rt;dur=0;desc=""Runtime init"", render;dur=158;desc=""Page render"", mw;dur=158;desc=""Total middleware"", db.total;dur=262;desc=""DB total"", db.count;dur=9;desc=""Query count"", db.first;dur=0;desc=""First query at"", db.last;dur=158;desc=""Last query at"", cache.hit;dur=4;desc=""Cache hits"", cache.miss;dur=6;desc=""Cache misses"" | D1_layout;dur=76.0;desc=""D1:layout"", D1_posts;dur=131.0;desc=""D1:posts"", D1_all-tags;dur=27.0;desc=""D1:all-tags"", total;dur=158.0;desc=""total"""
2026-10-06T07:20:32Z,astro6,browser,/,200,MISS,remote-WAW,HAM,112.0,428.3,433.5,316.3,30130,9.0,335.0,0.0,193.0,193.0,4.0,6.0,"rt;dur=0;desc=""Runtime init"", render;dur=193;desc=""Page render"", mw;dur=193;desc=""Total middleware"", db.total;dur=335;desc=""DB total"", db.count;dur=9;desc=""Query count"", db.first;dur=0;desc=""First query at"", db.last;dur=193;desc=""Last query at"", cache.hit;dur=4;desc=""Cache hits"", cache.miss;dur=6;desc=""Cache misses"" | D1_layout;dur=106.0;desc=""D1:layout"", D1_posts;dur=160.0;desc=""D1:posts"", D1_all-tags;dur=33.0;desc=""D1:all-tags"", total;dur=193.0;desc=""total"" | cfEdge;dur=263,cfOrigin;dur=0"
2026-10-06T07:20:33Z,astro6,browser,/category/technologia,200,MISS,remote-WAW,HAM,194.8,430.7,447.5,235.9,28501,11.0,252.0,0.0,112.0,112.0,4.0,6.0,"rt;dur=0;desc=""Runtime init"", render;dur=112;desc=""Page render"", mw;dur=112;desc=""Total middleware"", db.total;dur=252;desc=""DB total"", db.count;dur=11;desc=""Query count"", db.first;dur=0;desc=""First query at"", db.last;dur=112;desc=""Last query at"", cache.hit;dur=4;desc=""Cache hits"", cache.miss;dur=6;desc=""Cache misses"" | D1_layout;dur=69.0;desc=""D1:layout"", D1_term+posts;dur=112.0;desc=""D1:term+posts"", total;dur=112.0;desc=""total"" | cfEdge;dur=188,cfOrigin;dur=0"
2026-10-06T07:20:34Z,astro6,browser,/posts/architektura-emdash-typescript-astro,200,MISS,remote-WAW,HAM,104.8,610.0,618.7,505.2,33474,13.0,374.0,0.0,174.0,174.0,10.0,7.0,"rt;dur=0;desc=""Runtime init"", render;dur=174;desc=""Page render"", mw;dur=174;desc=""Total middleware"", db.total;dur=374;desc=""DB total"", db.count;dur=13;desc=""Query count"", db.first;dur=0;desc=""First query at"", db.last;dur=174;desc=""Last query at"", cache.hit;dur=10;desc=""Cache hits"", cache.miss;dur=7;desc=""Cache misses"" | D1_layout;dur=67.0;desc=""D1:layout"", D1_entry+recent;dur=136.0;desc=""D1:entry+recent"", D1_tags;dur=38.0;desc=""D1:tags"", total;dur=174.0;desc=""total"" | cfEdge;dur=264,cfOrigin;dur=0"
2026-10-06T07:20:34Z,astro6,curl,/posts/architektura-emdash-typescript-astro,200,MISS,remote-WAW,HAM,169.1,447.4,500.5,278.3,33139,13.0,319.0,0.0,134.0,134.0,10.0,7.0,"rt;dur=0;desc=""Runtime init"", render;dur=134;desc=""Page render"", mw;dur=134;desc=""Total middleware"", db.total;dur=319;desc=""DB total"", db.count;dur=13;desc=""Query count"", db.first;dur=0;desc=""First query at"", db.last;dur=134;desc=""Last query at"", cache.hit;dur=10;desc=""Cache hits"", cache.miss;dur=7;desc=""Cache misses"" | D1_layout;dur=71.0;desc=""D1:layout"", D1_entry+recent;dur=110.0;desc=""D1:entry+recent"", D1_tags;dur=24.0;desc=""D1:tags"", total;dur=134.0;desc=""total"""
2026-10-06T07:20:35Z,astro6,curl,/,200,MISS,remote-WAW,HAM,123.4,424.2,425.0,300.8,29762,9.0,236.0,0.0,133.0,133.0,4.0,6.0,"rt;dur=0;desc=""Runtime init"", render;dur=133;desc=""Page render"", mw;dur=133;desc=""Total middleware"", db.total;dur=236;desc=""DB total"", db.count;dur=9;desc=""Query count"", db.first;dur=0;desc=""First query at"", db.last;dur=133;desc=""Last query at"", cache.hit;dur=4;desc=""Cache hits"", cache.miss;dur=6;desc=""Cache misses"" | D1_layout;dur=73.0;desc=""D1:layout"", D1_posts;dur=115.0;desc=""D1:posts"", D1_all-tags;dur=18.0;desc=""D1:all-tags"", total;dur=133.0;desc=""total"""
2026-10-06T07:20:36Z,astro6,curl,/category/technologia,200,MISS,remote-WAW,HAM,86.5,351.8,356.5,265.3,28134,11.0,331.0,0.0,144.0,144.0,4.0,6.0,"rt;dur=0;desc=""Runtime init"", render;dur=144;desc=""Page render"", mw;dur=144;desc=""Total middleware"", db.total;dur=331;desc=""DB total"", db.count;dur=11;desc=""Query count"", db.first;dur=0;desc=""First query at"", db.last;dur=144;desc=""Last query at"", cache.hit;dur=4;desc=""Cache hits"", cache.miss;dur=6;desc=""Cache misses"" | D1_layout;dur=88.0;desc=""D1:layout"", D1_term+posts;dur=144.0;desc=""D1:term+posts"", total;dur=144.0;desc=""total"""
2026-10-06T07:20:36Z,astro6,curl,/posts/architektura-emdash-typescript-astro,200,MISS,remote-WAW,HAM,233.8,544.5,600.5,310.7,33131,13.0,352.0,0.0,160.0,160.0,10.0,7.0,"rt;dur=0;desc=""Runtime init"", render;dur=160;desc=""Page render"", mw;dur=160;desc=""Total middleware"", db.total;dur=352;desc=""DB total"", db.count;dur=13;desc=""Query count"", db.first;dur=0;desc=""First query at"", db.last;dur=160;desc=""Last query at"", cache.hit;dur=10;desc=""Cache hits"", cache.miss;dur=7;desc=""Cache misses"" | D1_layout;dur=90.0;desc=""D1:layout"", D1_entry+recent;dur=140.0;desc=""D1:entry+recent"", D1_tags;dur=20.0;desc=""D1:tags"", total;dur=160.0;desc=""total"""
2026-10-06T07:20:37Z,astro6,curl,/,200,MISS,remote-WAW,HAM,82.6,455.2,457.7,372.6,29762,9.0,291.0,0.0,177.0,177.0,4.0,6.0,"rt;dur=0;desc=""Runtime init"", render;dur=177;desc=""Page render"", mw;dur=177;desc=""Total middleware"", db.total;dur=291;desc=""DB total"", db.count;dur=9;desc=""Query count"", db.first;dur=0;desc=""First query at"", db.last;dur=177;desc=""Last query at"", cache.hit;dur=4;desc=""Cache hits"", cache.miss;dur=6;desc=""Cache misses"" | D1_layout;dur=86.0;desc=""D1:layout"", D1_posts;dur=151.0;desc=""D1:posts"", D1_all-tags;dur=26.0;desc=""D1:all-tags"", total;dur=177.0;desc=""total"""
2026-10-06T07:20:38Z,astro6,browser,/category/technologia,200,MISS,remote-WAW,HAM,336.7,609.2,632.7,272.5,28497,11.0,247.0,0.0,118.0,118.0,4.0,6.0,"rt;dur=0;desc=""Runtime init"", render;dur=118;desc=""Page render"", mw;dur=118;desc=""Total middleware"", db.total;dur=247;desc=""DB total"", db.count;dur=11;desc=""Query count"", db.first;dur=0;desc=""First query at"", db.last;dur=118;desc=""Last query at"", cache.hit;dur=4;desc=""Cache hits"", cache.miss;dur=6;desc=""Cache misses"" | D1_layout;dur=55.0;desc=""D1:layout"", D1_term+posts;dur=118.0;desc=""D1:term+posts"", total;dur=118.0;desc=""total"" | cfEdge;dur=213,cfOrigin;dur=0"
2026-10-06T07:20:39Z,astro6,browser,/posts/architektura-emdash-typescript-astro,200,MISS,remote-WAW,HAM,104.3,538.4,543.2,434.1,33498,13.0,343.0,0.0,142.0,142.0,10.0,7.0,"rt;dur=0;desc=""Runtime init"", render;dur=142;desc=""Page render"", mw;dur=142;desc=""Total middleware"", db.total;dur=343;desc=""DB total"", db.count;dur=13;desc=""Query count"", db.first;dur=0;desc=""First query at"", db.last;dur=142;desc=""Last query at"", cache.hit;dur=10;desc=""Cache hits"", cache.miss;dur=7;desc=""Cache misses"" | D1_layout;dur=73.0;desc=""D1:layout"", D1_entry+recent;dur=119.0;desc=""D1:entry+recent"", D1_tags;dur=23.0;desc=""D1:tags"", total;dur=142.0;desc=""total"" | cfEdge;dur=225,cfOrigin;dur=0"
2026-10-06T07:20:39Z,astro6,browser,/,200,MISS,remote-WAW,HAM,102.8,352.0,356.0,249.2,30133,9.0,214.0,0.0,123.0,123.0,4.0,6.0,"rt;dur=0;desc=""Runtime init"", render;dur=123;desc=""Page render"", mw;dur=123;desc=""Total middleware"", db.total;dur=214;desc=""DB total"", db.count;dur=9;desc=""Query count"", db.first;dur=0;desc=""First query at"", db.last;dur=123;desc=""Last query at"", cache.hit;dur=4;desc=""Cache hits"", cache.miss;dur=6;desc=""Cache misses"" | D1_layout;dur=67.0;desc=""D1:layout"", D1_posts;dur=102.0;desc=""D1:posts"", D1_all-tags;dur=21.0;desc=""D1:all-tags"", total;dur=123.0;desc=""total"" | cfEdge;dur=202,cfOrigin;dur=0"
2026-10-06T07:20:40Z,astro6,curl,/posts/,200,MISS,remote-WAW,HAM,208.6,682.7,683.7,474.1,36909,9.0,270.0,0.0,169.0,169.0,4.0,6.0,"rt;dur=0;desc=""Runtime init"", render;dur=169;desc=""Page render"", mw;dur=169;desc=""Total middleware"", db.total;dur=270;desc=""DB total"", db.count;dur=9;desc=""Query count"", db.first;dur=0;desc=""First query at"", db.last;dur=169;desc=""Last query at"", cache.hit;dur=4;desc=""Cache hits"", cache.miss;dur=6;desc=""Cache misses"" | D1_layout;dur=85.0;desc=""D1:layout"", D1_posts;dur=146.0;desc=""D1:posts"", D1_all-tags;dur=23.0;desc=""D1:all-tags"", total;dur=169.0;desc=""total"""
2026-10-06T07:20:41Z,astro6,curl,/category/technologia,200,MISS,remote-WAW,HAM,155.5,441.8,443.3,286.3,28118,11.0,319.0,0.0,131.0,131.0,4.0,6.0,"rt;dur=0;desc=""Runtime init"", render;dur=131;desc=""Page render"", mw;dur=131;desc=""Total middleware"", db.total;dur=319;desc=""DB total"", db.count;dur=11;desc=""Query count"", db.first;dur=0;desc=""First query at"", db.last;dur=131;desc=""Last query at"", cache.hit;dur=4;desc=""Cache hits"", cache.miss;dur=6;desc=""Cache misses"" | D1_layout;dur=89.0;desc=""D1:layout"", D1_term+posts;dur=131.0;desc=""D1:term+posts"", total;dur=131.0;desc=""total"""
2026-10-06T07:20:42Z,astro6,browser,/posts/,200,MISS,remote-WAW,HAM,475.9,820.3,821.1,344.4,37272,9.0,230.0,0.0,137.0,137.0,4.0,6.0,"rt;dur=0;desc=""Runtime init"", render;dur=137;desc=""Page render"", mw;dur=137;desc=""Total middleware"", db.total;dur=230;desc=""DB total"", db.count;dur=9;desc=""Query count"", db.first;dur=0;desc=""First query at"", db.last;dur=137;desc=""Last query at"", cache.hit;dur=4;desc=""Cache hits"", cache.miss;dur=6;desc=""Cache misses"" | D1_layout;dur=71.0;desc=""D1:layout"", D1_posts;dur=114.0;desc=""D1:posts"", D1_all-tags;dur=23.0;desc=""D1:all-tags"", total;dur=137.0;desc=""total"" | cfEdge;dur=231,cfOrigin;dur=0"
2026-10-06T07:20:43Z,astro6,browser,/category/technologia,200,MISS,remote-WAW,HAM,477.1,859.5,873.6,382.4,28481,11.0,426.0,0.0,259.0,259.0,4.0,6.0,"rt;dur=0;desc=""Runtime init"", render;dur=259;desc=""Page render"", mw;dur=259;desc=""Total middleware"", db.total;dur=426;desc=""DB total"", db.count;dur=11;desc=""Query count"", db.first;dur=0;desc=""First query at"", db.last;dur=259;desc=""Last query at"", cache.hit;dur=4;desc=""Cache hits"", cache.miss;dur=6;desc=""Cache misses"" | D1_layout;dur=81.0;desc=""D1:layout"", D1_term+posts;dur=259.0;desc=""D1:term+posts"", total;dur=259.0;desc=""total"" | cfEdge;dur=335,cfOrigin;dur=0"
2026-10-06T07:20:44Z,astro6,curl,/,200,MISS,remote-WAW,HAM,486.6,940.6,942.6,454.0,29758,10.0,283.0,0.0,148.0,148.0,4.0,6.0,"rt;dur=0;desc=""Runtime init"", render;dur=148;desc=""Page render"", mw;dur=148;desc=""Total middleware"", db.total;dur=283;desc=""DB total"", db.count;dur=10;desc=""Query count"", db.first;dur=0;desc=""First query at"", db.last;dur=148;desc=""Last query at"", cache.hit;dur=4;desc=""Cache hits"", cache.miss;dur=6;desc=""Cache misses"" | D1_layout;dur=81.0;desc=""D1:layout"", D1_posts;dur=125.0;desc=""D1:posts"", D1_all-tags;dur=23.0;desc=""D1:all-tags"", total;dur=148.0;desc=""total"""
2026-10-06T07:20:45Z,astro6,curl,/posts/architektura-emdash-typescript-astro,200,MISS,remote-WAW,HAM,290.9,631.9,671.5,341.0,33135,14.0,453.0,0.0,171.0,171.0,10.0,7.0,"rt;dur=0;desc=""Runtime init"", render;dur=171;desc=""Page render"", mw;dur=171;desc=""Total middleware"", db.total;dur=453;desc=""DB total"", db.count;dur=14;desc=""Query count"", db.first;dur=0;desc=""First query at"", db.last;dur=171;desc=""Last query at"", cache.hit;dur=10;desc=""Cache hits"", cache.miss;dur=7;desc=""Cache misses"" | D1_layout;dur=88.0;desc=""D1:layout"", D1_entry+recent;dur=145.0;desc=""D1:entry+recent"", D1_tags;dur=26.0;desc=""D1:tags"", total;dur=171.0;desc=""total"""
2026-10-06T07:20:46Z,astro6,browser,/,200,MISS,remote-WAW,HAM,247.2,591.8,592.3,344.6,30121,9.0,298.0,0.0,181.0,181.0,4.0,6.0,"rt;dur=0;desc=""Runtime init"", render;dur=181;desc=""Page render"", mw;dur=181;desc=""Total middleware"", db.total;dur=298;desc=""DB total"", db.count;dur=9;desc=""Query count"", db.first;dur=0;desc=""First query at"", db.last;dur=181;desc=""Last query at"", cache.hit;dur=4;desc=""Cache hits"", cache.miss;dur=6;desc=""Cache misses"" | D1_layout;dur=97.0;desc=""D1:layout"", D1_posts;dur=155.0;desc=""D1:posts"", D1_all-tags;dur=26.0;desc=""D1:all-tags"", total;dur=181.0;desc=""total"" | cfEdge;dur=243,cfOrigin;dur=0"
2026-10-06T07:20:47Z,astro6,curl,/category/technologia,200,MISS,remote-WAW,HAM,110.7,376.5,383.6,265.8,28122,11.0,326.0,0.0,138.0,138.0,4.0,6.0,"rt;dur=0;desc=""Runtime init"", render;dur=138;desc=""Page render"", mw;dur=138;desc=""Total middleware"", db.total;dur=326;desc=""DB total"", db.count;dur=11;desc=""Query count"", db.first;dur=0;desc=""First query at"", db.last;dur=138;desc=""Last query at"", cache.hit;dur=4;desc=""Cache hits"", cache.miss;dur=6;desc=""Cache misses"" | D1_layout;dur=87.0;desc=""D1:layout"", D1_term+posts;dur=138.0;desc=""D1:term+posts"", total;dur=138.0;desc=""total"""
2026-10-06T07:20:48Z,astro6,browser,/posts/,200,MISS,remote-WAW,HAM,1118.8,1464.8,1466.7,346.0,37268,9.0,227.0,0.0,131.0,131.0,4.0,6.0,"rt;dur=0;desc=""Runtime init"", render;dur=131;desc=""Page render"", mw;dur=131;desc=""Total middleware"", db.total;dur=227;desc=""DB total"", db.count;dur=9;desc=""Query count"", db.first;dur=0;desc=""First query at"", db.last;dur=131;desc=""Last query at"", cache.hit;dur=4;desc=""Cache hits"", cache.miss;dur=6;desc=""Cache misses"" | D1_layout;dur=70.0;desc=""D1:layout"", D1_posts;dur=111.0;desc=""D1:posts"", D1_all-tags;dur=20.0;desc=""D1:all-tags"", total;dur=131.0;desc=""total"" | cfEdge;dur=230,cfOrigin;dur=0"
2026-10-06T07:20:49Z,astro6,curl,/posts/,200,MISS,remote-WAW,HAM,161.1,613.8,615.0,452.7,36913,9.0,315.0,0.0,177.0,177.0,4.0,6.0,"rt;dur=0;desc=""Runtime init"", render;dur=177;desc=""Page render"", mw;dur=177;desc=""Total middleware"", db.total;dur=315;desc=""DB total"", db.count;dur=9;desc=""Query count"", db.first;dur=0;desc=""First query at"", db.last;dur=177;desc=""Last query at"", cache.hit;dur=4;desc=""Cache hits"", cache.miss;dur=6;desc=""Cache misses"" | D1_layout;dur=99.0;desc=""D1:layout"", D1_posts;dur=152.0;desc=""D1:posts"", D1_all-tags;dur=25.0;desc=""D1:all-tags"", total;dur=177.0;desc=""total"""
2026-10-06T07:20:50Z,astro6,browser,/posts/architektura-emdash-typescript-astro,200,MISS,remote-WAW,HAM,94.6,359.9,409.0,265.3,33498,13.0,337.0,0.0,137.0,137.0,10.0,7.0,"rt;dur=0;desc=""Runtime init"", render;dur=137;desc=""Page render"", mw;dur=137;desc=""Total middleware"", db.total;dur=337;desc=""DB total"", db.count;dur=13;desc=""Query count"", db.first;dur=0;desc=""First query at"", db.last;dur=137;desc=""Last query at"", cache.hit;dur=10;desc=""Cache hits"", cache.miss;dur=7;desc=""Cache misses"" | D1_layout;dur=64.0;desc=""D1:layout"", D1_entry+recent;dur=117.0;desc=""D1:entry+recent"", D1_tags;dur=20.0;desc=""D1:tags"", total;dur=137.0;desc=""total"" | cfEdge;dur=216,cfOrigin;dur=0"
2026-10-06T07:20:50Z,astro6,curl,/,200,MISS,remote-WAW,HAM,168.8,445.3,448.9,276.5,29766,9.0,220.0,0.0,136.0,136.0,4.0,6.0,"rt;dur=0;desc=""Runtime init"", render;dur=136;desc=""Page render"", mw;dur=136;desc=""Total middleware"", db.total;dur=220;desc=""DB total"", db.count;dur=9;desc=""Query count"", db.first;dur=0;desc=""First query at"", db.last;dur=136;desc=""Last query at"", cache.hit;dur=4;desc=""Cache hits"", cache.miss;dur=6;desc=""Cache misses"" | D1_layout;dur=69.0;desc=""D1:layout"", D1_posts;dur=113.0;desc=""D1:posts"", D1_all-tags;dur=23.0;desc=""D1:all-tags"", total;dur=136.0;desc=""total"""
2026-10-06T07:20:51Z,astro6,curl,/category/technologia,200,MISS,remote-WAW,HAM,107.8,373.1,379.5,265.3,28114,11.0,251.0,0.0,127.0,127.0,4.0,6.0,"rt;dur=0;desc=""Runtime init"", render;dur=127;desc=""Page render"", mw;dur=127;desc=""Total middleware"", db.total;dur=251;desc=""DB total"", db.count;dur=11;desc=""Query count"", db.first;dur=0;desc=""First query at"", db.last;dur=127;desc=""Last query at"", cache.hit;dur=4;desc=""Cache hits"", cache.miss;dur=6;desc=""Cache misses"" | D1_layout;dur=60.0;desc=""D1:layout"", D1_term+posts;dur=127.0;desc=""D1:term+posts"", total;dur=127.0;desc=""total"""
2026-10-06T07:20:52Z,astro6,curl,/posts/,200,MISS,remote-WAW,HAM,98.4,427.8,429.2,329.4,36914,9.0,321.0,0.0,186.0,186.0,4.0,6.0,"rt;dur=0;desc=""Runtime init"", render;dur=186;desc=""Page render"", mw;dur=186;desc=""Total middleware"", db.total;dur=321;desc=""DB total"", db.count;dur=9;desc=""Query count"", db.first;dur=0;desc=""First query at"", db.last;dur=186;desc=""Last query at"", cache.hit;dur=4;desc=""Cache hits"", cache.miss;dur=6;desc=""Cache misses"" | D1_layout;dur=102.0;desc=""D1:layout"", D1_posts;dur=153.0;desc=""D1:posts"", D1_all-tags;dur=33.0;desc=""D1:all-tags"", total;dur=186.0;desc=""total"""
2026-10-06T07:20:52Z,astro6,browser,/,200,MISS,remote-WAW,HAM,89.1,370.9,380.2,281.8,30137,9.0,271.0,0.0,161.0,161.0,4.0,6.0,"rt;dur=0;desc=""Runtime init"", render;dur=161;desc=""Page render"", mw;dur=161;desc=""Total middleware"", db.total;dur=271;desc=""DB total"", db.count;dur=9;desc=""Query count"", db.first;dur=0;desc=""First query at"", db.last;dur=161;desc=""Last query at"", cache.hit;dur=4;desc=""Cache hits"", cache.miss;dur=6;desc=""Cache misses"" | D1_layout;dur=86.0;desc=""D1:layout"", D1_posts;dur=135.0;desc=""D1:posts"", D1_all-tags;dur=26.0;desc=""D1:all-tags"", total;dur=161.0;desc=""total"" | cfEdge;dur=235,cfOrigin;dur=0"
2026-10-06T07:20:53Z,astro6,curl,/posts/architektura-emdash-typescript-astro,200,MISS,remote-WAW,HAM,99.6,396.2,548.9,296.6,33131,13.0,422.0,0.0,177.0,177.0,10.0,7.0,"rt;dur=0;desc=""Runtime init"", render;dur=177;desc=""Page render"", mw;dur=177;desc=""Total middleware"", db.total;dur=422;desc=""DB total"", db.count;dur=13;desc=""Query count"", db.first;dur=0;desc=""First query at"", db.last;dur=177;desc=""Last query at"", cache.hit;dur=10;desc=""Cache hits"", cache.miss;dur=7;desc=""Cache misses"" | D1_layout;dur=94.0;desc=""D1:layout"", D1_entry+recent;dur=147.0;desc=""D1:entry+recent"", D1_tags;dur=30.0;desc=""D1:tags"", total;dur=177.0;desc=""total"""
2026-10-06T07:20:54Z,astro6,browser,/category/technologia,200,MISS,remote-WAW,HAM,109.8,362.1,367.3,252.3,28497,11.0,302.0,0.0,126.0,126.0,4.0,6.0,"rt;dur=0;desc=""Runtime init"", render;dur=126;desc=""Page render"", mw;dur=126;desc=""Total middleware"", db.total;dur=302;desc=""DB total"", db.count;dur=11;desc=""Query count"", db.first;dur=0;desc=""First query at"", db.last;dur=126;desc=""Last query at"", cache.hit;dur=4;desc=""Cache hits"", cache.miss;dur=6;desc=""Cache misses"" | D1_layout;dur=78.0;desc=""D1:layout"", D1_term+posts;dur=126.0;desc=""D1:term+posts"", total;dur=126.0;desc=""total"" | cfEdge;dur=203,cfOrigin;dur=0"
2026-10-06T07:20:55Z,astro6,browser,/posts/architektura-emdash-typescript-astro,200,MISS,remote-WAW,HAM,261.5,545.1,602.6,283.6,33494,13.0,348.0,0.0,146.0,146.0,10.0,7.0,"rt;dur=0;desc=""Runtime init"", render;dur=146;desc=""Page render"", mw;dur=146;desc=""Total middleware"", db.total;dur=348;desc=""DB total"", db.count;dur=13;desc=""Query count"", db.first;dur=0;desc=""First query at"", db.last;dur=146;desc=""Last query at"", cache.hit;dur=10;desc=""Cache hits"", cache.miss;dur=7;desc=""Cache misses"" | D1_layout;dur=76.0;desc=""D1:layout"", D1_entry+recent;dur=123.0;desc=""D1:entry+recent"", D1_tags;dur=23.0;desc=""D1:tags"", total;dur=146.0;desc=""total"" | cfEdge;dur=234,cfOrigin;dur=0"
2026-10-06T07:20:55Z,astro6,browser,/posts/,200,MISS,remote-WAW,HAM,162.4,654.9,672.5,492.5,37276,9.0,460.0,0.0,353.0,353.0,4.0,6.0,"rt;dur=0;desc=""Runtime init"", render;dur=353;desc=""Page render"", mw;dur=353;desc=""Total middleware"", db.total;dur=460;desc=""DB total"", db.count;dur=9;desc=""Query count"", db.first;dur=0;desc=""First query at"", db.last;dur=353;desc=""Last query at"", cache.hit;dur=4;desc=""Cache hits"", cache.miss;dur=6;desc=""Cache misses"" | D1_layout;dur=77.0;desc=""D1:layout"", D1_posts;dur=327.0;desc=""D1:posts"", D1_all-tags;dur=26.0;desc=""D1:all-tags"", total;dur=353.0;desc=""total"" | cfEdge;dur=440,cfOrigin;dur=0"
2026-10-06T07:20:56Z,astro6,browser,/posts/,200,MISS,remote-WAW,HAM,103.2,400.5,409.0,297.3,37264,10.0,332.0,0.0,156.0,156.0,4.0,6.0,"rt;dur=0;desc=""Runtime init"", render;dur=156;desc=""Page render"", mw;dur=156;desc=""Total middleware"", db.total;dur=332;desc=""DB total"", db.count;dur=10;desc=""Query count"", db.first;dur=0;desc=""First query at"", db.last;dur=156;desc=""Last query at"", cache.hit;dur=4;desc=""Cache hits"", cache.miss;dur=6;desc=""Cache misses"" | D1_layout;dur=88.0;desc=""D1:layout"", D1_posts;dur=133.0;desc=""D1:posts"", D1_all-tags;dur=23.0;desc=""D1:all-tags"", total;dur=156.0;desc=""total"" | cfEdge;dur=245,cfOrigin;dur=0"
2026-10-06T07:20:57Z,astro6,browser,/posts/architektura-emdash-typescript-astro,200,MISS,remote-WAW,HAM,411.8,851.7,951.0,439.9,33506,12.0,487.0,0.0,283.0,283.0,10.0,7.0,"rt;dur=0;desc=""Runtime init"", render;dur=283;desc=""Page render"", mw;dur=283;desc=""Total middleware"", db.total;dur=487;desc=""DB total"", db.count;dur=12;desc=""Query count"", db.first;dur=0;desc=""First query at"", db.last;dur=283;desc=""Last query at"", cache.hit;dur=10;desc=""Cache hits"", cache.miss;dur=7;desc=""Cache misses"" | D1_layout;dur=79.0;desc=""D1:layout"", D1_entry+recent;dur=262.0;desc=""D1:entry+recent"", D1_tags;dur=21.0;desc=""D1:tags"", total;dur=283.0;desc=""total"" | cfEdge;dur=372,cfOrigin;dur=0"
2026-10-06T07:20:58Z,astro6,browser,/,200,MISS,remote-WAW,HAM,235.4,522.8,530.3,287.4,30133,9.0,271.0,0.0,153.0,153.0,4.0,6.0,"rt;dur=0;desc=""Runtime init"", render;dur=153;desc=""Page render"", mw;dur=153;desc=""Total middleware"", db.total;dur=271;desc=""DB total"", db.count;dur=9;desc=""Query count"", db.first;dur=0;desc=""First query at"", db.last;dur=153;desc=""Last query at"", cache.hit;dur=4;desc=""Cache hits"", cache.miss;dur=6;desc=""Cache misses"" | D1_layout;dur=85.0;desc=""D1:layout"", D1_posts;dur=129.0;desc=""D1:posts"", D1_all-tags;dur=24.0;desc=""D1:all-tags"", total;dur=153.0;desc=""total"" | cfEdge;dur=225,cfOrigin;dur=0"
2026-10-06T07:20:59Z,astro6,curl,/posts/architektura-emdash-typescript-astro,200,MISS,remote-WAW,HAM,476.4,812.7,990.6,336.3,33143,13.0,294.0,0.0,124.0,124.0,10.0,7.0,"rt;dur=0;desc=""Runtime init"", render;dur=124;desc=""Page render"", mw;dur=124;desc=""Total middleware"", db.total;dur=294;desc=""DB total"", db.count;dur=13;desc=""Query count"", db.first;dur=0;desc=""First query at"", db.last;dur=124;desc=""Last query at"", cache.hit;dur=10;desc=""Cache hits"", cache.miss;dur=7;desc=""Cache misses"" | D1_layout;dur=68.0;desc=""D1:layout"", D1_entry+recent;dur=101.0;desc=""D1:entry+recent"", D1_tags;dur=23.0;desc=""D1:tags"", total;dur=124.0;desc=""total"""
2026-10-06T07:21:00Z,astro6,browser,/category/technologia,200,MISS,remote-WAW,HAM,306.2,647.4,649.0,341.2,28505,11.0,269.0,0.0,126.0,126.0,4.0,6.0,"rt;dur=0;desc=""Runtime init"", render;dur=126;desc=""Page render"", mw;dur=126;desc=""Total middleware"", db.total;dur=269;desc=""DB total"", db.count;dur=11;desc=""Query count"", db.first;dur=0;desc=""First query at"", db.last;dur=126;desc=""Last query at"", cache.hit;dur=4;desc=""Cache hits"", cache.miss;dur=6;desc=""Cache misses"" | D1_layout;dur=70.0;desc=""D1:layout"", D1_term+posts;dur=126.0;desc=""D1:term+posts"", total;dur=126.0;desc=""total"" | cfEdge;dur=212,cfOrigin;dur=0"
2026-10-06T07:21:01Z,astro6,curl,/posts/,200,MISS,remote-WAW,HAM,303.8,594.5,606.6,290.7,36901,9.0,294.0,0.0,178.0,178.0,4.0,6.0,"rt;dur=0;desc=""Runtime init"", render;dur=178;desc=""Page render"", mw;dur=178;desc=""Total middleware"", db.total;dur=294;desc=""DB total"", db.count;dur=9;desc=""Query count"", db.first;dur=0;desc=""First query at"", db.last;dur=178;desc=""Last query at"", cache.hit;dur=4;desc=""Cache hits"", cache.miss;dur=6;desc=""Cache misses"" | D1_layout;dur=88.0;desc=""D1:layout"", D1_posts;dur=137.0;desc=""D1:posts"", D1_all-tags;dur=41.0;desc=""D1:all-tags"", total;dur=178.0;desc=""total"""
2026-10-06T07:21:02Z,astro6,curl,/category/technologia,200,MISS,remote-WAW,HAM,346.6,691.4,693.2,344.8,28126,11.0,264.0,0.0,126.0,126.0,4.0,6.0,"rt;dur=0;desc=""Runtime init"", render;dur=126;desc=""Page render"", mw;dur=126;desc=""Total middleware"", db.total;dur=264;desc=""DB total"", db.count;dur=11;desc=""Query count"", db.first;dur=0;desc=""First query at"", db.last;dur=126;desc=""Last query at"", cache.hit;dur=4;desc=""Cache hits"", cache.miss;dur=6;desc=""Cache misses"" | D1_layout;dur=73.0;desc=""D1:layout"", D1_term+posts;dur=126.0;desc=""D1:term+posts"", total;dur=126.0;desc=""total"""
2026-10-06T07:21:03Z,astro6,curl,/,200,MISS,remote-WAW,HAM,295.8,642.2,642.6,346.4,29758,9.0,236.0,0.0,145.0,145.0,4.0,6.0,"rt;dur=0;desc=""Runtime init"", render;dur=145;desc=""Page render"", mw;dur=145;desc=""Total middleware"", db.total;dur=236;desc=""DB total"", db.count;dur=9;desc=""Query count"", db.first;dur=0;desc=""First query at"", db.last;dur=145;desc=""Last query at"", cache.hit;dur=4;desc=""Cache hits"", cache.miss;dur=6;desc=""Cache misses"" | D1_layout;dur=81.0;desc=""D1:layout"", D1_posts;dur=120.0;desc=""D1:posts"", D1_all-tags;dur=25.0;desc=""D1:all-tags"", total;dur=145.0;desc=""total"""
2026-10-06T07:21:04Z,astro6,curl,/,200,MISS,remote-WAW,HAM,196.3,502.1,517.8,305.8,29766,9.0,256.0,0.0,160.0,160.0,4.0,6.0,"rt;dur=0;desc=""Runtime init"", render;dur=160;desc=""Page render"", mw;dur=160;desc=""Total middleware"", db.total;dur=256;desc=""DB total"", db.count;dur=9;desc=""Query count"", db.first;dur=0;desc=""First query at"", db.last;dur=160;desc=""Last query at"", cache.hit;dur=4;desc=""Cache hits"", cache.miss;dur=6;desc=""Cache misses"" | D1_layout;dur=69.0;desc=""D1:layout"", D1_posts;dur=141.0;desc=""D1:posts"", D1_all-tags;dur=19.0;desc=""D1:all-tags"", total;dur=160.0;desc=""total"""
2026-10-06T07:21:05Z,astro6,browser,/,200,MISS,remote-WAW,HAM,412.0,901.4,912.1,489.4,30133,9.0,250.0,0.0,153.0,153.0,4.0,6.0,"rt;dur=0;desc=""Runtime init"", render;dur=153;desc=""Page render"", mw;dur=153;desc=""Total middleware"", db.total;dur=250;desc=""DB total"", db.count;dur=9;desc=""Query count"", db.first;dur=0;desc=""First query at"", db.last;dur=153;desc=""Last query at"", cache.hit;dur=4;desc=""Cache hits"", cache.miss;dur=6;desc=""Cache misses"" | D1_layout;dur=76.0;desc=""D1:layout"", D1_posts;dur=127.0;desc=""D1:posts"", D1_all-tags;dur=26.0;desc=""D1:all-tags"", total;dur=153.0;desc=""total"" | cfEdge;dur=235,cfOrigin;dur=0"
2026-10-06T07:21:05Z,astro6,browser,/posts/architektura-emdash-typescript-astro,200,MISS,remote-WAW,HAM,104.2,376.7,511.8,272.5,33506,13.0,317.0,0.0,137.0,137.0,10.0,7.0,"rt;dur=0;desc=""Runtime init"", render;dur=137;desc=""Page render"", mw;dur=137;desc=""Total middleware"", db.total;dur=317;desc=""DB total"", db.count;dur=13;desc=""Query count"", db.first;dur=0;desc=""First query at"", db.last;dur=137;desc=""Last query at"", cache.hit;dur=10;desc=""Cache hits"", cache.miss;dur=7;desc=""Cache misses"" | D1_layout;dur=79.0;desc=""D1:layout"", D1_entry+recent;dur=116.0;desc=""D1:entry+recent"", D1_tags;dur=21.0;desc=""D1:tags"", total;dur=137.0;desc=""total"" | cfEdge;dur=229,cfOrigin;dur=0"
2026-10-06T07:21:06Z,astro6,curl,/category/technologia,200,MISS,remote-WAW,HAM,106.9,367.0,372.4,260.1,28130,11.0,298.0,0.0,125.0,125.0,4.0,6.0,"rt;dur=0;desc=""Runtime init"", render;dur=125;desc=""Page render"", mw;dur=125;desc=""Total middleware"", db.total;dur=298;desc=""DB total"", db.count;dur=11;desc=""Query count"", db.first;dur=0;desc=""First query at"", db.last;dur=125;desc=""Last query at"", cache.hit;dur=4;desc=""Cache hits"", cache.miss;dur=6;desc=""Cache misses"" | D1_layout;dur=79.0;desc=""D1:layout"", D1_term+posts;dur=125.0;desc=""D1:term+posts"", total;dur=125.0;desc=""total"""
2026-10-06T07:21:07Z,astro6,curl,/posts/,200,MISS,remote-WAW,HAM,90.2,393.8,399.9,303.6,36905,9.0,282.0,0.0,167.0,167.0,4.0,6.0,"rt;dur=0;desc=""Runtime init"", render;dur=167;desc=""Page render"", mw;dur=167;desc=""Total middleware"", db.total;dur=282;desc=""DB total"", db.count;dur=9;desc=""Query count"", db.first;dur=0;desc=""First query at"", db.last;dur=167;desc=""Last query at"", cache.hit;dur=4;desc=""Cache hits"", cache.miss;dur=6;desc=""Cache misses"" | D1_layout;dur=91.0;desc=""D1:layout"", D1_posts;dur=136.0;desc=""D1:posts"", D1_all-tags;dur=31.0;desc=""D1:all-tags"", total;dur=167.0;desc=""total"""
2026-10-06T07:21:08Z,astro6,browser,/posts/,200,MISS,remote-WAW,HAM,418.0,704.5,718.5,286.5,37276,9.0,235.0,0.0,139.0,139.0,4.0,6.0,"rt;dur=0;desc=""Runtime init"", render;dur=139;desc=""Page render"", mw;dur=139;desc=""Total middleware"", db.total;dur=235;desc=""DB total"", db.count;dur=9;desc=""Query count"", db.first;dur=0;desc=""First query at"", db.last;dur=139;desc=""Last query at"", cache.hit;dur=4;desc=""Cache hits"", cache.miss;dur=6;desc=""Cache misses"" | D1_layout;dur=74.0;desc=""D1:layout"", D1_posts;dur=117.0;desc=""D1:posts"", D1_all-tags;dur=22.0;desc=""D1:all-tags"", total;dur=139.0;desc=""total"" | cfEdge;dur=220,cfOrigin;dur=0"
2026-10-06T07:21:08Z,astro6,curl,/posts/architektura-emdash-typescript-astro,200,MISS,remote-WAW,HAM,98.4,399.4,461.4,301.0,33115,13.0,407.0,0.0,170.0,170.0,10.0,7.0,"rt;dur=0;desc=""Runtime init"", render;dur=170;desc=""Page render"", mw;dur=170;desc=""Total middleware"", db.total;dur=407;desc=""DB total"", db.count;dur=13;desc=""Query count"", db.first;dur=0;desc=""First query at"", db.last;dur=170;desc=""Last query at"", cache.hit;dur=10;desc=""Cache hits"", cache.miss;dur=7;desc=""Cache misses"" | D1_layout;dur=78.0;desc=""D1:layout"", D1_entry+recent;dur=146.0;desc=""D1:entry+recent"", D1_tags;dur=24.0;desc=""D1:tags"", total;dur=170.0;desc=""total"""
2026-10-06T07:21:09Z,astro6,browser,/category/technologia,200,MISS,remote-WAW,HAM,161.0,431.3,440.3,270.3,28509,11.0,281.0,0.0,125.0,125.0,4.0,6.0,"rt;dur=0;desc=""Runtime init"", render;dur=125;desc=""Page render"", mw;dur=125;desc=""Total middleware"", db.total;dur=281;desc=""DB total"", db.count;dur=11;desc=""Query count"", db.first;dur=0;desc=""First query at"", db.last;dur=125;desc=""Last query at"", cache.hit;dur=4;desc=""Cache hits"", cache.miss;dur=6;desc=""Cache misses"" | D1_layout;dur=80.0;desc=""D1:layout"", D1_term+posts;dur=125.0;desc=""D1:term+posts"", total;dur=125.0;desc=""total"" | cfEdge;dur=219,cfOrigin;dur=0"
2026-10-06T07:21:10Z,astro6,curl,/posts/architektura-emdash-typescript-astro,200,MISS,remote-WAW,HAM,98.5,435.1,479.5,336.6,33119,13.0,447.0,0.0,187.0,187.0,10.0,7.0,"rt;dur=0;desc=""Runtime init"", render;dur=187;desc=""Page render"", mw;dur=187;desc=""Total middleware"", db.total;dur=447;desc=""DB total"", db.count;dur=13;desc=""Query count"", db.first;dur=0;desc=""First query at"", db.last;dur=187;desc=""Last query at"", cache.hit;dur=10;desc=""Cache hits"", cache.miss;dur=7;desc=""Cache misses"" | D1_layout;dur=98.0;desc=""D1:layout"", D1_entry+recent;dur=159.0;desc=""D1:entry+recent"", D1_tags;dur=28.0;desc=""D1:tags"", total;dur=187.0;desc=""total"""
2026-10-06T07:21:10Z,astro6,curl,/category/technologia,200,MISS,remote-WAW,HAM,81.1,330.3,340.3,249.2,28122,11.0,267.0,0.0,117.0,117.0,4.0,6.0,"rt;dur=0;desc=""Runtime init"", render;dur=117;desc=""Page render"", mw;dur=117;desc=""Total middleware"", db.total;dur=267;desc=""DB total"", db.count;dur=11;desc=""Query count"", db.first;dur=0;desc=""First query at"", db.last;dur=117;desc=""Last query at"", cache.hit;dur=4;desc=""Cache hits"", cache.miss;dur=6;desc=""Cache misses"" | D1_layout;dur=75.0;desc=""D1:layout"", D1_term+posts;dur=117.0;desc=""D1:term+posts"", total;dur=117.0;desc=""total"""
2026-10-06T07:21:11Z,astro6,browser,/posts/architektura-emdash-typescript-astro,200,MISS,remote-WAW,HAM,119.2,439.4,494.2,320.2,33502,13.0,410.0,0.0,160.0,160.0,10.0,7.0,"rt;dur=0;desc=""Runtime init"", render;dur=160;desc=""Page render"", mw;dur=160;desc=""Total middleware"", db.total;dur=410;desc=""DB total"", db.count;dur=13;desc=""Query count"", db.first;dur=0;desc=""First query at"", db.last;dur=160;desc=""Last query at"", cache.hit;dur=10;desc=""Cache hits"", cache.miss;dur=7;desc=""Cache misses"" | D1_layout;dur=92.0;desc=""D1:layout"", D1_entry+recent;dur=140.0;desc=""D1:entry+recent"", D1_tags;dur=20.0;desc=""D1:tags"", total;dur=160.0;desc=""total"" | cfEdge;dur=271,cfOrigin;dur=0"
2026-10-06T07:21:12Z,astro6,browser,/,200,MISS,remote-WAW,HAM,133.0,405.9,414.0,272.9,30129,9.0,228.0,0.0,144.0,144.0,4.0,6.0,"rt;dur=0;desc=""Runtime init"", render;dur=144;desc=""Page render"", mw;dur=144;desc=""Total middleware"", db.total;dur=228;desc=""DB total"", db.count;dur=9;desc=""Query count"", db.first;dur=0;desc=""First query at"", db.last;dur=144;desc=""Last query at"", cache.hit;dur=4;desc=""Cache hits"", cache.miss;dur=6;desc=""Cache misses"" | D1_layout;dur=57.0;desc=""D1:layout"", D1_posts;dur=125.0;desc=""D1:posts"", D1_all-tags;dur=19.0;desc=""D1:all-tags"", total;dur=144.0;desc=""total"" | cfEdge;dur=220,cfOrigin;dur=0"
2026-10-06T07:21:13Z,astro6,browser,/posts/,200,MISS,remote-WAW,HAM,539.0,818.2,954.2,279.2,37276,9.0,242.0,0.0,142.0,142.0,4.0,6.0,"rt;dur=0;desc=""Runtime init"", render;dur=142;desc=""Page render"", mw;dur=142;desc=""Total middleware"", db.total;dur=242;desc=""DB total"", db.count;dur=9;desc=""Query count"", db.first;dur=0;desc=""First query at"", db.last;dur=142;desc=""Last query at"", cache.hit;dur=4;desc=""Cache hits"", cache.miss;dur=6;desc=""Cache misses"" | D1_layout;dur=73.0;desc=""D1:layout"", D1_posts;dur=118.0;desc=""D1:posts"", D1_all-tags;dur=24.0;desc=""D1:all-tags"", total;dur=142.0;desc=""total"" | cfEdge;dur=227,cfOrigin;dur=0"
2026-10-06T07:21:13Z,astro6,curl,/,200,MISS,remote-WAW,HAM,96.4,395.7,401.6,299.3,29766,9.0,318.0,0.0,189.0,189.0,4.0,6.0,"rt;dur=0;desc=""Runtime init"", render;dur=189;desc=""Page render"", mw;dur=189;desc=""Total middleware"", db.total;dur=318;desc=""DB total"", db.count;dur=9;desc=""Query count"", db.first;dur=0;desc=""First query at"", db.last;dur=189;desc=""Last query at"", cache.hit;dur=4;desc=""Cache hits"", cache.miss;dur=6;desc=""Cache misses"" | D1_layout;dur=88.0;desc=""D1:layout"", D1_posts;dur=161.0;desc=""D1:posts"", D1_all-tags;dur=28.0;desc=""D1:all-tags"", total;dur=189.0;desc=""total"""
2026-10-06T07:21:14Z,astro6,curl,/posts/,200,MISS,remote-WAW,HAM,190.9,490.2,491.6,299.3,36897,9.0,225.0,0.0,134.0,134.0,4.0,6.0,"rt;dur=0;desc=""Runtime init"", render;dur=134;desc=""Page render"", mw;dur=134;desc=""Total middleware"", db.total;dur=225;desc=""DB total"", db.count;dur=9;desc=""Query count"", db.first;dur=0;desc=""First query at"", db.last;dur=134;desc=""Last query at"", cache.hit;dur=4;desc=""Cache hits"", cache.miss;dur=6;desc=""Cache misses"" | D1_layout;dur=71.0;desc=""D1:layout"", D1_posts;dur=115.0;desc=""D1:posts"", D1_all-tags;dur=19.0;desc=""D1:all-tags"", total;dur=134.0;desc=""total"""
2026-10-06T07:21:15Z,astro6,browser,/category/technologia,200,MISS,remote-WAW,HAM,222.8,522.2,525.8,299.4,28497,12.0,365.0,0.0,136.0,136.0,4.0,6.0,"rt;dur=0;desc=""Runtime init"", render;dur=136;desc=""Page render"", mw;dur=136;desc=""Total middleware"", db.total;dur=365;desc=""DB total"", db.count;dur=12;desc=""Query count"", db.first;dur=0;desc=""First query at"", db.last;dur=136;desc=""Last query at"", cache.hit;dur=4;desc=""Cache hits"", cache.miss;dur=6;desc=""Cache misses"" | D1_layout;dur=81.0;desc=""D1:layout"", D1_term+posts;dur=136.0;desc=""D1:term+posts"", total;dur=136.0;desc=""total"" | cfEdge;dur=222,cfOrigin;dur=0"
2026-10-06T07:21:16Z,astro6,browser,/,200,MISS,remote-WAW,HAM,544.0,996.3,996.7,452.3,30122,10.0,382.0,0.0,208.0,208.0,4.0,6.0,"rt;dur=0;desc=""Runtime init"", render;dur=208;desc=""Page render"", mw;dur=208;desc=""Total middleware"", db.total;dur=382;desc=""DB total"", db.count;dur=10;desc=""Query count"", db.first;dur=0;desc=""First query at"", db.last;dur=208;desc=""Last query at"", cache.hit;dur=4;desc=""Cache hits"", cache.miss;dur=6;desc=""Cache misses"" | D1_layout;dur=107.0;desc=""D1:layout"", D1_posts;dur=173.0;desc=""D1:posts"", D1_all-tags;dur=35.0;desc=""D1:all-tags"", total;dur=208.0;desc=""total"" | cfEdge;dur=278,cfOrigin;dur=0"
2026-10-06T07:21:17Z,astro6,browser,/posts/,200,MISS,remote-WAW,HAM,306.7,1000.9,1002.8,694.2,37280,9.0,467.0,0.0,360.0,360.0,4.0,6.0,"rt;dur=0;desc=""Runtime init"", render;dur=360;desc=""Page render"", mw;dur=360;desc=""Total middleware"", db.total;dur=467;desc=""DB total"", db.count;dur=9;desc=""Query count"", db.first;dur=0;desc=""First query at"", db.last;dur=360;desc=""Last query at"", cache.hit;dur=4;desc=""Cache hits"", cache.miss;dur=6;desc=""Cache misses"" | D1_layout;dur=75.0;desc=""D1:layout"", D1_posts;dur=340.0;desc=""D1:posts"", D1_all-tags;dur=20.0;desc=""D1:all-tags"", total;dur=360.0;desc=""total"" | cfEdge;dur=452,cfOrigin;dur=0"
2026-10-06T07:21:18Z,astro6,curl,/posts/architektura-emdash-typescript-astro,200,MISS,remote-WAW,HAM,209.4,635.7,637.4,426.3,33128,13.0,446.0,0.0,184.0,184.0,10.0,7.0,"rt;dur=0;desc=""Runtime init"", render;dur=184;desc=""Page render"", mw;dur=184;desc=""Total middleware"", db.total;dur=446;desc=""DB total"", db.count;dur=13;desc=""Query count"", db.first;dur=0;desc=""First query at"", db.last;dur=184;desc=""Last query at"", cache.hit;dur=10;desc=""Cache hits"", cache.miss;dur=7;desc=""Cache misses"" | D1_layout;dur=100.0;desc=""D1:layout"", D1_entry+recent;dur=157.0;desc=""D1:entry+recent"", D1_tags;dur=27.0;desc=""D1:tags"", total;dur=184.0;desc=""total"""
2026-10-06T07:21:19Z,astro6,curl,/,200,MISS,remote-WAW,HAM,301.5,640.4,641.3,338.9,29758,9.0,294.0,0.0,172.0,172.0,4.0,6.0,"rt;dur=0;desc=""Runtime init"", render;dur=172;desc=""Page render"", mw;dur=172;desc=""Total middleware"", db.total;dur=294;desc=""DB total"", db.count;dur=9;desc=""Query count"", db.first;dur=0;desc=""First query at"", db.last;dur=172;desc=""Last query at"", cache.hit;dur=4;desc=""Cache hits"", cache.miss;dur=6;desc=""Cache misses"" | D1_layout;dur=94.0;desc=""D1:layout"", D1_posts;dur=145.0;desc=""D1:posts"", D1_all-tags;dur=27.0;desc=""D1:all-tags"", total;dur=172.0;desc=""total"""
2026-10-06T07:21:20Z,astro6,browser,/category/technologia,200,MISS,remote-WAW,HAM,314.1,586.0,592.3,271.9,28497,11.0,262.0,0.0,128.0,128.0,4.0,6.0,"rt;dur=0;desc=""Runtime init"", render;dur=128;desc=""Page render"", mw;dur=128;desc=""Total middleware"", db.total;dur=262;desc=""DB total"", db.count;dur=11;desc=""Query count"", db.first;dur=0;desc=""First query at"", db.last;dur=128;desc=""Last query at"", cache.hit;dur=4;desc=""Cache hits"", cache.miss;dur=6;desc=""Cache misses"" | D1_layout;dur=55.0;desc=""D1:layout"", D1_term+posts;dur=128.0;desc=""D1:term+posts"", total;dur=128.0;desc=""total"" | cfEdge;dur=226,cfOrigin;dur=0"
2026-10-06T07:21:20Z,astro6,curl,/category/technologia,200,MISS,remote-WAW,HAM,101.5,387.3,393.3,285.8,28130,11.0,250.0,0.0,125.0,125.0,4.0,6.0,"rt;dur=0;desc=""Runtime init"", render;dur=125;desc=""Page render"", mw;dur=125;desc=""Total middleware"", db.total;dur=250;desc=""DB total"", db.count;dur=11;desc=""Query count"", db.first;dur=0;desc=""First query at"", db.last;dur=125;desc=""Last query at"", cache.hit;dur=4;desc=""Cache hits"", cache.miss;dur=6;desc=""Cache misses"" | D1_layout;dur=68.0;desc=""D1:layout"", D1_term+posts;dur=125.0;desc=""D1:term+posts"", total;dur=125.0;desc=""total"""
2026-10-06T07:21:21Z,astro6,browser,/posts/architektura-emdash-typescript-astro,200,MISS,remote-WAW,HAM,102.5,432.3,494.7,329.8,33491,13.0,443.0,0.0,184.0,184.0,10.0,7.0,"rt;dur=0;desc=""Runtime init"", render;dur=184;desc=""Page render"", mw;dur=184;desc=""Total middleware"", db.total;dur=443;desc=""DB total"", db.count;dur=13;desc=""Query count"", db.first;dur=0;desc=""First query at"", db.last;dur=184;desc=""Last query at"", cache.hit;dur=10;desc=""Cache hits"", cache.miss;dur=7;desc=""Cache misses"" | D1_layout;dur=103.0;desc=""D1:layout"", D1_entry+recent;dur=157.0;desc=""D1:entry+recent"", D1_tags;dur=27.0;desc=""D1:tags"", total;dur=184.0;desc=""total"" | cfEdge;dur=263,cfOrigin;dur=0"
2026-10-06T07:21:22Z,astro6,curl,/posts/,200,MISS,remote-WAW,HAM,92.1,385.9,394.9,293.8,36909,9.0,297.0,0.0,180.0,180.0,4.0,6.0,"rt;dur=0;desc=""Runtime init"", render;dur=180;desc=""Page render"", mw;dur=180;desc=""Total middleware"", db.total;dur=297;desc=""DB total"", db.count;dur=9;desc=""Query count"", db.first;dur=0;desc=""First query at"", db.last;dur=180;desc=""Last query at"", cache.hit;dur=4;desc=""Cache hits"", cache.miss;dur=6;desc=""Cache misses"" | D1_layout;dur=87.0;desc=""D1:layout"", D1_posts;dur=151.0;desc=""D1:posts"", D1_all-tags;dur=29.0;desc=""D1:all-tags"", total;dur=180.0;desc=""total"""
2026-10-06T07:21:23Z,astro6,browser,/posts/architektura-emdash-typescript-astro,200,MISS,remote-WAW,HAM,160.0,463.9,524.4,303.9,33494,13.0,403.0,0.0,173.0,173.0,10.0,7.0,"rt;dur=0;desc=""Runtime init"", render;dur=173;desc=""Page render"", mw;dur=173;desc=""Total middleware"", db.total;dur=403;desc=""DB total"", db.count;dur=13;desc=""Query count"", db.first;dur=0;desc=""First query at"", db.last;dur=173;desc=""Last query at"", cache.hit;dur=10;desc=""Cache hits"", cache.miss;dur=7;desc=""Cache misses"" | D1_layout;dur=96.0;desc=""D1:layout"", D1_entry+recent;dur=149.0;desc=""D1:entry+recent"", D1_tags;dur=24.0;desc=""D1:tags"", total;dur=173.0;desc=""total"" | cfEdge;dur=247,cfOrigin;dur=0"
2026-10-06T07:21:23Z,astro6,browser,/category/technologia,200,MISS,remote-WAW,HAM,128.4,446.4,447.1,318.0,28493,11.0,335.0,0.0,150.0,150.0,4.0,6.0,"rt;dur=0;desc=""Runtime init"", render;dur=150;desc=""Page render"", mw;dur=150;desc=""Total middleware"", db.total;dur=335;desc=""DB total"", db.count;dur=11;desc=""Query count"", db.first;dur=0;desc=""First query at"", db.last;dur=150;desc=""Last query at"", cache.hit;dur=4;desc=""Cache hits"", cache.miss;dur=6;desc=""Cache misses"" | D1_layout;dur=93.0;desc=""D1:layout"", D1_term+posts;dur=150.0;desc=""D1:term+posts"", total;dur=150.0;desc=""total"" | cfEdge;dur=216,cfOrigin;dur=0"
2026-10-06T07:21:24Z,astro6,curl,/posts/architektura-emdash-typescript-astro,200,MISS,remote-WAW,HAM,91.8,368.3,497.0,276.5,33135,13.0,333.0,0.0,143.0,143.0,10.0,7.0,"rt;dur=0;desc=""Runtime init"", render;dur=143;desc=""Page render"", mw;dur=143;desc=""Total middleware"", db.total;dur=333;desc=""DB total"", db.count;dur=13;desc=""Query count"", db.first;dur=0;desc=""First query at"", db.last;dur=143;desc=""Last query at"", cache.hit;dur=10;desc=""Cache hits"", cache.miss;dur=7;desc=""Cache misses"" | D1_layout;dur=66.0;desc=""D1:layout"", D1_entry+recent;dur=111.0;desc=""D1:entry+recent"", D1_tags;dur=32.0;desc=""D1:tags"", total;dur=143.0;desc=""total"""
2026-10-06T07:21:25Z,astro6,curl,/category/technologia,200,MISS,remote-WAW,HAM,168.6,434.1,446.2,265.5,28130,11.0,338.0,0.0,133.0,133.0,4.0,6.0,"rt;dur=0;desc=""Runtime init"", render;dur=133;desc=""Page render"", mw;dur=133;desc=""Total middleware"", db.total;dur=338;desc=""DB total"", db.count;dur=11;desc=""Query count"", db.first;dur=0;desc=""First query at"", db.last;dur=133;desc=""Last query at"", cache.hit;dur=4;desc=""Cache hits"", cache.miss;dur=6;desc=""Cache misses"" | D1_layout;dur=93.0;desc=""D1:layout"", D1_term+posts;dur=133.0;desc=""D1:term+posts"", total;dur=133.0;desc=""total"""
2026-10-06T07:21:25Z,astro6,browser,/posts/,200,MISS,remote-WAW,HAM,112.2,486.4,487.7,374.2,37276,9.0,330.0,0.0,235.0,235.0,4.0,6.0,"rt;dur=0;desc=""Runtime init"", render;dur=235;desc=""Page render"", mw;dur=235;desc=""Total middleware"", db.total;dur=330;desc=""DB total"", db.count;dur=9;desc=""Query count"", db.first;dur=0;desc=""First query at"", db.last;dur=235;desc=""Last query at"", cache.hit;dur=4;desc=""Cache hits"", cache.miss;dur=6;desc=""Cache misses"" | D1_layout;dur=69.0;desc=""D1:layout"", D1_posts;dur=209.0;desc=""D1:posts"", D1_all-tags;dur=26.0;desc=""D1:all-tags"", total;dur=235.0;desc=""total"" | cfEdge;dur=319,cfOrigin;dur=0"
2026-10-06T07:21:26Z,astro6,browser,/,200,MISS,remote-WAW,HAM,84.4,359.1,365.4,274.7,30125,9.0,242.0,0.0,140.0,140.0,4.0,6.0,"rt;dur=0;desc=""Runtime init"", render;dur=140;desc=""Page render"", mw;dur=140;desc=""Total middleware"", db.total;dur=242;desc=""DB total"", db.count;dur=9;desc=""Query count"", db.first;dur=0;desc=""First query at"", db.last;dur=140;desc=""Last query at"", cache.hit;dur=4;desc=""Cache hits"", cache.miss;dur=6;desc=""Cache misses"" | D1_layout;dur=72.0;desc=""D1:layout"", D1_posts;dur=117.0;desc=""D1:posts"", D1_all-tags;dur=23.0;desc=""D1:all-tags"", total;dur=140.0;desc=""total"" | cfEdge;dur=217,cfOrigin;dur=0"
2026-10-06T07:21:26Z,astro6,curl,/posts/,200,MISS,remote-WAW,HAM,90.9,362.6,370.0,271.7,36917,9.0,245.0,0.0,143.0,143.0,4.0,6.0,"rt;dur=0;desc=""Runtime init"", render;dur=143;desc=""Page render"", mw;dur=143;desc=""Total middleware"", db.total;dur=245;desc=""DB total"", db.count;dur=9;desc=""Query count"", db.first;dur=0;desc=""First query at"", db.last;dur=143;desc=""Last query at"", cache.hit;dur=4;desc=""Cache hits"", cache.miss;dur=6;desc=""Cache misses"" | D1_layout;dur=75.0;desc=""D1:layout"", D1_posts;dur=117.0;desc=""D1:posts"", D1_all-tags;dur=26.0;desc=""D1:all-tags"", total;dur=143.0;desc=""total"""
2026-10-06T07:21:27Z,astro6,curl,/,200,MISS,remote-WAW,HAM,161.8,431.4,436.6,269.6,29754,9.0,219.0,0.0,136.0,136.0,4.0,6.0,"rt;dur=0;desc=""Runtime init"", render;dur=136;desc=""Page render"", mw;dur=136;desc=""Total middleware"", db.total;dur=219;desc=""DB total"", db.count;dur=9;desc=""Query count"", db.first;dur=0;desc=""First query at"", db.last;dur=136;desc=""Last query at"", cache.hit;dur=4;desc=""Cache hits"", cache.miss;dur=6;desc=""Cache misses"" | D1_layout;dur=74.0;desc=""D1:layout"", D1_posts;dur=112.0;desc=""D1:posts"", D1_all-tags;dur=24.0;desc=""D1:all-tags"", total;dur=136.0;desc=""total"""
2026-10-06T07:21:28Z,astro6,curl,/posts/,200,MISS,remote-WAW,HAM,100.9,386.7,393.3,285.8,36905,10.0,297.0,0.0,161.0,161.0,4.0,6.0,"rt;dur=0;desc=""Runtime init"", render;dur=161;desc=""Page render"", mw;dur=161;desc=""Total middleware"", db.total;dur=297;desc=""DB total"", db.count;dur=10;desc=""Query count"", db.first;dur=0;desc=""First query at"", db.last;dur=161;desc=""Last query at"", cache.hit;dur=4;desc=""Cache hits"", cache.miss;dur=6;desc=""Cache misses"" | D1_layout;dur=84.0;desc=""D1:layout"", D1_posts;dur=135.0;desc=""D1:posts"", D1_all-tags;dur=26.0;desc=""D1:all-tags"", total;dur=161.0;desc=""total"""
2026-10-06T07:21:28Z,astro6,browser,/category/technologia,200,MISS,remote-WAW,HAM,98.6,445.7,447.1,347.1,28493,11.0,332.0,0.0,146.0,146.0,4.0,6.0,"rt;dur=0;desc=""Runtime init"", render;dur=146;desc=""Page render"", mw;dur=146;desc=""Total middleware"", db.total;dur=332;desc=""DB total"", db.count;dur=11;desc=""Query count"", db.first;dur=0;desc=""First query at"", db.last;dur=146;desc=""Last query at"", cache.hit;dur=4;desc=""Cache hits"", cache.miss;dur=6;desc=""Cache misses"" | D1_layout;dur=84.0;desc=""D1:layout"", D1_term+posts;dur=146.0;desc=""D1:term+posts"", total;dur=146.0;desc=""total"" | cfEdge;dur=218,cfOrigin;dur=0"
2026-10-06T07:21:29Z,astro6,browser,/posts/,200,MISS,remote-WAW,HAM,101.5,409.8,422.2,308.3,37268,9.0,287.0,0.0,174.0,174.0,4.0,6.0,"rt;dur=0;desc=""Runtime init"", render;dur=174;desc=""Page render"", mw;dur=174;desc=""Total middleware"", db.total;dur=287;desc=""DB total"", db.count;dur=9;desc=""Query count"", db.first;dur=0;desc=""First query at"", db.last;dur=174;desc=""Last query at"", cache.hit;dur=4;desc=""Cache hits"", cache.miss;dur=6;desc=""Cache misses"" | D1_layout;dur=91.0;desc=""D1:layout"", D1_posts;dur=142.0;desc=""D1:posts"", D1_all-tags;dur=32.0;desc=""D1:all-tags"", total;dur=174.0;desc=""total"" | cfEdge;dur=254,cfOrigin;dur=0"
2026-10-06T07:21:30Z,astro6,curl,/posts/architektura-emdash-typescript-astro,200,MISS,remote-WAW,HAM,177.4,479.8,527.2,302.4,33123,13.0,378.0,0.0,162.0,162.0,10.0,7.0,"rt;dur=0;desc=""Runtime init"", render;dur=162;desc=""Page render"", mw;dur=162;desc=""Total middleware"", db.total;dur=378;desc=""DB total"", db.count;dur=13;desc=""Query count"", db.first;dur=0;desc=""First query at"", db.last;dur=162;desc=""Last query at"", cache.hit;dur=10;desc=""Cache hits"", cache.miss;dur=7;desc=""Cache misses"" | D1_layout;dur=77.0;desc=""D1:layout"", D1_entry+recent;dur=141.0;desc=""D1:entry+recent"", D1_tags;dur=21.0;desc=""D1:tags"", total;dur=162.0;desc=""total"""
2026-10-06T07:21:31Z,astro6,browser,/,200,MISS,remote-WAW,HAM,121.6,476.6,479.0,355.0,30133,9.0,212.0,0.0,127.0,127.0,4.0,6.0,"rt;dur=0;desc=""Runtime init"", render;dur=127;desc=""Page render"", mw;dur=127;desc=""Total middleware"", db.total;dur=212;desc=""DB total"", db.count;dur=9;desc=""Query count"", db.first;dur=0;desc=""First query at"", db.last;dur=127;desc=""Last query at"", cache.hit;dur=4;desc=""Cache hits"", cache.miss;dur=6;desc=""Cache misses"" | D1_layout;dur=58.0;desc=""D1:layout"", D1_posts;dur=102.0;desc=""D1:posts"", D1_all-tags;dur=25.0;desc=""D1:all-tags"", total;dur=127.0;desc=""total"" | cfEdge;dur=208,cfOrigin;dur=0"
2026-10-06T07:21:31Z,astro6,curl,/category/technologia,200,MISS,remote-WAW,HAM,140.2,476.2,482.3,336.0,28126,11.0,306.0,0.0,143.0,143.0,4.0,6.0,"rt;dur=0;desc=""Runtime init"", render;dur=143;desc=""Page render"", mw;dur=143;desc=""Total middleware"", db.total;dur=306;desc=""DB total"", db.count;dur=11;desc=""Query count"", db.first;dur=0;desc=""First query at"", db.last;dur=143;desc=""Last query at"", cache.hit;dur=4;desc=""Cache hits"", cache.miss;dur=6;desc=""Cache misses"" | D1_layout;dur=75.0;desc=""D1:layout"", D1_term+posts;dur=143.0;desc=""D1:term+posts"", total;dur=143.0;desc=""total"""
2026-10-06T07:21:32Z,astro6,curl,/,200,MISS,remote-WAW,HAM,516.5,807.1,822.3,290.6,29762,9.0,216.0,0.0,127.0,127.0,4.0,6.0,"rt;dur=0;desc=""Runtime init"", render;dur=127;desc=""Page render"", mw;dur=127;desc=""Total middleware"", db.total;dur=216;desc=""DB total"", db.count;dur=9;desc=""Query count"", db.first;dur=0;desc=""First query at"", db.last;dur=127;desc=""Last query at"", cache.hit;dur=4;desc=""Cache hits"", cache.miss;dur=6;desc=""Cache misses"" | D1_layout;dur=59.0;desc=""D1:layout"", D1_posts;dur=106.0;desc=""D1:posts"", D1_all-tags;dur=21.0;desc=""D1:all-tags"", total;dur=127.0;desc=""total"""
2026-10-06T07:21:33Z,astro6,browser,/posts/architektura-emdash-typescript-astro,200,MISS,remote-WAW,HAM,285.5,642.6,643.9,357.1,33510,13.0,332.0,0.0,140.0,140.0,10.0,7.0,"rt;dur=0;desc=""Runtime init"", render;dur=140;desc=""Page render"", mw;dur=140;desc=""Total middleware"", db.total;dur=332;desc=""DB total"", db.count;dur=13;desc=""Query count"", db.first;dur=0;desc=""First query at"", db.last;dur=140;desc=""Last query at"", cache.hit;dur=10;desc=""Cache hits"", cache.miss;dur=7;desc=""Cache misses"" | D1_layout;dur=71.0;desc=""D1:layout"", D1_entry+recent;dur=115.0;desc=""D1:entry+recent"", D1_tags;dur=25.0;desc=""D1:tags"", total;dur=140.0;desc=""total"" | cfEdge;dur=229,cfOrigin;dur=0"
2026-10-06T07:21:34Z,astro6,browser,/posts/,200,MISS,remote-WAW,HAM,114.8,465.4,468.0,350.6,37272,9.0,256.0,0.0,160.0,160.0,4.0,6.0,"rt;dur=0;desc=""Runtime init"", render;dur=160;desc=""Page render"", mw;dur=160;desc=""Total middleware"", db.total;dur=256;desc=""DB total"", db.count;dur=9;desc=""Query count"", db.first;dur=0;desc=""First query at"", db.last;dur=160;desc=""Last query at"", cache.hit;dur=4;desc=""Cache hits"", cache.miss;dur=6;desc=""Cache misses"" | D1_layout;dur=76.0;desc=""D1:layout"", D1_posts;dur=134.0;desc=""D1:posts"", D1_all-tags;dur=26.0;desc=""D1:all-tags"", total;dur=160.0;desc=""total"" | cfEdge;dur=226,cfOrigin;dur=0"
2026-10-06T07:21:35Z,astro6,curl,/category/technologia,200,MISS,remote-WAW,HAM,284.2,627.9,632.8,343.7,28138,11.0,299.0,0.0,139.0,139.0,4.0,6.0,"rt;dur=0;desc=""Runtime init"", render;dur=139;desc=""Page render"", mw;dur=139;desc=""Total middleware"", db.total;dur=299;desc=""DB total"", db.count;dur=11;desc=""Query count"", db.first;dur=0;desc=""First query at"", db.last;dur=139;desc=""Last query at"", cache.hit;dur=4;desc=""Cache hits"", cache.miss;dur=6;desc=""Cache misses"" | D1_layout;dur=89.0;desc=""D1:layout"", D1_term+posts;dur=139.0;desc=""D1:term+posts"", total;dur=139.0;desc=""total"""
2026-10-06T07:21:36Z,astro6,curl,/posts/,200,MISS,remote-WAW,HAM,294.8,569.7,578.9,274.9,36905,9.0,215.0,0.0,126.0,126.0,4.0,6.0,"rt;dur=0;desc=""Runtime init"", render;dur=126;desc=""Page render"", mw;dur=126;desc=""Total middleware"", db.total;dur=215;desc=""DB total"", db.count;dur=9;desc=""Query count"", db.first;dur=0;desc=""First query at"", db.last;dur=126;desc=""Last query at"", cache.hit;dur=4;desc=""Cache hits"", cache.miss;dur=6;desc=""Cache misses"" | D1_layout;dur=69.0;desc=""D1:layout"", D1_posts;dur=102.0;desc=""D1:posts"", D1_all-tags;dur=24.0;desc=""D1:all-tags"", total;dur=126.0;desc=""total"""
2026-10-06T07:21:36Z,astro6,curl,/,200,MISS,remote-WAW,HAM,392.7,691.8,697.5,299.1,29758,9.0,268.0,0.0,157.0,157.0,4.0,6.0,"rt;dur=0;desc=""Runtime init"", render;dur=157;desc=""Page render"", mw;dur=157;desc=""Total middleware"", db.total;dur=268;desc=""DB total"", db.count;dur=9;desc=""Query count"", db.first;dur=0;desc=""First query at"", db.last;dur=157;desc=""Last query at"", cache.hit;dur=4;desc=""Cache hits"", cache.miss;dur=6;desc=""Cache misses"" | D1_layout;dur=94.0;desc=""D1:layout"", D1_posts;dur=138.0;desc=""D1:posts"", D1_all-tags;dur=19.0;desc=""D1:all-tags"", total;dur=157.0;desc=""total"""
2026-10-06T07:21:37Z,astro6,browser,/posts/architektura-emdash-typescript-astro,200,MISS,remote-WAW,HAM,153.3,454.2,516.7,300.9,33490,13.0,328.0,0.0,142.0,142.0,10.0,7.0,"rt;dur=0;desc=""Runtime init"", render;dur=142;desc=""Page render"", mw;dur=142;desc=""Total middleware"", db.total;dur=328;desc=""DB total"", db.count;dur=13;desc=""Query count"", db.first;dur=0;desc=""First query at"", db.last;dur=142;desc=""Last query at"", cache.hit;dur=10;desc=""Cache hits"", cache.miss;dur=7;desc=""Cache misses"" | D1_layout;dur=77.0;desc=""D1:layout"", D1_entry+recent;dur=120.0;desc=""D1:entry+recent"", D1_tags;dur=22.0;desc=""D1:tags"", total;dur=142.0;desc=""total"" | cfEdge;dur=242,cfOrigin;dur=0"
2026-10-06T07:21:38Z,astro6,curl,/posts/architektura-emdash-typescript-astro,200,MISS,remote-WAW,HAM,92.9,438.2,440.3,345.3,33123,13.0,309.0,0.0,128.0,128.0,10.0,7.0,"rt;dur=0;desc=""Runtime init"", render;dur=128;desc=""Page render"", mw;dur=128;desc=""Total middleware"", db.total;dur=309;desc=""DB total"", db.count;dur=13;desc=""Query count"", db.first;dur=0;desc=""First query at"", db.last;dur=128;desc=""Last query at"", cache.hit;dur=10;desc=""Cache hits"", cache.miss;dur=7;desc=""Cache misses"" | D1_layout;dur=60.0;desc=""D1:layout"", D1_entry+recent;dur=104.0;desc=""D1:entry+recent"", D1_tags;dur=24.0;desc=""D1:tags"", total;dur=128.0;desc=""total"""
2026-10-06T07:21:38Z,astro6,browser,/,200,MISS,remote-WAW,HAM,89.1,346.0,351.3,256.9,30125,9.0,197.0,0.0,122.0,122.0,4.0,6.0,"rt;dur=0;desc=""Runtime init"", render;dur=122;desc=""Page render"", mw;dur=122;desc=""Total middleware"", db.total;dur=197;desc=""DB total"", db.count;dur=9;desc=""Query count"", db.first;dur=0;desc=""First query at"", db.last;dur=122;desc=""Last query at"", cache.hit;dur=4;desc=""Cache hits"", cache.miss;dur=6;desc=""Cache misses"" | D1_layout;dur=65.0;desc=""D1:layout"", D1_posts;dur=103.0;desc=""D1:posts"", D1_all-tags;dur=19.0;desc=""D1:all-tags"", total;dur=122.0;desc=""total"" | cfEdge;dur=209,cfOrigin;dur=0"
2026-10-06T07:21:39Z,astro6,browser,/category/technologia,200,MISS,remote-WAW,HAM,129.1,424.1,440.1,295.0,28490,11.0,397.0,0.0,185.0,185.0,4.0,6.0,"rt;dur=0;desc=""Runtime init"", render;dur=185;desc=""Page render"", mw;dur=185;desc=""Total middleware"", db.total;dur=397;desc=""DB total"", db.count;dur=11;desc=""Query count"", db.first;dur=0;desc=""First query at"", db.last;dur=185;desc=""Last query at"", cache.hit;dur=4;desc=""Cache hits"", cache.miss;dur=6;desc=""Cache misses"" | D1_layout;dur=109.0;desc=""D1:layout"", D1_term+posts;dur=185.0;desc=""D1:term+posts"", total;dur=185.0;desc=""total"" | cfEdge;dur=251,cfOrigin;dur=0"
2026-10-06T07:21:40Z,astro6,curl,/,200,MISS,remote-WAW,HAM,223.6,488.3,509.7,264.7,29766,9.0,234.0,0.0,140.0,140.0,4.0,6.0,"rt;dur=0;desc=""Runtime init"", render;dur=140;desc=""Page render"", mw;dur=140;desc=""Total middleware"", db.total;dur=234;desc=""DB total"", db.count;dur=9;desc=""Query count"", db.first;dur=0;desc=""First query at"", db.last;dur=140;desc=""Last query at"", cache.hit;dur=4;desc=""Cache hits"", cache.miss;dur=6;desc=""Cache misses"" | D1_layout;dur=76.0;desc=""D1:layout"", D1_posts;dur=122.0;desc=""D1:posts"", D1_all-tags;dur=18.0;desc=""D1:all-tags"", total;dur=140.0;desc=""total"""
2026-10-06T07:21:41Z,astro6,browser,/category/technologia,200,MISS,remote-WAW,HAM,102.1,417.2,418.3,315.1,28489,11.0,281.0,0.0,120.0,120.0,4.0,6.0,"rt;dur=0;desc=""Runtime init"", render;dur=120;desc=""Page render"", mw;dur=120;desc=""Total middleware"", db.total;dur=281;desc=""DB total"", db.count;dur=11;desc=""Query count"", db.first;dur=0;desc=""First query at"", db.last;dur=120;desc=""Last query at"", cache.hit;dur=4;desc=""Cache hits"", cache.miss;dur=6;desc=""Cache misses"" | D1_layout;dur=77.0;desc=""D1:layout"", D1_term+posts;dur=120.0;desc=""D1:term+posts"", total;dur=120.0;desc=""total"" | cfEdge;dur=213,cfOrigin;dur=0"
2026-10-06T07:21:41Z,astro6,curl,/category/technologia,200,MISS,remote-WAW,HAM,123.7,361.2,367.9,237.5,28122,11.0,254.0,0.0,114.0,114.0,4.0,6.0,"rt;dur=0;desc=""Runtime init"", render;dur=114;desc=""Page render"", mw;dur=114;desc=""Total middleware"", db.total;dur=254;desc=""DB total"", db.count;dur=11;desc=""Query count"", db.first;dur=0;desc=""First query at"", db.last;dur=114;desc=""Last query at"", cache.hit;dur=4;desc=""Cache hits"", cache.miss;dur=6;desc=""Cache misses"" | D1_layout;dur=71.0;desc=""D1:layout"", D1_term+posts;dur=114.0;desc=""D1:term+posts"", total;dur=114.0;desc=""total"""
2026-10-06T07:21:42Z,astro6,curl,/posts/,200,MISS,remote-WAW,HAM,112.3,398.6,403.6,286.3,36909,9.0,224.0,0.0,147.0,147.0,4.0,6.0,"rt;dur=0;desc=""Runtime init"", render;dur=147;desc=""Page render"", mw;dur=147;desc=""Total middleware"", db.total;dur=224;desc=""DB total"", db.count;dur=9;desc=""Query count"", db.first;dur=0;desc=""First query at"", db.last;dur=147;desc=""Last query at"", cache.hit;dur=4;desc=""Cache hits"", cache.miss;dur=6;desc=""Cache misses"" | D1_layout;dur=50.0;desc=""D1:layout"", D1_posts;dur=127.0;desc=""D1:posts"", D1_all-tags;dur=20.0;desc=""D1:all-tags"", total;dur=147.0;desc=""total"""
2026-10-06T07:21:42Z,astro6,browser,/,200,MISS,remote-WAW,HAM,188.5,475.6,489.7,287.1,30125,9.0,235.0,0.0,141.0,141.0,4.0,6.0,"rt;dur=0;desc=""Runtime init"", render;dur=141;desc=""Page render"", mw;dur=141;desc=""Total middleware"", db.total;dur=235;desc=""DB total"", db.count;dur=9;desc=""Query count"", db.first;dur=0;desc=""First query at"", db.last;dur=141;desc=""Last query at"", cache.hit;dur=4;desc=""Cache hits"", cache.miss;dur=6;desc=""Cache misses"" | D1_layout;dur=74.0;desc=""D1:layout"", D1_posts;dur=121.0;desc=""D1:posts"", D1_all-tags;dur=20.0;desc=""D1:all-tags"", total;dur=141.0;desc=""total"" | cfEdge;dur=221,cfOrigin;dur=0"
2026-10-06T07:21:43Z,astro6,curl,/posts/architektura-emdash-typescript-astro,200,MISS,remote-WAW,HAM,102.4,443.9,536.1,341.5,33131,13.0,321.0,0.0,148.0,148.0,10.0,7.0,"rt;dur=0;desc=""Runtime init"", render;dur=148;desc=""Page render"", mw;dur=148;desc=""Total middleware"", db.total;dur=321;desc=""DB total"", db.count;dur=13;desc=""Query count"", db.first;dur=0;desc=""First query at"", db.last;dur=148;desc=""Last query at"", cache.hit;dur=10;desc=""Cache hits"", cache.miss;dur=7;desc=""Cache misses"" | D1_layout;dur=64.0;desc=""D1:layout"", D1_entry+recent;dur=112.0;desc=""D1:entry+recent"", D1_tags;dur=36.0;desc=""D1:tags"", total;dur=148.0;desc=""total"""
2026-10-06T07:21:44Z,astro6,browser,/posts/architektura-emdash-typescript-astro,200,MISS,remote-WAW,HAM,96.6,346.0,471.5,249.4,33486,13.0,315.0,0.0,131.0,131.0,10.0,7.0,"rt;dur=0;desc=""Runtime init"", render;dur=131;desc=""Page render"", mw;dur=131;desc=""Total middleware"", db.total;dur=315;desc=""DB total"", db.count;dur=13;desc=""Query count"", db.first;dur=0;desc=""First query at"", db.last;dur=131;desc=""Last query at"", cache.hit;dur=10;desc=""Cache hits"", cache.miss;dur=7;desc=""Cache misses"" | D1_layout;dur=62.0;desc=""D1:layout"", D1_entry+recent;dur=108.0;desc=""D1:entry+recent"", D1_tags;dur=23.0;desc=""D1:tags"", total;dur=131.0;desc=""total"" | cfEdge;dur=206,cfOrigin;dur=0"
2026-10-06T07:21:45Z,astro6,browser,/posts/,200,MISS,remote-WAW,HAM,110.5,389.0,394.7,278.5,37264,9.0,244.0,0.0,144.0,144.0,4.0,6.0,"rt;dur=0;desc=""Runtime init"", render;dur=144;desc=""Page render"", mw;dur=144;desc=""Total middleware"", db.total;dur=244;desc=""DB total"", db.count;dur=9;desc=""Query count"", db.first;dur=0;desc=""First query at"", db.last;dur=144;desc=""Last query at"", cache.hit;dur=4;desc=""Cache hits"", cache.miss;dur=6;desc=""Cache misses"" | D1_layout;dur=75.0;desc=""D1:layout"", D1_posts;dur=121.0;desc=""D1:posts"", D1_all-tags;dur=23.0;desc=""D1:all-tags"", total;dur=144.0;desc=""total"" | cfEdge;dur=223,cfOrigin;dur=0"
2026-10-06T07:21:45Z,astro6,browser,/,200,MISS,remote-WAW,HAM,103.0,434.9,436.3,331.9,30133,9.0,238.0,0.0,151.0,151.0,4.0,6.0,"rt;dur=0;desc=""Runtime init"", render;dur=151;desc=""Page render"", mw;dur=151;desc=""Total middleware"", db.total;dur=238;desc=""DB total"", db.count;dur=9;desc=""Query count"", db.first;dur=0;desc=""First query at"", db.last;dur=151;desc=""Last query at"", cache.hit;dur=4;desc=""Cache hits"", cache.miss;dur=6;desc=""Cache misses"" | D1_layout;dur=74.0;desc=""D1:layout"", D1_posts;dur=127.0;desc=""D1:posts"", D1_all-tags;dur=24.0;desc=""D1:all-tags"", total;dur=151.0;desc=""total"" | cfEdge;dur=232,cfOrigin;dur=0"
2026-10-06T07:21:46Z,astro6,curl,/posts/architektura-emdash-typescript-astro,200,MISS,remote-WAW,HAM,108.8,403.8,472.6,295.0,33123,14.0,405.0,0.0,156.0,156.0,10.0,7.0,"rt;dur=0;desc=""Runtime init"", render;dur=156;desc=""Page render"", mw;dur=156;desc=""Total middleware"", db.total;dur=405;desc=""DB total"", db.count;dur=14;desc=""Query count"", db.first;dur=0;desc=""First query at"", db.last;dur=156;desc=""Last query at"", cache.hit;dur=10;desc=""Cache hits"", cache.miss;dur=7;desc=""Cache misses"" | D1_layout;dur=81.0;desc=""D1:layout"", D1_entry+recent;dur=125.0;desc=""D1:entry+recent"", D1_tags;dur=31.0;desc=""D1:tags"", total;dur=156.0;desc=""total"""
2026-10-06T07:21:47Z,astro6,browser,/category/technologia,200,MISS,remote-WAW,HAM,182.5,439.1,446.8,256.6,28497,11.0,282.0,0.0,119.0,119.0,4.0,6.0,"rt;dur=0;desc=""Runtime init"", render;dur=119;desc=""Page render"", mw;dur=119;desc=""Total middleware"", db.total;dur=282;desc=""DB total"", db.count;dur=11;desc=""Query count"", db.first;dur=0;desc=""First query at"", db.last;dur=119;desc=""Last query at"", cache.hit;dur=4;desc=""Cache hits"", cache.miss;dur=6;desc=""Cache misses"" | D1_layout;dur=75.0;desc=""D1:layout"", D1_term+posts;dur=119.0;desc=""D1:term+posts"", total;dur=119.0;desc=""total"" | cfEdge;dur=204,cfOrigin;dur=0"
2026-10-06T07:21:47Z,astro6,browser,/posts/architektura-emdash-typescript-astro,200,MISS,remote-WAW,HAM,104.8,469.8,486.8,365.0,33503,14.0,545.0,0.0,206.0,206.0,10.0,7.0,"rt;dur=0;desc=""Runtime init"", render;dur=206;desc=""Page render"", mw;dur=206;desc=""Total middleware"", db.total;dur=545;desc=""DB total"", db.count;dur=14;desc=""Query count"", db.first;dur=0;desc=""First query at"", db.last;dur=206;desc=""Last query at"", cache.hit;dur=10;desc=""Cache hits"", cache.miss;dur=7;desc=""Cache misses"" | D1_layout;dur=119.0;desc=""D1:layout"", D1_entry+recent;dur=176.0;desc=""D1:entry+recent"", D1_tags;dur=30.0;desc=""D1:tags"", total;dur=206.0;desc=""total"" | cfEdge;dur=270,cfOrigin;dur=0"
2026-10-06T07:21:48Z,astro6,curl,/,200,MISS,remote-WAW,HAM,258.1,541.3,550.2,283.2,29754,9.0,280.0,0.0,161.0,161.0,4.0,6.0,"rt;dur=0;desc=""Runtime init"", render;dur=161;desc=""Page render"", mw;dur=161;desc=""Total middleware"", db.total;dur=280;desc=""DB total"", db.count;dur=9;desc=""Query count"", db.first;dur=0;desc=""First query at"", db.last;dur=161;desc=""Last query at"", cache.hit;dur=4;desc=""Cache hits"", cache.miss;dur=6;desc=""Cache misses"" | D1_layout;dur=86.0;desc=""D1:layout"", D1_posts;dur=134.0;desc=""D1:posts"", D1_all-tags;dur=27.0;desc=""D1:all-tags"", total;dur=161.0;desc=""total"""
2026-10-06T07:21:49Z,astro6,browser,/posts/,200,MISS,remote-WAW,HAM,357.8,694.5,695.1,336.7,37264,9.0,291.0,0.0,173.0,173.0,4.0,6.0,"rt;dur=0;desc=""Runtime init"", render;dur=173;desc=""Page render"", mw;dur=173;desc=""Total middleware"", db.total;dur=291;desc=""DB total"", db.count;dur=9;desc=""Query count"", db.first;dur=0;desc=""First query at"", db.last;dur=173;desc=""Last query at"", cache.hit;dur=4;desc=""Cache hits"", cache.miss;dur=6;desc=""Cache misses"" | D1_layout;dur=93.0;desc=""D1:layout"", D1_posts;dur=141.0;desc=""D1:posts"", D1_all-tags;dur=32.0;desc=""D1:all-tags"", total;dur=173.0;desc=""total"" | cfEdge;dur=236,cfOrigin;dur=0"
2026-10-06T07:21:50Z,astro6,curl,/posts/,200,MISS,remote-WAW,HAM,472.4,820.9,863.3,348.5,36897,9.0,265.0,0.0,160.0,160.0,4.0,6.0,"rt;dur=0;desc=""Runtime init"", render;dur=160;desc=""Page render"", mw;dur=160;desc=""Total middleware"", db.total;dur=265;desc=""DB total"", db.count;dur=9;desc=""Query count"", db.first;dur=0;desc=""First query at"", db.last;dur=160;desc=""Last query at"", cache.hit;dur=4;desc=""Cache hits"", cache.miss;dur=6;desc=""Cache misses"" | D1_layout;dur=73.0;desc=""D1:layout"", D1_posts;dur=135.0;desc=""D1:posts"", D1_all-tags;dur=25.0;desc=""D1:all-tags"", total;dur=160.0;desc=""total"""
2026-10-06T07:21:51Z,astro6,curl,/category/technologia,200,MISS,remote-WAW,HAM,474.1,766.4,772.2,292.3,28119,11.0,351.0,0.0,156.0,156.0,4.0,6.0,"rt;dur=0;desc=""Runtime init"", render;dur=156;desc=""Page render"", mw;dur=156;desc=""Total middleware"", db.total;dur=351;desc=""DB total"", db.count;dur=11;desc=""Query count"", db.first;dur=0;desc=""First query at"", db.last;dur=156;desc=""Last query at"", cache.hit;dur=4;desc=""Cache hits"", cache.miss;dur=6;desc=""Cache misses"" | D1_layout;dur=100.0;desc=""D1:layout"", D1_term+posts;dur=156.0;desc=""D1:term+posts"", total;dur=156.0;desc=""total"""
2026-10-06T07:21:52Z,astro6,browser,/posts/,200,MISS,remote-WAW,HAM,294.0,633.7,634.7,339.7,37276,9.0,304.0,0.0,183.0,183.0,4.0,6.0,"rt;dur=0;desc=""Runtime init"", render;dur=183;desc=""Page render"", mw;dur=183;desc=""Total middleware"", db.total;dur=304;desc=""DB total"", db.count;dur=9;desc=""Query count"", db.first;dur=0;desc=""First query at"", db.last;dur=183;desc=""Last query at"", cache.hit;dur=4;desc=""Cache hits"", cache.miss;dur=6;desc=""Cache misses"" | D1_layout;dur=85.0;desc=""D1:layout"", D1_posts;dur=158.0;desc=""D1:posts"", D1_all-tags;dur=25.0;desc=""D1:all-tags"", total;dur=183.0;desc=""total"" | cfEdge;dur=243,cfOrigin;dur=0"
2026-10-06T07:21:53Z,astro6,curl,/,200,MISS,remote-WAW,HAM,117.0,461.2,463.5,344.2,29770,9.0,265.0,0.0,161.0,161.0,4.0,6.0,"rt;dur=0;desc=""Runtime init"", render;dur=161;desc=""Page render"", mw;dur=161;desc=""Total middleware"", db.total;dur=265;desc=""DB total"", db.count;dur=9;desc=""Query count"", db.first;dur=0;desc=""First query at"", db.last;dur=161;desc=""Last query at"", cache.hit;dur=4;desc=""Cache hits"", cache.miss;dur=6;desc=""Cache misses"" | D1_layout;dur=79.0;desc=""D1:layout"", D1_posts;dur=138.0;desc=""D1:posts"", D1_all-tags;dur=23.0;desc=""D1:all-tags"", total;dur=161.0;desc=""total"""
2026-10-06T07:21:53Z,astro6,browser,/posts/architektura-emdash-typescript-astro,200,MISS,remote-WAW,HAM,178.3,450.7,510.2,272.4,33502,13.0,361.0,0.0,148.0,148.0,10.0,7.0,"rt;dur=0;desc=""Runtime init"", render;dur=148;desc=""Page render"", mw;dur=148;desc=""Total middleware"", db.total;dur=361;desc=""DB total"", db.count;dur=13;desc=""Query count"", db.first;dur=0;desc=""First query at"", db.last;dur=148;desc=""Last query at"", cache.hit;dur=10;desc=""Cache hits"", cache.miss;dur=7;desc=""Cache misses"" | D1_layout;dur=75.0;desc=""D1:layout"", D1_entry+recent;dur=124.0;desc=""D1:entry+recent"", D1_tags;dur=24.0;desc=""D1:tags"", total;dur=148.0;desc=""total"" | cfEdge;dur=229,cfOrigin;dur=0"
2026-10-06T07:21:54Z,astro6,browser,/category/technologia,200,MISS,remote-WAW,HAM,424.3,653.9,684.1,229.6,28497,11.0,247.0,0.0,105.0,105.0,4.0,6.0,"rt;dur=0;desc=""Runtime init"", render;dur=105;desc=""Page render"", mw;dur=105;desc=""Total middleware"", db.total;dur=247;desc=""DB total"", db.count;dur=11;desc=""Query count"", db.first;dur=0;desc=""First query at"", db.last;dur=105;desc=""Last query at"", cache.hit;dur=4;desc=""Cache hits"", cache.miss;dur=6;desc=""Cache misses"" | D1_layout;dur=68.0;desc=""D1:layout"", D1_term+posts;dur=105.0;desc=""D1:term+posts"", total;dur=105.0;desc=""total"" | cfEdge;dur=173,cfOrigin;dur=0"
2026-10-06T07:21:55Z,astro6,curl,/category/technologia,200,MISS,remote-WAW,HAM,132.1,350.4,355.6,218.3,28130,11.0,242.0,0.0,103.0,103.0,4.0,6.0,"rt;dur=0;desc=""Runtime init"", render;dur=103;desc=""Page render"", mw;dur=103;desc=""Total middleware"", db.total;dur=242;desc=""DB total"", db.count;dur=11;desc=""Query count"", db.first;dur=0;desc=""First query at"", db.last;dur=103;desc=""Last query at"", cache.hit;dur=4;desc=""Cache hits"", cache.miss;dur=6;desc=""Cache misses"" | D1_layout;dur=69.0;desc=""D1:layout"", D1_term+posts;dur=103.0;desc=""D1:term+posts"", total;dur=103.0;desc=""total"""
2026-10-06T07:21:56Z,astro6,curl,/posts/architektura-emdash-typescript-astro,200,MISS,remote-WAW,HAM,129.0,494.2,495.6,365.2,33139,13.0,307.0,0.0,123.0,123.0,10.0,7.0,"rt;dur=0;desc=""Runtime init"", render;dur=123;desc=""Page render"", mw;dur=123;desc=""Total middleware"", db.total;dur=307;desc=""DB total"", db.count;dur=13;desc=""Query count"", db.first;dur=0;desc=""First query at"", db.last;dur=123;desc=""Last query at"", cache.hit;dur=10;desc=""Cache hits"", cache.miss;dur=7;desc=""Cache misses"" | D1_layout;dur=58.0;desc=""D1:layout"", D1_entry+recent;dur=101.0;desc=""D1:entry+recent"", D1_tags;dur=22.0;desc=""D1:tags"", total;dur=123.0;desc=""total"""
2026-10-06T07:21:57Z,astro6,browser,/,200,MISS,remote-WAW,HAM,114.7,630.7,634.6,516.0,30121,9.0,316.0,0.0,179.0,179.0,4.0,6.0,"rt;dur=0;desc=""Runtime init"", render;dur=179;desc=""Page render"", mw;dur=179;desc=""Total middleware"", db.total;dur=316;desc=""DB total"", db.count;dur=9;desc=""Query count"", db.first;dur=0;desc=""First query at"", db.last;dur=179;desc=""Last query at"", cache.hit;dur=4;desc=""Cache hits"", cache.miss;dur=6;desc=""Cache misses"" | D1_layout;dur=87.0;desc=""D1:layout"", D1_posts;dur=156.0;desc=""D1:posts"", D1_all-tags;dur=23.0;desc=""D1:all-tags"", total;dur=179.0;desc=""total"" | cfEdge;dur=243,cfOrigin;dur=0"
2026-10-06T07:21:57Z,astro6,curl,/posts/,200,MISS,remote-WAW,HAM,133.4,481.6,483.5,348.2,36913,9.0,213.0,0.0,134.0,134.0,4.0,6.0,"rt;dur=0;desc=""Runtime init"", render;dur=134;desc=""Page render"", mw;dur=134;desc=""Total middleware"", db.total;dur=213;desc=""DB total"", db.count;dur=9;desc=""Query count"", db.first;dur=0;desc=""First query at"", db.last;dur=134;desc=""Last query at"", cache.hit;dur=4;desc=""Cache hits"", cache.miss;dur=6;desc=""Cache misses"" | D1_layout;dur=70.0;desc=""D1:layout"", D1_posts;dur=115.0;desc=""D1:posts"", D1_all-tags;dur=19.0;desc=""D1:all-tags"", total;dur=134.0;desc=""total"""
2026-10-06T07:21:59Z,astro6,browser,/category/technologia,200,MISS,remote-WAW,HAM,1113.5,1519.8,1520.4,406.3,28497,11.0,353.0,0.0,155.0,155.0,4.0,6.0,"rt;dur=0;desc=""Runtime init"", render;dur=155;desc=""Page render"", mw;dur=155;desc=""Total middleware"", db.total;dur=353;desc=""DB total"", db.count;dur=11;desc=""Query count"", db.first;dur=0;desc=""First query at"", db.last;dur=155;desc=""Last query at"", cache.hit;dur=4;desc=""Cache hits"", cache.miss;dur=6;desc=""Cache misses"" | D1_layout;dur=93.0;desc=""D1:layout"", D1_term+posts;dur=155.0;desc=""D1:term+posts"", total;dur=155.0;desc=""total"" | cfEdge;dur=214,cfOrigin;dur=0"
2026-10-06T07:22:00Z,astro6,browser,/posts/architektura-emdash-typescript-astro,200,MISS,remote-WAW,HAM,157.2,631.0,650.2,473.8,33498,12.0,491.0,0.0,299.0,299.0,10.0,7.0,"rt;dur=0;desc=""Runtime init"", render;dur=299;desc=""Page render"", mw;dur=299;desc=""Total middleware"", db.total;dur=491;desc=""DB total"", db.count;dur=12;desc=""Query count"", db.first;dur=0;desc=""First query at"", db.last;dur=299;desc=""Last query at"", cache.hit;dur=10;desc=""Cache hits"", cache.miss;dur=7;desc=""Cache misses"" | D1_layout;dur=67.0;desc=""D1:layout"", D1_entry+recent;dur=276.0;desc=""D1:entry+recent"", D1_tags;dur=23.0;desc=""D1:tags"", total;dur=299.0;desc=""total"" | cfEdge;dur=385,cfOrigin;dur=0"
2026-10-06T07:22:01Z,astro6,curl,/posts/architektura-emdash-typescript-astro,200,MISS,remote-WAW,HAM,105.9,585.2,615.7,479.3,33143,14.0,380.0,0.0,152.0,152.0,10.0,7.0,"rt;dur=0;desc=""Runtime init"", render;dur=152;desc=""Page render"", mw;dur=152;desc=""Total middleware"", db.total;dur=380;desc=""DB total"", db.count;dur=14;desc=""Query count"", db.first;dur=0;desc=""First query at"", db.last;dur=152;desc=""Last query at"", cache.hit;dur=10;desc=""Cache hits"", cache.miss;dur=7;desc=""Cache misses"" | D1_layout;dur=83.0;desc=""D1:layout"", D1_entry+recent;dur=129.0;desc=""D1:entry+recent"", D1_tags;dur=23.0;desc=""D1:tags"", total;dur=152.0;desc=""total"""
2026-10-06T07:22:02Z,astro6,browser,/,200,MISS,remote-WAW,HAM,126.2,620.6,627.9,494.4,30121,9.0,462.0,0.0,343.0,343.0,4.0,6.0,"rt;dur=0;desc=""Runtime init"", render;dur=343;desc=""Page render"", mw;dur=343;desc=""Total middleware"", db.total;dur=462;desc=""DB total"", db.count;dur=9;desc=""Query count"", db.first;dur=0;desc=""First query at"", db.last;dur=343;desc=""Last query at"", cache.hit;dur=4;desc=""Cache hits"", cache.miss;dur=6;desc=""Cache misses"" | D1_layout;dur=91.0;desc=""D1:layout"", D1_posts;dur=321.0;desc=""D1:posts"", D1_all-tags;dur=22.0;desc=""D1:all-tags"", total;dur=343.0;desc=""total"" | cfEdge;dur=436,cfOrigin;dur=0"
2026-10-06T07:22:02Z,astro6,curl,/posts/,200,MISS,remote-WAW,HAM,200.6,495.5,518.9,294.9,36921,9.0,243.0,0.0,153.0,153.0,4.0,6.0,"rt;dur=0;desc=""Runtime init"", render;dur=153;desc=""Page render"", mw;dur=153;desc=""Total middleware"", db.total;dur=243;desc=""DB total"", db.count;dur=9;desc=""Query count"", db.first;dur=0;desc=""First query at"", db.last;dur=153;desc=""Last query at"", cache.hit;dur=4;desc=""Cache hits"", cache.miss;dur=6;desc=""Cache misses"" | D1_layout;dur=66.0;desc=""D1:layout"", D1_posts;dur=131.0;desc=""D1:posts"", D1_all-tags;dur=22.0;desc=""D1:all-tags"", total;dur=153.0;desc=""total"""
2026-10-06T07:22:03Z,astro6,curl,/category/technologia,200,MISS,remote-WAW,HAM,110.1,444.2,444.8,334.1,28122,11.0,299.0,0.0,127.0,127.0,4.0,6.0,"rt;dur=0;desc=""Runtime init"", render;dur=127;desc=""Page render"", mw;dur=127;desc=""Total middleware"", db.total;dur=299;desc=""DB total"", db.count;dur=11;desc=""Query count"", db.first;dur=0;desc=""First query at"", db.last;dur=127;desc=""Last query at"", cache.hit;dur=4;desc=""Cache hits"", cache.miss;dur=6;desc=""Cache misses"" | D1_layout;dur=78.0;desc=""D1:layout"", D1_term+posts;dur=127.0;desc=""D1:term+posts"", total;dur=127.0;desc=""total"""
2026-10-06T07:22:04Z,astro6,curl,/,200,MISS,remote-WAW,HAM,89.7,637.3,641.7,547.6,29762,9.0,284.0,0.0,172.0,172.0,4.0,6.0,"rt;dur=0;desc=""Runtime init"", render;dur=172;desc=""Page render"", mw;dur=172;desc=""Total middleware"", db.total;dur=284;desc=""DB total"", db.count;dur=9;desc=""Query count"", db.first;dur=0;desc=""First query at"", db.last;dur=172;desc=""Last query at"", cache.hit;dur=4;desc=""Cache hits"", cache.miss;dur=6;desc=""Cache misses"" | D1_layout;dur=89.0;desc=""D1:layout"", D1_posts;dur=144.0;desc=""D1:posts"", D1_all-tags;dur=28.0;desc=""D1:all-tags"", total;dur=172.0;desc=""total"""
2026-10-06T07:22:05Z,astro6,browser,/posts/,200,MISS,remote-WAW,HAM,309.2,724.2,726.8,415.0,37272,9.0,267.0,0.0,155.0,155.0,4.0,6.0,"rt;dur=0;desc=""Runtime init"", render;dur=155;desc=""Page render"", mw;dur=155;desc=""Total middleware"", db.total;dur=267;desc=""DB total"", db.count;dur=9;desc=""Query count"", db.first;dur=0;desc=""First query at"", db.last;dur=155;desc=""Last query at"", cache.hit;dur=4;desc=""Cache hits"", cache.miss;dur=6;desc=""Cache misses"" | D1_layout;dur=80.0;desc=""D1:layout"", D1_posts;dur=132.0;desc=""D1:posts"", D1_all-tags;dur=23.0;desc=""D1:all-tags"", total;dur=155.0;desc=""total"" | cfEdge;dur=236,cfOrigin;dur=0"
2026-10-06T07:22:06Z,astro6,browser,/category/technologia,200,MISS,remote-WAW,HAM,411.3,734.2,737.6,322.9,28497,11.0,328.0,0.0,162.0,162.0,4.0,6.0,"rt;dur=0;desc=""Runtime init"", render;dur=162;desc=""Page render"", mw;dur=162;desc=""Total middleware"", db.total;dur=328;desc=""DB total"", db.count;dur=11;desc=""Query count"", db.first;dur=0;desc=""First query at"", db.last;dur=162;desc=""Last query at"", cache.hit;dur=4;desc=""Cache hits"", cache.miss;dur=6;desc=""Cache misses"" | D1_layout;dur=79.0;desc=""D1:layout"", D1_term+posts;dur=162.0;desc=""D1:term+posts"", total;dur=162.0;desc=""total"" | cfEdge;dur=242,cfOrigin;dur=0"
2026-10-06T07:22:07Z,astro6,curl,/,200,MISS,remote-WAW,HAM,301.1,824.3,826.2,523.2,29770,9.0,236.0,0.0,141.0,141.0,4.0,6.0,"rt;dur=0;desc=""Runtime init"", render;dur=141;desc=""Page render"", mw;dur=141;desc=""Total middleware"", db.total;dur=236;desc=""DB total"", db.count;dur=9;desc=""Query count"", db.first;dur=0;desc=""First query at"", db.last;dur=141;desc=""Last query at"", cache.hit;dur=4;desc=""Cache hits"", cache.miss;dur=6;desc=""Cache misses"" | D1_layout;dur=75.0;desc=""D1:layout"", D1_posts;dur=122.0;desc=""D1:posts"", D1_all-tags;dur=19.0;desc=""D1:all-tags"", total;dur=141.0;desc=""total"""
2026-10-06T07:22:08Z,astro6,curl,/posts/,200,MISS,remote-WAW,HAM,324.1,642.8,655.7,318.7,36898,9.0,329.0,0.0,199.0,199.0,4.0,6.0,"rt;dur=0;desc=""Runtime init"", render;dur=199;desc=""Page render"", mw;dur=199;desc=""Total middleware"", db.total;dur=329;desc=""DB total"", db.count;dur=9;desc=""Query count"", db.first;dur=0;desc=""First query at"", db.last;dur=199;desc=""Last query at"", cache.hit;dur=4;desc=""Cache hits"", cache.miss;dur=6;desc=""Cache misses"" | D1_layout;dur=101.0;desc=""D1:layout"", D1_posts;dur=171.0;desc=""D1:posts"", D1_all-tags;dur=28.0;desc=""D1:all-tags"", total;dur=199.0;desc=""total"""
2026-10-06T07:22:08Z,astro6,browser,/posts/,200,MISS,remote-WAW,HAM,119.6,452.6,454.4,333.0,37268,9.0,304.0,0.0,177.0,177.0,4.0,6.0,"rt;dur=0;desc=""Runtime init"", render;dur=177;desc=""Page render"", mw;dur=177;desc=""Total middleware"", db.total;dur=304;desc=""DB total"", db.count;dur=9;desc=""Query count"", db.first;dur=0;desc=""First query at"", db.last;dur=177;desc=""Last query at"", cache.hit;dur=4;desc=""Cache hits"", cache.miss;dur=6;desc=""Cache misses"" | D1_layout;dur=89.0;desc=""D1:layout"", D1_posts;dur=150.0;desc=""D1:posts"", D1_all-tags;dur=27.0;desc=""D1:all-tags"", total;dur=177.0;desc=""total"" | cfEdge;dur=246,cfOrigin;dur=0"
2026-10-06T07:22:10Z,astro6,curl,/posts/architektura-emdash-typescript-astro,200,MISS,remote-WAW,HAM,297.5,638.5,1001.5,341.0,33139,13.0,343.0,0.0,146.0,146.0,10.0,7.0,"rt;dur=0;desc=""Runtime init"", render;dur=146;desc=""Page render"", mw;dur=146;desc=""Total middleware"", db.total;dur=343;desc=""DB total"", db.count;dur=13;desc=""Query count"", db.first;dur=0;desc=""First query at"", db.last;dur=146;desc=""Last query at"", cache.hit;dur=10;desc=""Cache hits"", cache.miss;dur=7;desc=""Cache misses"" | D1_layout;dur=83.0;desc=""D1:layout"", D1_entry+recent;dur=125.0;desc=""D1:entry+recent"", D1_tags;dur=21.0;desc=""D1:tags"", total;dur=146.0;desc=""total"""
2026-10-06T07:22:10Z,astro6,browser,/,200,MISS,remote-WAW,HAM,125.3,449.0,451.3,323.7,30141,9.0,236.0,0.0,135.0,135.0,4.0,6.0,"rt;dur=0;desc=""Runtime init"", render;dur=135;desc=""Page render"", mw;dur=135;desc=""Total middleware"", db.total;dur=236;desc=""DB total"", db.count;dur=9;desc=""Query count"", db.first;dur=0;desc=""First query at"", db.last;dur=135;desc=""Last query at"", cache.hit;dur=4;desc=""Cache hits"", cache.miss;dur=6;desc=""Cache misses"" | D1_layout;dur=72.0;desc=""D1:layout"", D1_posts;dur=112.0;desc=""D1:posts"", D1_all-tags;dur=23.0;desc=""D1:all-tags"", total;dur=135.0;desc=""total"" | cfEdge;dur=210,cfOrigin;dur=0"
2026-10-06T07:22:11Z,astro6,browser,/posts/architektura-emdash-typescript-astro,200,MISS,remote-WAW,HAM,98.6,364.3,413.8,265.7,33498,13.0,327.0,0.0,128.0,128.0,10.0,7.0,"rt;dur=0;desc=""Runtime init"", render;dur=128;desc=""Page render"", mw;dur=128;desc=""Total middleware"", db.total;dur=327;desc=""DB total"", db.count;dur=13;desc=""Query count"", db.first;dur=0;desc=""First query at"", db.last;dur=128;desc=""Last query at"", cache.hit;dur=10;desc=""Cache hits"", cache.miss;dur=7;desc=""Cache misses"" | D1_layout;dur=64.0;desc=""D1:layout"", D1_entry+recent;dur=105.0;desc=""D1:entry+recent"", D1_tags;dur=23.0;desc=""D1:tags"", total;dur=128.0;desc=""total"" | cfEdge;dur=215,cfOrigin;dur=0"
2026-10-06T07:22:12Z,astro6,curl,/category/technologia,200,MISS,remote-WAW,HAM,269.9,537.2,562.0,267.3,28126,11.0,331.0,0.0,150.0,150.0,4.0,6.0,"rt;dur=0;desc=""Runtime init"", render;dur=150;desc=""Page render"", mw;dur=150;desc=""Total middleware"", db.total;dur=331;desc=""DB total"", db.count;dur=11;desc=""Query count"", db.first;dur=0;desc=""First query at"", db.last;dur=150;desc=""Last query at"", cache.hit;dur=4;desc=""Cache hits"", cache.miss;dur=6;desc=""Cache misses"" | D1_layout;dur=96.0;desc=""D1:layout"", D1_term+posts;dur=150.0;desc=""D1:term+posts"", total;dur=150.0;desc=""total"""
2026-10-06T07:22:13Z,astro6,browser,/posts/architektura-emdash-typescript-astro,200,MISS,remote-WAW,HAM,108.2,501.9,508.5,393.7,33503,13.0,500.0,0.0,185.0,185.0,10.0,7.0,"rt;dur=0;desc=""Runtime init"", render;dur=185;desc=""Page render"", mw;dur=185;desc=""Total middleware"", db.total;dur=500;desc=""DB total"", db.count;dur=13;desc=""Query count"", db.first;dur=0;desc=""First query at"", db.last;dur=185;desc=""Last query at"", cache.hit;dur=10;desc=""Cache hits"", cache.miss;dur=7;desc=""Cache misses"" | D1_layout;dur=113.0;desc=""D1:layout"", D1_entry+recent;dur=162.0;desc=""D1:entry+recent"", D1_tags;dur=23.0;desc=""D1:tags"", total;dur=185.0;desc=""total"" | cfEdge;dur=269,cfOrigin;dur=0"
2026-10-06T07:22:13Z,astro6,curl,/posts/architektura-emdash-typescript-astro,200,MISS,remote-WAW,HAM,92.4,372.6,437.3,280.2,33131,13.0,412.0,0.0,171.0,171.0,10.0,7.0,"rt;dur=0;desc=""Runtime init"", render;dur=171;desc=""Page render"", mw;dur=171;desc=""Total middleware"", db.total;dur=412;desc=""DB total"", db.count;dur=13;desc=""Query count"", db.first;dur=0;desc=""First query at"", db.last;dur=171;desc=""Last query at"", cache.hit;dur=10;desc=""Cache hits"", cache.miss;dur=7;desc=""Cache misses"" | D1_layout;dur=87.0;desc=""D1:layout"", D1_entry+recent;dur=141.0;desc=""D1:entry+recent"", D1_tags;dur=30.0;desc=""D1:tags"", total;dur=171.0;desc=""total"""
2026-10-06T07:22:15Z,astro6,browser,/posts/,200,MISS,remote-WAW,HAM,1175.6,1470.9,1486.4,295.3,37280,9.0,302.0,0.0,181.0,181.0,4.0,6.0,"rt;dur=0;desc=""Runtime init"", render;dur=181;desc=""Page render"", mw;dur=181;desc=""Total middleware"", db.total;dur=302;desc=""DB total"", db.count;dur=9;desc=""Query count"", db.first;dur=0;desc=""First query at"", db.last;dur=181;desc=""Last query at"", cache.hit;dur=4;desc=""Cache hits"", cache.miss;dur=6;desc=""Cache misses"" | D1_layout;dur=82.0;desc=""D1:layout"", D1_posts;dur=154.0;desc=""D1:posts"", D1_all-tags;dur=27.0;desc=""D1:all-tags"", total;dur=181.0;desc=""total"" | cfEdge;dur=242,cfOrigin;dur=0"
2026-10-06T07:22:16Z,astro6,curl,/category/technologia,200,MISS,remote-WAW,HAM,132.9,445.0,445.9,312.1,28119,11.0,356.0,0.0,147.0,147.0,4.0,6.0,"rt;dur=0;desc=""Runtime init"", render;dur=147;desc=""Page render"", mw;dur=147;desc=""Total middleware"", db.total;dur=356;desc=""DB total"", db.count;dur=11;desc=""Query count"", db.first;dur=0;desc=""First query at"", db.last;dur=147;desc=""Last query at"", cache.hit;dur=4;desc=""Cache hits"", cache.miss;dur=6;desc=""Cache misses"" | D1_layout;dur=100.0;desc=""D1:layout"", D1_term+posts;dur=147.0;desc=""D1:term+posts"", total;dur=147.0;desc=""total"""
2026-10-06T07:22:16Z,astro6,browser,/category/technologia,200,MISS,remote-WAW,HAM,84.5,319.0,327.0,234.5,28505,12.0,303.0,0.0,119.0,119.0,4.0,6.0,"rt;dur=0;desc=""Runtime init"", render;dur=119;desc=""Page render"", mw;dur=119;desc=""Total middleware"", db.total;dur=303;desc=""DB total"", db.count;dur=12;desc=""Query count"", db.first;dur=0;desc=""First query at"", db.last;dur=119;desc=""Last query at"", cache.hit;dur=4;desc=""Cache hits"", cache.miss;dur=6;desc=""Cache misses"" | D1_layout;dur=74.0;desc=""D1:layout"", D1_term+posts;dur=119.0;desc=""D1:term+posts"", total;dur=119.0;desc=""total"" | cfEdge;dur=197,cfOrigin;dur=0"
2026-10-06T07:22:17Z,astro6,curl,/posts/,200,MISS,remote-WAW,HAM,107.9,568.2,570.8,460.3,36893,9.0,307.0,0.0,190.0,190.0,4.0,6.0,"rt;dur=0;desc=""Runtime init"", render;dur=190;desc=""Page render"", mw;dur=190;desc=""Total middleware"", db.total;dur=307;desc=""DB total"", db.count;dur=9;desc=""Query count"", db.first;dur=0;desc=""First query at"", db.last;dur=190;desc=""Last query at"", cache.hit;dur=4;desc=""Cache hits"", cache.miss;dur=6;desc=""Cache misses"" | D1_layout;dur=79.0;desc=""D1:layout"", D1_posts;dur=166.0;desc=""D1:posts"", D1_all-tags;dur=24.0;desc=""D1:all-tags"", total;dur=190.0;desc=""total"""
2026-10-06T07:22:18Z,astro6,curl,/,200,MISS,remote-WAW,HAM,111.5,573.7,582.6,462.2,29762,9.0,429.0,0.0,338.0,338.0,4.0,6.0,"rt;dur=0;desc=""Runtime init"", render;dur=338;desc=""Page render"", mw;dur=338;desc=""Total middleware"", db.total;dur=429;desc=""DB total"", db.count;dur=9;desc=""Query count"", db.first;dur=0;desc=""First query at"", db.last;dur=338;desc=""Last query at"", cache.hit;dur=4;desc=""Cache hits"", cache.miss;dur=6;desc=""Cache misses"" | D1_layout;dur=67.0;desc=""D1:layout"", D1_posts;dur=316.0;desc=""D1:posts"", D1_all-tags;dur=22.0;desc=""D1:all-tags"", total;dur=338.0;desc=""total"""
2026-10-06T07:22:19Z,astro6,browser,/,200,MISS,remote-WAW,HAM,198.9,582.1,586.8,383.2,30133,9.0,240.0,0.0,151.0,151.0,4.0,6.0,"rt;dur=0;desc=""Runtime init"", render;dur=151;desc=""Page render"", mw;dur=151;desc=""Total middleware"", db.total;dur=240;desc=""DB total"", db.count;dur=9;desc=""Query count"", db.first;dur=0;desc=""First query at"", db.last;dur=151;desc=""Last query at"", cache.hit;dur=4;desc=""Cache hits"", cache.miss;dur=6;desc=""Cache misses"" | D1_layout;dur=67.0;desc=""D1:layout"", D1_posts;dur=129.0;desc=""D1:posts"", D1_all-tags;dur=22.0;desc=""D1:all-tags"", total;dur=151.0;desc=""total"" | cfEdge;dur=235,cfOrigin;dur=0"
2026-10-06T07:22:20Z,astro6,browser,/posts/,200,MISS,remote-WAW,HAM,113.7,637.9,663.0,524.2,37277,10.0,365.0,0.0,186.0,186.0,4.0,6.0,"rt;dur=0;desc=""Runtime init"", render;dur=186;desc=""Page render"", mw;dur=186;desc=""Total middleware"", db.total;dur=365;desc=""DB total"", db.count;dur=10;desc=""Query count"", db.first;dur=0;desc=""First query at"", db.last;dur=186;desc=""Last query at"", cache.hit;dur=4;desc=""Cache hits"", cache.miss;dur=6;desc=""Cache misses"" | D1_layout;dur=105.0;desc=""D1:layout"", D1_posts;dur=157.0;desc=""D1:posts"", D1_all-tags;dur=29.0;desc=""D1:all-tags"", total;dur=186.0;desc=""total"" | cfEdge;dur=261,cfOrigin;dur=0"
2026-10-06T07:22:20Z,astro6,browser,/posts/architektura-emdash-typescript-astro,200,MISS,remote-WAW,HAM,165.8,478.0,628.6,312.2,33495,13.0,433.0,0.0,182.0,182.0,10.0,7.0,"rt;dur=0;desc=""Runtime init"", render;dur=182;desc=""Page render"", mw;dur=182;desc=""Total middleware"", db.total;dur=433;desc=""DB total"", db.count;dur=13;desc=""Query count"", db.first;dur=0;desc=""First query at"", db.last;dur=182;desc=""Last query at"", cache.hit;dur=10;desc=""Cache hits"", cache.miss;dur=7;desc=""Cache misses"" | D1_layout;dur=100.0;desc=""D1:layout"", D1_entry+recent;dur=158.0;desc=""D1:entry+recent"", D1_tags;dur=24.0;desc=""D1:tags"", total;dur=182.0;desc=""total"" | cfEdge;dur=260,cfOrigin;dur=0"
2026-10-06T07:22:22Z,astro6,curl,/,200,MISS,remote-WAW,HAM,395.2,936.3,947.2,541.1,29771,9.0,593.0,0.0,378.0,378.0,4.0,6.0,"rt;dur=0;desc=""Runtime init"", render;dur=378;desc=""Page render"", mw;dur=378;desc=""Total middleware"", db.total;dur=593;desc=""DB total"", db.count;dur=9;desc=""Query count"", db.first;dur=0;desc=""First query at"", db.last;dur=378;desc=""Last query at"", cache.hit;dur=4;desc=""Cache hits"", cache.miss;dur=6;desc=""Cache misses"" | D1_layout;dur=131.0;desc=""D1:layout"", D1_posts;dur=352.0;desc=""D1:posts"", D1_all-tags;dur=26.0;desc=""D1:all-tags"", total;dur=378.0;desc=""total"""
2026-10-06T07:22:22Z,astro6,curl,/category/technologia,200,MISS,remote-WAW,HAM,282.0,625.9,629.8,343.9,28134,11.0,361.0,0.0,147.0,147.0,4.0,6.0,"rt;dur=0;desc=""Runtime init"", render;dur=147;desc=""Page render"", mw;dur=147;desc=""Total middleware"", db.total;dur=361;desc=""DB total"", db.count;dur=11;desc=""Query count"", db.first;dur=0;desc=""First query at"", db.last;dur=147;desc=""Last query at"", cache.hit;dur=4;desc=""Cache hits"", cache.miss;dur=6;desc=""Cache misses"" | D1_layout;dur=99.0;desc=""D1:layout"", D1_term+posts;dur=147.0;desc=""D1:term+posts"", total;dur=147.0;desc=""total"""
2026-10-06T07:22:23Z,astro6,curl,/posts/architektura-emdash-typescript-astro,200,MISS,remote-WAW,HAM,108.7,465.6,643.3,356.9,33115,13.0,369.0,0.0,156.0,156.0,10.0,7.0,"rt;dur=0;desc=""Runtime init"", render;dur=156;desc=""Page render"", mw;dur=156;desc=""Total middleware"", db.total;dur=369;desc=""DB total"", db.count;dur=13;desc=""Query count"", db.first;dur=0;desc=""First query at"", db.last;dur=156;desc=""Last query at"", cache.hit;dur=10;desc=""Cache hits"", cache.miss;dur=7;desc=""Cache misses"" | D1_layout;dur=81.0;desc=""D1:layout"", D1_entry+recent;dur=131.0;desc=""D1:entry+recent"", D1_tags;dur=25.0;desc=""D1:tags"", total;dur=156.0;desc=""total"""
2026-10-06T07:22:24Z,astro6,browser,/category/technologia,200,MISS,remote-WAW,HAM,187.8,454.9,456.0,267.1,28489,11.0,272.0,0.0,117.0,117.0,4.0,6.0,"rt;dur=0;desc=""Runtime init"", render;dur=117;desc=""Page render"", mw;dur=117;desc=""Total middleware"", db.total;dur=272;desc=""DB total"", db.count;dur=11;desc=""Query count"", db.first;dur=0;desc=""First query at"", db.last;dur=117;desc=""Last query at"", cache.hit;dur=4;desc=""Cache hits"", cache.miss;dur=6;desc=""Cache misses"" | D1_layout;dur=72.0;desc=""D1:layout"", D1_term+posts;dur=117.0;desc=""D1:term+posts"", total;dur=117.0;desc=""total"" | cfEdge;dur=199,cfOrigin;dur=0"
2026-10-06T07:22:25Z,astro6,browser,/,200,MISS,remote-WAW,HAM,295.2,599.3,617.9,304.1,30129,9.0,292.0,0.0,179.0,179.0,4.0,6.0,"rt;dur=0;desc=""Runtime init"", render;dur=179;desc=""Page render"", mw;dur=179;desc=""Total middleware"", db.total;dur=292;desc=""DB total"", db.count;dur=9;desc=""Query count"", db.first;dur=0;desc=""First query at"", db.last;dur=179;desc=""Last query at"", cache.hit;dur=4;desc=""Cache hits"", cache.miss;dur=6;desc=""Cache misses"" | D1_layout;dur=93.0;desc=""D1:layout"", D1_posts;dur=154.0;desc=""D1:posts"", D1_all-tags;dur=25.0;desc=""D1:all-tags"", total;dur=179.0;desc=""total"" | cfEdge;dur=240,cfOrigin;dur=0"
2026-10-06T07:22:26Z,astro6,curl,/posts/,200,MISS,remote-WAW,HAM,401.5,770.4,801.5,368.9,36901,9.0,268.0,0.0,159.0,159.0,4.0,6.0,"rt;dur=0;desc=""Runtime init"", render;dur=159;desc=""Page render"", mw;dur=159;desc=""Total middleware"", db.total;dur=268;desc=""DB total"", db.count;dur=9;desc=""Query count"", db.first;dur=0;desc=""First query at"", db.last;dur=159;desc=""Last query at"", cache.hit;dur=4;desc=""Cache hits"", cache.miss;dur=6;desc=""Cache misses"" | D1_layout;dur=79.0;desc=""D1:layout"", D1_posts;dur=132.0;desc=""D1:posts"", D1_all-tags;dur=27.0;desc=""D1:all-tags"", total;dur=159.0;desc=""total"""
2026-10-06T07:22:27Z,astro6,curl,/posts/architektura-emdash-typescript-astro,200,MISS,remote-WAW,HAM,338.9,659.0,725.6,320.1,33131,13.0,443.0,0.0,179.0,179.0,10.0,7.0,"rt;dur=0;desc=""Runtime init"", render;dur=179;desc=""Page render"", mw;dur=179;desc=""Total middleware"", db.total;dur=443;desc=""DB total"", db.count;dur=13;desc=""Query count"", db.first;dur=0;desc=""First query at"", db.last;dur=179;desc=""Last query at"", cache.hit;dur=10;desc=""Cache hits"", cache.miss;dur=7;desc=""Cache misses"" | D1_layout;dur=80.0;desc=""D1:layout"", D1_entry+recent;dur=152.0;desc=""D1:entry+recent"", D1_tags;dur=27.0;desc=""D1:tags"", total;dur=179.0;desc=""total"""
2026-10-06T07:22:28Z,astro6,browser,/category/technologia,200,MISS,remote-WAW,HAM,246.2,501.2,600.6,255.0,28501,11.0,272.0,0.0,120.0,120.0,4.0,6.0,"rt;dur=0;desc=""Runtime init"", render;dur=120;desc=""Page render"", mw;dur=120;desc=""Total middleware"", db.total;dur=272;desc=""DB total"", db.count;dur=11;desc=""Query count"", db.first;dur=0;desc=""First query at"", db.last;dur=120;desc=""Last query at"", cache.hit;dur=4;desc=""Cache hits"", cache.miss;dur=6;desc=""Cache misses"" | D1_layout;dur=69.0;desc=""D1:layout"", D1_term+posts;dur=120.0;desc=""D1:term+posts"", total;dur=120.0;desc=""total"" | cfEdge;dur=206,cfOrigin;dur=0"
2026-10-06T07:22:29Z,astro6,browser,/,200,MISS,remote-WAW,HAM,390.4,696.5,743.2,306.1,30133,9.0,229.0,0.0,137.0,137.0,4.0,6.0,"rt;dur=0;desc=""Runtime init"", render;dur=137;desc=""Page render"", mw;dur=137;desc=""Total middleware"", db.total;dur=229;desc=""DB total"", db.count;dur=9;desc=""Query count"", db.first;dur=0;desc=""First query at"", db.last;dur=137;desc=""Last query at"", cache.hit;dur=4;desc=""Cache hits"", cache.miss;dur=6;desc=""Cache misses"" | D1_layout;dur=74.0;desc=""D1:layout"", D1_posts;dur=114.0;desc=""D1:posts"", D1_all-tags;dur=23.0;desc=""D1:all-tags"", total;dur=137.0;desc=""total"" | cfEdge;dur=228,cfOrigin;dur=0"
2026-10-06T07:22:29Z,astro6,browser,/posts/architektura-emdash-typescript-astro,200,MISS,remote-WAW,HAM,106.7,397.2,467.1,290.5,33486,13.0,424.0,0.0,179.0,179.0,10.0,7.0,"rt;dur=0;desc=""Runtime init"", render;dur=179;desc=""Page render"", mw;dur=179;desc=""Total middleware"", db.total;dur=424;desc=""DB total"", db.count;dur=13;desc=""Query count"", db.first;dur=0;desc=""First query at"", db.last;dur=179;desc=""Last query at"", cache.hit;dur=10;desc=""Cache hits"", cache.miss;dur=7;desc=""Cache misses"" | D1_layout;dur=97.0;desc=""D1:layout"", D1_entry+recent;dur=148.0;desc=""D1:entry+recent"", D1_tags;dur=31.0;desc=""D1:tags"", total;dur=179.0;desc=""total"" | cfEdge;dur=238,cfOrigin;dur=0"
2026-10-06T07:22:30Z,astro6,curl,/,200,MISS,remote-WAW,HAM,210.4,616.8,618.6,406.4,29771,9.0,530.0,0.0,246.0,246.0,4.0,6.0,"rt;dur=0;desc=""Runtime init"", render;dur=246;desc=""Page render"", mw;dur=246;desc=""Total middleware"", db.total;dur=530;desc=""DB total"", db.count;dur=9;desc=""Query count"", db.first;dur=0;desc=""First query at"", db.last;dur=246;desc=""Last query at"", cache.hit;dur=4;desc=""Cache hits"", cache.miss;dur=6;desc=""Cache misses"" | D1_layout;dur=154.0;desc=""D1:layout"", D1_posts;dur=226.0;desc=""D1:posts"", D1_all-tags;dur=20.0;desc=""D1:all-tags"", total;dur=246.0;desc=""total"""
2026-10-06T07:22:31Z,astro6,curl,/posts/,200,MISS,remote-WAW,HAM,114.5,420.2,432.9,305.7,36901,9.0,264.0,0.0,162.0,162.0,4.0,6.0,"rt;dur=0;desc=""Runtime init"", render;dur=162;desc=""Page render"", mw;dur=162;desc=""Total middleware"", db.total;dur=264;desc=""DB total"", db.count;dur=9;desc=""Query count"", db.first;dur=0;desc=""First query at"", db.last;dur=162;desc=""Last query at"", cache.hit;dur=4;desc=""Cache hits"", cache.miss;dur=6;desc=""Cache misses"" | D1_layout;dur=70.0;desc=""D1:layout"", D1_posts;dur=141.0;desc=""D1:posts"", D1_all-tags;dur=21.0;desc=""D1:all-tags"", total;dur=162.0;desc=""total"""
2026-10-06T07:22:31Z,astro6,curl,/category/technologia,200,MISS,remote-WAW,HAM,115.7,387.5,394.8,271.8,28131,11.0,347.0,0.0,154.0,154.0,4.0,6.0,"rt;dur=0;desc=""Runtime init"", render;dur=154;desc=""Page render"", mw;dur=154;desc=""Total middleware"", db.total;dur=347;desc=""DB total"", db.count;dur=11;desc=""Query count"", db.first;dur=0;desc=""First query at"", db.last;dur=154;desc=""Last query at"", cache.hit;dur=4;desc=""Cache hits"", cache.miss;dur=6;desc=""Cache misses"" | D1_layout;dur=100.0;desc=""D1:layout"", D1_term+posts;dur=154.0;desc=""D1:term+posts"", total;dur=154.0;desc=""total"""
2026-10-06T07:22:32Z,astro6,browser,/posts/,200,MISS,remote-WAW,HAM,184.6,467.9,476.7,283.3,37268,9.0,270.0,0.0,154.0,154.0,4.0,6.0,"rt;dur=0;desc=""Runtime init"", render;dur=154;desc=""Page render"", mw;dur=154;desc=""Total middleware"", db.total;dur=270;desc=""DB total"", db.count;dur=9;desc=""Query count"", db.first;dur=0;desc=""First query at"", db.last;dur=154;desc=""Last query at"", cache.hit;dur=4;desc=""Cache hits"", cache.miss;dur=6;desc=""Cache misses"" | D1_layout;dur=84.0;desc=""D1:layout"", D1_posts;dur=129.0;desc=""D1:posts"", D1_all-tags;dur=25.0;desc=""D1:all-tags"", total;dur=154.0;desc=""total"" | cfEdge;dur=223,cfOrigin;dur=0"
2026-10-06T07:22:33Z,astro6,browser,/posts/,200,MISS,remote-WAW,HAM,140.9,416.2,514.6,275.3,37264,10.0,269.0,0.0,147.0,147.0,4.0,6.0,"rt;dur=0;desc=""Runtime init"", render;dur=147;desc=""Page render"", mw;dur=147;desc=""Total middleware"", db.total;dur=269;desc=""DB total"", db.count;dur=10;desc=""Query count"", db.first;dur=0;desc=""First query at"", db.last;dur=147;desc=""Last query at"", cache.hit;dur=4;desc=""Cache hits"", cache.miss;dur=6;desc=""Cache misses"" | D1_layout;dur=75.0;desc=""D1:layout"", D1_posts;dur=126.0;desc=""D1:posts"", D1_all-tags;dur=21.0;desc=""D1:all-tags"", total;dur=147.0;desc=""total"" | cfEdge;dur=224,cfOrigin;dur=0"
2026-10-06T07:22:34Z,astro6,browser,/category/technologia,200,MISS,remote-WAW,HAM,111.9,398.9,399.7,287.0,28485,11.0,301.0,0.0,139.0,139.0,4.0,6.0,"rt;dur=0;desc=""Runtime init"", render;dur=139;desc=""Page render"", mw;dur=139;desc=""Total middleware"", db.total;dur=301;desc=""DB total"", db.count;dur=11;desc=""Query count"", db.first;dur=0;desc=""First query at"", db.last;dur=139;desc=""Last query at"", cache.hit;dur=4;desc=""Cache hits"", cache.miss;dur=6;desc=""Cache misses"" | D1_layout;dur=79.0;desc=""D1:layout"", D1_term+posts;dur=139.0;desc=""D1:term+posts"", total;dur=139.0;desc=""total"" | cfEdge;dur=215,cfOrigin;dur=0"
2026-10-06T07:22:34Z,astro6,curl,/,200,MISS,remote-WAW,HAM,90.2,460.3,461.4,370.1,29758,9.0,225.0,0.0,128.0,128.0,4.0,6.0,"rt;dur=0;desc=""Runtime init"", render;dur=128;desc=""Page render"", mw;dur=128;desc=""Total middleware"", db.total;dur=225;desc=""DB total"", db.count;dur=9;desc=""Query count"", db.first;dur=0;desc=""First query at"", db.last;dur=128;desc=""Last query at"", cache.hit;dur=4;desc=""Cache hits"", cache.miss;dur=6;desc=""Cache misses"" | D1_layout;dur=67.0;desc=""D1:layout"", D1_posts;dur=107.0;desc=""D1:posts"", D1_all-tags;dur=21.0;desc=""D1:all-tags"", total;dur=128.0;desc=""total"""
2026-10-06T07:22:35Z,astro6,browser,/posts/architektura-emdash-typescript-astro,200,MISS,remote-WAW,HAM,216.3,544.4,565.3,328.1,33494,13.0,363.0,0.0,155.0,155.0,10.0,7.0,"rt;dur=0;desc=""Runtime init"", render;dur=155;desc=""Page render"", mw;dur=155;desc=""Total middleware"", db.total;dur=363;desc=""DB total"", db.count;dur=13;desc=""Query count"", db.first;dur=0;desc=""First query at"", db.last;dur=155;desc=""Last query at"", cache.hit;dur=10;desc=""Cache hits"", cache.miss;dur=7;desc=""Cache misses"" | D1_layout;dur=67.0;desc=""D1:layout"", D1_entry+recent;dur=130.0;desc=""D1:entry+recent"", D1_tags;dur=25.0;desc=""D1:tags"", total;dur=155.0;desc=""total"" | cfEdge;dur=245,cfOrigin;dur=0"
2026-10-06T07:22:36Z,astro6,curl,/posts/,200,MISS,remote-WAW,HAM,108.1,395.4,403.0,287.3,36905,9.0,282.0,0.0,168.0,168.0,4.0,6.0,"rt;dur=0;desc=""Runtime init"", render;dur=168;desc=""Page render"", mw;dur=168;desc=""Total middleware"", db.total;dur=282;desc=""DB total"", db.count;dur=9;desc=""Query count"", db.first;dur=0;desc=""First query at"", db.last;dur=168;desc=""Last query at"", cache.hit;dur=4;desc=""Cache hits"", cache.miss;dur=6;desc=""Cache misses"" | D1_layout;dur=84.0;desc=""D1:layout"", D1_posts;dur=135.0;desc=""D1:posts"", D1_all-tags;dur=33.0;desc=""D1:all-tags"", total;dur=168.0;desc=""total"""
2026-10-06T07:22:36Z,astro6,curl,/category/technologia,200,MISS,remote-WAW,HAM,174.8,440.5,450.8,265.7,28130,11.0,342.0,0.0,148.0,148.0,4.0,6.0,"rt;dur=0;desc=""Runtime init"", render;dur=148;desc=""Page render"", mw;dur=148;desc=""Total middleware"", db.total;dur=342;desc=""DB total"", db.count;dur=11;desc=""Query count"", db.first;dur=0;desc=""First query at"", db.last;dur=148;desc=""Last query at"", cache.hit;dur=4;desc=""Cache hits"", cache.miss;dur=6;desc=""Cache misses"" | D1_layout;dur=94.0;desc=""D1:layout"", D1_term+posts;dur=148.0;desc=""D1:term+posts"", total;dur=148.0;desc=""total"""
2026-10-06T07:22:38Z,astro6,curl,/posts/architektura-emdash-typescript-astro,200,MISS,remote-WAW,HAM,344.2,1294.2,1429.0,950.0,33127,12.0,518.0,0.0,316.0,316.0,10.0,7.0,"rt;dur=0;desc=""Runtime init"", render;dur=316;desc=""Page render"", mw;dur=316;desc=""Total middleware"", db.total;dur=518;desc=""DB total"", db.count;dur=12;desc=""Query count"", db.first;dur=0;desc=""First query at"", db.last;dur=316;desc=""Last query at"", cache.hit;dur=10;desc=""Cache hits"", cache.miss;dur=7;desc=""Cache misses"" | D1_layout;dur=75.0;desc=""D1:layout"", D1_entry+recent;dur=289.0;desc=""D1:entry+recent"", D1_tags;dur=27.0;desc=""D1:tags"", total;dur=316.0;desc=""total"""
2026-10-06T07:22:39Z,astro6,browser,/,200,MISS,remote-WAW,HAM,310.1,824.3,825.2,514.2,30125,9.0,446.0,0.0,340.0,340.0,4.0,6.0,"rt;dur=0;desc=""Runtime init"", render;dur=340;desc=""Page render"", mw;dur=340;desc=""Total middleware"", db.total;dur=446;desc=""DB total"", db.count;dur=9;desc=""Query count"", db.first;dur=0;desc=""First query at"", db.last;dur=340;desc=""Last query at"", cache.hit;dur=4;desc=""Cache hits"", cache.miss;dur=6;desc=""Cache misses"" | D1_layout;dur=77.0;desc=""D1:layout"", D1_posts;dur=315.0;desc=""D1:posts"", D1_all-tags;dur=25.0;desc=""D1:all-tags"", total;dur=340.0;desc=""total"" | cfEdge;dur=404,cfOrigin;dur=0"
2026-10-06T07:22:40Z,astro6,browser,/posts/architektura-emdash-typescript-astro,200,MISS,remote-WAW,HAM,245.6,633.9,636.7,388.3,33498,13.0,421.0,0.0,175.0,175.0,10.0,7.0,"rt;dur=0;desc=""Runtime init"", render;dur=175;desc=""Page render"", mw;dur=175;desc=""Total middleware"", db.total;dur=421;desc=""DB total"", db.count;dur=13;desc=""Query count"", db.first;dur=0;desc=""First query at"", db.last;dur=175;desc=""Last query at"", cache.hit;dur=10;desc=""Cache hits"", cache.miss;dur=7;desc=""Cache misses"" | D1_layout;dur=95.0;desc=""D1:layout"", D1_entry+recent;dur=148.0;desc=""D1:entry+recent"", D1_tags;dur=27.0;desc=""D1:tags"", total;dur=175.0;desc=""total"" | cfEdge;dur=237,cfOrigin;dur=0"
2026-10-06T07:22:41Z,astro6,curl,/posts/architektura-emdash-typescript-astro,200,MISS,remote-WAW,HAM,308.5,652.0,660.1,343.5,33131,13.0,406.0,0.0,162.0,162.0,10.0,7.0,"rt;dur=0;desc=""Runtime init"", render;dur=162;desc=""Page render"", mw;dur=162;desc=""Total middleware"", db.total;dur=406;desc=""DB total"", db.count;dur=13;desc=""Query count"", db.first;dur=0;desc=""First query at"", db.last;dur=162;desc=""Last query at"", cache.hit;dur=10;desc=""Cache hits"", cache.miss;dur=7;desc=""Cache misses"" | D1_layout;dur=88.0;desc=""D1:layout"", D1_entry+recent;dur=140.0;desc=""D1:entry+recent"", D1_tags;dur=22.0;desc=""D1:tags"", total;dur=162.0;desc=""total"""
2026-10-06T07:22:42Z,astro6,curl,/posts/,200,MISS,remote-WAW,HAM,294.9,856.6,992.0,561.7,36901,9.0,439.0,0.0,338.0,338.0,4.0,6.0,"rt;dur=0;desc=""Runtime init"", render;dur=338;desc=""Page render"", mw;dur=338;desc=""Total middleware"", db.total;dur=439;desc=""DB total"", db.count;dur=9;desc=""Query count"", db.first;dur=0;desc=""First query at"", db.last;dur=338;desc=""Last query at"", cache.hit;dur=4;desc=""Cache hits"", cache.miss;dur=6;desc=""Cache misses"" | D1_layout;dur=73.0;desc=""D1:layout"", D1_posts;dur=319.0;desc=""D1:posts"", D1_all-tags;dur=19.0;desc=""D1:all-tags"", total;dur=338.0;desc=""total"""
2026-10-06T07:22:43Z,astro6,browser,/category/technologia,200,MISS,remote-WAW,HAM,298.4,545.3,639.4,246.9,28485,11.0,298.0,0.0,134.0,134.0,4.0,6.0,"rt;dur=0;desc=""Runtime init"", render;dur=134;desc=""Page render"", mw;dur=134;desc=""Total middleware"", db.total;dur=298;desc=""DB total"", db.count;dur=11;desc=""Query count"", db.first;dur=0;desc=""First query at"", db.last;dur=134;desc=""Last query at"", cache.hit;dur=4;desc=""Cache hits"", cache.miss;dur=6;desc=""Cache misses"" | D1_layout;dur=73.0;desc=""D1:layout"", D1_term+posts;dur=134.0;desc=""D1:term+posts"", total;dur=134.0;desc=""total"" | cfEdge;dur=188,cfOrigin;dur=0"
2026-10-06T07:22:44Z,astro6,browser,/,200,MISS,remote-WAW,HAM,330.1,601.3,610.1,271.2,30133,9.0,236.0,0.0,143.0,143.0,4.0,6.0,"rt;dur=0;desc=""Runtime init"", render;dur=143;desc=""Page render"", mw;dur=143;desc=""Total middleware"", db.total;dur=236;desc=""DB total"", db.count;dur=9;desc=""Query count"", db.first;dur=0;desc=""First query at"", db.last;dur=143;desc=""Last query at"", cache.hit;dur=4;desc=""Cache hits"", cache.miss;dur=6;desc=""Cache misses"" | D1_layout;dur=61.0;desc=""D1:layout"", D1_posts;dur=116.0;desc=""D1:posts"", D1_all-tags;dur=27.0;desc=""D1:all-tags"", total;dur=143.0;desc=""total"" | cfEdge;dur=222,cfOrigin;dur=0"
2026-10-06T07:22:44Z,astro6,browser,/posts/,200,MISS,remote-WAW,HAM,112.0,389.7,395.9,277.7,37272,9.0,223.0,0.0,129.0,129.0,4.0,6.0,"rt;dur=0;desc=""Runtime init"", render;dur=129;desc=""Page render"", mw;dur=129;desc=""Total middleware"", db.total;dur=223;desc=""DB total"", db.count;dur=9;desc=""Query count"", db.first;dur=0;desc=""First query at"", db.last;dur=129;desc=""Last query at"", cache.hit;dur=4;desc=""Cache hits"", cache.miss;dur=6;desc=""Cache misses"" | D1_layout;dur=66.0;desc=""D1:layout"", D1_posts;dur=107.0;desc=""D1:posts"", D1_all-tags;dur=22.0;desc=""D1:all-tags"", total;dur=129.0;desc=""total"" | cfEdge;dur=216,cfOrigin;dur=0"
2026-10-06T07:22:45Z,astro6,curl,/category/technologia,200,MISS,remote-WAW,HAM,92.4,422.9,423.4,330.5,28122,11.0,283.0,0.0,132.0,132.0,4.0,6.0,"rt;dur=0;desc=""Runtime init"", render;dur=132;desc=""Page render"", mw;dur=132;desc=""Total middleware"", db.total;dur=283;desc=""DB total"", db.count;dur=11;desc=""Query count"", db.first;dur=0;desc=""First query at"", db.last;dur=132;desc=""Last query at"", cache.hit;dur=4;desc=""Cache hits"", cache.miss;dur=6;desc=""Cache misses"" | D1_layout;dur=82.0;desc=""D1:layout"", D1_term+posts;dur=132.0;desc=""D1:term+posts"", total;dur=132.0;desc=""total"""
2026-10-06T07:22:46Z,astro6,curl,/,200,MISS,remote-WAW,HAM,99.5,393.4,400.7,293.9,29770,9.0,258.0,0.0,164.0,164.0,4.0,6.0,"rt;dur=0;desc=""Runtime init"", render;dur=164;desc=""Page render"", mw;dur=164;desc=""Total middleware"", db.total;dur=258;desc=""DB total"", db.count;dur=9;desc=""Query count"", db.first;dur=0;desc=""First query at"", db.last;dur=164;desc=""Last query at"", cache.hit;dur=4;desc=""Cache hits"", cache.miss;dur=6;desc=""Cache misses"" | D1_layout;dur=77.0;desc=""D1:layout"", D1_posts;dur=139.0;desc=""D1:posts"", D1_all-tags;dur=25.0;desc=""D1:all-tags"", total;dur=164.0;desc=""total"""
2026-10-06T07:22:47Z,astro6,curl,/posts/architektura-emdash-typescript-astro,200,MISS,remote-WAW,HAM,191.3,503.2,711.2,311.9,33127,13.0,435.0,0.0,182.0,182.0,10.0,7.0,"rt;dur=0;desc=""Runtime init"", render;dur=182;desc=""Page render"", mw;dur=182;desc=""Total middleware"", db.total;dur=435;desc=""DB total"", db.count;dur=13;desc=""Query count"", db.first;dur=0;desc=""First query at"", db.last;dur=182;desc=""Last query at"", cache.hit;dur=10;desc=""Cache hits"", cache.miss;dur=7;desc=""Cache misses"" | D1_layout;dur=95.0;desc=""D1:layout"", D1_entry+recent;dur=154.0;desc=""D1:entry+recent"", D1_tags;dur=28.0;desc=""D1:tags"", total;dur=182.0;desc=""total"""
2026-10-06T07:22:47Z,astro6,curl,/,200,MISS,remote-WAW,HAM,112.3,419.3,424.0,307.0,29758,10.0,301.0,0.0,164.0,164.0,4.0,6.0,"rt;dur=0;desc=""Runtime init"", render;dur=164;desc=""Page render"", mw;dur=164;desc=""Total middleware"", db.total;dur=301;desc=""DB total"", db.count;dur=10;desc=""Query count"", db.first;dur=0;desc=""First query at"", db.last;dur=164;desc=""Last query at"", cache.hit;dur=4;desc=""Cache hits"", cache.miss;dur=6;desc=""Cache misses"" | D1_layout;dur=71.0;desc=""D1:layout"", D1_posts;dur=141.0;desc=""D1:posts"", D1_all-tags;dur=23.0;desc=""D1:all-tags"", total;dur=164.0;desc=""total"""
2026-10-06T07:22:48Z,astro6,curl,/category/technologia,200,MISS,remote-WAW,HAM,181.0,447.4,450.4,266.4,28122,11.0,290.0,0.0,133.0,133.0,4.0,6.0,"rt;dur=0;desc=""Runtime init"", render;dur=133;desc=""Page render"", mw;dur=133;desc=""Total middleware"", db.total;dur=290;desc=""DB total"", db.count;dur=11;desc=""Query count"", db.first;dur=0;desc=""First query at"", db.last;dur=133;desc=""Last query at"", cache.hit;dur=4;desc=""Cache hits"", cache.miss;dur=6;desc=""Cache misses"" | D1_layout;dur=70.0;desc=""D1:layout"", D1_term+posts;dur=133.0;desc=""D1:term+posts"", total;dur=133.0;desc=""total"""
2026-10-06T07:22:49Z,astro6,browser,/posts/architektura-emdash-typescript-astro,200,MISS,remote-WAW,HAM,132.2,442.3,581.7,310.1,33507,13.0,446.0,0.0,188.0,188.0,10.0,7.0,"rt;dur=0;desc=""Runtime init"", render;dur=188;desc=""Page render"", mw;dur=188;desc=""Total middleware"", db.total;dur=446;desc=""DB total"", db.count;dur=13;desc=""Query count"", db.first;dur=0;desc=""First query at"", db.last;dur=188;desc=""Last query at"", cache.hit;dur=10;desc=""Cache hits"", cache.miss;dur=7;desc=""Cache misses"" | D1_layout;dur=106.0;desc=""D1:layout"", D1_entry+recent;dur=163.0;desc=""D1:entry+recent"", D1_tags;dur=25.0;desc=""D1:tags"", total;dur=188.0;desc=""total"" | cfEdge;dur=249,cfOrigin;dur=0"
2026-10-06T07:22:49Z,astro6,browser,/,200,MISS,remote-WAW,HAM,112.6,393.9,400.8,281.3,30133,9.0,247.0,0.0,154.0,154.0,4.0,6.0,"rt;dur=0;desc=""Runtime init"", render;dur=154;desc=""Page render"", mw;dur=154;desc=""Total middleware"", db.total;dur=247;desc=""DB total"", db.count;dur=9;desc=""Query count"", db.first;dur=0;desc=""First query at"", db.last;dur=154;desc=""Last query at"", cache.hit;dur=4;desc=""Cache hits"", cache.miss;dur=6;desc=""Cache misses"" | D1_layout;dur=63.0;desc=""D1:layout"", D1_posts;dur=127.0;desc=""D1:posts"", D1_all-tags;dur=27.0;desc=""D1:all-tags"", total;dur=154.0;desc=""total"" | cfEdge;dur=228,cfOrigin;dur=0"
2026-10-06T07:22:50Z,astro6,browser,/posts/,200,MISS,remote-WAW,HAM,160.7,429.2,440.0,268.5,37268,9.0,261.0,0.0,145.0,145.0,4.0,6.0,"rt;dur=0;desc=""Runtime init"", render;dur=145;desc=""Page render"", mw;dur=145;desc=""Total middleware"", db.total;dur=261;desc=""DB total"", db.count;dur=9;desc=""Query count"", db.first;dur=0;desc=""First query at"", db.last;dur=145;desc=""Last query at"", cache.hit;dur=4;desc=""Cache hits"", cache.miss;dur=6;desc=""Cache misses"" | D1_layout;dur=84.0;desc=""D1:layout"", D1_posts;dur=121.0;desc=""D1:posts"", D1_all-tags;dur=24.0;desc=""D1:all-tags"", total;dur=145.0;desc=""total"" | cfEdge;dur=222,cfOrigin;dur=0"
2026-10-06T07:22:51Z,astro6,browser,/category/technologia,200,MISS,remote-WAW,HAM,119.8,367.8,374.2,248.0,28501,11.0,257.0,0.0,121.0,121.0,4.0,6.0,"rt;dur=0;desc=""Runtime init"", render;dur=121;desc=""Page render"", mw;dur=121;desc=""Total middleware"", db.total;dur=257;desc=""DB total"", db.count;dur=11;desc=""Query count"", db.first;dur=0;desc=""First query at"", db.last;dur=121;desc=""Last query at"", cache.hit;dur=4;desc=""Cache hits"", cache.miss;dur=6;desc=""Cache misses"" | D1_layout;dur=60.0;desc=""D1:layout"", D1_term+posts;dur=121.0;desc=""D1:term+posts"", total;dur=121.0;desc=""total"" | cfEdge;dur=197,cfOrigin;dur=0"
2026-10-06T07:22:51Z,astro6,curl,/posts/,200,MISS,remote-WAW,HAM,195.4,466.5,484.5,271.1,36901,9.0,240.0,0.0,151.0,151.0,4.0,6.0,"rt;dur=0;desc=""Runtime init"", render;dur=151;desc=""Page render"", mw;dur=151;desc=""Total middleware"", db.total;dur=240;desc=""DB total"", db.count;dur=9;desc=""Query count"", db.first;dur=0;desc=""First query at"", db.last;dur=151;desc=""Last query at"", cache.hit;dur=4;desc=""Cache hits"", cache.miss;dur=6;desc=""Cache misses"" | D1_layout;dur=76.0;desc=""D1:layout"", D1_posts;dur=127.0;desc=""D1:posts"", D1_all-tags;dur=24.0;desc=""D1:all-tags"", total;dur=151.0;desc=""total"""
2026-10-06T07:22:52Z,astro6,curl,/posts/architektura-emdash-typescript-astro,200,MISS,remote-WAW,HAM,128.2,613.1,633.7,484.9,33139,13.0,630.0,0.0,333.0,333.0,10.0,7.0,"rt;dur=0;desc=""Runtime init"", render;dur=333;desc=""Page render"", mw;dur=333;desc=""Total middleware"", db.total;dur=630;desc=""DB total"", db.count;dur=13;desc=""Query count"", db.first;dur=0;desc=""First query at"", db.last;dur=333;desc=""Last query at"", cache.hit;dur=10;desc=""Cache hits"", cache.miss;dur=7;desc=""Cache misses"" | D1_layout;dur=87.0;desc=""D1:layout"", D1_entry+recent;dur=309.0;desc=""D1:entry+recent"", D1_tags;dur=24.0;desc=""D1:tags"", total;dur=333.0;desc=""total"""
2026-10-06T07:22:53Z,astro6,browser,/category/technologia,200,MISS,remote-WAW,HAM,107.4,359.6,364.8,252.2,28489,11.0,256.0,0.0,127.0,127.0,4.0,6.0,"rt;dur=0;desc=""Runtime init"", render;dur=127;desc=""Page render"", mw;dur=127;desc=""Total middleware"", db.total;dur=256;desc=""DB total"", db.count;dur=11;desc=""Query count"", db.first;dur=0;desc=""First query at"", db.last;dur=127;desc=""Last query at"", cache.hit;dur=4;desc=""Cache hits"", cache.miss;dur=6;desc=""Cache misses"" | D1_layout;dur=66.0;desc=""D1:layout"", D1_term+posts;dur=127.0;desc=""D1:term+posts"", total;dur=127.0;desc=""total"" | cfEdge;dur=202,cfOrigin;dur=0"
2026-10-06T07:22:54Z,astro6,curl,/posts/,200,MISS,remote-WAW,HAM,101.4,594.1,596.7,492.7,36897,9.0,283.0,0.0,168.0,168.0,4.0,6.0,"rt;dur=0;desc=""Runtime init"", render;dur=168;desc=""Page render"", mw;dur=168;desc=""Total middleware"", db.total;dur=283;desc=""DB total"", db.count;dur=9;desc=""Query count"", db.first;dur=0;desc=""First query at"", db.last;dur=168;desc=""Last query at"", cache.hit;dur=4;desc=""Cache hits"", cache.miss;dur=6;desc=""Cache misses"" | D1_layout;dur=89.0;desc=""D1:layout"", D1_posts;dur=140.0;desc=""D1:posts"", D1_all-tags;dur=28.0;desc=""D1:all-tags"", total;dur=168.0;desc=""total"""
2026-10-06T07:22:55Z,astro6,browser,/posts/,200,MISS,remote-WAW,HAM,419.3,781.6,784.6,362.3,37276,9.0,278.0,0.0,169.0,169.0,4.0,6.0,"rt;dur=0;desc=""Runtime init"", render;dur=169;desc=""Page render"", mw;dur=169;desc=""Total middleware"", db.total;dur=278;desc=""DB total"", db.count;dur=9;desc=""Query count"", db.first;dur=0;desc=""First query at"", db.last;dur=169;desc=""Last query at"", cache.hit;dur=4;desc=""Cache hits"", cache.miss;dur=6;desc=""Cache misses"" | D1_layout;dur=75.0;desc=""D1:layout"", D1_posts;dur=140.0;desc=""D1:posts"", D1_all-tags;dur=29.0;desc=""D1:all-tags"", total;dur=169.0;desc=""total"" | cfEdge;dur=239,cfOrigin;dur=0"
2026-10-06T07:22:55Z,astro6,curl,/,200,MISS,remote-WAW,HAM,310.1,651.3,652.3,341.2,29767,9.0,332.0,0.0,189.0,189.0,4.0,6.0,"rt;dur=0;desc=""Runtime init"", render;dur=189;desc=""Page render"", mw;dur=189;desc=""Total middleware"", db.total;dur=332;desc=""DB total"", db.count;dur=9;desc=""Query count"", db.first;dur=0;desc=""First query at"", db.last;dur=189;desc=""Last query at"", cache.hit;dur=4;desc=""Cache hits"", cache.miss;dur=6;desc=""Cache misses"" | D1_layout;dur=115.0;desc=""D1:layout"", D1_posts;dur=165.0;desc=""D1:posts"", D1_all-tags;dur=24.0;desc=""D1:all-tags"", total;dur=189.0;desc=""total"""
2026-10-06T07:22:56Z,astro6,curl,/category/technologia,200,MISS,remote-WAW,HAM,310.2,576.3,582.7,266.1,28122,11.0,338.0,0.0,155.0,155.0,4.0,6.0,"rt;dur=0;desc=""Runtime init"", render;dur=155;desc=""Page render"", mw;dur=155;desc=""Total middleware"", db.total;dur=338;desc=""DB total"", db.count;dur=11;desc=""Query count"", db.first;dur=0;desc=""First query at"", db.last;dur=155;desc=""Last query at"", cache.hit;dur=4;desc=""Cache hits"", cache.miss;dur=6;desc=""Cache misses"" | D1_layout;dur=98.0;desc=""D1:layout"", D1_term+posts;dur=155.0;desc=""D1:term+posts"", total;dur=155.0;desc=""total"""
2026-10-06T07:22:57Z,astro6,browser,/posts/architektura-emdash-typescript-astro,200,MISS,remote-WAW,HAM,207.8,548.3,549.8,340.5,33498,13.0,304.0,0.0,129.0,129.0,10.0,7.0,"rt;dur=0;desc=""Runtime init"", render;dur=129;desc=""Page render"", mw;dur=129;desc=""Total middleware"", db.total;dur=304;desc=""DB total"", db.count;dur=13;desc=""Query count"", db.first;dur=0;desc=""First query at"", db.last;dur=129;desc=""Last query at"", cache.hit;dur=10;desc=""Cache hits"", cache.miss;dur=7;desc=""Cache misses"" | D1_layout;dur=69.0;desc=""D1:layout"", D1_entry+recent;dur=107.0;desc=""D1:entry+recent"", D1_tags;dur=22.0;desc=""D1:tags"", total;dur=129.0;desc=""total"" | cfEdge;dur=205,cfOrigin;dur=0"
2026-10-06T07:22:58Z,astro6,browser,/,200,MISS,remote-WAW,HAM,121.8,476.0,477.1,354.2,30133,9.0,263.0,0.0,159.0,159.0,4.0,6.0,"rt;dur=0;desc=""Runtime init"", render;dur=159;desc=""Page render"", mw;dur=159;desc=""Total middleware"", db.total;dur=263;desc=""DB total"", db.count;dur=9;desc=""Query count"", db.first;dur=0;desc=""First query at"", db.last;dur=159;desc=""Last query at"", cache.hit;dur=4;desc=""Cache hits"", cache.miss;dur=6;desc=""Cache misses"" | D1_layout;dur=69.0;desc=""D1:layout"", D1_posts;dur=136.0;desc=""D1:posts"", D1_all-tags;dur=23.0;desc=""D1:all-tags"", total;dur=159.0;desc=""total"" | cfEdge;dur=221,cfOrigin;dur=0"
