time,label,accept,page,status,x_cache,placement,colo,appconnect_ms,ttfb_ms,total_ms,server_ms,bytes,db_count,db_total,db_first,db_last,render,cache_hit,cache_miss,server_timing
2026-10-06T07:50:27Z,astro7-nofields,browser,/posts/architektura-emdash-typescript-astro,200,MISS,remote-WAW,HAM,206.2,551.8,552.7,345.6,33266,11.0,339.0,0.0,149.0,149.0,6.0,7.0,"rt;dur=0;desc=""Runtime init"", render;dur=149;desc=""Page render"", mw;dur=149;desc=""Total middleware"", db.total;dur=339;desc=""DB total"", db.count;dur=11;desc=""Query count"", db.first;dur=0;desc=""First query at"", db.last;dur=149;desc=""Last query at"", cache.hit;dur=6;desc=""Cache hits"", cache.miss;dur=7;desc=""Cache misses"" | D1_entry+recent;dur=81.0;desc=""D1:entry+recent"", D1_layout;dur=81.0;desc=""D1:layout"", D1_tags;dur=22.0;desc=""D1:tags"", total;dur=149.0;desc=""total"" | cfEdge;dur=258,cfOrigin;dur=0"
2026-10-06T07:50:28Z,astro7-nofields,curl,/category/technologia,200,MISS,remote-WAW,HAM,298.0,509.9,510.4,211.9,27880,9.0,289.0,0.0,74.0,74.0,2.0,6.0,"rt;dur=0;desc=""Runtime init"", render;dur=74;desc=""Page render"", mw;dur=74;desc=""Total middleware"", db.total;dur=289;desc=""DB total"", db.count;dur=9;desc=""Query count"", db.first;dur=0;desc=""First query at"", db.last;dur=74;desc=""Last query at"", cache.hit;dur=2;desc=""Cache hits"", cache.miss;dur=6;desc=""Cache misses"" | D1_term+posts;dur=74.0;desc=""D1:term+posts"", D1_layout;dur=74.0;desc=""D1:layout"", total;dur=74.0;desc=""total"""
2026-10-06T07:50:29Z,astro7-nofields,browser,/category/technologia,200,MISS,remote-,HAM,434.3,637.3,654.4,203.0,28255,7.0,214.0,0.0,62.0,62.0,2.0,6.0,"rt;dur=0;desc=""Runtime init"", render;dur=62;desc=""Page render"", mw;dur=62;desc=""Total middleware"", db.total;dur=214;desc=""DB total"", db.count;dur=7;desc=""Query count"", db.first;dur=0;desc=""First query at"", db.last;dur=62;desc=""Last query at"", cache.hit;dur=2;desc=""Cache hits"", cache.miss;dur=6;desc=""Cache misses"" | D1_layout;dur=60.0;desc=""D1:layout"", D1_term+posts;dur=62.0;desc=""D1:term+posts"", total;dur=62.0;desc=""total"" | cfEdge;dur=158,cfOrigin;dur=0"
2026-10-06T07:50:29Z,astro7-nofields,browser,/,200,MISS,remote-,HAM,128.9,424.8,431.7,295.9,29900,5.0,141.0,0.0,66.0,66.0,2.0,6.0,"rt;dur=0;desc=""Runtime init"", render;dur=66;desc=""Page render"", mw;dur=66;desc=""Total middleware"", db.total;dur=141;desc=""DB total"", db.count;dur=5;desc=""Query count"", db.first;dur=0;desc=""First query at"", db.last;dur=66;desc=""Last query at"", cache.hit;dur=2;desc=""Cache hits"", cache.miss;dur=6;desc=""Cache misses"" | D1_posts;dur=45.0;desc=""D1:posts"", D1_layout;dur=45.0;desc=""D1:layout"", D1_all-tags;dur=21.0;desc=""D1:all-tags"", total;dur=66.0;desc=""total"" | cfEdge;dur=153,cfOrigin;dur=0"
2026-10-06T07:50:30Z,astro7-nofields,curl,/posts/,200,MISS,remote-,HAM,196.2,407.5,412.9,211.3,36704,5.0,133.0,0.0,70.0,70.0,2.0,6.0,"rt;dur=0;desc=""Runtime init"", render;dur=70;desc=""Page render"", mw;dur=70;desc=""Total middleware"", db.total;dur=133;desc=""DB total"", db.count;dur=5;desc=""Query count"", db.first;dur=0;desc=""First query at"", db.last;dur=70;desc=""Last query at"", cache.hit;dur=2;desc=""Cache hits"", cache.miss;dur=6;desc=""Cache misses"" | D1_posts;dur=48.0;desc=""D1:posts"", D1_layout;dur=48.0;desc=""D1:layout"", D1_all-tags;dur=22.0;desc=""D1:all-tags"", total;dur=70.0;desc=""total"""
2026-10-06T07:50:30Z,astro7-nofields,curl,/,200,MISS,remote-WAW,HAM,104.5,301.3,313.4,196.8,29529,5.0,133.0,0.0,63.0,63.0,2.0,6.0,"rt;dur=0;desc=""Runtime init"", render;dur=63;desc=""Page render"", mw;dur=63;desc=""Total middleware"", db.total;dur=133;desc=""DB total"", db.count;dur=5;desc=""Query count"", db.first;dur=0;desc=""First query at"", db.last;dur=63;desc=""Last query at"", cache.hit;dur=2;desc=""Cache hits"", cache.miss;dur=6;desc=""Cache misses"" | D1_posts;dur=42.0;desc=""D1:posts"", D1_layout;dur=42.0;desc=""D1:layout"", D1_all-tags;dur=21.0;desc=""D1:all-tags"", total;dur=63.0;desc=""total"""
2026-10-06T07:50:31Z,astro7-nofields,browser,/posts/,200,MISS,remote-,HAM,113.1,326.9,336.0,213.8,37071,5.0,149.0,0.0,76.0,76.0,2.0,6.0,"rt;dur=0;desc=""Runtime init"", render;dur=76;desc=""Page render"", mw;dur=76;desc=""Total middleware"", db.total;dur=149;desc=""DB total"", db.count;dur=5;desc=""Query count"", db.first;dur=0;desc=""First query at"", db.last;dur=76;desc=""Last query at"", cache.hit;dur=2;desc=""Cache hits"", cache.miss;dur=6;desc=""Cache misses"" | D1_posts;dur=49.0;desc=""D1:posts"", D1_layout;dur=49.0;desc=""D1:layout"", D1_all-tags;dur=27.0;desc=""D1:all-tags"", total;dur=76.0;desc=""total"" | cfEdge;dur=161,cfOrigin;dur=0"
2026-10-06T07:50:32Z,astro7-nofields,curl,/posts/architektura-emdash-typescript-astro,200,MISS,remote-WAW,HAM,96.4,371.5,372.7,275.1,32903,9.0,275.0,0.0,122.0,122.0,6.0,7.0,"rt;dur=0;desc=""Runtime init"", render;dur=122;desc=""Page render"", mw;dur=122;desc=""Total middleware"", db.total;dur=275;desc=""DB total"", db.count;dur=9;desc=""Query count"", db.first;dur=0;desc=""First query at"", db.last;dur=122;desc=""Last query at"", cache.hit;dur=6;desc=""Cache hits"", cache.miss;dur=7;desc=""Cache misses"" | D1_entry+recent;dur=58.0;desc=""D1:entry+recent"", D1_layout;dur=58.0;desc=""D1:layout"", D1_tags;dur=22.0;desc=""D1:tags"", total;dur=122.0;desc=""total"""
2026-10-06T07:50:32Z,astro7-nofields,curl,/category/technologia,200,MISS,remote-,HAM,121.0,306.5,308.4,185.5,27900,7.0,244.0,0.0,69.0,69.0,2.0,6.0,"rt;dur=0;desc=""Runtime init"", render;dur=69;desc=""Page render"", mw;dur=69;desc=""Total middleware"", db.total;dur=244;desc=""DB total"", db.count;dur=7;desc=""Query count"", db.first;dur=0;desc=""First query at"", db.last;dur=69;desc=""Last query at"", cache.hit;dur=2;desc=""Cache hits"", cache.miss;dur=6;desc=""Cache misses"" | D1_layout;dur=69.0;desc=""D1:layout"", D1_term+posts;dur=69.0;desc=""D1:term+posts"", total;dur=69.0;desc=""total"""
2026-10-06T07:50:33Z,astro7-nofields,browser,/posts/,200,MISS,remote-WAW,HAM,106.8,297.6,304.1,190.8,37063,5.0,142.0,0.0,71.0,71.0,2.0,6.0,"rt;dur=0;desc=""Runtime init"", render;dur=71;desc=""Page render"", mw;dur=71;desc=""Total middleware"", db.total;dur=142;desc=""DB total"", db.count;dur=5;desc=""Query count"", db.first;dur=0;desc=""First query at"", db.last;dur=71;desc=""Last query at"", cache.hit;dur=2;desc=""Cache hits"", cache.miss;dur=6;desc=""Cache misses"" | D1_posts;dur=47.0;desc=""D1:posts"", D1_layout;dur=47.0;desc=""D1:layout"", D1_all-tags;dur=24.0;desc=""D1:all-tags"", total;dur=71.0;desc=""total"" | cfEdge;dur=151,cfOrigin;dur=0"
2026-10-06T07:50:33Z,astro7-nofields,browser,/posts/architektura-emdash-typescript-astro,200,MISS,remote-,HAM,101.5,371.9,374.2,270.4,33250,9.0,254.0,0.0,114.0,114.0,6.0,7.0,"rt;dur=0;desc=""Runtime init"", render;dur=114;desc=""Page render"", mw;dur=114;desc=""Total middleware"", db.total;dur=254;desc=""DB total"", db.count;dur=9;desc=""Query count"", db.first;dur=0;desc=""First query at"", db.last;dur=114;desc=""Last query at"", cache.hit;dur=6;desc=""Cache hits"", cache.miss;dur=7;desc=""Cache misses"" | D1_entry+recent;dur=50.0;desc=""D1:entry+recent"", D1_layout;dur=50.0;desc=""D1:layout"", D1_tags;dur=26.0;desc=""D1:tags"", total;dur=114.0;desc=""total"" | cfEdge;dur=208,cfOrigin;dur=0"
2026-10-06T07:50:34Z,astro7-nofields,browser,/category/technologia,200,MISS,remote-WAW,HAM,160.6,372.8,373.2,212.2,28251,7.0,214.0,0.0,60.0,60.0,2.0,6.0,"rt;dur=0;desc=""Runtime init"", render;dur=60;desc=""Page render"", mw;dur=60;desc=""Total middleware"", db.total;dur=214;desc=""DB total"", db.count;dur=7;desc=""Query count"", db.first;dur=0;desc=""First query at"", db.last;dur=60;desc=""Last query at"", cache.hit;dur=2;desc=""Cache hits"", cache.miss;dur=6;desc=""Cache misses"" | D1_layout;dur=60.0;desc=""D1:layout"", D1_term+posts;dur=60.0;desc=""D1:term+posts"", total;dur=60.0;desc=""total"" | cfEdge;dur=130,cfOrigin;dur=0"
2026-10-06T07:50:35Z,astro7-nofields,curl,/,200,MISS,remote-WAW,HAM,244.6,465.7,478.2,221.1,29541,5.0,171.0,0.0,97.0,97.0,2.0,6.0,"rt;dur=0;desc=""Runtime init"", render;dur=97;desc=""Page render"", mw;dur=97;desc=""Total middleware"", db.total;dur=171;desc=""DB total"", db.count;dur=5;desc=""Query count"", db.first;dur=0;desc=""First query at"", db.last;dur=97;desc=""Last query at"", cache.hit;dur=2;desc=""Cache hits"", cache.miss;dur=6;desc=""Cache misses"" | D1_layout;dur=54.0;desc=""D1:layout"", D1_posts;dur=55.0;desc=""D1:posts"", D1_all-tags;dur=42.0;desc=""D1:all-tags"", total;dur=97.0;desc=""total"""
2026-10-06T07:50:35Z,astro7-nofields,browser,/,200,MISS,remote-WAW,HAM,118.0,338.4,431.2,220.4,29892,5.0,149.0,0.0,73.0,73.0,2.0,6.0,"rt;dur=0;desc=""Runtime init"", render;dur=73;desc=""Page render"", mw;dur=73;desc=""Total middleware"", db.total;dur=149;desc=""DB total"", db.count;dur=5;desc=""Query count"", db.first;dur=0;desc=""First query at"", db.last;dur=73;desc=""Last query at"", cache.hit;dur=2;desc=""Cache hits"", cache.miss;dur=6;desc=""Cache misses"" | D1_posts;dur=48.0;desc=""D1:posts"", D1_layout;dur=48.0;desc=""D1:layout"", D1_all-tags;dur=25.0;desc=""D1:all-tags"", total;dur=73.0;desc=""total"" | cfEdge;dur=170,cfOrigin;dur=0"
2026-10-06T07:50:36Z,astro7-nofields,curl,/posts/,200,MISS,remote-,HAM,129.3,328.7,336.7,199.4,36700,5.0,155.0,0.0,75.0,75.0,2.0,6.0,"rt;dur=0;desc=""Runtime init"", render;dur=75;desc=""Page render"", mw;dur=75;desc=""Total middleware"", db.total;dur=155;desc=""DB total"", db.count;dur=5;desc=""Query count"", db.first;dur=0;desc=""First query at"", db.last;dur=75;desc=""Last query at"", cache.hit;dur=2;desc=""Cache hits"", cache.miss;dur=6;desc=""Cache misses"" | D1_layout;dur=51.0;desc=""D1:layout"", D1_posts;dur=56.0;desc=""D1:posts"", D1_all-tags;dur=19.0;desc=""D1:all-tags"", total;dur=75.0;desc=""total"""
2026-10-06T07:50:37Z,astro7-nofields,curl,/posts/architektura-emdash-typescript-astro,200,MISS,remote-WAW,HAM,118.3,379.9,383.9,261.6,32903,9.0,250.0,0.0,116.0,116.0,6.0,7.0,"rt;dur=0;desc=""Runtime init"", render;dur=116;desc=""Page render"", mw;dur=116;desc=""Total middleware"", db.total;dur=250;desc=""DB total"", db.count;dur=9;desc=""Query count"", db.first;dur=0;desc=""First query at"", db.last;dur=116;desc=""Last query at"", cache.hit;dur=6;desc=""Cache hits"", cache.miss;dur=7;desc=""Cache misses"" | D1_entry+recent;dur=46.0;desc=""D1:entry+recent"", D1_layout;dur=46.0;desc=""D1:layout"", D1_tags;dur=20.0;desc=""D1:tags"", total;dur=116.0;desc=""total"""
2026-10-06T07:50:37Z,astro7-nofields,curl,/,200,MISS,remote-WAW,HAM,180.0,625.1,626.2,445.1,29554,5.0,339.0,0.0,265.0,265.0,2.0,6.0,"rt;dur=0;desc=""Runtime init"", render;dur=265;desc=""Page render"", mw;dur=265;desc=""Total middleware"", db.total;dur=339;desc=""DB total"", db.count;dur=5;desc=""Query count"", db.first;dur=0;desc=""First query at"", db.last;dur=265;desc=""Last query at"", cache.hit;dur=2;desc=""Cache hits"", cache.miss;dur=6;desc=""Cache misses"" | D1_layout;dur=43.0;desc=""D1:layout"", D1_posts;dur=241.0;desc=""D1:posts"", D1_all-tags;dur=24.0;desc=""D1:all-tags"", total;dur=265.0;desc=""total"""
2026-10-06T07:50:38Z,astro7-nofields,browser,/posts/,200,MISS,remote-WAW,HAM,114.6,340.8,350.7,226.2,37067,5.0,183.0,0.0,85.0,85.0,2.0,6.0,"rt;dur=0;desc=""Runtime init"", render;dur=85;desc=""Page render"", mw;dur=85;desc=""Total middleware"", db.total;dur=183;desc=""DB total"", db.count;dur=5;desc=""Query count"", db.first;dur=0;desc=""First query at"", db.last;dur=85;desc=""Last query at"", cache.hit;dur=2;desc=""Cache hits"", cache.miss;dur=6;desc=""Cache misses"" | D1_posts;dur=61.0;desc=""D1:posts"", D1_layout;dur=61.0;desc=""D1:layout"", D1_all-tags;dur=24.0;desc=""D1:all-tags"", total;dur=85.0;desc=""total"" | cfEdge;dur=172,cfOrigin;dur=0"
2026-10-06T07:50:39Z,astro7-nofields,curl,/category/technologia,200,MISS,remote-WAW,HAM,117.8,337.2,344.8,219.4,27880,7.0,234.0,0.0,70.0,70.0,2.0,6.0,"rt;dur=0;desc=""Runtime init"", render;dur=70;desc=""Page render"", mw;dur=70;desc=""Total middleware"", db.total;dur=234;desc=""DB total"", db.count;dur=7;desc=""Query count"", db.first;dur=0;desc=""First query at"", db.last;dur=70;desc=""Last query at"", cache.hit;dur=2;desc=""Cache hits"", cache.miss;dur=6;desc=""Cache misses"" | D1_layout;dur=65.0;desc=""D1:layout"", D1_term+posts;dur=70.0;desc=""D1:term+posts"", total;dur=70.0;desc=""total"""
2026-10-06T07:50:40Z,astro7-nofields,curl,/posts/architektura-emdash-typescript-astro,200,MISS,remote-,HAM,440.0,710.8,730.2,270.8,32887,9.0,256.0,0.0,126.0,126.0,6.0,7.0,"rt;dur=0;desc=""Runtime init"", render;dur=126;desc=""Page render"", mw;dur=126;desc=""Total middleware"", db.total;dur=256;desc=""DB total"", db.count;dur=9;desc=""Query count"", db.first;dur=0;desc=""First query at"", db.last;dur=126;desc=""Last query at"", cache.hit;dur=6;desc=""Cache hits"", cache.miss;dur=7;desc=""Cache misses"" | D1_entry+recent;dur=55.0;desc=""D1:entry+recent"", D1_layout;dur=55.0;desc=""D1:layout"", D1_tags;dur=23.0;desc=""D1:tags"", total;dur=126.0;desc=""total"""
2026-10-06T07:50:40Z,astro7-nofields,curl,/posts/,200,MISS,remote-,HAM,248.7,443.7,453.5,195.0,36704,5.0,141.0,0.0,71.0,71.0,2.0,6.0,"rt;dur=0;desc=""Runtime init"", render;dur=71;desc=""Page render"", mw;dur=71;desc=""Total middleware"", db.total;dur=141;desc=""DB total"", db.count;dur=5;desc=""Query count"", db.first;dur=0;desc=""First query at"", db.last;dur=71;desc=""Last query at"", cache.hit;dur=2;desc=""Cache hits"", cache.miss;dur=6;desc=""Cache misses"" | D1_posts;dur=49.0;desc=""D1:posts"", D1_layout;dur=49.0;desc=""D1:layout"", D1_all-tags;dur=22.0;desc=""D1:all-tags"", total;dur=71.0;desc=""total"""
2026-10-06T07:50:41Z,astro7-nofields,browser,/category/technologia,200,MISS,remote-,HAM,277.2,817.1,819.6,539.9,28252,7.0,394.0,0.0,270.0,270.0,2.0,6.0,"rt;dur=0;desc=""Runtime init"", render;dur=270;desc=""Page render"", mw;dur=270;desc=""Total middleware"", db.total;dur=394;desc=""DB total"", db.count;dur=7;desc=""Query count"", db.first;dur=0;desc=""First query at"", db.last;dur=270;desc=""Last query at"", cache.hit;dur=2;desc=""Cache hits"", cache.miss;dur=6;desc=""Cache misses"" | D1_layout;dur=63.0;desc=""D1:layout"", D1_term+posts;dur=270.0;desc=""D1:term+posts"", total;dur=270.0;desc=""total"" | cfEdge;dur=334,cfOrigin;dur=0"
2026-10-06T07:50:42Z,astro7-nofields,browser,/posts/architektura-emdash-typescript-astro,200,MISS,remote-WAW,HAM,283.9,621.9,623.5,338.0,33250,9.0,280.0,0.0,129.0,129.0,6.0,7.0,"rt;dur=0;desc=""Runtime init"", render;dur=129;desc=""Page render"", mw;dur=129;desc=""Total middleware"", db.total;dur=280;desc=""DB total"", db.count;dur=9;desc=""Query count"", db.first;dur=0;desc=""First query at"", db.last;dur=129;desc=""Last query at"", cache.hit;dur=6;desc=""Cache hits"", cache.miss;dur=7;desc=""Cache misses"" | D1_entry+recent;dur=59.0;desc=""D1:entry+recent"", D1_layout;dur=59.0;desc=""D1:layout"", D1_tags;dur=20.0;desc=""D1:tags"", total;dur=129.0;desc=""total"" | cfEdge;dur=220,cfOrigin;dur=0"
2026-10-06T07:50:43Z,astro7-nofields,browser,/,200,MISS,remote-WAW,HAM,110.2,298.5,300.7,188.3,29908,5.0,133.0,0.0,68.0,68.0,2.0,6.0,"rt;dur=0;desc=""Runtime init"", render;dur=68;desc=""Page render"", mw;dur=68;desc=""Total middleware"", db.total;dur=133;desc=""DB total"", db.count;dur=5;desc=""Query count"", db.first;dur=0;desc=""First query at"", db.last;dur=68;desc=""Last query at"", cache.hit;dur=2;desc=""Cache hits"", cache.miss;dur=6;desc=""Cache misses"" | D1_posts;dur=47.0;desc=""D1:posts"", D1_layout;dur=47.0;desc=""D1:layout"", D1_all-tags;dur=21.0;desc=""D1:all-tags"", total;dur=68.0;desc=""total"" | cfEdge;dur=139,cfOrigin;dur=0"
2026-10-06T07:50:43Z,astro7-nofields,curl,/,200,MISS,remote-,HAM,285.1,492.8,498.2,207.7,29537,5.0,147.0,0.0,84.0,84.0,2.0,6.0,"rt;dur=0;desc=""Runtime init"", render;dur=84;desc=""Page render"", mw;dur=84;desc=""Total middleware"", db.total;dur=147;desc=""DB total"", db.count;dur=5;desc=""Query count"", db.first;dur=0;desc=""First query at"", db.last;dur=84;desc=""Last query at"", cache.hit;dur=2;desc=""Cache hits"", cache.miss;dur=6;desc=""Cache misses"" | D1_layout;dur=35.0;desc=""D1:layout"", D1_posts;dur=63.0;desc=""D1:posts"", D1_all-tags;dur=21.0;desc=""D1:all-tags"", total;dur=84.0;desc=""total"""
2026-10-06T07:50:44Z,astro7-nofields,browser,/,200,MISS,remote-WAW,HAM,432.6,627.7,776.1,195.1,29904,5.0,114.0,0.0,55.0,55.0,2.0,6.0,"rt;dur=0;desc=""Runtime init"", render;dur=55;desc=""Page render"", mw;dur=55;desc=""Total middleware"", db.total;dur=114;desc=""DB total"", db.count;dur=5;desc=""Query count"", db.first;dur=0;desc=""First query at"", db.last;dur=55;desc=""Last query at"", cache.hit;dur=2;desc=""Cache hits"", cache.miss;dur=6;desc=""Cache misses"" | D1_posts;dur=34.0;desc=""D1:posts"", D1_layout;dur=34.0;desc=""D1:layout"", D1_all-tags;dur=21.0;desc=""D1:all-tags"", total;dur=55.0;desc=""total"" | cfEdge;dur=128,cfOrigin;dur=0"
2026-10-06T07:50:45Z,astro7-nofields,browser,/posts/architektura-emdash-typescript-astro,200,MISS,remote-WAW,HAM,197.8,446.7,451.0,248.9,33250,9.0,231.0,0.0,110.0,110.0,6.0,7.0,"rt;dur=0;desc=""Runtime init"", render;dur=110;desc=""Page render"", mw;dur=110;desc=""Total middleware"", db.total;dur=231;desc=""DB total"", db.count;dur=9;desc=""Query count"", db.first;dur=0;desc=""First query at"", db.last;dur=110;desc=""Last query at"", cache.hit;dur=6;desc=""Cache hits"", cache.miss;dur=7;desc=""Cache misses"" | D1_entry+recent;dur=48.0;desc=""D1:entry+recent"", D1_layout;dur=48.0;desc=""D1:layout"", D1_tags;dur=23.0;desc=""D1:tags"", total;dur=110.0;desc=""total"" | cfEdge;dur=192,cfOrigin;dur=0"
2026-10-06T07:50:46Z,astro7-nofields,browser,/category/technologia,200,MISS,remote-WAW,HAM,88.8,276.9,285.9,188.1,28251,7.0,197.0,0.0,57.0,57.0,2.0,6.0,"rt;dur=0;desc=""Runtime init"", render;dur=57;desc=""Page render"", mw;dur=57;desc=""Total middleware"", db.total;dur=197;desc=""DB total"", db.count;dur=7;desc=""Query count"", db.first;dur=0;desc=""First query at"", db.last;dur=57;desc=""Last query at"", cache.hit;dur=2;desc=""Cache hits"", cache.miss;dur=6;desc=""Cache misses"" | D1_term+posts;dur=57.0;desc=""D1:term+posts"", D1_layout;dur=57.0;desc=""D1:layout"", total;dur=57.0;desc=""total"" | cfEdge;dur=146,cfOrigin;dur=0"
2026-10-06T07:50:46Z,astro7-nofields,curl,/posts/architektura-emdash-typescript-astro,200,MISS,remote-WAW,HAM,91.6,325.1,329.9,233.5,32911,9.0,255.0,0.0,118.0,118.0,6.0,7.0,"rt;dur=0;desc=""Runtime init"", render;dur=118;desc=""Page render"", mw;dur=118;desc=""Total middleware"", db.total;dur=255;desc=""DB total"", db.count;dur=9;desc=""Query count"", db.first;dur=0;desc=""First query at"", db.last;dur=118;desc=""Last query at"", cache.hit;dur=6;desc=""Cache hits"", cache.miss;dur=7;desc=""Cache misses"" | D1_entry+recent;dur=48.0;desc=""D1:entry+recent"", D1_layout;dur=48.0;desc=""D1:layout"", D1_tags;dur=26.0;desc=""D1:tags"", total;dur=118.0;desc=""total"""
2026-10-06T07:50:47Z,astro7-nofields,curl,/category/technologia,200,MISS,remote-WAW,HAM,117.1,297.7,304.6,180.6,27892,7.0,176.0,0.0,55.0,55.0,2.0,6.0,"rt;dur=0;desc=""Runtime init"", render;dur=55;desc=""Page render"", mw;dur=55;desc=""Total middleware"", db.total;dur=176;desc=""DB total"", db.count;dur=7;desc=""Query count"", db.first;dur=0;desc=""First query at"", db.last;dur=55;desc=""Last query at"", cache.hit;dur=2;desc=""Cache hits"", cache.miss;dur=6;desc=""Cache misses"" | D1_layout;dur=49.0;desc=""D1:layout"", D1_term+posts;dur=55.0;desc=""D1:term+posts"", total;dur=55.0;desc=""total"""
2026-10-06T07:50:47Z,astro7-nofields,browser,/posts/,200,MISS,remote-,HAM,135.3,419.2,420.6,283.9,37067,5.0,135.0,0.0,66.0,66.0,2.0,6.0,"rt;dur=0;desc=""Runtime init"", render;dur=66;desc=""Page render"", mw;dur=66;desc=""Total middleware"", db.total;dur=135;desc=""DB total"", db.count;dur=5;desc=""Query count"", db.first;dur=0;desc=""First query at"", db.last;dur=66;desc=""Last query at"", cache.hit;dur=2;desc=""Cache hits"", cache.miss;dur=6;desc=""Cache misses"" | D1_posts;dur=47.0;desc=""D1:posts"", D1_layout;dur=47.0;desc=""D1:layout"", D1_all-tags;dur=19.0;desc=""D1:all-tags"", total;dur=66.0;desc=""total"" | cfEdge;dur=165,cfOrigin;dur=0"
2026-10-06T07:50:48Z,astro7-nofields,curl,/posts/,200,MISS,remote-,HAM,117.3,321.4,329.3,204.1,36712,5.0,149.0,0.0,77.0,77.0,2.0,6.0,"rt;dur=0;desc=""Runtime init"", render;dur=77;desc=""Page render"", mw;dur=77;desc=""Total middleware"", db.total;dur=149;desc=""DB total"", db.count;dur=5;desc=""Query count"", db.first;dur=0;desc=""First query at"", db.last;dur=77;desc=""Last query at"", cache.hit;dur=2;desc=""Cache hits"", cache.miss;dur=6;desc=""Cache misses"" | D1_posts;dur=57.0;desc=""D1:posts"", D1_layout;dur=57.0;desc=""D1:layout"", D1_all-tags;dur=20.0;desc=""D1:all-tags"", total;dur=77.0;desc=""total"""
2026-10-06T07:50:48Z,astro7-nofields,browser,/,200,MISS,remote-WAW,HAM,112.1,309.1,327.7,197.0,29900,5.0,126.0,0.0,63.0,63.0,2.0,6.0,"rt;dur=0;desc=""Runtime init"", render;dur=63;desc=""Page render"", mw;dur=63;desc=""Total middleware"", db.total;dur=126;desc=""DB total"", db.count;dur=5;desc=""Query count"", db.first;dur=0;desc=""First query at"", db.last;dur=63;desc=""Last query at"", cache.hit;dur=2;desc=""Cache hits"", cache.miss;dur=6;desc=""Cache misses"" | D1_posts;dur=42.0;desc=""D1:posts"", D1_layout;dur=42.0;desc=""D1:layout"", D1_all-tags;dur=21.0;desc=""D1:all-tags"", total;dur=63.0;desc=""total"" | cfEdge;dur=144,cfOrigin;dur=0"
2026-10-06T07:50:49Z,astro7-nofields,curl,/posts/architektura-emdash-typescript-astro,200,MISS,remote-,HAM,125.2,353.4,370.3,228.2,32903,9.0,223.0,0.0,99.0,99.0,6.0,7.0,"rt;dur=0;desc=""Runtime init"", render;dur=99;desc=""Page render"", mw;dur=99;desc=""Total middleware"", db.total;dur=223;desc=""DB total"", db.count;dur=9;desc=""Query count"", db.first;dur=0;desc=""First query at"", db.last;dur=99;desc=""Last query at"", cache.hit;dur=6;desc=""Cache hits"", cache.miss;dur=7;desc=""Cache misses"" | D1_layout;dur=36.0;desc=""D1:layout"", D1_entry+recent;dur=40.0;desc=""D1:entry+recent"", D1_tags;dur=19.0;desc=""D1:tags"", total;dur=99.0;desc=""total"""
2026-10-06T07:50:50Z,astro7-nofields,curl,/category/technologia,200,MISS,remote-WAW,HAM,198.0,426.3,435.7,228.3,27884,7.0,187.0,0.0,56.0,56.0,2.0,6.0,"rt;dur=0;desc=""Runtime init"", render;dur=56;desc=""Page render"", mw;dur=56;desc=""Total middleware"", db.total;dur=187;desc=""DB total"", db.count;dur=7;desc=""Query count"", db.first;dur=0;desc=""First query at"", db.last;dur=56;desc=""Last query at"", cache.hit;dur=2;desc=""Cache hits"", cache.miss;dur=6;desc=""Cache misses"" | D1_layout;dur=43.0;desc=""D1:layout"", D1_term+posts;dur=56.0;desc=""D1:term+posts"", total;dur=56.0;desc=""total"""
2026-10-06T07:50:50Z,astro7-nofields,browser,/category/technologia,200,MISS,remote-WAW,HAM,107.8,296.4,302.7,188.6,28255,7.0,218.0,0.0,64.0,64.0,2.0,6.0,"rt;dur=0;desc=""Runtime init"", render;dur=64;desc=""Page render"", mw;dur=64;desc=""Total middleware"", db.total;dur=218;desc=""DB total"", db.count;dur=7;desc=""Query count"", db.first;dur=0;desc=""First query at"", db.last;dur=64;desc=""Last query at"", cache.hit;dur=2;desc=""Cache hits"", cache.miss;dur=6;desc=""Cache misses"" | D1_layout;dur=64.0;desc=""D1:layout"", D1_term+posts;dur=64.0;desc=""D1:term+posts"", total;dur=64.0;desc=""total"" | cfEdge;dur=128,cfOrigin;dur=0"
2026-10-06T07:50:51Z,astro7-nofields,curl,/,200,MISS,remote-WAW,HAM,97.2,278.1,285.7,180.9,29525,5.0,126.0,0.0,64.0,64.0,2.0,6.0,"rt;dur=0;desc=""Runtime init"", render;dur=64;desc=""Page render"", mw;dur=64;desc=""Total middleware"", db.total;dur=126;desc=""DB total"", db.count;dur=5;desc=""Query count"", db.first;dur=0;desc=""First query at"", db.last;dur=64;desc=""Last query at"", cache.hit;dur=2;desc=""Cache hits"", cache.miss;dur=6;desc=""Cache misses"" | D1_posts;dur=37.0;desc=""D1:posts"", D1_layout;dur=37.0;desc=""D1:layout"", D1_all-tags;dur=27.0;desc=""D1:all-tags"", total;dur=64.0;desc=""total"""
2026-10-06T07:50:51Z,astro7-nofields,browser,/posts/architektura-emdash-typescript-astro,200,MISS,remote-WAW,HAM,117.0,349.4,379.4,232.4,33262,9.0,222.0,0.0,109.0,109.0,6.0,7.0,"rt;dur=0;desc=""Runtime init"", render;dur=109;desc=""Page render"", mw;dur=109;desc=""Total middleware"", db.total;dur=222;desc=""DB total"", db.count;dur=9;desc=""Query count"", db.first;dur=0;desc=""First query at"", db.last;dur=109;desc=""Last query at"", cache.hit;dur=6;desc=""Cache hits"", cache.miss;dur=7;desc=""Cache misses"" | D1_entry+recent;dur=40.0;desc=""D1:entry+recent"", D1_layout;dur=40.0;desc=""D1:layout"", D1_tags;dur=20.0;desc=""D1:tags"", total;dur=109.0;desc=""total"" | cfEdge;dur=183,cfOrigin;dur=0"
2026-10-06T07:50:52Z,astro7-nofields,curl,/posts/,200,MISS,remote-WAW,HAM,104.5,503.3,513.8,398.8,36709,5.0,351.0,0.0,266.0,266.0,2.0,6.0,"rt;dur=0;desc=""Runtime init"", render;dur=266;desc=""Page render"", mw;dur=266;desc=""Total middleware"", db.total;dur=351;desc=""DB total"", db.count;dur=5;desc=""Query count"", db.first;dur=0;desc=""First query at"", db.last;dur=266;desc=""Last query at"", cache.hit;dur=2;desc=""Cache hits"", cache.miss;dur=6;desc=""Cache misses"" | D1_layout;dur=54.0;desc=""D1:layout"", D1_posts;dur=239.0;desc=""D1:posts"", D1_all-tags;dur=27.0;desc=""D1:all-tags"", total;dur=266.0;desc=""total"""
2026-10-06T07:50:53Z,astro7-nofields,browser,/posts/,200,MISS,remote-,HAM,94.7,299.2,335.3,204.5,37075,5.0,139.0,0.0,69.0,69.0,2.0,6.0,"rt;dur=0;desc=""Runtime init"", render;dur=69;desc=""Page render"", mw;dur=69;desc=""Total middleware"", db.total;dur=139;desc=""DB total"", db.count;dur=5;desc=""Query count"", db.first;dur=0;desc=""First query at"", db.last;dur=69;desc=""Last query at"", cache.hit;dur=2;desc=""Cache hits"", cache.miss;dur=6;desc=""Cache misses"" | D1_posts;dur=48.0;desc=""D1:posts"", D1_layout;dur=48.0;desc=""D1:layout"", D1_all-tags;dur=21.0;desc=""D1:all-tags"", total;dur=69.0;desc=""total"" | cfEdge;dur=159,cfOrigin;dur=0"
2026-10-06T07:50:53Z,astro7-nofields,browser,/,200,MISS,remote-,HAM,201.5,384.1,398.7,182.6,29892,5.0,126.0,0.0,72.0,72.0,2.0,6.0,"rt;dur=0;desc=""Runtime init"", render;dur=72;desc=""Page render"", mw;dur=72;desc=""Total middleware"", db.total;dur=126;desc=""DB total"", db.count;dur=5;desc=""Query count"", db.first;dur=0;desc=""First query at"", db.last;dur=72;desc=""Last query at"", cache.hit;dur=2;desc=""Cache hits"", cache.miss;dur=6;desc=""Cache misses"" | D1_posts;dur=47.0;desc=""D1:posts"", D1_layout;dur=47.0;desc=""D1:layout"", D1_all-tags;dur=25.0;desc=""D1:all-tags"", total;dur=72.0;desc=""total"" | cfEdge;dur=134,cfOrigin;dur=0"
2026-10-06T07:50:54Z,astro7-nofields,curl,/,200,MISS,remote-WAW,HAM,121.8,328.1,334.1,206.3,29537,5.0,173.0,0.0,84.0,84.0,2.0,6.0,"rt;dur=0;desc=""Runtime init"", render;dur=84;desc=""Page render"", mw;dur=84;desc=""Total middleware"", db.total;dur=173;desc=""DB total"", db.count;dur=5;desc=""Query count"", db.first;dur=0;desc=""First query at"", db.last;dur=84;desc=""Last query at"", cache.hit;dur=2;desc=""Cache hits"", cache.miss;dur=6;desc=""Cache misses"" | D1_layout;dur=54.0;desc=""D1:layout"", D1_posts;dur=58.0;desc=""D1:posts"", D1_all-tags;dur=26.0;desc=""D1:all-tags"", total;dur=84.0;desc=""total"""
2026-10-06T07:50:55Z,astro7-nofields,curl,/posts/architektura-emdash-typescript-astro,200,MISS,remote-WAW,HAM,121.1,408.2,514.9,287.1,32887,9.0,289.0,0.0,129.0,129.0,6.0,7.0,"rt;dur=0;desc=""Runtime init"", render;dur=129;desc=""Page render"", mw;dur=129;desc=""Total middleware"", db.total;dur=289;desc=""DB total"", db.count;dur=9;desc=""Query count"", db.first;dur=0;desc=""First query at"", db.last;dur=129;desc=""Last query at"", cache.hit;dur=6;desc=""Cache hits"", cache.miss;dur=7;desc=""Cache misses"" | D1_layout;dur=50.0;desc=""D1:layout"", D1_entry+recent;dur=51.0;desc=""D1:entry+recent"", D1_tags;dur=24.0;desc=""D1:tags"", total;dur=129.0;desc=""total"""
2026-10-06T07:50:55Z,astro7-nofields,browser,/category/technologia,200,MISS,remote-WAW,HAM,120.1,312.6,324.7,192.5,28263,7.0,188.0,0.0,56.0,56.0,2.0,6.0,"rt;dur=0;desc=""Runtime init"", render;dur=56;desc=""Page render"", mw;dur=56;desc=""Total middleware"", db.total;dur=188;desc=""DB total"", db.count;dur=7;desc=""Query count"", db.first;dur=0;desc=""First query at"", db.last;dur=56;desc=""Last query at"", cache.hit;dur=2;desc=""Cache hits"", cache.miss;dur=6;desc=""Cache misses"" | D1_layout;dur=56.0;desc=""D1:layout"", D1_term+posts;dur=56.0;desc=""D1:term+posts"", total;dur=56.0;desc=""total"" | cfEdge;dur=134,cfOrigin;dur=0"
2026-10-06T07:50:56Z,astro7-nofields,browser,/posts/,200,MISS,remote-WAW,HAM,261.0,467.9,489.4,206.9,37079,5.0,127.0,0.0,71.0,71.0,2.0,6.0,"rt;dur=0;desc=""Runtime init"", render;dur=71;desc=""Page render"", mw;dur=71;desc=""Total middleware"", db.total;dur=127;desc=""DB total"", db.count;dur=5;desc=""Query count"", db.first;dur=0;desc=""First query at"", db.last;dur=71;desc=""Last query at"", cache.hit;dur=2;desc=""Cache hits"", cache.miss;dur=6;desc=""Cache misses"" | D1_posts;dur=47.0;desc=""D1:posts"", D1_layout;dur=47.0;desc=""D1:layout"", D1_all-tags;dur=24.0;desc=""D1:all-tags"", total;dur=71.0;desc=""total"" | cfEdge;dur=156,cfOrigin;dur=0"
2026-10-06T07:50:57Z,astro7-nofields,browser,/posts/architektura-emdash-typescript-astro,200,MISS,remote-,HAM,418.2,756.4,757.4,338.2,33266,9.0,227.0,0.0,107.0,107.0,6.0,7.0,"rt;dur=0;desc=""Runtime init"", render;dur=107;desc=""Page render"", mw;dur=107;desc=""Total middleware"", db.total;dur=227;desc=""DB total"", db.count;dur=9;desc=""Query count"", db.first;dur=0;desc=""First query at"", db.last;dur=107;desc=""Last query at"", cache.hit;dur=6;desc=""Cache hits"", cache.miss;dur=7;desc=""Cache misses"" | D1_layout;dur=35.0;desc=""D1:layout"", D1_entry+recent;dur=38.0;desc=""D1:entry+recent"", D1_tags;dur=29.0;desc=""D1:tags"", total;dur=107.0;desc=""total"" | cfEdge;dur=186,cfOrigin;dur=0"
2026-10-06T07:50:58Z,astro7-nofields,curl,/posts/,200,MISS,remote-,HAM,289.6,500.5,517.8,210.9,36700,6.0,178.0,0.0,76.0,76.0,2.0,6.0,"rt;dur=0;desc=""Runtime init"", render;dur=76;desc=""Page render"", mw;dur=76;desc=""Total middleware"", db.total;dur=178;desc=""DB total"", db.count;dur=6;desc=""Query count"", db.first;dur=0;desc=""First query at"", db.last;dur=76;desc=""Last query at"", cache.hit;dur=2;desc=""Cache hits"", cache.miss;dur=6;desc=""Cache misses"" | D1_posts;dur=49.0;desc=""D1:posts"", D1_layout;dur=49.0;desc=""D1:layout"", D1_all-tags;dur=27.0;desc=""D1:all-tags"", total;dur=76.0;desc=""total"""
2026-10-06T07:50:58Z,astro7-nofields,curl,/category/technologia,200,MISS,remote-,HAM,155.5,400.1,400.8,244.6,27884,7.0,169.0,0.0,55.0,55.0,2.0,6.0,"rt;dur=0;desc=""Runtime init"", render;dur=55;desc=""Page render"", mw;dur=55;desc=""Total middleware"", db.total;dur=169;desc=""DB total"", db.count;dur=7;desc=""Query count"", db.first;dur=0;desc=""First query at"", db.last;dur=55;desc=""Last query at"", cache.hit;dur=2;desc=""Cache hits"", cache.miss;dur=6;desc=""Cache misses"" | D1_layout;dur=52.0;desc=""D1:layout"", D1_term+posts;dur=55.0;desc=""D1:term+posts"", total;dur=55.0;desc=""total"""
2026-10-06T07:50:59Z,astro7-nofields,browser,/,200,MISS,remote-,HAM,485.1,662.9,690.9,177.8,29912,5.0,145.0,0.0,72.0,72.0,2.0,6.0,"rt;dur=0;desc=""Runtime init"", render;dur=72;desc=""Page render"", mw;dur=72;desc=""Total middleware"", db.total;dur=145;desc=""DB total"", db.count;dur=5;desc=""Query count"", db.first;dur=0;desc=""First query at"", db.last;dur=72;desc=""Last query at"", cache.hit;dur=2;desc=""Cache hits"", cache.miss;dur=6;desc=""Cache misses"" | D1_posts;dur=50.0;desc=""D1:posts"", D1_layout;dur=50.0;desc=""D1:layout"", D1_all-tags;dur=22.0;desc=""D1:all-tags"", total;dur=72.0;desc=""total"" | cfEdge;dur=131,cfOrigin;dur=0"
2026-10-06T07:51:00Z,astro7-nofields,curl,/,200,MISS,remote-WAW,HAM,309.0,601.5,602.4,292.5,29529,5.0,189.0,0.0,92.0,92.0,2.0,6.0,"rt;dur=0;desc=""Runtime init"", render;dur=92;desc=""Page render"", mw;dur=92;desc=""Total middleware"", db.total;dur=189;desc=""DB total"", db.count;dur=5;desc=""Query count"", db.first;dur=0;desc=""First query at"", db.last;dur=92;desc=""Last query at"", cache.hit;dur=2;desc=""Cache hits"", cache.miss;dur=6;desc=""Cache misses"" | D1_posts;dur=66.0;desc=""D1:posts"", D1_layout;dur=66.0;desc=""D1:layout"", D1_all-tags;dur=26.0;desc=""D1:all-tags"", total;dur=92.0;desc=""total"""
2026-10-06T07:51:01Z,astro7-nofields,curl,/posts/architektura-emdash-typescript-astro,200,MISS,remote-WAW,HAM,307.1,653.4,655.7,346.3,32891,9.0,264.0,0.0,138.0,138.0,6.0,7.0,"rt;dur=0;desc=""Runtime init"", render;dur=138;desc=""Page render"", mw;dur=138;desc=""Total middleware"", db.total;dur=264;desc=""DB total"", db.count;dur=9;desc=""Query count"", db.first;dur=0;desc=""First query at"", db.last;dur=138;desc=""Last query at"", cache.hit;dur=6;desc=""Cache hits"", cache.miss;dur=7;desc=""Cache misses"" | D1_entry+recent;dur=56.0;desc=""D1:entry+recent"", D1_layout;dur=56.0;desc=""D1:layout"", D1_tags;dur=27.0;desc=""D1:tags"", total;dur=138.0;desc=""total"""
2026-10-06T07:51:02Z,astro7-nofields,curl,/category/technologia,200,MISS,remote-WAW,HAM,115.4,337.7,342.5,222.3,27880,8.0,250.0,0.0,63.0,63.0,2.0,6.0,"rt;dur=0;desc=""Runtime init"", render;dur=63;desc=""Page render"", mw;dur=63;desc=""Total middleware"", db.total;dur=250;desc=""DB total"", db.count;dur=8;desc=""Query count"", db.first;dur=0;desc=""First query at"", db.last;dur=63;desc=""Last query at"", cache.hit;dur=2;desc=""Cache hits"", cache.miss;dur=6;desc=""Cache misses"" | D1_layout;dur=60.0;desc=""D1:layout"", D1_term+posts;dur=63.0;desc=""D1:term+posts"", total;dur=63.0;desc=""total"""
2026-10-06T07:51:02Z,astro7-nofields,browser,/posts/architektura-emdash-typescript-astro,200,MISS,remote-WAW,HAM,107.1,355.3,400.1,248.2,33274,9.0,253.0,0.0,119.0,119.0,6.0,7.0,"rt;dur=0;desc=""Runtime init"", render;dur=119;desc=""Page render"", mw;dur=119;desc=""Total middleware"", db.total;dur=253;desc=""DB total"", db.count;dur=9;desc=""Query count"", db.first;dur=0;desc=""First query at"", db.last;dur=119;desc=""Last query at"", cache.hit;dur=6;desc=""Cache hits"", cache.miss;dur=7;desc=""Cache misses"" | D1_entry+recent;dur=59.0;desc=""D1:entry+recent"", D1_layout;dur=59.0;desc=""D1:layout"", D1_tags;dur=19.0;desc=""D1:tags"", total;dur=119.0;desc=""total"" | cfEdge;dur=189,cfOrigin;dur=0"
2026-10-06T07:51:03Z,astro7-nofields,curl,/posts/,200,MISS,remote-WAW,HAM,187.4,651.2,653.8,463.8,36705,5.0,365.0,0.0,282.0,282.0,2.0,6.0,"rt;dur=0;desc=""Runtime init"", render;dur=282;desc=""Page render"", mw;dur=282;desc=""Total middleware"", db.total;dur=365;desc=""DB total"", db.count;dur=5;desc=""Query count"", db.first;dur=0;desc=""First query at"", db.last;dur=282;desc=""Last query at"", cache.hit;dur=2;desc=""Cache hits"", cache.miss;dur=6;desc=""Cache misses"" | D1_layout;dur=57.0;desc=""D1:layout"", D1_posts;dur=255.0;desc=""D1:posts"", D1_all-tags;dur=27.0;desc=""D1:all-tags"", total;dur=282.0;desc=""total"""
2026-10-06T07:51:04Z,astro7-nofields,browser,/category/technologia,200,MISS,remote-,HAM,83.4,283.2,284.3,199.8,28243,7.0,187.0,0.0,54.0,54.0,2.0,6.0,"rt;dur=0;desc=""Runtime init"", render;dur=54;desc=""Page render"", mw;dur=54;desc=""Total middleware"", db.total;dur=187;desc=""DB total"", db.count;dur=7;desc=""Query count"", db.first;dur=0;desc=""First query at"", db.last;dur=54;desc=""Last query at"", cache.hit;dur=2;desc=""Cache hits"", cache.miss;dur=6;desc=""Cache misses"" | D1_term+posts;dur=54.0;desc=""D1:term+posts"", D1_layout;dur=54.0;desc=""D1:layout"", total;dur=54.0;desc=""total"" | cfEdge;dur=139,cfOrigin;dur=0"
2026-10-06T07:51:04Z,astro7-nofields,browser,/posts/,200,MISS,remote-WAW,HAM,102.9,290.0,299.2,187.1,37071,5.0,146.0,0.0,75.0,75.0,2.0,6.0,"rt;dur=0;desc=""Runtime init"", render;dur=75;desc=""Page render"", mw;dur=75;desc=""Total middleware"", db.total;dur=146;desc=""DB total"", db.count;dur=5;desc=""Query count"", db.first;dur=0;desc=""First query at"", db.last;dur=75;desc=""Last query at"", cache.hit;dur=2;desc=""Cache hits"", cache.miss;dur=6;desc=""Cache misses"" | D1_posts;dur=47.0;desc=""D1:posts"", D1_layout;dur=47.0;desc=""D1:layout"", D1_all-tags;dur=28.0;desc=""D1:all-tags"", total;dur=75.0;desc=""total"" | cfEdge;dur=141,cfOrigin;dur=0"
2026-10-06T07:51:05Z,astro7-nofields,curl,/posts/,200,MISS,remote-,HAM,115.8,314.3,324.4,198.5,36696,5.0,145.0,0.0,70.0,70.0,2.0,6.0,"rt;dur=0;desc=""Runtime init"", render;dur=70;desc=""Page render"", mw;dur=70;desc=""Total middleware"", db.total;dur=145;desc=""DB total"", db.count;dur=5;desc=""Query count"", db.first;dur=0;desc=""First query at"", db.last;dur=70;desc=""Last query at"", cache.hit;dur=2;desc=""Cache hits"", cache.miss;dur=6;desc=""Cache misses"" | D1_posts;dur=47.0;desc=""D1:posts"", D1_layout;dur=47.0;desc=""D1:layout"", D1_all-tags;dur=23.0;desc=""D1:all-tags"", total;dur=70.0;desc=""total"""
2026-10-06T07:51:05Z,astro7-nofields,curl,/,200,MISS,remote-,HAM,107.1,516.1,517.4,409.0,29551,5.0,407.0,0.0,278.0,278.0,2.0,6.0,"rt;dur=0;desc=""Runtime init"", render;dur=278;desc=""Page render"", mw;dur=278;desc=""Total middleware"", db.total;dur=407;desc=""DB total"", db.count;dur=5;desc=""Query count"", db.first;dur=0;desc=""First query at"", db.last;dur=278;desc=""Last query at"", cache.hit;dur=2;desc=""Cache hits"", cache.miss;dur=6;desc=""Cache misses"" | D1_layout;dur=109.0;desc=""D1:layout"", D1_posts;dur=253.0;desc=""D1:posts"", D1_all-tags;dur=25.0;desc=""D1:all-tags"", total;dur=278.0;desc=""total"""
2026-10-06T07:51:06Z,astro7-nofields,browser,/posts/architektura-emdash-typescript-astro,200,MISS,remote-WAW,HAM,137.9,398.1,406.6,260.2,33250,9.0,253.0,0.0,124.0,124.0,6.0,7.0,"rt;dur=0;desc=""Runtime init"", render;dur=124;desc=""Page render"", mw;dur=124;desc=""Total middleware"", db.total;dur=253;desc=""DB total"", db.count;dur=9;desc=""Query count"", db.first;dur=0;desc=""First query at"", db.last;dur=124;desc=""Last query at"", cache.hit;dur=6;desc=""Cache hits"", cache.miss;dur=7;desc=""Cache misses"" | D1_entry+recent;dur=51.0;desc=""D1:entry+recent"", D1_layout;dur=51.0;desc=""D1:layout"", D1_tags;dur=26.0;desc=""D1:tags"", total;dur=124.0;desc=""total"" | cfEdge;dur=201,cfOrigin;dur=0"
2026-10-06T07:51:07Z,astro7-nofields,browser,/,200,MISS,remote-WAW,HAM,106.2,345.3,346.4,239.1,29900,5.0,131.0,0.0,70.0,70.0,2.0,6.0,"rt;dur=0;desc=""Runtime init"", render;dur=70;desc=""Page render"", mw;dur=70;desc=""Total middleware"", db.total;dur=131;desc=""DB total"", db.count;dur=5;desc=""Query count"", db.first;dur=0;desc=""First query at"", db.last;dur=70;desc=""Last query at"", cache.hit;dur=2;desc=""Cache hits"", cache.miss;dur=6;desc=""Cache misses"" | D1_posts;dur=46.0;desc=""D1:posts"", D1_layout;dur=46.0;desc=""D1:layout"", D1_all-tags;dur=24.0;desc=""D1:all-tags"", total;dur=70.0;desc=""total"" | cfEdge;dur=154,cfOrigin;dur=0"
2026-10-06T07:51:07Z,astro7-nofields,curl,/category/technologia,200,MISS,remote-WAW,HAM,117.2,316.0,324.6,198.8,27880,7.0,202.0,0.0,62.0,62.0,2.0,6.0,"rt;dur=0;desc=""Runtime init"", render;dur=62;desc=""Page render"", mw;dur=62;desc=""Total middleware"", db.total;dur=202;desc=""DB total"", db.count;dur=7;desc=""Query count"", db.first;dur=0;desc=""First query at"", db.last;dur=62;desc=""Last query at"", cache.hit;dur=2;desc=""Cache hits"", cache.miss;dur=6;desc=""Cache misses"" | D1_layout;dur=44.0;desc=""D1:layout"", D1_term+posts;dur=62.0;desc=""D1:term+posts"", total;dur=62.0;desc=""total"""
2026-10-06T07:51:08Z,astro7-nofields,browser,/category/technologia,200,MISS,remote-WAW,HAM,109.9,327.1,327.7,217.2,28251,7.0,165.0,0.0,56.0,56.0,2.0,6.0,"rt;dur=0;desc=""Runtime init"", render;dur=56;desc=""Page render"", mw;dur=56;desc=""Total middleware"", db.total;dur=165;desc=""DB total"", db.count;dur=7;desc=""Query count"", db.first;dur=0;desc=""First query at"", db.last;dur=56;desc=""Last query at"", cache.hit;dur=2;desc=""Cache hits"", cache.miss;dur=6;desc=""Cache misses"" | D1_layout;dur=40.0;desc=""D1:layout"", D1_term+posts;dur=56.0;desc=""D1:term+posts"", total;dur=56.0;desc=""total"" | cfEdge;dur=142,cfOrigin;dur=0"
2026-10-06T07:51:09Z,astro7-nofields,browser,/posts/,200,MISS,remote-,HAM,211.3,397.9,419.7,186.6,37071,5.0,124.0,0.0,66.0,66.0,2.0,6.0,"rt;dur=0;desc=""Runtime init"", render;dur=66;desc=""Page render"", mw;dur=66;desc=""Total middleware"", db.total;dur=124;desc=""DB total"", db.count;dur=5;desc=""Query count"", db.first;dur=0;desc=""First query at"", db.last;dur=66;desc=""Last query at"", cache.hit;dur=2;desc=""Cache hits"", cache.miss;dur=6;desc=""Cache misses"" | D1_posts;dur=45.0;desc=""D1:posts"", D1_layout;dur=45.0;desc=""D1:layout"", D1_all-tags;dur=21.0;desc=""D1:all-tags"", total;dur=66.0;desc=""total"" | cfEdge;dur=138,cfOrigin;dur=0"
2026-10-06T07:51:09Z,astro7-nofields,curl,/posts/architektura-emdash-typescript-astro,200,MISS,remote-WAW,HAM,106.4,360.9,368.9,254.5,32879,9.0,281.0,0.0,124.0,124.0,6.0,7.0,"rt;dur=0;desc=""Runtime init"", render;dur=124;desc=""Page render"", mw;dur=124;desc=""Total middleware"", db.total;dur=281;desc=""DB total"", db.count;dur=9;desc=""Query count"", db.first;dur=0;desc=""First query at"", db.last;dur=124;desc=""Last query at"", cache.hit;dur=6;desc=""Cache hits"", cache.miss;dur=7;desc=""Cache misses"" | D1_entry+recent;dur=56.0;desc=""D1:entry+recent"", D1_layout;dur=56.0;desc=""D1:layout"", D1_tags;dur=23.0;desc=""D1:tags"", total;dur=124.0;desc=""total"""
2026-10-06T07:51:10Z,astro7-nofields,curl,/category/technologia,200,MISS,remote-WAW,HAM,110.5,328.2,331.4,217.7,27884,7.0,252.0,0.0,92.0,92.0,2.0,6.0,"rt;dur=0;desc=""Runtime init"", render;dur=92;desc=""Page render"", mw;dur=92;desc=""Total middleware"", db.total;dur=252;desc=""DB total"", db.count;dur=7;desc=""Query count"", db.first;dur=0;desc=""First query at"", db.last;dur=92;desc=""Last query at"", cache.hit;dur=2;desc=""Cache hits"", cache.miss;dur=6;desc=""Cache misses"" | D1_layout;dur=65.0;desc=""D1:layout"", D1_term+posts;dur=92.0;desc=""D1:term+posts"", total;dur=92.0;desc=""total"""
2026-10-06T07:51:11Z,astro7-nofields,curl,/posts/,200,MISS,remote-WAW,HAM,87.5,454.0,461.5,366.5,36701,5.0,340.0,0.0,251.0,251.0,2.0,6.0,"rt;dur=0;desc=""Runtime init"", render;dur=251;desc=""Page render"", mw;dur=251;desc=""Total middleware"", db.total;dur=340;desc=""DB total"", db.count;dur=5;desc=""Query count"", db.first;dur=0;desc=""First query at"", db.last;dur=251;desc=""Last query at"", cache.hit;dur=2;desc=""Cache hits"", cache.miss;dur=6;desc=""Cache misses"" | D1_layout;dur=56.0;desc=""D1:layout"", D1_posts;dur=228.0;desc=""D1:posts"", D1_all-tags;dur=23.0;desc=""D1:all-tags"", total;dur=251.0;desc=""total"""
2026-10-06T07:51:11Z,astro7-nofields,browser,/,200,MISS,remote-,HAM,155.1,335.6,344.4,180.5,29896,5.0,129.0,0.0,69.0,69.0,2.0,6.0,"rt;dur=0;desc=""Runtime init"", render;dur=69;desc=""Page render"", mw;dur=69;desc=""Total middleware"", db.total;dur=129;desc=""DB total"", db.count;dur=5;desc=""Query count"", db.first;dur=0;desc=""First query at"", db.last;dur=69;desc=""Last query at"", cache.hit;dur=2;desc=""Cache hits"", cache.miss;dur=6;desc=""Cache misses"" | D1_posts;dur=45.0;desc=""D1:posts"", D1_layout;dur=45.0;desc=""D1:layout"", D1_all-tags;dur=24.0;desc=""D1:all-tags"", total;dur=69.0;desc=""total"" | cfEdge;dur=137,cfOrigin;dur=0"
2026-10-06T07:51:12Z,astro7-nofields,browser,/posts/architektura-emdash-typescript-astro,200,MISS,remote-WAW,HAM,259.7,652.1,658.0,392.4,33255,9.0,400.0,0.0,243.0,243.0,6.0,7.0,"rt;dur=0;desc=""Runtime init"", render;dur=243;desc=""Page render"", mw;dur=243;desc=""Total middleware"", db.total;dur=400;desc=""DB total"", db.count;dur=9;desc=""Query count"", db.first;dur=0;desc=""First query at"", db.last;dur=243;desc=""Last query at"", cache.hit;dur=6;desc=""Cache hits"", cache.miss;dur=7;desc=""Cache misses"" | D1_layout;dur=66.0;desc=""D1:layout"", D1_entry+recent;dur=169.0;desc=""D1:entry+recent"", D1_tags;dur=27.0;desc=""D1:tags"", total;dur=243.0;desc=""total"" | cfEdge;dur=334,cfOrigin;dur=0"
2026-10-06T07:51:13Z,astro7-nofields,browser,/posts/,200,MISS,remote-,HAM,433.0,648.9,680.7,215.9,37071,5.0,155.0,0.0,73.0,73.0,2.0,6.0,"rt;dur=0;desc=""Runtime init"", render;dur=73;desc=""Page render"", mw;dur=73;desc=""Total middleware"", db.total;dur=155;desc=""DB total"", db.count;dur=5;desc=""Query count"", db.first;dur=0;desc=""First query at"", db.last;dur=73;desc=""Last query at"", cache.hit;dur=2;desc=""Cache hits"", cache.miss;dur=6;desc=""Cache misses"" | D1_layout;dur=52.0;desc=""D1:layout"", D1_posts;dur=53.0;desc=""D1:posts"", D1_all-tags;dur=20.0;desc=""D1:all-tags"", total;dur=73.0;desc=""total"" | cfEdge;dur=153,cfOrigin;dur=0"
2026-10-06T07:51:14Z,astro7-nofields,curl,/posts/architektura-emdash-typescript-astro,200,MISS,remote-WAW,HAM,219.2,561.2,562.0,342.0,32879,9.0,234.0,0.0,108.0,108.0,6.0,7.0,"rt;dur=0;desc=""Runtime init"", render;dur=108;desc=""Page render"", mw;dur=108;desc=""Total middleware"", db.total;dur=234;desc=""DB total"", db.count;dur=9;desc=""Query count"", db.first;dur=0;desc=""First query at"", db.last;dur=108;desc=""Last query at"", cache.hit;dur=6;desc=""Cache hits"", cache.miss;dur=7;desc=""Cache misses"" | D1_layout;dur=37.0;desc=""D1:layout"", D1_entry+recent;dur=38.0;desc=""D1:entry+recent"", D1_tags;dur=30.0;desc=""D1:tags"", total;dur=108.0;desc=""total"""
2026-10-06T07:51:14Z,astro7-nofields,browser,/category/technologia,200,MISS,remote-,HAM,274.4,457.6,459.6,183.2,28251,7.0,153.0,0.0,43.0,43.0,2.0,6.0,"rt;dur=0;desc=""Runtime init"", render;dur=43;desc=""Page render"", mw;dur=43;desc=""Total middleware"", db.total;dur=153;desc=""DB total"", db.count;dur=7;desc=""Query count"", db.first;dur=0;desc=""First query at"", db.last;dur=43;desc=""Last query at"", cache.hit;dur=2;desc=""Cache hits"", cache.miss;dur=6;desc=""Cache misses"" | D1_term+posts;dur=43.0;desc=""D1:term+posts"", D1_layout;dur=43.0;desc=""D1:layout"", total;dur=43.0;desc=""total"" | cfEdge;dur=107,cfOrigin;dur=0"
2026-10-06T07:51:15Z,astro7-nofields,curl,/,200,MISS,remote-,HAM,174.3,619.0,620.2,444.7,29530,5.0,370.0,0.0,284.0,284.0,2.0,6.0,"rt;dur=0;desc=""Runtime init"", render;dur=284;desc=""Page render"", mw;dur=284;desc=""Total middleware"", db.total;dur=370;desc=""DB total"", db.count;dur=5;desc=""Query count"", db.first;dur=0;desc=""First query at"", db.last;dur=284;desc=""Last query at"", cache.hit;dur=2;desc=""Cache hits"", cache.miss;dur=6;desc=""Cache misses"" | D1_layout;dur=53.0;desc=""D1:layout"", D1_posts;dur=254.0;desc=""D1:posts"", D1_all-tags;dur=30.0;desc=""D1:all-tags"", total;dur=284.0;desc=""total"""
2026-10-06T07:51:16Z,astro7-nofields,browser,/category/technologia,200,MISS,remote-WAW,HAM,327.9,503.6,515.7,175.7,28251,7.0,194.0,0.0,62.0,62.0,2.0,6.0,"rt;dur=0;desc=""Runtime init"", render;dur=62;desc=""Page render"", mw;dur=62;desc=""Total middleware"", db.total;dur=194;desc=""DB total"", db.count;dur=7;desc=""Query count"", db.first;dur=0;desc=""First query at"", db.last;dur=62;desc=""Last query at"", cache.hit;dur=2;desc=""Cache hits"", cache.miss;dur=6;desc=""Cache misses"" | D1_layout;dur=46.0;desc=""D1:layout"", D1_term+posts;dur=62.0;desc=""D1:term+posts"", total;dur=62.0;desc=""total"" | cfEdge;dur=132,cfOrigin;dur=0"
2026-10-06T07:51:17Z,astro7-nofields,curl,/posts/,200,MISS,remote-WAW,HAM,263.0,564.4,565.5,301.4,36704,5.0,149.0,0.0,80.0,80.0,2.0,6.0,"rt;dur=0;desc=""Runtime init"", render;dur=80;desc=""Page render"", mw;dur=80;desc=""Total middleware"", db.total;dur=149;desc=""DB total"", db.count;dur=5;desc=""Query count"", db.first;dur=0;desc=""First query at"", db.last;dur=80;desc=""Last query at"", cache.hit;dur=2;desc=""Cache hits"", cache.miss;dur=6;desc=""Cache misses"" | D1_posts;dur=53.0;desc=""D1:posts"", D1_layout;dur=53.0;desc=""D1:layout"", D1_all-tags;dur=27.0;desc=""D1:all-tags"", total;dur=80.0;desc=""total"""
2026-10-06T07:51:18Z,astro7-nofields,browser,/,200,MISS,remote-,HAM,297.0,709.9,727.0,412.9,29913,5.0,359.0,0.0,288.0,288.0,2.0,6.0,"rt;dur=0;desc=""Runtime init"", render;dur=288;desc=""Page render"", mw;dur=288;desc=""Total middleware"", db.total;dur=359;desc=""DB total"", db.count;dur=5;desc=""Query count"", db.first;dur=0;desc=""First query at"", db.last;dur=288;desc=""Last query at"", cache.hit;dur=2;desc=""Cache hits"", cache.miss;dur=6;desc=""Cache misses"" | D1_layout;dur=44.0;desc=""D1:layout"", D1_posts;dur=268.0;desc=""D1:posts"", D1_all-tags;dur=20.0;desc=""D1:all-tags"", total;dur=288.0;desc=""total"" | cfEdge;dur=359,cfOrigin;dur=0"
2026-10-06T07:51:18Z,astro7-nofields,curl,/category/technologia,200,MISS,remote-WAW,HAM,91.1,305.0,309.9,213.9,27884,7.0,241.0,0.0,71.0,71.0,2.0,6.0,"rt;dur=0;desc=""Runtime init"", render;dur=71;desc=""Page render"", mw;dur=71;desc=""Total middleware"", db.total;dur=241;desc=""DB total"", db.count;dur=7;desc=""Query count"", db.first;dur=0;desc=""First query at"", db.last;dur=71;desc=""Last query at"", cache.hit;dur=2;desc=""Cache hits"", cache.miss;dur=6;desc=""Cache misses"" | D1_layout;dur=71.0;desc=""D1:layout"", D1_term+posts;dur=71.0;desc=""D1:term+posts"", total;dur=71.0;desc=""total"""
2026-10-06T07:51:19Z,astro7-nofields,browser,/posts/,200,MISS,remote-WAW,HAM,104.6,309.8,325.3,205.2,37071,5.0,164.0,0.0,81.0,81.0,2.0,6.0,"rt;dur=0;desc=""Runtime init"", render;dur=81;desc=""Page render"", mw;dur=81;desc=""Total middleware"", db.total;dur=164;desc=""DB total"", db.count;dur=5;desc=""Query count"", db.first;dur=0;desc=""First query at"", db.last;dur=81;desc=""Last query at"", cache.hit;dur=2;desc=""Cache hits"", cache.miss;dur=6;desc=""Cache misses"" | D1_posts;dur=62.0;desc=""D1:posts"", D1_layout;dur=62.0;desc=""D1:layout"", D1_all-tags;dur=19.0;desc=""D1:all-tags"", total;dur=81.0;desc=""total"" | cfEdge;dur=147,cfOrigin;dur=0"
2026-10-06T07:51:19Z,astro7-nofields,curl,/,200,MISS,remote-WAW,HAM,90.0,308.7,310.2,218.7,29537,5.0,150.0,0.0,70.0,70.0,2.0,6.0,"rt;dur=0;desc=""Runtime init"", render;dur=70;desc=""Page render"", mw;dur=70;desc=""Total middleware"", db.total;dur=150;desc=""DB total"", db.count;dur=5;desc=""Query count"", db.first;dur=0;desc=""First query at"", db.last;dur=70;desc=""Last query at"", cache.hit;dur=2;desc=""Cache hits"", cache.miss;dur=6;desc=""Cache misses"" | D1_layout;dur=49.0;desc=""D1:layout"", D1_posts;dur=50.0;desc=""D1:posts"", D1_all-tags;dur=20.0;desc=""D1:all-tags"", total;dur=70.0;desc=""total"""
2026-10-06T07:51:20Z,astro7-nofields,curl,/posts/architektura-emdash-typescript-astro,200,MISS,remote-,HAM,178.1,697.8,698.5,519.7,32888,9.0,453.0,0.0,312.0,312.0,6.0,7.0,"rt;dur=0;desc=""Runtime init"", render;dur=312;desc=""Page render"", mw;dur=312;desc=""Total middleware"", db.total;dur=453;desc=""DB total"", db.count;dur=9;desc=""Query count"", db.first;dur=0;desc=""First query at"", db.last;dur=312;desc=""Last query at"", cache.hit;dur=6;desc=""Cache hits"", cache.miss;dur=7;desc=""Cache misses"" | D1_layout;dur=50.0;desc=""D1:layout"", D1_entry+recent;dur=242.0;desc=""D1:entry+recent"", D1_tags;dur=25.0;desc=""D1:tags"", total;dur=312.0;desc=""total"""
2026-10-06T07:51:21Z,astro7-nofields,browser,/posts/architektura-emdash-typescript-astro,200,MISS,remote-WAW,HAM,107.5,576.6,585.8,469.1,33259,9.0,460.0,0.0,317.0,317.0,6.0,7.0,"rt;dur=0;desc=""Runtime init"", render;dur=317;desc=""Page render"", mw;dur=317;desc=""Total middleware"", db.total;dur=460;desc=""DB total"", db.count;dur=9;desc=""Query count"", db.first;dur=0;desc=""First query at"", db.last;dur=317;desc=""Last query at"", cache.hit;dur=6;desc=""Cache hits"", cache.miss;dur=7;desc=""Cache misses"" | D1_layout;dur=52.0;desc=""D1:layout"", D1_entry+recent;dur=242.0;desc=""D1:entry+recent"", D1_tags;dur=25.0;desc=""D1:tags"", total;dur=317.0;desc=""total"" | cfEdge;dur=418,cfOrigin;dur=0"
2026-10-06T07:51:22Z,astro7-nofields,browser,/posts/,200,MISS,remote-,HAM,99.4,298.5,305.8,199.1,37071,5.0,147.0,0.0,74.0,74.0,2.0,6.0,"rt;dur=0;desc=""Runtime init"", render;dur=74;desc=""Page render"", mw;dur=74;desc=""Total middleware"", db.total;dur=147;desc=""DB total"", db.count;dur=5;desc=""Query count"", db.first;dur=0;desc=""First query at"", db.last;dur=74;desc=""Last query at"", cache.hit;dur=2;desc=""Cache hits"", cache.miss;dur=6;desc=""Cache misses"" | D1_posts;dur=54.0;desc=""D1:posts"", D1_layout;dur=54.0;desc=""D1:layout"", D1_all-tags;dur=20.0;desc=""D1:all-tags"", total;dur=74.0;desc=""total"" | cfEdge;dur=151,cfOrigin;dur=0"
2026-10-06T07:51:22Z,astro7-nofields,curl,/posts/,200,MISS,remote-WAW,HAM,98.2,512.4,516.0,414.2,36709,5.0,347.0,0.0,263.0,263.0,2.0,6.0,"rt;dur=0;desc=""Runtime init"", render;dur=263;desc=""Page render"", mw;dur=263;desc=""Total middleware"", db.total;dur=347;desc=""DB total"", db.count;dur=5;desc=""Query count"", db.first;dur=0;desc=""First query at"", db.last;dur=263;desc=""Last query at"", cache.hit;dur=2;desc=""Cache hits"", cache.miss;dur=6;desc=""Cache misses"" | D1_layout;dur=54.0;desc=""D1:layout"", D1_posts;dur=238.0;desc=""D1:posts"", D1_all-tags;dur=25.0;desc=""D1:all-tags"", total;dur=263.0;desc=""total"""
2026-10-06T07:51:23Z,astro7-nofields,browser,/posts/architektura-emdash-typescript-astro,200,MISS,remote-WAW,HAM,102.9,534.2,537.7,431.3,33263,9.0,453.0,0.0,303.0,303.0,6.0,7.0,"rt;dur=0;desc=""Runtime init"", render;dur=303;desc=""Page render"", mw;dur=303;desc=""Total middleware"", db.total;dur=453;desc=""DB total"", db.count;dur=9;desc=""Query count"", db.first;dur=0;desc=""First query at"", db.last;dur=303;desc=""Last query at"", cache.hit;dur=6;desc=""Cache hits"", cache.miss;dur=7;desc=""Cache misses"" | D1_layout;dur=56.0;desc=""D1:layout"", D1_entry+recent;dur=229.0;desc=""D1:entry+recent"", D1_tags;dur=21.0;desc=""D1:tags"", total;dur=303.0;desc=""total"" | cfEdge;dur=390,cfOrigin;dur=0"
2026-10-06T07:51:24Z,astro7-nofields,browser,/category/technologia,200,MISS,remote-WAW,HAM,127.4,303.0,308.0,175.6,28247,7.0,193.0,0.0,59.0,59.0,2.0,6.0,"rt;dur=0;desc=""Runtime init"", render;dur=59;desc=""Page render"", mw;dur=59;desc=""Total middleware"", db.total;dur=193;desc=""DB total"", db.count;dur=7;desc=""Query count"", db.first;dur=0;desc=""First query at"", db.last;dur=59;desc=""Last query at"", cache.hit;dur=2;desc=""Cache hits"", cache.miss;dur=6;desc=""Cache misses"" | D1_layout;dur=55.0;desc=""D1:layout"", D1_term+posts;dur=59.0;desc=""D1:term+posts"", total;dur=59.0;desc=""total"" | cfEdge;dur=126,cfOrigin;dur=0"
2026-10-06T07:51:25Z,astro7-nofields,curl,/,200,MISS,remote-WAW,HAM,85.5,527.1,539.5,441.6,29530,5.0,378.0,0.0,293.0,293.0,2.0,6.0,"rt;dur=0;desc=""Runtime init"", render;dur=293;desc=""Page render"", mw;dur=293;desc=""Total middleware"", db.total;dur=378;desc=""DB total"", db.count;dur=5;desc=""Query count"", db.first;dur=0;desc=""First query at"", db.last;dur=293;desc=""Last query at"", cache.hit;dur=2;desc=""Cache hits"", cache.miss;dur=6;desc=""Cache misses"" | D1_layout;dur=53.0;desc=""D1:layout"", D1_posts;dur=268.0;desc=""D1:posts"", D1_all-tags;dur=25.0;desc=""D1:all-tags"", total;dur=293.0;desc=""total"""
2026-10-06T07:51:25Z,astro7-nofields,curl,/category/technologia,200,MISS,remote-WAW,HAM,89.5,285.3,286.3,195.8,27892,7.0,194.0,0.0,56.0,56.0,2.0,6.0,"rt;dur=0;desc=""Runtime init"", render;dur=56;desc=""Page render"", mw;dur=56;desc=""Total middleware"", db.total;dur=194;desc=""DB total"", db.count;dur=7;desc=""Query count"", db.first;dur=0;desc=""First query at"", db.last;dur=56;desc=""Last query at"", cache.hit;dur=2;desc=""Cache hits"", cache.miss;dur=6;desc=""Cache misses"" | D1_layout;dur=56.0;desc=""D1:layout"", D1_term+posts;dur=56.0;desc=""D1:term+posts"", total;dur=56.0;desc=""total"""
2026-10-06T07:51:26Z,astro7-nofields,curl,/posts/architektura-emdash-typescript-astro,200,MISS,remote-,HAM,120.6,419.0,421.3,298.4,32895,9.0,257.0,0.0,127.0,127.0,6.0,7.0,"rt;dur=0;desc=""Runtime init"", render;dur=127;desc=""Page render"", mw;dur=127;desc=""Total middleware"", db.total;dur=257;desc=""DB total"", db.count;dur=9;desc=""Query count"", db.first;dur=0;desc=""First query at"", db.last;dur=127;desc=""Last query at"", cache.hit;dur=6;desc=""Cache hits"", cache.miss;dur=7;desc=""Cache misses"" | D1_layout;dur=53.0;desc=""D1:layout"", D1_entry+recent;dur=57.0;desc=""D1:entry+recent"", D1_tags;dur=27.0;desc=""D1:tags"", total;dur=127.0;desc=""total"""
2026-10-06T07:51:26Z,astro7-nofields,browser,/,200,MISS,remote-WAW,HAM,163.1,343.4,391.5,180.3,29904,5.0,125.0,0.0,69.0,69.0,2.0,6.0,"rt;dur=0;desc=""Runtime init"", render;dur=69;desc=""Page render"", mw;dur=69;desc=""Total middleware"", db.total;dur=125;desc=""DB total"", db.count;dur=5;desc=""Query count"", db.first;dur=0;desc=""First query at"", db.last;dur=69;desc=""Last query at"", cache.hit;dur=2;desc=""Cache hits"", cache.miss;dur=6;desc=""Cache misses"" | D1_posts;dur=47.0;desc=""D1:posts"", D1_layout;dur=47.0;desc=""D1:layout"", D1_all-tags;dur=22.0;desc=""D1:all-tags"", total;dur=69.0;desc=""total"" | cfEdge;dur=138,cfOrigin;dur=0"
2026-10-06T07:51:27Z,astro7-nofields,curl,/posts/,200,MISS,remote-,HAM,167.6,344.2,360.3,176.6,36696,5.0,140.0,0.0,69.0,69.0,2.0,6.0,"rt;dur=0;desc=""Runtime init"", render;dur=69;desc=""Page render"", mw;dur=69;desc=""Total middleware"", db.total;dur=140;desc=""DB total"", db.count;dur=5;desc=""Query count"", db.first;dur=0;desc=""First query at"", db.last;dur=69;desc=""Last query at"", cache.hit;dur=2;desc=""Cache hits"", cache.miss;dur=6;desc=""Cache misses"" | D1_posts;dur=49.0;desc=""D1:posts"", D1_layout;dur=49.0;desc=""D1:layout"", D1_all-tags;dur=20.0;desc=""D1:all-tags"", total;dur=69.0;desc=""total"""
2026-10-06T07:51:27Z,astro7-nofields,browser,/,200,MISS,remote-WAW,HAM,97.4,280.1,285.2,182.7,29900,5.0,125.0,0.0,65.0,65.0,2.0,6.0,"rt;dur=0;desc=""Runtime init"", render;dur=65;desc=""Page render"", mw;dur=65;desc=""Total middleware"", db.total;dur=125;desc=""DB total"", db.count;dur=5;desc=""Query count"", db.first;dur=0;desc=""First query at"", db.last;dur=65;desc=""Last query at"", cache.hit;dur=2;desc=""Cache hits"", cache.miss;dur=6;desc=""Cache misses"" | D1_posts;dur=38.0;desc=""D1:posts"", D1_layout;dur=38.0;desc=""D1:layout"", D1_all-tags;dur=27.0;desc=""D1:all-tags"", total;dur=65.0;desc=""total"" | cfEdge;dur=144,cfOrigin;dur=0"
2026-10-06T07:51:28Z,astro7-nofields,curl,/category/technologia,200,MISS,remote-,HAM,104.5,296.3,301.8,191.8,27888,8.0,277.0,0.0,69.0,69.0,2.0,6.0,"rt;dur=0;desc=""Runtime init"", render;dur=69;desc=""Page render"", mw;dur=69;desc=""Total middleware"", db.total;dur=277;desc=""DB total"", db.count;dur=8;desc=""Query count"", db.first;dur=0;desc=""First query at"", db.last;dur=69;desc=""Last query at"", cache.hit;dur=2;desc=""Cache hits"", cache.miss;dur=6;desc=""Cache misses"" | D1_layout;dur=67.0;desc=""D1:layout"", D1_term+posts;dur=69.0;desc=""D1:term+posts"", total;dur=69.0;desc=""total"""
2026-10-06T07:51:29Z,astro7-nofields,curl,/posts/architektura-emdash-typescript-astro,200,MISS,remote-,HAM,119.9,472.8,474.4,352.9,32883,9.0,209.0,0.0,97.0,97.0,6.0,7.0,"rt;dur=0;desc=""Runtime init"", render;dur=97;desc=""Page render"", mw;dur=97;desc=""Total middleware"", db.total;dur=209;desc=""DB total"", db.count;dur=9;desc=""Query count"", db.first;dur=0;desc=""First query at"", db.last;dur=97;desc=""Last query at"", cache.hit;dur=6;desc=""Cache hits"", cache.miss;dur=7;desc=""Cache misses"" | D1_layout;dur=35.0;desc=""D1:layout"", D1_entry+recent;dur=35.0;desc=""D1:entry+recent"", D1_tags;dur=19.0;desc=""D1:tags"", total;dur=97.0;desc=""total"""
2026-10-06T07:51:30Z,astro7-nofields,browser,/posts/,200,MISS,remote-WAW,HAM,452.1,968.1,968.9,516.0,37064,5.0,393.0,0.0,302.0,302.0,2.0,6.0,"rt;dur=0;desc=""Runtime init"", render;dur=302;desc=""Page render"", mw;dur=302;desc=""Total middleware"", db.total;dur=393;desc=""DB total"", db.count;dur=5;desc=""Query count"", db.first;dur=0;desc=""First query at"", db.last;dur=302;desc=""Last query at"", cache.hit;dur=2;desc=""Cache hits"", cache.miss;dur=6;desc=""Cache misses"" | D1_layout;dur=60.0;desc=""D1:layout"", D1_posts;dur=269.0;desc=""D1:posts"", D1_all-tags;dur=33.0;desc=""D1:all-tags"", total;dur=302.0;desc=""total"" | cfEdge;dur=387,cfOrigin;dur=0"
2026-10-06T07:51:31Z,astro7-nofields,curl,/,200,MISS,remote-,HAM,309.2,493.2,504.3,184.0,29537,5.0,124.0,0.0,68.0,68.0,2.0,6.0,"rt;dur=0;desc=""Runtime init"", render;dur=68;desc=""Page render"", mw;dur=68;desc=""Total middleware"", db.total;dur=124;desc=""DB total"", db.count;dur=5;desc=""Query count"", db.first;dur=0;desc=""First query at"", db.last;dur=68;desc=""Last query at"", cache.hit;dur=2;desc=""Cache hits"", cache.miss;dur=6;desc=""Cache misses"" | D1_posts;dur=47.0;desc=""D1:posts"", D1_layout;dur=47.0;desc=""D1:layout"", D1_all-tags;dur=21.0;desc=""D1:all-tags"", total;dur=68.0;desc=""total"""
2026-10-06T07:51:32Z,astro7-nofields,browser,/posts/architektura-emdash-typescript-astro,200,MISS,remote-,HAM,264.5,605.3,605.9,340.8,33262,9.0,319.0,0.0,167.0,167.0,6.0,7.0,"rt;dur=0;desc=""Runtime init"", render;dur=167;desc=""Page render"", mw;dur=167;desc=""Total middleware"", db.total;dur=319;desc=""DB total"", db.count;dur=9;desc=""Query count"", db.first;dur=0;desc=""First query at"", db.last;dur=167;desc=""Last query at"", cache.hit;dur=6;desc=""Cache hits"", cache.miss;dur=7;desc=""Cache misses"" | D1_entry+recent;dur=61.0;desc=""D1:entry+recent"", D1_layout;dur=61.0;desc=""D1:layout"", D1_tags;dur=42.0;desc=""D1:tags"", total;dur=167.0;desc=""total"" | cfEdge;dur=264,cfOrigin;dur=0"
2026-10-06T07:51:32Z,astro7-nofields,browser,/category/technologia,200,MISS,remote-,HAM,152.4,462.4,469.5,310.0,28255,7.0,250.0,0.0,73.0,73.0,2.0,6.0,"rt;dur=0;desc=""Runtime init"", render;dur=73;desc=""Page render"", mw;dur=73;desc=""Total middleware"", db.total;dur=250;desc=""DB total"", db.count;dur=7;desc=""Query count"", db.first;dur=0;desc=""First query at"", db.last;dur=73;desc=""Last query at"", cache.hit;dur=2;desc=""Cache hits"", cache.miss;dur=6;desc=""Cache misses"" | D1_layout;dur=71.0;desc=""D1:layout"", D1_term+posts;dur=73.0;desc=""D1:term+posts"", total;dur=73.0;desc=""total"" | cfEdge;dur=138,cfOrigin;dur=0"
2026-10-06T07:51:33Z,astro7-nofields,browser,/,200,MISS,remote-,HAM,189.0,628.4,629.5,439.4,29893,6.0,388.0,0.0,290.0,290.0,2.0,6.0,"rt;dur=0;desc=""Runtime init"", render;dur=290;desc=""Page render"", mw;dur=290;desc=""Total middleware"", db.total;dur=388;desc=""DB total"", db.count;dur=6;desc=""Query count"", db.first;dur=0;desc=""First query at"", db.last;dur=290;desc=""Last query at"", cache.hit;dur=2;desc=""Cache hits"", cache.miss;dur=6;desc=""Cache misses"" | D1_layout;dur=42.0;desc=""D1:layout"", D1_posts;dur=264.0;desc=""D1:posts"", D1_all-tags;dur=26.0;desc=""D1:all-tags"", total;dur=290.0;desc=""total"" | cfEdge;dur=372,cfOrigin;dur=0"
2026-10-06T07:51:34Z,astro7-nofields,curl,/posts/,200,MISS,remote-WAW,HAM,301.3,504.0,515.6,202.7,36712,5.0,129.0,0.0,68.0,68.0,2.0,6.0,"rt;dur=0;desc=""Runtime init"", render;dur=68;desc=""Page render"", mw;dur=68;desc=""Total middleware"", db.total;dur=129;desc=""DB total"", db.count;dur=5;desc=""Query count"", db.first;dur=0;desc=""First query at"", db.last;dur=68;desc=""Last query at"", cache.hit;dur=2;desc=""Cache hits"", cache.miss;dur=6;desc=""Cache misses"" | D1_posts;dur=48.0;desc=""D1:posts"", D1_layout;dur=48.0;desc=""D1:layout"", D1_all-tags;dur=20.0;desc=""D1:all-tags"", total;dur=68.0;desc=""total"""
2026-10-06T07:51:35Z,astro7-nofields,curl,/,200,MISS,remote-WAW,HAM,210.3,406.8,409.1,196.5,29533,5.0,132.0,0.0,70.0,70.0,2.0,6.0,"rt;dur=0;desc=""Runtime init"", render;dur=70;desc=""Page render"", mw;dur=70;desc=""Total middleware"", db.total;dur=132;desc=""DB total"", db.count;dur=5;desc=""Query count"", db.first;dur=0;desc=""First query at"", db.last;dur=70;desc=""Last query at"", cache.hit;dur=2;desc=""Cache hits"", cache.miss;dur=6;desc=""Cache misses"" | D1_posts;dur=50.0;desc=""D1:posts"", D1_layout;dur=50.0;desc=""D1:layout"", D1_all-tags;dur=20.0;desc=""D1:all-tags"", total;dur=70.0;desc=""total"""
2026-10-06T07:51:35Z,astro7-nofields,curl,/posts/architektura-emdash-typescript-astro,200,MISS,remote-WAW,HAM,77.0,301.7,313.7,224.7,32899,9.0,243.0,0.0,112.0,112.0,6.0,7.0,"rt;dur=0;desc=""Runtime init"", render;dur=112;desc=""Page render"", mw;dur=112;desc=""Total middleware"", db.total;dur=243;desc=""DB total"", db.count;dur=9;desc=""Query count"", db.first;dur=0;desc=""First query at"", db.last;dur=112;desc=""Last query at"", cache.hit;dur=6;desc=""Cache hits"", cache.miss;dur=7;desc=""Cache misses"" | D1_entry+recent;dur=47.0;desc=""D1:entry+recent"", D1_layout;dur=47.0;desc=""D1:layout"", D1_tags;dur=20.0;desc=""D1:tags"", total;dur=112.0;desc=""total"""
2026-10-06T07:51:36Z,astro7-nofields,curl,/category/technologia,200,MISS,remote-,HAM,119.5,296.0,305.0,176.5,27892,7.0,203.0,0.0,63.0,63.0,2.0,6.0,"rt;dur=0;desc=""Runtime init"", render;dur=63;desc=""Page render"", mw;dur=63;desc=""Total middleware"", db.total;dur=203;desc=""DB total"", db.count;dur=7;desc=""Query count"", db.first;dur=0;desc=""First query at"", db.last;dur=63;desc=""Last query at"", cache.hit;dur=2;desc=""Cache hits"", cache.miss;dur=6;desc=""Cache misses"" | D1_layout;dur=55.0;desc=""D1:layout"", D1_term+posts;dur=63.0;desc=""D1:term+posts"", total;dur=63.0;desc=""total"""
2026-10-06T07:51:36Z,astro7-nofields,browser,/posts/architektura-emdash-typescript-astro,200,MISS,remote-,HAM,100.1,435.5,446.5,335.4,33262,9.0,301.0,0.0,123.0,123.0,6.0,7.0,"rt;dur=0;desc=""Runtime init"", render;dur=123;desc=""Page render"", mw;dur=123;desc=""Total middleware"", db.total;dur=301;desc=""DB total"", db.count;dur=9;desc=""Query count"", db.first;dur=0;desc=""First query at"", db.last;dur=123;desc=""Last query at"", cache.hit;dur=6;desc=""Cache hits"", cache.miss;dur=7;desc=""Cache misses"" | D1_layout;dur=64.0;desc=""D1:layout"", D1_entry+recent;dur=64.0;desc=""D1:entry+recent"", D1_tags;dur=22.0;desc=""D1:tags"", total;dur=123.0;desc=""total"" | cfEdge;dur=210,cfOrigin;dur=0"
2026-10-06T07:51:37Z,astro7-nofields,browser,/posts/,200,MISS,remote-WAW,HAM,126.8,305.2,314.2,178.4,37075,5.0,127.0,0.0,69.0,69.0,2.0,6.0,"rt;dur=0;desc=""Runtime init"", render;dur=69;desc=""Page render"", mw;dur=69;desc=""Total middleware"", db.total;dur=127;desc=""DB total"", db.count;dur=5;desc=""Query count"", db.first;dur=0;desc=""First query at"", db.last;dur=69;desc=""Last query at"", cache.hit;dur=2;desc=""Cache hits"", cache.miss;dur=6;desc=""Cache misses"" | D1_posts;dur=51.0;desc=""D1:posts"", D1_layout;dur=51.0;desc=""D1:layout"", D1_all-tags;dur=18.0;desc=""D1:all-tags"", total;dur=69.0;desc=""total"" | cfEdge;dur=129,cfOrigin;dur=0"
2026-10-06T07:51:38Z,astro7-nofields,browser,/category/technologia,200,MISS,remote-,HAM,130.5,312.7,327.2,182.2,28259,7.0,216.0,0.0,63.0,63.0,2.0,6.0,"rt;dur=0;desc=""Runtime init"", render;dur=63;desc=""Page render"", mw;dur=63;desc=""Total middleware"", db.total;dur=216;desc=""DB total"", db.count;dur=7;desc=""Query count"", db.first;dur=0;desc=""First query at"", db.last;dur=63;desc=""Last query at"", cache.hit;dur=2;desc=""Cache hits"", cache.miss;dur=6;desc=""Cache misses"" | D1_layout;dur=60.0;desc=""D1:layout"", D1_term+posts;dur=63.0;desc=""D1:term+posts"", total;dur=63.0;desc=""total"" | cfEdge;dur=136,cfOrigin;dur=0"
2026-10-06T07:51:38Z,astro7-nofields,curl,/posts/,200,MISS,remote-,HAM,101.0,306.3,314.9,205.3,36692,5.0,152.0,0.0,84.0,84.0,2.0,6.0,"rt;dur=0;desc=""Runtime init"", render;dur=84;desc=""Page render"", mw;dur=84;desc=""Total middleware"", db.total;dur=152;desc=""DB total"", db.count;dur=5;desc=""Query count"", db.first;dur=0;desc=""First query at"", db.last;dur=84;desc=""Last query at"", cache.hit;dur=2;desc=""Cache hits"", cache.miss;dur=6;desc=""Cache misses"" | D1_layout;dur=46.0;desc=""D1:layout"", D1_posts;dur=63.0;desc=""D1:posts"", D1_all-tags;dur=21.0;desc=""D1:all-tags"", total;dur=84.0;desc=""total"""
2026-10-06T07:51:39Z,astro7-nofields,curl,/category/technologia,200,MISS,remote-WAW,HAM,115.2,296.6,302.9,181.4,27892,7.0,188.0,0.0,54.0,54.0,2.0,6.0,"rt;dur=0;desc=""Runtime init"", render;dur=54;desc=""Page render"", mw;dur=54;desc=""Total middleware"", db.total;dur=188;desc=""DB total"", db.count;dur=7;desc=""Query count"", db.first;dur=0;desc=""First query at"", db.last;dur=54;desc=""Last query at"", cache.hit;dur=2;desc=""Cache hits"", cache.miss;dur=6;desc=""Cache misses"" | D1_term+posts;dur=54.0;desc=""D1:term+posts"", D1_layout;dur=54.0;desc=""D1:layout"", total;dur=54.0;desc=""total"""
2026-10-06T07:51:39Z,astro7-nofields,browser,/posts/architektura-emdash-typescript-astro,200,MISS,remote-WAW,HAM,92.1,446.3,448.0,354.2,33270,9.0,241.0,0.0,126.0,126.0,6.0,7.0,"rt;dur=0;desc=""Runtime init"", render;dur=126;desc=""Page render"", mw;dur=126;desc=""Total middleware"", db.total;dur=241;desc=""DB total"", db.count;dur=9;desc=""Query count"", db.first;dur=0;desc=""First query at"", db.last;dur=126;desc=""Last query at"", cache.hit;dur=6;desc=""Cache hits"", cache.miss;dur=7;desc=""Cache misses"" | D1_entry+recent;dur=56.0;desc=""D1:entry+recent"", D1_layout;dur=56.0;desc=""D1:layout"", D1_tags;dur=26.0;desc=""D1:tags"", total;dur=126.0;desc=""total"" | cfEdge;dur=224,cfOrigin;dur=0"
2026-10-06T07:51:40Z,astro7-nofields,curl,/posts/architektura-emdash-typescript-astro,200,MISS,remote-WAW,HAM,88.3,345.4,358.7,257.1,32895,9.0,280.0,0.0,129.0,129.0,6.0,7.0,"rt;dur=0;desc=""Runtime init"", render;dur=129;desc=""Page render"", mw;dur=129;desc=""Total middleware"", db.total;dur=280;desc=""DB total"", db.count;dur=9;desc=""Query count"", db.first;dur=0;desc=""First query at"", db.last;dur=129;desc=""Last query at"", cache.hit;dur=6;desc=""Cache hits"", cache.miss;dur=7;desc=""Cache misses"" | D1_entry+recent;dur=52.0;desc=""D1:entry+recent"", D1_layout;dur=52.0;desc=""D1:layout"", D1_tags;dur=25.0;desc=""D1:tags"", total;dur=129.0;desc=""total"""
2026-10-06T07:51:40Z,astro7-nofields,curl,/,200,MISS,remote-WAW,HAM,116.1,291.7,299.0,175.6,29541,5.0,123.0,0.0,64.0,64.0,2.0,6.0,"rt;dur=0;desc=""Runtime init"", render;dur=64;desc=""Page render"", mw;dur=64;desc=""Total middleware"", db.total;dur=123;desc=""DB total"", db.count;dur=5;desc=""Query count"", db.first;dur=0;desc=""First query at"", db.last;dur=64;desc=""Last query at"", cache.hit;dur=2;desc=""Cache hits"", cache.miss;dur=6;desc=""Cache misses"" | D1_posts;dur=46.0;desc=""D1:posts"", D1_layout;dur=46.0;desc=""D1:layout"", D1_all-tags;dur=18.0;desc=""D1:all-tags"", total;dur=64.0;desc=""total"""
2026-10-06T07:51:41Z,astro7-nofields,browser,/category/technologia,200,MISS,remote-,HAM,191.2,387.6,439.2,196.4,28251,7.0,207.0,0.0,79.0,79.0,2.0,6.0,"rt;dur=0;desc=""Runtime init"", render;dur=79;desc=""Page render"", mw;dur=79;desc=""Total middleware"", db.total;dur=207;desc=""DB total"", db.count;dur=7;desc=""Query count"", db.first;dur=0;desc=""First query at"", db.last;dur=79;desc=""Last query at"", cache.hit;dur=2;desc=""Cache hits"", cache.miss;dur=6;desc=""Cache misses"" | D1_layout;dur=41.0;desc=""D1:layout"", D1_term+posts;dur=79.0;desc=""D1:term+posts"", total;dur=79.0;desc=""total"" | cfEdge;dur=154,cfOrigin;dur=0"
2026-10-06T07:51:42Z,astro7-nofields,browser,/posts/,200,MISS,remote-,HAM,109.0,353.1,359.3,244.1,37067,5.0,209.0,0.0,125.0,125.0,2.0,6.0,"rt;dur=0;desc=""Runtime init"", render;dur=125;desc=""Page render"", mw;dur=125;desc=""Total middleware"", db.total;dur=209;desc=""DB total"", db.count;dur=5;desc=""Query count"", db.first;dur=0;desc=""First query at"", db.last;dur=125;desc=""Last query at"", cache.hit;dur=2;desc=""Cache hits"", cache.miss;dur=6;desc=""Cache misses"" | D1_posts;dur=95.0;desc=""D1:posts"", D1_layout;dur=95.0;desc=""D1:layout"", D1_all-tags;dur=30.0;desc=""D1:all-tags"", total;dur=125.0;desc=""total"" | cfEdge;dur=199,cfOrigin;dur=0"
2026-10-06T07:51:42Z,astro7-nofields,browser,/,200,MISS,remote-,HAM,79.4,495.1,497.4,415.7,29905,5.0,353.0,0.0,274.0,274.0,2.0,6.0,"rt;dur=0;desc=""Runtime init"", render;dur=274;desc=""Page render"", mw;dur=274;desc=""Total middleware"", db.total;dur=353;desc=""DB total"", db.count;dur=5;desc=""Query count"", db.first;dur=0;desc=""First query at"", db.last;dur=274;desc=""Last query at"", cache.hit;dur=2;desc=""Cache hits"", cache.miss;dur=6;desc=""Cache misses"" | D1_layout;dur=51.0;desc=""D1:layout"", D1_posts;dur=251.0;desc=""D1:posts"", D1_all-tags;dur=23.0;desc=""D1:all-tags"", total;dur=274.0;desc=""total"" | cfEdge;dur=353,cfOrigin;dur=0"
2026-10-06T07:51:43Z,astro7-nofields,browser,/posts/,200,MISS,remote-WAW,HAM,106.7,518.8,524.7,412.1,37068,5.0,372.0,0.0,269.0,269.0,2.0,6.0,"rt;dur=0;desc=""Runtime init"", render;dur=269;desc=""Page render"", mw;dur=269;desc=""Total middleware"", db.total;dur=372;desc=""DB total"", db.count;dur=5;desc=""Query count"", db.first;dur=0;desc=""First query at"", db.last;dur=269;desc=""Last query at"", cache.hit;dur=2;desc=""Cache hits"", cache.miss;dur=6;desc=""Cache misses"" | D1_layout;dur=65.0;desc=""D1:layout"", D1_posts;dur=243.0;desc=""D1:posts"", D1_all-tags;dur=26.0;desc=""D1:all-tags"", total;dur=269.0;desc=""total"" | cfEdge;dur=362,cfOrigin;dur=0"
2026-10-06T07:51:44Z,astro7-nofields,browser,/,200,MISS,remote-,HAM,158.5,596.7,597.6,438.2,29897,5.0,343.0,0.0,266.0,266.0,2.0,6.0,"rt;dur=0;desc=""Runtime init"", render;dur=266;desc=""Page render"", mw;dur=266;desc=""Total middleware"", db.total;dur=343;desc=""DB total"", db.count;dur=5;desc=""Query count"", db.first;dur=0;desc=""First query at"", db.last;dur=266;desc=""Last query at"", cache.hit;dur=2;desc=""Cache hits"", cache.miss;dur=6;desc=""Cache misses"" | D1_layout;dur=46.0;desc=""D1:layout"", D1_posts;dur=237.0;desc=""D1:posts"", D1_all-tags;dur=29.0;desc=""D1:all-tags"", total;dur=266.0;desc=""total"" | cfEdge;dur=339,cfOrigin;dur=0"
2026-10-06T07:51:45Z,astro7-nofields,curl,/posts/architektura-emdash-typescript-astro,200,MISS,remote-,HAM,91.3,314.4,317.9,223.1,32895,9.0,217.0,0.0,106.0,106.0,6.0,7.0,"rt;dur=0;desc=""Runtime init"", render;dur=106;desc=""Page render"", mw;dur=106;desc=""Total middleware"", db.total;dur=217;desc=""DB total"", db.count;dur=9;desc=""Query count"", db.first;dur=0;desc=""First query at"", db.last;dur=106;desc=""Last query at"", cache.hit;dur=6;desc=""Cache hits"", cache.miss;dur=7;desc=""Cache misses"" | D1_entry+recent;dur=43.0;desc=""D1:entry+recent"", D1_layout;dur=43.0;desc=""D1:layout"", D1_tags;dur=18.0;desc=""D1:tags"", total;dur=106.0;desc=""total"""
2026-10-06T07:51:45Z,astro7-nofields,curl,/,200,MISS,remote-WAW,HAM,255.8,468.5,470.5,212.7,29545,5.0,171.0,0.0,81.0,81.0,2.0,6.0,"rt;dur=0;desc=""Runtime init"", render;dur=81;desc=""Page render"", mw;dur=81;desc=""Total middleware"", db.total;dur=171;desc=""DB total"", db.count;dur=5;desc=""Query count"", db.first;dur=0;desc=""First query at"", db.last;dur=81;desc=""Last query at"", cache.hit;dur=2;desc=""Cache hits"", cache.miss;dur=6;desc=""Cache misses"" | D1_layout;dur=56.0;desc=""D1:layout"", D1_posts;dur=56.0;desc=""D1:posts"", D1_all-tags;dur=25.0;desc=""D1:all-tags"", total;dur=81.0;desc=""total"""
2026-10-06T07:51:46Z,astro7-nofields,browser,/posts/architektura-emdash-typescript-astro,200,MISS,remote-WAW,HAM,269.0,486.8,495.7,217.8,33278,9.0,214.0,0.0,100.0,100.0,6.0,7.0,"rt;dur=0;desc=""Runtime init"", render;dur=100;desc=""Page render"", mw;dur=100;desc=""Total middleware"", db.total;dur=214;desc=""DB total"", db.count;dur=9;desc=""Query count"", db.first;dur=0;desc=""First query at"", db.last;dur=100;desc=""Last query at"", cache.hit;dur=6;desc=""Cache hits"", cache.miss;dur=7;desc=""Cache misses"" | D1_entry+recent;dur=35.0;desc=""D1:entry+recent"", D1_layout;dur=35.0;desc=""D1:layout"", D1_tags;dur=20.0;desc=""D1:tags"", total;dur=100.0;desc=""total"" | cfEdge;dur=180,cfOrigin;dur=0"
2026-10-06T07:51:47Z,astro7-nofields,curl,/posts/,200,MISS,remote-WAW,HAM,156.8,407.8,415.7,251.0,36704,5.0,145.0,0.0,73.0,73.0,2.0,6.0,"rt;dur=0;desc=""Runtime init"", render;dur=73;desc=""Page render"", mw;dur=73;desc=""Total middleware"", db.total;dur=145;desc=""DB total"", db.count;dur=5;desc=""Query count"", db.first;dur=0;desc=""First query at"", db.last;dur=73;desc=""Last query at"", cache.hit;dur=2;desc=""Cache hits"", cache.miss;dur=6;desc=""Cache misses"" | D1_posts;dur=52.0;desc=""D1:posts"", D1_layout;dur=52.0;desc=""D1:layout"", D1_all-tags;dur=21.0;desc=""D1:all-tags"", total;dur=73.0;desc=""total"""
2026-10-06T07:51:47Z,astro7-nofields,curl,/category/technologia,200,MISS,remote-,HAM,305.4,524.2,525.3,218.8,27884,7.0,210.0,0.0,60.0,60.0,2.0,6.0,"rt;dur=0;desc=""Runtime init"", render;dur=60;desc=""Page render"", mw;dur=60;desc=""Total middleware"", db.total;dur=210;desc=""DB total"", db.count;dur=7;desc=""Query count"", db.first;dur=0;desc=""First query at"", db.last;dur=60;desc=""Last query at"", cache.hit;dur=2;desc=""Cache hits"", cache.miss;dur=6;desc=""Cache misses"" | D1_term+posts;dur=60.0;desc=""D1:term+posts"", D1_layout;dur=60.0;desc=""D1:layout"", total;dur=60.0;desc=""total"""
2026-10-06T07:51:48Z,astro7-nofields,browser,/category/technologia,200,MISS,remote-,HAM,399.2,599.3,607.8,200.1,28247,7.0,229.0,0.0,66.0,66.0,2.0,6.0,"rt;dur=0;desc=""Runtime init"", render;dur=66;desc=""Page render"", mw;dur=66;desc=""Total middleware"", db.total;dur=229;desc=""DB total"", db.count;dur=7;desc=""Query count"", db.first;dur=0;desc=""First query at"", db.last;dur=66;desc=""Last query at"", cache.hit;dur=2;desc=""Cache hits"", cache.miss;dur=6;desc=""Cache misses"" | D1_layout;dur=66.0;desc=""D1:layout"", D1_term+posts;dur=66.0;desc=""D1:term+posts"", total;dur=66.0;desc=""total"" | cfEdge;dur=151,cfOrigin;dur=0"
2026-10-06T07:51:49Z,astro7-nofields,curl,/posts/architektura-emdash-typescript-astro,200,MISS,remote-,HAM,86.0,462.4,463.4,376.4,32888,9.0,371.0,0.0,245.0,245.0,6.0,7.0,"rt;dur=0;desc=""Runtime init"", render;dur=245;desc=""Page render"", mw;dur=245;desc=""Total middleware"", db.total;dur=371;desc=""DB total"", db.count;dur=9;desc=""Query count"", db.first;dur=0;desc=""First query at"", db.last;dur=245;desc=""Last query at"", cache.hit;dur=6;desc=""Cache hits"", cache.miss;dur=7;desc=""Cache misses"" | D1_layout;dur=48.0;desc=""D1:layout"", D1_entry+recent;dur=181.0;desc=""D1:entry+recent"", D1_tags;dur=24.0;desc=""D1:tags"", total;dur=245.0;desc=""total"""
2026-10-06T07:51:50Z,astro7-nofields,browser,/category/technologia,200,MISS,remote-,HAM,258.4,423.8,427.9,165.4,28263,7.0,188.0,0.0,57.0,57.0,2.0,6.0,"rt;dur=0;desc=""Runtime init"", render;dur=57;desc=""Page render"", mw;dur=57;desc=""Total middleware"", db.total;dur=188;desc=""DB total"", db.count;dur=7;desc=""Query count"", db.first;dur=0;desc=""First query at"", db.last;dur=57;desc=""Last query at"", cache.hit;dur=2;desc=""Cache hits"", cache.miss;dur=6;desc=""Cache misses"" | D1_layout;dur=53.0;desc=""D1:layout"", D1_term+posts;dur=57.0;desc=""D1:term+posts"", total;dur=57.0;desc=""total"" | cfEdge;dur=121,cfOrigin;dur=0"
2026-10-06T07:51:50Z,astro7-nofields,curl,/category/technologia,200,MISS,remote-,HAM,307.3,471.8,473.8,164.5,27896,7.0,191.0,0.0,54.0,54.0,2.0,6.0,"rt;dur=0;desc=""Runtime init"", render;dur=54;desc=""Page render"", mw;dur=54;desc=""Total middleware"", db.total;dur=191;desc=""DB total"", db.count;dur=7;desc=""Query count"", db.first;dur=0;desc=""First query at"", db.last;dur=54;desc=""Last query at"", cache.hit;dur=2;desc=""Cache hits"", cache.miss;dur=6;desc=""Cache misses"" | D1_layout;dur=54.0;desc=""D1:layout"", D1_term+posts;dur=54.0;desc=""D1:term+posts"", total;dur=54.0;desc=""total"""
2026-10-06T07:51:51Z,astro7-nofields,curl,/,200,MISS,remote-WAW,HAM,88.9,269.3,269.7,180.4,29533,5.0,131.0,0.0,65.0,65.0,2.0,6.0,"rt;dur=0;desc=""Runtime init"", render;dur=65;desc=""Page render"", mw;dur=65;desc=""Total middleware"", db.total;dur=131;desc=""DB total"", db.count;dur=5;desc=""Query count"", db.first;dur=0;desc=""First query at"", db.last;dur=65;desc=""Last query at"", cache.hit;dur=2;desc=""Cache hits"", cache.miss;dur=6;desc=""Cache misses"" | D1_posts;dur=43.0;desc=""D1:posts"", D1_layout;dur=43.0;desc=""D1:layout"", D1_all-tags;dur=22.0;desc=""D1:all-tags"", total;dur=65.0;desc=""total"""
2026-10-06T07:51:51Z,astro7-nofields,browser,/posts/,200,MISS,remote-WAW,HAM,87.5,304.3,400.8,216.8,37071,5.0,162.0,0.0,80.0,80.0,2.0,6.0,"rt;dur=0;desc=""Runtime init"", render;dur=80;desc=""Page render"", mw;dur=80;desc=""Total middleware"", db.total;dur=162;desc=""DB total"", db.count;dur=5;desc=""Query count"", db.first;dur=0;desc=""First query at"", db.last;dur=80;desc=""Last query at"", cache.hit;dur=2;desc=""Cache hits"", cache.miss;dur=6;desc=""Cache misses"" | D1_posts;dur=58.0;desc=""D1:posts"", D1_layout;dur=58.0;desc=""D1:layout"", D1_all-tags;dur=22.0;desc=""D1:all-tags"", total;dur=80.0;desc=""total"" | cfEdge;dur=174,cfOrigin;dur=0"
2026-10-06T07:51:52Z,astro7-nofields,browser,/posts/architektura-emdash-typescript-astro,200,MISS,remote-,HAM,78.1,308.8,318.4,230.7,33254,9.0,262.0,0.0,118.0,118.0,6.0,7.0,"rt;dur=0;desc=""Runtime init"", render;dur=118;desc=""Page render"", mw;dur=118;desc=""Total middleware"", db.total;dur=262;desc=""DB total"", db.count;dur=9;desc=""Query count"", db.first;dur=0;desc=""First query at"", db.last;dur=118;desc=""Last query at"", cache.hit;dur=6;desc=""Cache hits"", cache.miss;dur=7;desc=""Cache misses"" | D1_entry+recent;dur=48.0;desc=""D1:entry+recent"", D1_layout;dur=48.0;desc=""D1:layout"", D1_tags;dur=18.0;desc=""D1:tags"", total;dur=118.0;desc=""total"" | cfEdge;dur=185,cfOrigin;dur=0"
2026-10-06T07:51:53Z,astro7-nofields,curl,/posts/,200,MISS,remote-WAW,HAM,159.1,354.9,358.4,195.8,36712,5.0,134.0,0.0,69.0,69.0,2.0,6.0,"rt;dur=0;desc=""Runtime init"", render;dur=69;desc=""Page render"", mw;dur=69;desc=""Total middleware"", db.total;dur=134;desc=""DB total"", db.count;dur=5;desc=""Query count"", db.first;dur=0;desc=""First query at"", db.last;dur=69;desc=""Last query at"", cache.hit;dur=2;desc=""Cache hits"", cache.miss;dur=6;desc=""Cache misses"" | D1_posts;dur=46.0;desc=""D1:posts"", D1_layout;dur=46.0;desc=""D1:layout"", D1_all-tags;dur=23.0;desc=""D1:all-tags"", total;dur=69.0;desc=""total"""
2026-10-06T07:51:53Z,astro7-nofields,browser,/,200,MISS,remote-,HAM,147.2,575.9,576.6,428.7,29897,5.0,371.0,0.0,260.0,260.0,2.0,6.0,"rt;dur=0;desc=""Runtime init"", render;dur=260;desc=""Page render"", mw;dur=260;desc=""Total middleware"", db.total;dur=371;desc=""DB total"", db.count;dur=5;desc=""Query count"", db.first;dur=0;desc=""First query at"", db.last;dur=260;desc=""Last query at"", cache.hit;dur=2;desc=""Cache hits"", cache.miss;dur=6;desc=""Cache misses"" | D1_layout;dur=68.0;desc=""D1:layout"", D1_posts;dur=239.0;desc=""D1:posts"", D1_all-tags;dur=21.0;desc=""D1:all-tags"", total;dur=260.0;desc=""total"" | cfEdge;dur=329,cfOrigin;dur=0"
2026-10-06T07:51:54Z,astro7-nofields,browser,/category/technologia,200,MISS,remote-,HAM,83.2,283.7,285.2,200.5,28247,7.0,193.0,0.0,68.0,68.0,2.0,6.0,"rt;dur=0;desc=""Runtime init"", render;dur=68;desc=""Page render"", mw;dur=68;desc=""Total middleware"", db.total;dur=193;desc=""DB total"", db.count;dur=7;desc=""Query count"", db.first;dur=0;desc=""First query at"", db.last;dur=68;desc=""Last query at"", cache.hit;dur=2;desc=""Cache hits"", cache.miss;dur=6;desc=""Cache misses"" | D1_layout;dur=43.0;desc=""D1:layout"", D1_term+posts;dur=68.0;desc=""D1:term+posts"", total;dur=68.0;desc=""total"" | cfEdge;dur=132,cfOrigin;dur=0"
2026-10-06T07:51:55Z,astro7-nofields,curl,/posts/,200,MISS,remote-WAW,HAM,92.9,474.0,487.6,381.1,36697,5.0,338.0,0.0,263.0,263.0,2.0,6.0,"rt;dur=0;desc=""Runtime init"", render;dur=263;desc=""Page render"", mw;dur=263;desc=""Total middleware"", db.total;dur=338;desc=""DB total"", db.count;dur=5;desc=""Query count"", db.first;dur=0;desc=""First query at"", db.last;dur=263;desc=""Last query at"", cache.hit;dur=2;desc=""Cache hits"", cache.miss;dur=6;desc=""Cache misses"" | D1_layout;dur=47.0;desc=""D1:layout"", D1_posts;dur=238.0;desc=""D1:posts"", D1_all-tags;dur=25.0;desc=""D1:all-tags"", total;dur=263.0;desc=""total"""
2026-10-06T07:51:55Z,astro7-nofields,curl,/,200,MISS,remote-,HAM,153.3,360.8,366.9,207.5,29537,5.0,153.0,0.0,78.0,78.0,2.0,6.0,"rt;dur=0;desc=""Runtime init"", render;dur=78;desc=""Page render"", mw;dur=78;desc=""Total middleware"", db.total;dur=153;desc=""DB total"", db.count;dur=5;desc=""Query count"", db.first;dur=0;desc=""First query at"", db.last;dur=78;desc=""Last query at"", cache.hit;dur=2;desc=""Cache hits"", cache.miss;dur=6;desc=""Cache misses"" | D1_posts;dur=48.0;desc=""D1:posts"", D1_layout;dur=48.0;desc=""D1:layout"", D1_all-tags;dur=30.0;desc=""D1:all-tags"", total;dur=78.0;desc=""total"""
2026-10-06T07:51:56Z,astro7-nofields,browser,/posts/architektura-emdash-typescript-astro,200,MISS,remote-WAW,HAM,98.9,348.4,354.9,249.5,33270,9.0,279.0,0.0,125.0,125.0,6.0,7.0,"rt;dur=0;desc=""Runtime init"", render;dur=125;desc=""Page render"", mw;dur=125;desc=""Total middleware"", db.total;dur=279;desc=""DB total"", db.count;dur=9;desc=""Query count"", db.first;dur=0;desc=""First query at"", db.last;dur=125;desc=""Last query at"", cache.hit;dur=6;desc=""Cache hits"", cache.miss;dur=7;desc=""Cache misses"" | D1_entry+recent;dur=57.0;desc=""D1:entry+recent"", D1_layout;dur=57.0;desc=""D1:layout"", D1_tags;dur=23.0;desc=""D1:tags"", total;dur=125.0;desc=""total"" | cfEdge;dur=201,cfOrigin;dur=0"
2026-10-06T07:51:56Z,astro7-nofields,curl,/posts/architektura-emdash-typescript-astro,200,MISS,remote-,HAM,86.5,322.0,330.6,235.5,32899,9.0,244.0,0.0,117.0,117.0,6.0,7.0,"rt;dur=0;desc=""Runtime init"", render;dur=117;desc=""Page render"", mw;dur=117;desc=""Total middleware"", db.total;dur=244;desc=""DB total"", db.count;dur=9;desc=""Query count"", db.first;dur=0;desc=""First query at"", db.last;dur=117;desc=""Last query at"", cache.hit;dur=6;desc=""Cache hits"", cache.miss;dur=7;desc=""Cache misses"" | D1_entry+recent;dur=52.0;desc=""D1:entry+recent"", D1_layout;dur=52.0;desc=""D1:layout"", D1_tags;dur=22.0;desc=""D1:tags"", total;dur=117.0;desc=""total"""
2026-10-06T07:51:57Z,astro7-nofields,curl,/category/technologia,200,MISS,remote-WAW,HAM,87.4,264.7,269.3,177.3,27888,7.0,186.0,0.0,57.0,57.0,2.0,6.0,"rt;dur=0;desc=""Runtime init"", render;dur=57;desc=""Page render"", mw;dur=57;desc=""Total middleware"", db.total;dur=186;desc=""DB total"", db.count;dur=7;desc=""Query count"", db.first;dur=0;desc=""First query at"", db.last;dur=57;desc=""Last query at"", cache.hit;dur=2;desc=""Cache hits"", cache.miss;dur=6;desc=""Cache misses"" | D1_layout;dur=50.0;desc=""D1:layout"", D1_term+posts;dur=57.0;desc=""D1:term+posts"", total;dur=57.0;desc=""total"""
2026-10-06T07:51:57Z,astro7-nofields,browser,/posts/,200,MISS,remote-WAW,HAM,108.9,289.6,337.0,180.7,37059,5.0,125.0,0.0,62.0,62.0,2.0,6.0,"rt;dur=0;desc=""Runtime init"", render;dur=62;desc=""Page render"", mw;dur=62;desc=""Total middleware"", db.total;dur=125;desc=""DB total"", db.count;dur=5;desc=""Query count"", db.first;dur=0;desc=""First query at"", db.last;dur=62;desc=""Last query at"", cache.hit;dur=2;desc=""Cache hits"", cache.miss;dur=6;desc=""Cache misses"" | D1_posts;dur=40.0;desc=""D1:posts"", D1_layout;dur=40.0;desc=""D1:layout"", D1_all-tags;dur=22.0;desc=""D1:all-tags"", total;dur=62.0;desc=""total"" | cfEdge;dur=141,cfOrigin;dur=0"
2026-10-06T07:51:59Z,astro7-nofields,browser,/,200,MISS,remote-,HAM,786.4,1322.8,1339.5,536.4,29905,5.0,459.0,0.0,302.0,302.0,2.0,6.0,"rt;dur=0;desc=""Runtime init"", render;dur=302;desc=""Page render"", mw;dur=302;desc=""Total middleware"", db.total;dur=459;desc=""DB total"", db.count;dur=5;desc=""Query count"", db.first;dur=0;desc=""First query at"", db.last;dur=302;desc=""Last query at"", cache.hit;dur=2;desc=""Cache hits"", cache.miss;dur=6;desc=""Cache misses"" | D1_layout;dur=94.0;desc=""D1:layout"", D1_posts;dur=277.0;desc=""D1:posts"", D1_all-tags;dur=25.0;desc=""D1:all-tags"", total;dur=302.0;desc=""total"" | cfEdge;dur=494,cfOrigin;dur=0"
2026-10-06T07:52:00Z,astro7-nofields,curl,/posts/architektura-emdash-typescript-astro,200,MISS,remote-WAW,HAM,96.1,377.6,383.5,281.5,32899,9.0,326.0,0.0,140.0,140.0,6.0,7.0,"rt;dur=0;desc=""Runtime init"", render;dur=140;desc=""Page render"", mw;dur=140;desc=""Total middleware"", db.total;dur=326;desc=""DB total"", db.count;dur=9;desc=""Query count"", db.first;dur=0;desc=""First query at"", db.last;dur=140;desc=""Last query at"", cache.hit;dur=6;desc=""Cache hits"", cache.miss;dur=7;desc=""Cache misses"" | D1_entry+recent;dur=62.0;desc=""D1:entry+recent"", D1_layout;dur=62.0;desc=""D1:layout"", D1_tags;dur=26.0;desc=""D1:tags"", total;dur=140.0;desc=""total"""
2026-10-06T07:52:00Z,astro7-nofields,browser,/category/technologia,200,MISS,remote-,HAM,94.4,302.8,307.5,208.4,28251,7.0,194.0,0.0,64.0,64.0,2.0,6.0,"rt;dur=0;desc=""Runtime init"", render;dur=64;desc=""Page render"", mw;dur=64;desc=""Total middleware"", db.total;dur=194;desc=""DB total"", db.count;dur=7;desc=""Query count"", db.first;dur=0;desc=""First query at"", db.last;dur=64;desc=""Last query at"", cache.hit;dur=2;desc=""Cache hits"", cache.miss;dur=6;desc=""Cache misses"" | D1_layout;dur=46.0;desc=""D1:layout"", D1_term+posts;dur=64.0;desc=""D1:term+posts"", total;dur=64.0;desc=""total"" | cfEdge;dur=167,cfOrigin;dur=0"
2026-10-06T07:52:01Z,astro7-nofields,browser,/posts/architektura-emdash-typescript-astro,200,MISS,remote-WAW,HAM,94.0,340.5,352.8,246.5,33258,9.0,257.0,0.0,112.0,112.0,6.0,7.0,"rt;dur=0;desc=""Runtime init"", render;dur=112;desc=""Page render"", mw;dur=112;desc=""Total middleware"", db.total;dur=257;desc=""DB total"", db.count;dur=9;desc=""Query count"", db.first;dur=0;desc=""First query at"", db.last;dur=112;desc=""Last query at"", cache.hit;dur=6;desc=""Cache hits"", cache.miss;dur=7;desc=""Cache misses"" | D1_entry+recent;dur=45.0;desc=""D1:entry+recent"", D1_layout;dur=45.0;desc=""D1:layout"", D1_tags;dur=24.0;desc=""D1:tags"", total;dur=112.0;desc=""total"" | cfEdge;dur=207,cfOrigin;dur=0"
2026-10-06T07:52:02Z,astro7-nofields,browser,/,200,MISS,remote-,HAM,221.0,728.4,729.0,507.4,29897,5.0,338.0,0.0,274.0,274.0,2.0,6.0,"rt;dur=0;desc=""Runtime init"", render;dur=274;desc=""Page render"", mw;dur=274;desc=""Total middleware"", db.total;dur=338;desc=""DB total"", db.count;dur=5;desc=""Query count"", db.first;dur=0;desc=""First query at"", db.last;dur=274;desc=""Last query at"", cache.hit;dur=2;desc=""Cache hits"", cache.miss;dur=6;desc=""Cache misses"" | D1_layout;dur=39.0;desc=""D1:layout"", D1_posts;dur=252.0;desc=""D1:posts"", D1_all-tags;dur=22.0;desc=""D1:all-tags"", total;dur=274.0;desc=""total"" | cfEdge;dur=366,cfOrigin;dur=0"
2026-10-06T07:52:03Z,astro7-nofields,curl,/,200,MISS,remote-WAW,HAM,150.0,480.8,481.4,330.8,29533,6.0,188.0,0.0,77.0,77.0,2.0,6.0,"rt;dur=0;desc=""Runtime init"", render;dur=77;desc=""Page render"", mw;dur=77;desc=""Total middleware"", db.total;dur=188;desc=""DB total"", db.count;dur=6;desc=""Query count"", db.first;dur=0;desc=""First query at"", db.last;dur=77;desc=""Last query at"", cache.hit;dur=2;desc=""Cache hits"", cache.miss;dur=6;desc=""Cache misses"" | D1_posts;dur=55.0;desc=""D1:posts"", D1_layout;dur=55.0;desc=""D1:layout"", D1_all-tags;dur=22.0;desc=""D1:all-tags"", total;dur=77.0;desc=""total"""
2026-10-06T07:52:03Z,astro7-nofields,browser,/posts/,200,MISS,remote-WAW,HAM,162.5,473.2,485.5,310.7,37071,5.0,127.0,0.0,60.0,60.0,2.0,6.0,"rt;dur=0;desc=""Runtime init"", render;dur=60;desc=""Page render"", mw;dur=60;desc=""Total middleware"", db.total;dur=127;desc=""DB total"", db.count;dur=5;desc=""Query count"", db.first;dur=0;desc=""First query at"", db.last;dur=60;desc=""Last query at"", cache.hit;dur=2;desc=""Cache hits"", cache.miss;dur=6;desc=""Cache misses"" | D1_posts;dur=39.0;desc=""D1:posts"", D1_layout;dur=39.0;desc=""D1:layout"", D1_all-tags;dur=21.0;desc=""D1:all-tags"", total;dur=60.0;desc=""total"" | cfEdge;dur=129,cfOrigin;dur=0"
2026-10-06T07:52:04Z,astro7-nofields,curl,/category/technologia,200,MISS,remote-,HAM,276.0,475.5,478.8,199.5,27892,8.0,249.0,0.0,73.0,73.0,2.0,6.0,"rt;dur=0;desc=""Runtime init"", render;dur=73;desc=""Page render"", mw;dur=73;desc=""Total middleware"", db.total;dur=249;desc=""DB total"", db.count;dur=8;desc=""Query count"", db.first;dur=0;desc=""First query at"", db.last;dur=73;desc=""Last query at"", cache.hit;dur=2;desc=""Cache hits"", cache.miss;dur=6;desc=""Cache misses"" | D1_layout;dur=45.0;desc=""D1:layout"", D1_term+posts;dur=73.0;desc=""D1:term+posts"", total;dur=73.0;desc=""total"""
2026-10-06T07:52:05Z,astro7-nofields,curl,/posts/,200,MISS,remote-WAW,HAM,112.9,408.0,409.0,295.1,36708,5.0,133.0,0.0,69.0,69.0,2.0,6.0,"rt;dur=0;desc=""Runtime init"", render;dur=69;desc=""Page render"", mw;dur=69;desc=""Total middleware"", db.total;dur=133;desc=""DB total"", db.count;dur=5;desc=""Query count"", db.first;dur=0;desc=""First query at"", db.last;dur=69;desc=""Last query at"", cache.hit;dur=2;desc=""Cache hits"", cache.miss;dur=6;desc=""Cache misses"" | D1_posts;dur=46.0;desc=""D1:posts"", D1_layout;dur=46.0;desc=""D1:layout"", D1_all-tags;dur=23.0;desc=""D1:all-tags"", total;dur=69.0;desc=""total"""
2026-10-06T07:52:06Z,astro7-nofields,curl,/,200,MISS,remote-WAW,HAM,268.0,783.3,785.0,515.3,29522,5.0,346.0,0.0,256.0,256.0,2.0,6.0,"rt;dur=0;desc=""Runtime init"", render;dur=256;desc=""Page render"", mw;dur=256;desc=""Total middleware"", db.total;dur=346;desc=""DB total"", db.count;dur=5;desc=""Query count"", db.first;dur=0;desc=""First query at"", db.last;dur=256;desc=""Last query at"", cache.hit;dur=2;desc=""Cache hits"", cache.miss;dur=6;desc=""Cache misses"" | D1_layout;dur=55.0;desc=""D1:layout"", D1_posts;dur=228.0;desc=""D1:posts"", D1_all-tags;dur=28.0;desc=""D1:all-tags"", total;dur=256.0;desc=""total"""
2026-10-06T07:52:07Z,astro7-nofields,browser,/posts/architektura-emdash-typescript-astro,200,MISS,remote-WAW,HAM,294.3,814.1,817.0,519.8,33271,9.0,499.0,0.0,309.0,309.0,6.0,7.0,"rt;dur=0;desc=""Runtime init"", render;dur=309;desc=""Page render"", mw;dur=309;desc=""Total middleware"", db.total;dur=499;desc=""DB total"", db.count;dur=9;desc=""Query count"", db.first;dur=0;desc=""First query at"", db.last;dur=309;desc=""Last query at"", cache.hit;dur=6;desc=""Cache hits"", cache.miss;dur=7;desc=""Cache misses"" | D1_layout;dur=67.0;desc=""D1:layout"", D1_entry+recent;dur=240.0;desc=""D1:entry+recent"", D1_tags;dur=23.0;desc=""D1:tags"", total;dur=309.0;desc=""total"" | cfEdge;dur=395,cfOrigin;dur=0"
2026-10-06T07:52:07Z,astro7-nofields,browser,/category/technologia,200,MISS,remote-WAW,HAM,296.8,482.1,500.2,185.3,28255,7.0,188.0,0.0,61.0,61.0,2.0,6.0,"rt;dur=0;desc=""Runtime init"", render;dur=61;desc=""Page render"", mw;dur=61;desc=""Total middleware"", db.total;dur=188;desc=""DB total"", db.count;dur=7;desc=""Query count"", db.first;dur=0;desc=""First query at"", db.last;dur=61;desc=""Last query at"", cache.hit;dur=2;desc=""Cache hits"", cache.miss;dur=6;desc=""Cache misses"" | D1_layout;dur=43.0;desc=""D1:layout"", D1_term+posts;dur=61.0;desc=""D1:term+posts"", total;dur=61.0;desc=""total"" | cfEdge;dur=150,cfOrigin;dur=0"
2026-10-06T07:52:08Z,astro7-nofields,curl,/category/technologia,200,MISS,remote-WAW,HAM,108.7,433.4,433.8,324.7,27893,7.0,324.0,0.0,182.0,182.0,2.0,6.0,"rt;dur=0;desc=""Runtime init"", render;dur=182;desc=""Page render"", mw;dur=182;desc=""Total middleware"", db.total;dur=324;desc=""DB total"", db.count;dur=7;desc=""Query count"", db.first;dur=0;desc=""First query at"", db.last;dur=182;desc=""Last query at"", cache.hit;dur=2;desc=""Cache hits"", cache.miss;dur=6;desc=""Cache misses"" | D1_layout;dur=57.0;desc=""D1:layout"", D1_term+posts;dur=182.0;desc=""D1:term+posts"", total;dur=182.0;desc=""total"""
2026-10-06T07:52:09Z,astro7-nofields,curl,/posts/architektura-emdash-typescript-astro,200,MISS,remote-WAW,HAM,88.6,318.6,324.3,230.0,32903,9.0,256.0,0.0,116.0,116.0,6.0,7.0,"rt;dur=0;desc=""Runtime init"", render;dur=116;desc=""Page render"", mw;dur=116;desc=""Total middleware"", db.total;dur=256;desc=""DB total"", db.count;dur=9;desc=""Query count"", db.first;dur=0;desc=""First query at"", db.last;dur=116;desc=""Last query at"", cache.hit;dur=6;desc=""Cache hits"", cache.miss;dur=7;desc=""Cache misses"" | D1_entry+recent;dur=52.0;desc=""D1:entry+recent"", D1_layout;dur=52.0;desc=""D1:layout"", D1_tags;dur=20.0;desc=""D1:tags"", total;dur=116.0;desc=""total"""
2026-10-06T07:52:09Z,astro7-nofields,browser,/,200,MISS,remote-,HAM,110.0,297.2,302.5,187.2,29900,5.0,125.0,0.0,60.0,60.0,2.0,6.0,"rt;dur=0;desc=""Runtime init"", render;dur=60;desc=""Page render"", mw;dur=60;desc=""Total middleware"", db.total;dur=125;desc=""DB total"", db.count;dur=5;desc=""Query count"", db.first;dur=0;desc=""First query at"", db.last;dur=60;desc=""Last query at"", cache.hit;dur=2;desc=""Cache hits"", cache.miss;dur=6;desc=""Cache misses"" | D1_posts;dur=40.0;desc=""D1:posts"", D1_layout;dur=40.0;desc=""D1:layout"", D1_all-tags;dur=20.0;desc=""D1:all-tags"", total;dur=60.0;desc=""total"" | cfEdge;dur=136,cfOrigin;dur=0"
2026-10-06T07:52:10Z,astro7-nofields,curl,/posts/,200,MISS,remote-WAW,HAM,111.4,308.3,335.9,196.9,36692,5.0,163.0,0.0,77.0,77.0,2.0,6.0,"rt;dur=0;desc=""Runtime init"", render;dur=77;desc=""Page render"", mw;dur=77;desc=""Total middleware"", db.total;dur=163;desc=""DB total"", db.count;dur=5;desc=""Query count"", db.first;dur=0;desc=""First query at"", db.last;dur=77;desc=""Last query at"", cache.hit;dur=2;desc=""Cache hits"", cache.miss;dur=6;desc=""Cache misses"" | D1_layout;dur=53.0;desc=""D1:layout"", D1_posts;dur=54.0;desc=""D1:posts"", D1_all-tags;dur=23.0;desc=""D1:all-tags"", total;dur=77.0;desc=""total"""
2026-10-06T07:52:10Z,astro7-nofields,browser,/posts/,200,MISS,remote-,HAM,190.2,403.1,412.2,212.9,37079,5.0,135.0,0.0,73.0,73.0,2.0,6.0,"rt;dur=0;desc=""Runtime init"", render;dur=73;desc=""Page render"", mw;dur=73;desc=""Total middleware"", db.total;dur=135;desc=""DB total"", db.count;dur=5;desc=""Query count"", db.first;dur=0;desc=""First query at"", db.last;dur=73;desc=""Last query at"", cache.hit;dur=2;desc=""Cache hits"", cache.miss;dur=6;desc=""Cache misses"" | D1_posts;dur=47.0;desc=""D1:posts"", D1_layout;dur=47.0;desc=""D1:layout"", D1_all-tags;dur=26.0;desc=""D1:all-tags"", total;dur=73.0;desc=""total"" | cfEdge;dur=149,cfOrigin;dur=0"
2026-10-06T07:52:11Z,astro7-nofields,browser,/posts/,200,MISS,remote-,HAM,120.6,329.8,341.3,209.2,37083,5.0,152.0,0.0,86.0,86.0,2.0,6.0,"rt;dur=0;desc=""Runtime init"", render;dur=86;desc=""Page render"", mw;dur=86;desc=""Total middleware"", db.total;dur=152;desc=""DB total"", db.count;dur=5;desc=""Query count"", db.first;dur=0;desc=""First query at"", db.last;dur=86;desc=""Last query at"", cache.hit;dur=2;desc=""Cache hits"", cache.miss;dur=6;desc=""Cache misses"" | D1_posts;dur=65.0;desc=""D1:posts"", D1_layout;dur=65.0;desc=""D1:layout"", D1_all-tags;dur=21.0;desc=""D1:all-tags"", total;dur=86.0;desc=""total"" | cfEdge;dur=154,cfOrigin;dur=0"
2026-10-06T07:52:12Z,astro7-nofields,curl,/posts/,200,MISS,remote-WAW,HAM,97.5,290.5,299.3,193.0,36700,5.0,121.0,0.0,64.0,64.0,2.0,6.0,"rt;dur=0;desc=""Runtime init"", render;dur=64;desc=""Page render"", mw;dur=64;desc=""Total middleware"", db.total;dur=121;desc=""DB total"", db.count;dur=5;desc=""Query count"", db.first;dur=0;desc=""First query at"", db.last;dur=64;desc=""Last query at"", cache.hit;dur=2;desc=""Cache hits"", cache.miss;dur=6;desc=""Cache misses"" | D1_posts;dur=44.0;desc=""D1:posts"", D1_layout;dur=44.0;desc=""D1:layout"", D1_all-tags;dur=20.0;desc=""D1:all-tags"", total;dur=64.0;desc=""total"""
2026-10-06T07:52:12Z,astro7-nofields,browser,/category/technologia,200,MISS,remote-WAW,HAM,145.0,340.3,431.5,195.3,28247,7.0,186.0,0.0,62.0,62.0,2.0,6.0,"rt;dur=0;desc=""Runtime init"", render;dur=62;desc=""Page render"", mw;dur=62;desc=""Total middleware"", db.total;dur=186;desc=""DB total"", db.count;dur=7;desc=""Query count"", db.first;dur=0;desc=""First query at"", db.last;dur=62;desc=""Last query at"", cache.hit;dur=2;desc=""Cache hits"", cache.miss;dur=6;desc=""Cache misses"" | D1_layout;dur=59.0;desc=""D1:layout"", D1_term+posts;dur=62.0;desc=""D1:term+posts"", total;dur=62.0;desc=""total"" | cfEdge;dur=137,cfOrigin;dur=0"
2026-10-06T07:52:13Z,astro7-nofields,browser,/posts/architektura-emdash-typescript-astro,200,MISS,remote-WAW,HAM,109.6,562.0,578.5,452.4,33259,9.0,460.0,0.0,302.0,302.0,6.0,7.0,"rt;dur=0;desc=""Runtime init"", render;dur=302;desc=""Page render"", mw;dur=302;desc=""Total middleware"", db.total;dur=460;desc=""DB total"", db.count;dur=9;desc=""Query count"", db.first;dur=0;desc=""First query at"", db.last;dur=302;desc=""Last query at"", cache.hit;dur=6;desc=""Cache hits"", cache.miss;dur=7;desc=""Cache misses"" | D1_layout;dur=56.0;desc=""D1:layout"", D1_entry+recent;dur=230.0;desc=""D1:entry+recent"", D1_tags;dur=20.0;desc=""D1:tags"", total;dur=302.0;desc=""total"" | cfEdge;dur=388,cfOrigin;dur=0"
2026-10-06T07:52:14Z,astro7-nofields,browser,/,200,MISS,remote-WAW,HAM,157.9,349.9,357.4,192.0,29896,5.0,123.0,0.0,67.0,67.0,2.0,6.0,"rt;dur=0;desc=""Runtime init"", render;dur=67;desc=""Page render"", mw;dur=67;desc=""Total middleware"", db.total;dur=123;desc=""DB total"", db.count;dur=5;desc=""Query count"", db.first;dur=0;desc=""First query at"", db.last;dur=67;desc=""Last query at"", cache.hit;dur=2;desc=""Cache hits"", cache.miss;dur=6;desc=""Cache misses"" | D1_posts;dur=48.0;desc=""D1:posts"", D1_layout;dur=48.0;desc=""D1:layout"", D1_all-tags;dur=19.0;desc=""D1:all-tags"", total;dur=67.0;desc=""total"" | cfEdge;dur=128,cfOrigin;dur=0"
2026-10-06T07:52:14Z,astro7-nofields,curl,/posts/architektura-emdash-typescript-astro,200,MISS,remote-,HAM,116.4,342.8,434.4,226.4,32887,9.0,221.0,0.0,102.0,102.0,6.0,7.0,"rt;dur=0;desc=""Runtime init"", render;dur=102;desc=""Page render"", mw;dur=102;desc=""Total middleware"", db.total;dur=221;desc=""DB total"", db.count;dur=9;desc=""Query count"", db.first;dur=0;desc=""First query at"", db.last;dur=102;desc=""Last query at"", cache.hit;dur=6;desc=""Cache hits"", cache.miss;dur=7;desc=""Cache misses"" | D1_layout;dur=36.0;desc=""D1:layout"", D1_entry+recent;dur=36.0;desc=""D1:entry+recent"", D1_tags;dur=19.0;desc=""D1:tags"", total;dur=102.0;desc=""total"""
2026-10-06T07:52:15Z,astro7-nofields,curl,/,200,MISS,remote-WAW,HAM,104.3,489.7,496.0,385.4,29534,5.0,350.0,0.0,253.0,253.0,2.0,6.0,"rt;dur=0;desc=""Runtime init"", render;dur=253;desc=""Page render"", mw;dur=253;desc=""Total middleware"", db.total;dur=350;desc=""DB total"", db.count;dur=5;desc=""Query count"", db.first;dur=0;desc=""First query at"", db.last;dur=253;desc=""Last query at"", cache.hit;dur=2;desc=""Cache hits"", cache.miss;dur=6;desc=""Cache misses"" | D1_layout;dur=63.0;desc=""D1:layout"", D1_posts;dur=229.0;desc=""D1:posts"", D1_all-tags;dur=24.0;desc=""D1:all-tags"", total;dur=253.0;desc=""total"""
2026-10-06T07:52:16Z,astro7-nofields,curl,/category/technologia,200,MISS,remote-WAW,HAM,168.4,329.7,339.5,161.3,27884,7.0,181.0,0.0,56.0,56.0,2.0,6.0,"rt;dur=0;desc=""Runtime init"", render;dur=56;desc=""Page render"", mw;dur=56;desc=""Total middleware"", db.total;dur=181;desc=""DB total"", db.count;dur=7;desc=""Query count"", db.first;dur=0;desc=""First query at"", db.last;dur=56;desc=""Last query at"", cache.hit;dur=2;desc=""Cache hits"", cache.miss;dur=6;desc=""Cache misses"" | D1_layout;dur=48.0;desc=""D1:layout"", D1_term+posts;dur=56.0;desc=""D1:term+posts"", total;dur=56.0;desc=""total"""
2026-10-06T07:52:16Z,astro7-nofields,browser,/category/technologia,200,MISS,remote-WAW,HAM,126.5,438.9,439.6,312.4,28252,7.0,321.0,0.0,167.0,167.0,2.0,6.0,"rt;dur=0;desc=""Runtime init"", render;dur=167;desc=""Page render"", mw;dur=167;desc=""Total middleware"", db.total;dur=321;desc=""DB total"", db.count;dur=7;desc=""Query count"", db.first;dur=0;desc=""First query at"", db.last;dur=167;desc=""Last query at"", cache.hit;dur=2;desc=""Cache hits"", cache.miss;dur=6;desc=""Cache misses"" | D1_layout;dur=62.0;desc=""D1:layout"", D1_term+posts;dur=167.0;desc=""D1:term+posts"", total;dur=167.0;desc=""total"" | cfEdge;dur=251,cfOrigin;dur=0"
2026-10-06T07:52:17Z,astro7-nofields,browser,/posts/architektura-emdash-typescript-astro,200,MISS,remote-,HAM,90.5,422.4,429.3,331.9,33274,9.0,231.0,0.0,121.0,121.0,6.0,7.0,"rt;dur=0;desc=""Runtime init"", render;dur=121;desc=""Page render"", mw;dur=121;desc=""Total middleware"", db.total;dur=231;desc=""DB total"", db.count;dur=9;desc=""Query count"", db.first;dur=0;desc=""First query at"", db.last;dur=121;desc=""Last query at"", cache.hit;dur=6;desc=""Cache hits"", cache.miss;dur=7;desc=""Cache misses"" | D1_entry+recent;dur=48.0;desc=""D1:entry+recent"", D1_layout;dur=48.0;desc=""D1:layout"", D1_tags;dur=27.0;desc=""D1:tags"", total;dur=121.0;desc=""total"" | cfEdge;dur=193,cfOrigin;dur=0"
2026-10-06T07:52:18Z,astro7-nofields,curl,/,200,MISS,remote-WAW,HAM,110.4,302.9,319.8,192.5,29529,5.0,125.0,0.0,63.0,63.0,2.0,6.0,"rt;dur=0;desc=""Runtime init"", render;dur=63;desc=""Page render"", mw;dur=63;desc=""Total middleware"", db.total;dur=125;desc=""DB total"", db.count;dur=5;desc=""Query count"", db.first;dur=0;desc=""First query at"", db.last;dur=63;desc=""Last query at"", cache.hit;dur=2;desc=""Cache hits"", cache.miss;dur=6;desc=""Cache misses"" | D1_layout;dur=40.0;desc=""D1:layout"", D1_posts;dur=40.0;desc=""D1:posts"", D1_all-tags;dur=23.0;desc=""D1:all-tags"", total;dur=63.0;desc=""total"""
2026-10-06T07:52:18Z,astro7-nofields,curl,/category/technologia,200,MISS,remote-WAW,HAM,121.8,546.1,572.7,424.3,27888,7.0,216.0,0.0,64.0,64.0,2.0,6.0,"rt;dur=0;desc=""Runtime init"", render;dur=64;desc=""Page render"", mw;dur=64;desc=""Total middleware"", db.total;dur=216;desc=""DB total"", db.count;dur=7;desc=""Query count"", db.first;dur=0;desc=""First query at"", db.last;dur=64;desc=""Last query at"", cache.hit;dur=2;desc=""Cache hits"", cache.miss;dur=6;desc=""Cache misses"" | D1_layout;dur=58.0;desc=""D1:layout"", D1_term+posts;dur=64.0;desc=""D1:term+posts"", total;dur=64.0;desc=""total"""
2026-10-06T07:52:19Z,astro7-nofields,browser,/,200,MISS,remote-WAW,HAM,205.4,500.8,503.0,295.4,29896,5.0,175.0,0.0,91.0,91.0,2.0,6.0,"rt;dur=0;desc=""Runtime init"", render;dur=91;desc=""Page render"", mw;dur=91;desc=""Total middleware"", db.total;dur=175;desc=""DB total"", db.count;dur=5;desc=""Query count"", db.first;dur=0;desc=""First query at"", db.last;dur=91;desc=""Last query at"", cache.hit;dur=2;desc=""Cache hits"", cache.miss;dur=6;desc=""Cache misses"" | D1_layout;dur=50.0;desc=""D1:layout"", D1_posts;dur=63.0;desc=""D1:posts"", D1_all-tags;dur=28.0;desc=""D1:all-tags"", total;dur=91.0;desc=""total"" | cfEdge;dur=174,cfOrigin;dur=0"
2026-10-06T07:52:20Z,astro7-nofields,browser,/posts/,200,MISS,remote-,HAM,297.2,494.5,502.1,197.3,37067,5.0,134.0,0.0,72.0,72.0,2.0,6.0,"rt;dur=0;desc=""Runtime init"", render;dur=72;desc=""Page render"", mw;dur=72;desc=""Total middleware"", db.total;dur=134;desc=""DB total"", db.count;dur=5;desc=""Query count"", db.first;dur=0;desc=""First query at"", db.last;dur=72;desc=""Last query at"", cache.hit;dur=2;desc=""Cache hits"", cache.miss;dur=6;desc=""Cache misses"" | D1_posts;dur=49.0;desc=""D1:posts"", D1_layout;dur=49.0;desc=""D1:layout"", D1_all-tags;dur=23.0;desc=""D1:all-tags"", total;dur=72.0;desc=""total"" | cfEdge;dur=142,cfOrigin;dur=0"
2026-10-06T07:52:21Z,astro7-nofields,curl,/posts/architektura-emdash-typescript-astro,200,MISS,remote-,HAM,440.1,784.0,784.6,343.9,32883,9.0,284.0,0.0,127.0,127.0,6.0,7.0,"rt;dur=0;desc=""Runtime init"", render;dur=127;desc=""Page render"", mw;dur=127;desc=""Total middleware"", db.total;dur=284;desc=""DB total"", db.count;dur=9;desc=""Query count"", db.first;dur=0;desc=""First query at"", db.last;dur=127;desc=""Last query at"", cache.hit;dur=6;desc=""Cache hits"", cache.miss;dur=7;desc=""Cache misses"" | D1_entry+recent;dur=55.0;desc=""D1:entry+recent"", D1_layout;dur=55.0;desc=""D1:layout"", D1_tags;dur=25.0;desc=""D1:tags"", total;dur=127.0;desc=""total"""
2026-10-06T07:52:22Z,astro7-nofields,curl,/posts/,200,MISS,remote-WAW,HAM,293.8,478.2,494.6,184.4,36692,5.0,135.0,0.0,64.0,64.0,2.0,6.0,"rt;dur=0;desc=""Runtime init"", render;dur=64;desc=""Page render"", mw;dur=64;desc=""Total middleware"", db.total;dur=135;desc=""DB total"", db.count;dur=5;desc=""Query count"", db.first;dur=0;desc=""First query at"", db.last;dur=64;desc=""Last query at"", cache.hit;dur=2;desc=""Cache hits"", cache.miss;dur=6;desc=""Cache misses"" | D1_posts;dur=43.0;desc=""D1:posts"", D1_layout;dur=43.0;desc=""D1:layout"", D1_all-tags;dur=21.0;desc=""D1:all-tags"", total;dur=64.0;desc=""total"""
2026-10-06T07:52:22Z,astro7-nofields,browser,/,200,MISS,remote-WAW,HAM,204.3,613.4,613.9,409.1,29905,5.0,342.0,0.0,255.0,255.0,2.0,6.0,"rt;dur=0;desc=""Runtime init"", render;dur=255;desc=""Page render"", mw;dur=255;desc=""Total middleware"", db.total;dur=342;desc=""DB total"", db.count;dur=5;desc=""Query count"", db.first;dur=0;desc=""First query at"", db.last;dur=255;desc=""Last query at"", cache.hit;dur=2;desc=""Cache hits"", cache.miss;dur=6;desc=""Cache misses"" | D1_layout;dur=56.0;desc=""D1:layout"", D1_posts;dur=234.0;desc=""D1:posts"", D1_all-tags;dur=21.0;desc=""D1:all-tags"", total;dur=255.0;desc=""total"" | cfEdge;dur=330,cfOrigin;dur=0"
2026-10-06T07:52:23Z,astro7-nofields,curl,/posts/,200,MISS,remote-,HAM,297.4,819.9,821.0,522.5,36705,5.0,373.0,0.0,284.0,284.0,2.0,6.0,"rt;dur=0;desc=""Runtime init"", render;dur=284;desc=""Page render"", mw;dur=284;desc=""Total middleware"", db.total;dur=373;desc=""DB total"", db.count;dur=5;desc=""Query count"", db.first;dur=0;desc=""First query at"", db.last;dur=284;desc=""Last query at"", cache.hit;dur=2;desc=""Cache hits"", cache.miss;dur=6;desc=""Cache misses"" | D1_layout;dur=56.0;desc=""D1:layout"", D1_posts;dur=255.0;desc=""D1:posts"", D1_all-tags;dur=29.0;desc=""D1:all-tags"", total;dur=284.0;desc=""total"""
2026-10-06T07:52:24Z,astro7-nofields,curl,/posts/architektura-emdash-typescript-astro,200,MISS,remote-WAW,HAM,156.1,379.5,397.8,223.4,32895,9.0,234.0,0.0,115.0,115.0,6.0,7.0,"rt;dur=0;desc=""Runtime init"", render;dur=115;desc=""Page render"", mw;dur=115;desc=""Total middleware"", db.total;dur=234;desc=""DB total"", db.count;dur=9;desc=""Query count"", db.first;dur=0;desc=""First query at"", db.last;dur=115;desc=""Last query at"", cache.hit;dur=6;desc=""Cache hits"", cache.miss;dur=7;desc=""Cache misses"" | D1_entry+recent;dur=50.0;desc=""D1:entry+recent"", D1_layout;dur=50.0;desc=""D1:layout"", D1_tags;dur=19.0;desc=""D1:tags"", total;dur=115.0;desc=""total"""
2026-10-06T07:52:25Z,astro7-nofields,browser,/category/technologia,200,MISS,remote-WAW,HAM,104.0,273.1,297.6,169.1,28263,7.0,138.0,0.0,47.0,47.0,2.0,6.0,"rt;dur=0;desc=""Runtime init"", render;dur=47;desc=""Page render"", mw;dur=47;desc=""Total middleware"", db.total;dur=138;desc=""DB total"", db.count;dur=7;desc=""Query count"", db.first;dur=0;desc=""First query at"", db.last;dur=47;desc=""Last query at"", cache.hit;dur=2;desc=""Cache hits"", cache.miss;dur=6;desc=""Cache misses"" | D1_layout;dur=37.0;desc=""D1:layout"", D1_term+posts;dur=47.0;desc=""D1:term+posts"", total;dur=47.0;desc=""total"" | cfEdge;dur=119,cfOrigin;dur=0"
2026-10-06T07:52:25Z,astro7-nofields,curl,/category/technologia,200,MISS,remote-WAW,HAM,106.9,298.7,308.3,191.8,27888,7.0,172.0,0.0,67.0,67.0,2.0,6.0,"rt;dur=0;desc=""Runtime init"", render;dur=67;desc=""Page render"", mw;dur=67;desc=""Total middleware"", db.total;dur=172;desc=""DB total"", db.count;dur=7;desc=""Query count"", db.first;dur=0;desc=""First query at"", db.last;dur=67;desc=""Last query at"", cache.hit;dur=2;desc=""Cache hits"", cache.miss;dur=6;desc=""Cache misses"" | D1_layout;dur=43.0;desc=""D1:layout"", D1_term+posts;dur=67.0;desc=""D1:term+posts"", total;dur=67.0;desc=""total"""
2026-10-06T07:52:26Z,astro7-nofields,curl,/,200,MISS,remote-WAW,HAM,178.8,377.9,385.9,199.1,29529,5.0,147.0,0.0,72.0,72.0,2.0,6.0,"rt;dur=0;desc=""Runtime init"", render;dur=72;desc=""Page render"", mw;dur=72;desc=""Total middleware"", db.total;dur=147;desc=""DB total"", db.count;dur=5;desc=""Query count"", db.first;dur=0;desc=""First query at"", db.last;dur=72;desc=""Last query at"", cache.hit;dur=2;desc=""Cache hits"", cache.miss;dur=6;desc=""Cache misses"" | D1_posts;dur=53.0;desc=""D1:posts"", D1_layout;dur=53.0;desc=""D1:layout"", D1_all-tags;dur=19.0;desc=""D1:all-tags"", total;dur=72.0;desc=""total"""
2026-10-06T07:52:26Z,astro7-nofields,browser,/posts/,200,MISS,remote-WAW,HAM,118.5,399.0,399.4,280.5,37067,5.0,144.0,0.0,71.0,71.0,2.0,6.0,"rt;dur=0;desc=""Runtime init"", render;dur=71;desc=""Page render"", mw;dur=71;desc=""Total middleware"", db.total;dur=144;desc=""DB total"", db.count;dur=5;desc=""Query count"", db.first;dur=0;desc=""First query at"", db.last;dur=71;desc=""Last query at"", cache.hit;dur=2;desc=""Cache hits"", cache.miss;dur=6;desc=""Cache misses"" | D1_posts;dur=47.0;desc=""D1:posts"", D1_layout;dur=47.0;desc=""D1:layout"", D1_all-tags;dur=24.0;desc=""D1:all-tags"", total;dur=71.0;desc=""total"" | cfEdge;dur=148,cfOrigin;dur=0"
2026-10-06T07:52:27Z,astro7-nofields,browser,/posts/architektura-emdash-typescript-astro,200,MISS,remote-WAW,HAM,121.0,592.9,600.9,471.9,33267,9.0,458.0,0.0,325.0,325.0,6.0,7.0,"rt;dur=0;desc=""Runtime init"", render;dur=325;desc=""Page render"", mw;dur=325;desc=""Total middleware"", db.total;dur=458;desc=""DB total"", db.count;dur=9;desc=""Query count"", db.first;dur=0;desc=""First query at"", db.last;dur=325;desc=""Last query at"", cache.hit;dur=6;desc=""Cache hits"", cache.miss;dur=7;desc=""Cache misses"" | D1_layout;dur=45.0;desc=""D1:layout"", D1_entry+recent;dur=257.0;desc=""D1:entry+recent"", D1_tags;dur=20.0;desc=""D1:tags"", total;dur=325.0;desc=""total"" | cfEdge;dur=418,cfOrigin;dur=0"
2026-10-06T07:52:28Z,astro7-nofields,browser,/,200,MISS,remote-WAW,HAM,98.0,281.6,302.0,183.6,29908,5.0,134.0,0.0,72.0,72.0,2.0,6.0,"rt;dur=0;desc=""Runtime init"", render;dur=72;desc=""Page render"", mw;dur=72;desc=""Total middleware"", db.total;dur=134;desc=""DB total"", db.count;dur=5;desc=""Query count"", db.first;dur=0;desc=""First query at"", db.last;dur=72;desc=""Last query at"", cache.hit;dur=2;desc=""Cache hits"", cache.miss;dur=6;desc=""Cache misses"" | D1_posts;dur=45.0;desc=""D1:posts"", D1_layout;dur=45.0;desc=""D1:layout"", D1_all-tags;dur=27.0;desc=""D1:all-tags"", total;dur=72.0;desc=""total"" | cfEdge;dur=146,cfOrigin;dur=0"
2026-10-06T07:52:28Z,astro7-nofields,browser,/category/technologia,200,MISS,remote-WAW,HAM,106.0,292.7,294.4,186.7,28247,7.0,198.0,0.0,63.0,63.0,2.0,6.0,"rt;dur=0;desc=""Runtime init"", render;dur=63;desc=""Page render"", mw;dur=63;desc=""Total middleware"", db.total;dur=198;desc=""DB total"", db.count;dur=7;desc=""Query count"", db.first;dur=0;desc=""First query at"", db.last;dur=63;desc=""Last query at"", cache.hit;dur=2;desc=""Cache hits"", cache.miss;dur=6;desc=""Cache misses"" | D1_layout;dur=55.0;desc=""D1:layout"", D1_term+posts;dur=63.0;desc=""D1:term+posts"", total;dur=63.0;desc=""total"" | cfEdge;dur=131,cfOrigin;dur=0"
2026-10-06T07:52:29Z,astro7-nofields,curl,/,200,MISS,remote-,HAM,113.1,337.2,345.8,224.1,29533,5.0,144.0,0.0,72.0,72.0,2.0,6.0,"rt;dur=0;desc=""Runtime init"", render;dur=72;desc=""Page render"", mw;dur=72;desc=""Total middleware"", db.total;dur=144;desc=""DB total"", db.count;dur=5;desc=""Query count"", db.first;dur=0;desc=""First query at"", db.last;dur=72;desc=""Last query at"", cache.hit;dur=2;desc=""Cache hits"", cache.miss;dur=6;desc=""Cache misses"" | D1_posts;dur=49.0;desc=""D1:posts"", D1_layout;dur=49.0;desc=""D1:layout"", D1_all-tags;dur=23.0;desc=""D1:all-tags"", total;dur=72.0;desc=""total"""
2026-10-06T07:52:30Z,astro7-nofields,browser,/posts/,200,MISS,remote-WAW,HAM,101.7,527.9,534.4,426.2,37076,5.0,369.0,0.0,289.0,289.0,2.0,6.0,"rt;dur=0;desc=""Runtime init"", render;dur=289;desc=""Page render"", mw;dur=289;desc=""Total middleware"", db.total;dur=369;desc=""DB total"", db.count;dur=5;desc=""Query count"", db.first;dur=0;desc=""First query at"", db.last;dur=289;desc=""Last query at"", cache.hit;dur=2;desc=""Cache hits"", cache.miss;dur=6;desc=""Cache misses"" | D1_layout;dur=50.0;desc=""D1:layout"", D1_posts;dur=253.0;desc=""D1:posts"", D1_all-tags;dur=36.0;desc=""D1:all-tags"", total;dur=289.0;desc=""total"" | cfEdge;dur=372,cfOrigin;dur=0"
2026-10-06T07:52:30Z,astro7-nofields,browser,/posts/architektura-emdash-typescript-astro,200,MISS,remote-,HAM,77.2,298.8,313.8,221.6,33246,9.0,211.0,0.0,98.0,98.0,6.0,7.0,"rt;dur=0;desc=""Runtime init"", render;dur=98;desc=""Page render"", mw;dur=98;desc=""Total middleware"", db.total;dur=211;desc=""DB total"", db.count;dur=9;desc=""Query count"", db.first;dur=0;desc=""First query at"", db.last;dur=98;desc=""Last query at"", cache.hit;dur=6;desc=""Cache hits"", cache.miss;dur=7;desc=""Cache misses"" | D1_entry+recent;dur=37.0;desc=""D1:entry+recent"", D1_layout;dur=37.0;desc=""D1:layout"", D1_tags;dur=23.0;desc=""D1:tags"", total;dur=98.0;desc=""total"" | cfEdge;dur=170,cfOrigin;dur=0"
2026-10-06T07:52:31Z,astro7-nofields,curl,/posts/architektura-emdash-typescript-astro,200,MISS,remote-,HAM,95.9,711.2,711.8,615.3,32884,9.0,460.0,0.0,325.0,325.0,6.0,7.0,"rt;dur=0;desc=""Runtime init"", render;dur=325;desc=""Page render"", mw;dur=325;desc=""Total middleware"", db.total;dur=460;desc=""DB total"", db.count;dur=9;desc=""Query count"", db.first;dur=0;desc=""First query at"", db.last;dur=325;desc=""Last query at"", cache.hit;dur=6;desc=""Cache hits"", cache.miss;dur=7;desc=""Cache misses"" | D1_layout;dur=52.0;desc=""D1:layout"", D1_entry+recent;dur=254.0;desc=""D1:entry+recent"", D1_tags;dur=23.0;desc=""D1:tags"", total;dur=325.0;desc=""total"""
2026-10-06T07:52:32Z,astro7-nofields,curl,/posts/,200,MISS,remote-,HAM,118.2,306.4,318.6,188.2,36696,5.0,116.0,0.0,58.0,58.0,2.0,6.0,"rt;dur=0;desc=""Runtime init"", render;dur=58;desc=""Page render"", mw;dur=58;desc=""Total middleware"", db.total;dur=116;desc=""DB total"", db.count;dur=5;desc=""Query count"", db.first;dur=0;desc=""First query at"", db.last;dur=58;desc=""Last query at"", cache.hit;dur=2;desc=""Cache hits"", cache.miss;dur=6;desc=""Cache misses"" | D1_posts;dur=40.0;desc=""D1:posts"", D1_layout;dur=40.0;desc=""D1:layout"", D1_all-tags;dur=18.0;desc=""D1:all-tags"", total;dur=58.0;desc=""total"""
2026-10-06T07:52:32Z,astro7-nofields,curl,/category/technologia,200,MISS,remote-WAW,HAM,114.2,331.0,332.3,216.8,27880,7.0,194.0,0.0,59.0,59.0,2.0,6.0,"rt;dur=0;desc=""Runtime init"", render;dur=59;desc=""Page render"", mw;dur=59;desc=""Total middleware"", db.total;dur=194;desc=""DB total"", db.count;dur=7;desc=""Query count"", db.first;dur=0;desc=""First query at"", db.last;dur=59;desc=""Last query at"", cache.hit;dur=2;desc=""Cache hits"", cache.miss;dur=6;desc=""Cache misses"" | D1_layout;dur=57.0;desc=""D1:layout"", D1_term+posts;dur=59.0;desc=""D1:term+posts"", total;dur=59.0;desc=""total"""
2026-10-06T07:52:33Z,astro7-nofields,curl,/posts/architektura-emdash-typescript-astro,200,MISS,remote-WAW,HAM,103.4,354.8,364.3,251.4,32883,10.0,278.0,0.0,118.0,118.0,6.0,7.0,"rt;dur=0;desc=""Runtime init"", render;dur=118;desc=""Page render"", mw;dur=118;desc=""Total middleware"", db.total;dur=278;desc=""DB total"", db.count;dur=10;desc=""Query count"", db.first;dur=0;desc=""First query at"", db.last;dur=118;desc=""Last query at"", cache.hit;dur=6;desc=""Cache hits"", cache.miss;dur=7;desc=""Cache misses"" | D1_entry+recent;dur=50.0;desc=""D1:entry+recent"", D1_layout;dur=50.0;desc=""D1:layout"", D1_tags;dur=22.0;desc=""D1:tags"", total;dur=118.0;desc=""total"""
2026-10-06T07:52:33Z,astro7-nofields,browser,/,200,MISS,remote-WAW,HAM,174.0,356.5,360.4,182.5,29896,5.0,143.0,0.0,77.0,77.0,2.0,6.0,"rt;dur=0;desc=""Runtime init"", render;dur=77;desc=""Page render"", mw;dur=77;desc=""Total middleware"", db.total;dur=143;desc=""DB total"", db.count;dur=5;desc=""Query count"", db.first;dur=0;desc=""First query at"", db.last;dur=77;desc=""Last query at"", cache.hit;dur=2;desc=""Cache hits"", cache.miss;dur=6;desc=""Cache misses"" | D1_posts;dur=54.0;desc=""D1:posts"", D1_layout;dur=54.0;desc=""D1:layout"", D1_all-tags;dur=23.0;desc=""D1:all-tags"", total;dur=77.0;desc=""total"" | cfEdge;dur=136,cfOrigin;dur=0"
2026-10-06T07:52:34Z,astro7-nofields,browser,/posts/architektura-emdash-typescript-astro,200,MISS,remote-WAW,HAM,167.5,633.0,635.2,465.5,33259,10.0,467.0,0.0,298.0,298.0,6.0,7.0,"rt;dur=0;desc=""Runtime init"", render;dur=298;desc=""Page render"", mw;dur=298;desc=""Total middleware"", db.total;dur=467;desc=""DB total"", db.count;dur=10;desc=""Query count"", db.first;dur=0;desc=""First query at"", db.last;dur=298;desc=""Last query at"", cache.hit;dur=6;desc=""Cache hits"", cache.miss;dur=7;desc=""Cache misses"" | D1_layout;dur=52.0;desc=""D1:layout"", D1_entry+recent;dur=229.0;desc=""D1:entry+recent"", D1_tags;dur=20.0;desc=""D1:tags"", total;dur=298.0;desc=""total"" | cfEdge;dur=388,cfOrigin;dur=0"
2026-10-06T07:52:35Z,astro7-nofields,browser,/category/technologia,200,MISS,remote-,HAM,82.7,390.3,391.0,307.6,28259,7.0,194.0,0.0,55.0,55.0,2.0,6.0,"rt;dur=0;desc=""Runtime init"", render;dur=55;desc=""Page render"", mw;dur=55;desc=""Total middleware"", db.total;dur=194;desc=""DB total"", db.count;dur=7;desc=""Query count"", db.first;dur=0;desc=""First query at"", db.last;dur=55;desc=""Last query at"", cache.hit;dur=2;desc=""Cache hits"", cache.miss;dur=6;desc=""Cache misses"" | D1_layout;dur=55.0;desc=""D1:layout"", D1_term+posts;dur=55.0;desc=""D1:term+posts"", total;dur=55.0;desc=""total"" | cfEdge;dur=124,cfOrigin;dur=0"
2026-10-06T07:52:36Z,astro7-nofields,curl,/category/technologia,200,MISS,remote-,HAM,302.9,481.6,491.2,178.7,27892,7.0,189.0,0.0,55.0,55.0,2.0,6.0,"rt;dur=0;desc=""Runtime init"", render;dur=55;desc=""Page render"", mw;dur=55;desc=""Total middleware"", db.total;dur=189;desc=""DB total"", db.count;dur=7;desc=""Query count"", db.first;dur=0;desc=""First query at"", db.last;dur=55;desc=""Last query at"", cache.hit;dur=2;desc=""Cache hits"", cache.miss;dur=6;desc=""Cache misses"" | D1_layout;dur=52.0;desc=""D1:layout"", D1_term+posts;dur=55.0;desc=""D1:term+posts"", total;dur=55.0;desc=""total"""
2026-10-06T07:52:37Z,astro7-nofields,browser,/posts/,200,MISS,remote-,HAM,332.9,623.1,623.8,290.2,37071,5.0,135.0,0.0,79.0,79.0,2.0,6.0,"rt;dur=0;desc=""Runtime init"", render;dur=79;desc=""Page render"", mw;dur=79;desc=""Total middleware"", db.total;dur=135;desc=""DB total"", db.count;dur=5;desc=""Query count"", db.first;dur=0;desc=""First query at"", db.last;dur=79;desc=""Last query at"", cache.hit;dur=2;desc=""Cache hits"", cache.miss;dur=6;desc=""Cache misses"" | D1_posts;dur=52.0;desc=""D1:posts"", D1_layout;dur=52.0;desc=""D1:layout"", D1_all-tags;dur=27.0;desc=""D1:all-tags"", total;dur=79.0;desc=""total"" | cfEdge;dur=137,cfOrigin;dur=0"
2026-10-06T07:52:37Z,astro7-nofields,curl,/posts/,200,MISS,remote-,HAM,302.3,494.4,514.3,192.1,36704,5.0,141.0,0.0,70.0,70.0,2.0,6.0,"rt;dur=0;desc=""Runtime init"", render;dur=70;desc=""Page render"", mw;dur=70;desc=""Total middleware"", db.total;dur=141;desc=""DB total"", db.count;dur=5;desc=""Query count"", db.first;dur=0;desc=""First query at"", db.last;dur=70;desc=""Last query at"", cache.hit;dur=2;desc=""Cache hits"", cache.miss;dur=6;desc=""Cache misses"" | D1_posts;dur=45.0;desc=""D1:posts"", D1_layout;dur=45.0;desc=""D1:layout"", D1_all-tags;dur=25.0;desc=""D1:all-tags"", total;dur=70.0;desc=""total"""
2026-10-06T07:52:38Z,astro7-nofields,curl,/,200,MISS,remote-,HAM,188.3,431.2,435.7,242.9,29529,5.0,116.0,0.0,66.0,66.0,2.0,6.0,"rt;dur=0;desc=""Runtime init"", render;dur=66;desc=""Page render"", mw;dur=66;desc=""Total middleware"", db.total;dur=116;desc=""DB total"", db.count;dur=5;desc=""Query count"", db.first;dur=0;desc=""First query at"", db.last;dur=66;desc=""Last query at"", cache.hit;dur=2;desc=""Cache hits"", cache.miss;dur=6;desc=""Cache misses"" | D1_posts;dur=41.0;desc=""D1:posts"", D1_layout;dur=41.0;desc=""D1:layout"", D1_all-tags;dur=25.0;desc=""D1:all-tags"", total;dur=66.0;desc=""total"""
2026-10-06T07:52:39Z,astro7-nofields,curl,/posts/architektura-emdash-typescript-astro,200,MISS,remote-,HAM,295.4,815.4,821.1,520.0,32892,9.0,457.0,0.0,306.0,306.0,6.0,7.0,"rt;dur=0;desc=""Runtime init"", render;dur=306;desc=""Page render"", mw;dur=306;desc=""Total middleware"", db.total;dur=457;desc=""DB total"", db.count;dur=9;desc=""Query count"", db.first;dur=0;desc=""First query at"", db.last;dur=306;desc=""Last query at"", cache.hit;dur=6;desc=""Cache hits"", cache.miss;dur=7;desc=""Cache misses"" | D1_layout;dur=49.0;desc=""D1:layout"", D1_entry+recent;dur=228.0;desc=""D1:entry+recent"", D1_tags;dur=26.0;desc=""D1:tags"", total;dur=306.0;desc=""total"""
2026-10-06T07:52:40Z,astro7-nofields,browser,/posts/architektura-emdash-typescript-astro,200,MISS,remote-,HAM,298.8,554.8,558.8,256.0,33270,9.0,272.0,0.0,122.0,122.0,6.0,7.0,"rt;dur=0;desc=""Runtime init"", render;dur=122;desc=""Page render"", mw;dur=122;desc=""Total middleware"", db.total;dur=272;desc=""DB total"", db.count;dur=9;desc=""Query count"", db.first;dur=0;desc=""First query at"", db.last;dur=122;desc=""Last query at"", cache.hit;dur=6;desc=""Cache hits"", cache.miss;dur=7;desc=""Cache misses"" | D1_entry+recent;dur=53.0;desc=""D1:entry+recent"", D1_layout;dur=53.0;desc=""D1:layout"", D1_tags;dur=24.0;desc=""D1:tags"", total;dur=122.0;desc=""total"" | cfEdge;dur=204,cfOrigin;dur=0"
2026-10-06T07:52:40Z,astro7-nofields,curl,/,200,MISS,remote-WAW,HAM,211.2,387.8,391.5,176.6,29537,5.0,140.0,0.0,71.0,71.0,2.0,6.0,"rt;dur=0;desc=""Runtime init"", render;dur=71;desc=""Page render"", mw;dur=71;desc=""Total middleware"", db.total;dur=140;desc=""DB total"", db.count;dur=5;desc=""Query count"", db.first;dur=0;desc=""First query at"", db.last;dur=71;desc=""Last query at"", cache.hit;dur=2;desc=""Cache hits"", cache.miss;dur=6;desc=""Cache misses"" | D1_posts;dur=52.0;desc=""D1:posts"", D1_layout;dur=52.0;desc=""D1:layout"", D1_all-tags;dur=19.0;desc=""D1:all-tags"", total;dur=71.0;desc=""total"""
2026-10-06T07:52:41Z,astro7-nofields,browser,/category/technologia,200,MISS,remote-WAW,HAM,79.2,378.1,473.6,298.9,28264,7.0,317.0,0.0,195.0,195.0,2.0,6.0,"rt;dur=0;desc=""Runtime init"", render;dur=195;desc=""Page render"", mw;dur=195;desc=""Total middleware"", db.total;dur=317;desc=""DB total"", db.count;dur=7;desc=""Query count"", db.first;dur=0;desc=""First query at"", db.last;dur=195;desc=""Last query at"", cache.hit;dur=2;desc=""Cache hits"", cache.miss;dur=6;desc=""Cache misses"" | D1_layout;dur=53.0;desc=""D1:layout"", D1_term+posts;dur=195.0;desc=""D1:term+posts"", total;dur=195.0;desc=""total"" | cfEdge;dur=253,cfOrigin;dur=0"
2026-10-06T07:52:42Z,astro7-nofields,curl,/category/technologia,200,MISS,remote-WAW,HAM,96.8,309.7,312.9,212.9,27880,7.0,231.0,0.0,69.0,69.0,2.0,6.0,"rt;dur=0;desc=""Runtime init"", render;dur=69;desc=""Page render"", mw;dur=69;desc=""Total middleware"", db.total;dur=231;desc=""DB total"", db.count;dur=7;desc=""Query count"", db.first;dur=0;desc=""First query at"", db.last;dur=69;desc=""Last query at"", cache.hit;dur=2;desc=""Cache hits"", cache.miss;dur=6;desc=""Cache misses"" | D1_layout;dur=60.0;desc=""D1:layout"", D1_term+posts;dur=69.0;desc=""D1:term+posts"", total;dur=69.0;desc=""total"""
2026-10-06T07:52:42Z,astro7-nofields,browser,/,200,MISS,remote-,HAM,117.8,302.0,309.9,184.2,29896,5.0,132.0,0.0,63.0,63.0,2.0,6.0,"rt;dur=0;desc=""Runtime init"", render;dur=63;desc=""Page render"", mw;dur=63;desc=""Total middleware"", db.total;dur=132;desc=""DB total"", db.count;dur=5;desc=""Query count"", db.first;dur=0;desc=""First query at"", db.last;dur=63;desc=""Last query at"", cache.hit;dur=2;desc=""Cache hits"", cache.miss;dur=6;desc=""Cache misses"" | D1_posts;dur=44.0;desc=""D1:posts"", D1_layout;dur=44.0;desc=""D1:layout"", D1_all-tags;dur=19.0;desc=""D1:all-tags"", total;dur=63.0;desc=""total"" | cfEdge;dur=123,cfOrigin;dur=0"
2026-10-06T07:52:43Z,astro7-nofields,browser,/posts/,200,MISS,remote-WAW,HAM,98.7,280.3,289.5,181.6,37063,5.0,112.0,0.0,65.0,65.0,2.0,6.0,"rt;dur=0;desc=""Runtime init"", render;dur=65;desc=""Page render"", mw;dur=65;desc=""Total middleware"", db.total;dur=112;desc=""DB total"", db.count;dur=5;desc=""Query count"", db.first;dur=0;desc=""First query at"", db.last;dur=65;desc=""Last query at"", cache.hit;dur=2;desc=""Cache hits"", cache.miss;dur=6;desc=""Cache misses"" | D1_posts;dur=41.0;desc=""D1:posts"", D1_layout;dur=41.0;desc=""D1:layout"", D1_all-tags;dur=24.0;desc=""D1:all-tags"", total;dur=65.0;desc=""total"" | cfEdge;dur=130,cfOrigin;dur=0"
2026-10-06T07:52:43Z,astro7-nofields,curl,/posts/,200,MISS,remote-WAW,HAM,107.9,320.3,331.4,212.4,36720,5.0,145.0,0.0,79.0,79.0,2.0,6.0,"rt;dur=0;desc=""Runtime init"", render;dur=79;desc=""Page render"", mw;dur=79;desc=""Total middleware"", db.total;dur=145;desc=""DB total"", db.count;dur=5;desc=""Query count"", db.first;dur=0;desc=""First query at"", db.last;dur=79;desc=""Last query at"", cache.hit;dur=2;desc=""Cache hits"", cache.miss;dur=6;desc=""Cache misses"" | D1_posts;dur=55.0;desc=""D1:posts"", D1_layout;dur=55.0;desc=""D1:layout"", D1_all-tags;dur=24.0;desc=""D1:all-tags"", total;dur=79.0;desc=""total"""
2026-10-06T07:52:44Z,astro7-nofields,curl,/posts/,200,MISS,remote-,HAM,82.3,259.3,263.7,177.0,36700,5.0,142.0,0.0,75.0,75.0,2.0,6.0,"rt;dur=0;desc=""Runtime init"", render;dur=75;desc=""Page render"", mw;dur=75;desc=""Total middleware"", db.total;dur=142;desc=""DB total"", db.count;dur=5;desc=""Query count"", db.first;dur=0;desc=""First query at"", db.last;dur=75;desc=""Last query at"", cache.hit;dur=2;desc=""Cache hits"", cache.miss;dur=6;desc=""Cache misses"" | D1_posts;dur=57.0;desc=""D1:posts"", D1_layout;dur=57.0;desc=""D1:layout"", D1_all-tags;dur=18.0;desc=""D1:all-tags"", total;dur=75.0;desc=""total"""
2026-10-06T07:52:44Z,astro7-nofields,curl,/,200,MISS,remote-WAW,HAM,86.5,274.3,280.1,187.8,29549,5.0,154.0,0.0,79.0,79.0,2.0,6.0,"rt;dur=0;desc=""Runtime init"", render;dur=79;desc=""Page render"", mw;dur=79;desc=""Total middleware"", db.total;dur=154;desc=""DB total"", db.count;dur=5;desc=""Query count"", db.first;dur=0;desc=""First query at"", db.last;dur=79;desc=""Last query at"", cache.hit;dur=2;desc=""Cache hits"", cache.miss;dur=6;desc=""Cache misses"" | D1_posts;dur=53.0;desc=""D1:posts"", D1_layout;dur=53.0;desc=""D1:layout"", D1_all-tags;dur=26.0;desc=""D1:all-tags"", total;dur=79.0;desc=""total"""
2026-10-06T07:52:45Z,astro7-nofields,browser,/,200,MISS,remote-,HAM,143.6,381.5,390.1,237.9,29904,5.0,185.0,0.0,110.0,110.0,2.0,6.0,"rt;dur=0;desc=""Runtime init"", render;dur=110;desc=""Page render"", mw;dur=110;desc=""Total middleware"", db.total;dur=185;desc=""DB total"", db.count;dur=5;desc=""Query count"", db.first;dur=0;desc=""First query at"", db.last;dur=110;desc=""Last query at"", cache.hit;dur=2;desc=""Cache hits"", cache.miss;dur=6;desc=""Cache misses"" | D1_layout;dur=52.0;desc=""D1:layout"", D1_posts;dur=81.0;desc=""D1:posts"", D1_all-tags;dur=29.0;desc=""D1:all-tags"", total;dur=110.0;desc=""total"" | cfEdge;dur=186,cfOrigin;dur=0"
2026-10-06T07:52:46Z,astro7-nofields,browser,/posts/,200,MISS,remote-WAW,HAM,182.7,552.7,564.2,370.0,37068,5.0,341.0,0.0,255.0,255.0,2.0,6.0,"rt;dur=0;desc=""Runtime init"", render;dur=255;desc=""Page render"", mw;dur=255;desc=""Total middleware"", db.total;dur=341;desc=""DB total"", db.count;dur=5;desc=""Query count"", db.first;dur=0;desc=""First query at"", db.last;dur=255;desc=""Last query at"", cache.hit;dur=2;desc=""Cache hits"", cache.miss;dur=6;desc=""Cache misses"" | D1_layout;dur=57.0;desc=""D1:layout"", D1_posts;dur=232.0;desc=""D1:posts"", D1_all-tags;dur=23.0;desc=""D1:all-tags"", total;dur=255.0;desc=""total"" | cfEdge;dur=328,cfOrigin;dur=0"
2026-10-06T07:52:46Z,astro7-nofields,browser,/category/technologia,200,MISS,remote-WAW,HAM,129.1,309.9,314.6,180.8,28247,7.0,199.0,0.0,57.0,57.0,2.0,6.0,"rt;dur=0;desc=""Runtime init"", render;dur=57;desc=""Page render"", mw;dur=57;desc=""Total middleware"", db.total;dur=199;desc=""DB total"", db.count;dur=7;desc=""Query count"", db.first;dur=0;desc=""First query at"", db.last;dur=57;desc=""Last query at"", cache.hit;dur=2;desc=""Cache hits"", cache.miss;dur=6;desc=""Cache misses"" | D1_layout;dur=57.0;desc=""D1:layout"", D1_term+posts;dur=57.0;desc=""D1:term+posts"", total;dur=57.0;desc=""total"" | cfEdge;dur=136,cfOrigin;dur=0"
2026-10-06T07:52:47Z,astro7-nofields,curl,/category/technologia,200,MISS,remote-WAW,HAM,89.7,405.7,406.3,316.0,27878,7.0,499.0,0.0,155.0,155.0,2.0,6.0,"rt;dur=0;desc=""Runtime init"", render;dur=155;desc=""Page render"", mw;dur=155;desc=""Total middleware"", db.total;dur=499;desc=""DB total"", db.count;dur=7;desc=""Query count"", db.first;dur=0;desc=""First query at"", db.last;dur=155;desc=""Last query at"", cache.hit;dur=2;desc=""Cache hits"", cache.miss;dur=6;desc=""Cache misses"" | D1_layout;dur=154.0;desc=""D1:layout"", D1_term+posts;dur=155.0;desc=""D1:term+posts"", total;dur=155.0;desc=""total"""
2026-10-06T07:52:47Z,astro7-nofields,curl,/posts/architektura-emdash-typescript-astro,200,MISS,remote-WAW,HAM,96.2,334.0,342.6,237.8,32907,9.0,253.0,0.0,119.0,119.0,6.0,7.0,"rt;dur=0;desc=""Runtime init"", render;dur=119;desc=""Page render"", mw;dur=119;desc=""Total middleware"", db.total;dur=253;desc=""DB total"", db.count;dur=9;desc=""Query count"", db.first;dur=0;desc=""First query at"", db.last;dur=119;desc=""Last query at"", cache.hit;dur=6;desc=""Cache hits"", cache.miss;dur=7;desc=""Cache misses"" | D1_entry+recent;dur=51.0;desc=""D1:entry+recent"", D1_layout;dur=51.0;desc=""D1:layout"", D1_tags;dur=20.0;desc=""D1:tags"", total;dur=119.0;desc=""total"""
2026-10-06T07:52:48Z,astro7-nofields,browser,/posts/architektura-emdash-typescript-astro,200,MISS,remote-,HAM,86.1,302.5,306.9,216.4,33262,9.0,238.0,0.0,106.0,106.0,6.0,7.0,"rt;dur=0;desc=""Runtime init"", render;dur=106;desc=""Page render"", mw;dur=106;desc=""Total middleware"", db.total;dur=238;desc=""DB total"", db.count;dur=9;desc=""Query count"", db.first;dur=0;desc=""First query at"", db.last;dur=106;desc=""Last query at"", cache.hit;dur=6;desc=""Cache hits"", cache.miss;dur=7;desc=""Cache misses"" | D1_entry+recent;dur=44.0;desc=""D1:entry+recent"", D1_layout;dur=44.0;desc=""D1:layout"", D1_tags;dur=20.0;desc=""D1:tags"", total;dur=106.0;desc=""total"" | cfEdge;dur=176,cfOrigin;dur=0"
2026-10-06T07:52:48Z,astro7-nofields,browser,/category/technologia,200,MISS,remote-WAW,HAM,118.2,305.5,312.7,187.3,28251,7.0,218.0,0.0,66.0,66.0,2.0,6.0,"rt;dur=0;desc=""Runtime init"", render;dur=66;desc=""Page render"", mw;dur=66;desc=""Total middleware"", db.total;dur=218;desc=""DB total"", db.count;dur=7;desc=""Query count"", db.first;dur=0;desc=""First query at"", db.last;dur=66;desc=""Last query at"", cache.hit;dur=2;desc=""Cache hits"", cache.miss;dur=6;desc=""Cache misses"" | D1_layout;dur=54.0;desc=""D1:layout"", D1_term+posts;dur=66.0;desc=""D1:term+posts"", total;dur=66.0;desc=""total"" | cfEdge;dur=143,cfOrigin;dur=0"
2026-10-06T07:52:49Z,astro7-nofields,curl,/category/technologia,200,MISS,remote-WAW,HAM,97.8,269.5,276.4,171.7,27888,7.0,177.0,0.0,52.0,52.0,2.0,6.0,"rt;dur=0;desc=""Runtime init"", render;dur=52;desc=""Page render"", mw;dur=52;desc=""Total middleware"", db.total;dur=177;desc=""DB total"", db.count;dur=7;desc=""Query count"", db.first;dur=0;desc=""First query at"", db.last;dur=52;desc=""Last query at"", cache.hit;dur=2;desc=""Cache hits"", cache.miss;dur=6;desc=""Cache misses"" | D1_layout;dur=52.0;desc=""D1:layout"", D1_term+posts;dur=52.0;desc=""D1:term+posts"", total;dur=52.0;desc=""total"""
2026-10-06T07:52:50Z,astro7-nofields,curl,/posts/,200,MISS,remote-WAW,HAM,84.1,291.9,300.2,207.8,36704,5.0,143.0,0.0,83.0,83.0,2.0,6.0,"rt;dur=0;desc=""Runtime init"", render;dur=83;desc=""Page render"", mw;dur=83;desc=""Total middleware"", db.total;dur=143;desc=""DB total"", db.count;dur=5;desc=""Query count"", db.first;dur=0;desc=""First query at"", db.last;dur=83;desc=""Last query at"", cache.hit;dur=2;desc=""Cache hits"", cache.miss;dur=6;desc=""Cache misses"" | D1_posts;dur=56.0;desc=""D1:posts"", D1_layout;dur=56.0;desc=""D1:layout"", D1_all-tags;dur=27.0;desc=""D1:all-tags"", total;dur=83.0;desc=""total"""
2026-10-06T07:52:50Z,astro7-nofields,browser,/,200,MISS,remote-WAW,HAM,89.6,309.4,316.8,219.8,29912,5.0,171.0,0.0,96.0,96.0,2.0,6.0,"rt;dur=0;desc=""Runtime init"", render;dur=96;desc=""Page render"", mw;dur=96;desc=""Total middleware"", db.total;dur=171;desc=""DB total"", db.count;dur=5;desc=""Query count"", db.first;dur=0;desc=""First query at"", db.last;dur=96;desc=""Last query at"", cache.hit;dur=2;desc=""Cache hits"", cache.miss;dur=6;desc=""Cache misses"" | D1_posts;dur=71.0;desc=""D1:posts"", D1_layout;dur=71.0;desc=""D1:layout"", D1_all-tags;dur=25.0;desc=""D1:all-tags"", total;dur=96.0;desc=""total"" | cfEdge;dur=172,cfOrigin;dur=0"
2026-10-06T07:52:51Z,astro7-nofields,curl,/posts/architektura-emdash-typescript-astro,200,MISS,remote-WAW,HAM,89.3,468.2,469.0,378.9,32891,9.0,258.0,0.0,126.0,126.0,6.0,7.0,"rt;dur=0;desc=""Runtime init"", render;dur=126;desc=""Page render"", mw;dur=126;desc=""Total middleware"", db.total;dur=258;desc=""DB total"", db.count;dur=9;desc=""Query count"", db.first;dur=0;desc=""First query at"", db.last;dur=126;desc=""Last query at"", cache.hit;dur=6;desc=""Cache hits"", cache.miss;dur=7;desc=""Cache misses"" | D1_entry+recent;dur=53.0;desc=""D1:entry+recent"", D1_layout;dur=53.0;desc=""D1:layout"", D1_tags;dur=25.0;desc=""D1:tags"", total;dur=126.0;desc=""total"""
2026-10-06T07:52:52Z,astro7-nofields,curl,/,200,MISS,remote-WAW,HAM,91.9,534.5,535.2,442.6,29534,5.0,363.0,0.0,268.0,268.0,2.0,6.0,"rt;dur=0;desc=""Runtime init"", render;dur=268;desc=""Page render"", mw;dur=268;desc=""Total middleware"", db.total;dur=363;desc=""DB total"", db.count;dur=5;desc=""Query count"", db.first;dur=0;desc=""First query at"", db.last;dur=268;desc=""Last query at"", cache.hit;dur=2;desc=""Cache hits"", cache.miss;dur=6;desc=""Cache misses"" | D1_layout;dur=61.0;desc=""D1:layout"", D1_posts;dur=245.0;desc=""D1:posts"", D1_all-tags;dur=23.0;desc=""D1:all-tags"", total;dur=268.0;desc=""total"""
2026-10-06T07:52:52Z,astro7-nofields,browser,/posts/,200,MISS,remote-,HAM,187.5,572.7,574.8,385.2,37072,5.0,329.0,0.0,256.0,256.0,2.0,6.0,"rt;dur=0;desc=""Runtime init"", render;dur=256;desc=""Page render"", mw;dur=256;desc=""Total middleware"", db.total;dur=329;desc=""DB total"", db.count;dur=5;desc=""Query count"", db.first;dur=0;desc=""First query at"", db.last;dur=256;desc=""Last query at"", cache.hit;dur=2;desc=""Cache hits"", cache.miss;dur=6;desc=""Cache misses"" | D1_layout;dur=50.0;desc=""D1:layout"", D1_posts;dur=226.0;desc=""D1:posts"", D1_all-tags;dur=30.0;desc=""D1:all-tags"", total;dur=256.0;desc=""total"" | cfEdge;dur=335,cfOrigin;dur=0"
2026-10-06T07:52:53Z,astro7-nofields,browser,/posts/architektura-emdash-typescript-astro,200,MISS,remote-,HAM,205.8,542.4,543.5,336.6,33258,9.0,255.0,0.0,123.0,123.0,6.0,7.0,"rt;dur=0;desc=""Runtime init"", render;dur=123;desc=""Page render"", mw;dur=123;desc=""Total middleware"", db.total;dur=255;desc=""DB total"", db.count;dur=9;desc=""Query count"", db.first;dur=0;desc=""First query at"", db.last;dur=123;desc=""Last query at"", cache.hit;dur=6;desc=""Cache hits"", cache.miss;dur=7;desc=""Cache misses"" | D1_entry+recent;dur=46.0;desc=""D1:entry+recent"", D1_layout;dur=46.0;desc=""D1:layout"", D1_tags;dur=29.0;desc=""D1:tags"", total;dur=123.0;desc=""total"" | cfEdge;dur=212,cfOrigin;dur=0"
2026-10-06T07:52:54Z,astro7-nofields,curl,/category/technologia,200,MISS,remote-,HAM,77.4,288.7,289.6,211.3,27880,7.0,194.0,0.0,58.0,58.0,2.0,6.0,"rt;dur=0;desc=""Runtime init"", render;dur=58;desc=""Page render"", mw;dur=58;desc=""Total middleware"", db.total;dur=194;desc=""DB total"", db.count;dur=7;desc=""Query count"", db.first;dur=0;desc=""First query at"", db.last;dur=58;desc=""Last query at"", cache.hit;dur=2;desc=""Cache hits"", cache.miss;dur=6;desc=""Cache misses"" | D1_layout;dur=57.0;desc=""D1:layout"", D1_term+posts;dur=58.0;desc=""D1:term+posts"", total;dur=58.0;desc=""total"""
2026-10-06T07:52:54Z,astro7-nofields,curl,/posts/architektura-emdash-typescript-astro,200,MISS,remote-,HAM,293.6,548.3,557.0,254.7,32895,9.0,304.0,0.0,141.0,141.0,6.0,7.0,"rt;dur=0;desc=""Runtime init"", render;dur=141;desc=""Page render"", mw;dur=141;desc=""Total middleware"", db.total;dur=304;desc=""DB total"", db.count;dur=9;desc=""Query count"", db.first;dur=0;desc=""First query at"", db.last;dur=141;desc=""Last query at"", cache.hit;dur=6;desc=""Cache hits"", cache.miss;dur=7;desc=""Cache misses"" | D1_entry+recent;dur=70.0;desc=""D1:entry+recent"", D1_layout;dur=70.0;desc=""D1:layout"", D1_tags;dur=24.0;desc=""D1:tags"", total;dur=141.0;desc=""total"""
2026-10-06T07:52:55Z,astro7-nofields,browser,/posts/architektura-emdash-typescript-astro,200,MISS,remote-,HAM,382.5,727.4,736.5,344.9,33258,9.0,270.0,0.0,134.0,134.0,6.0,7.0,"rt;dur=0;desc=""Runtime init"", render;dur=134;desc=""Page render"", mw;dur=134;desc=""Total middleware"", db.total;dur=270;desc=""DB total"", db.count;dur=9;desc=""Query count"", db.first;dur=0;desc=""First query at"", db.last;dur=134;desc=""Last query at"", cache.hit;dur=6;desc=""Cache hits"", cache.miss;dur=7;desc=""Cache misses"" | D1_entry+recent;dur=60.0;desc=""D1:entry+recent"", D1_layout;dur=60.0;desc=""D1:layout"", D1_tags;dur=25.0;desc=""D1:tags"", total;dur=134.0;desc=""total"" | cfEdge;dur=205,cfOrigin;dur=0"
2026-10-06T07:52:56Z,astro7-nofields,browser,/posts/,200,MISS,remote-,HAM,463.7,643.6,797.3,179.9,37075,5.0,157.0,0.0,77.0,77.0,2.0,6.0,"rt;dur=0;desc=""Runtime init"", render;dur=77;desc=""Page render"", mw;dur=77;desc=""Total middleware"", db.total;dur=157;desc=""DB total"", db.count;dur=5;desc=""Query count"", db.first;dur=0;desc=""First query at"", db.last;dur=77;desc=""Last query at"", cache.hit;dur=2;desc=""Cache hits"", cache.miss;dur=6;desc=""Cache misses"" | D1_posts;dur=55.0;desc=""D1:posts"", D1_layout;dur=55.0;desc=""D1:layout"", D1_all-tags;dur=22.0;desc=""D1:all-tags"", total;dur=77.0;desc=""total"" | cfEdge;dur=140,cfOrigin;dur=0"
2026-10-06T07:52:57Z,astro7-nofields,curl,/posts/,200,MISS,remote-,HAM,310.1,495.7,551.0,185.6,36704,5.0,126.0,0.0,60.0,60.0,2.0,6.0,"rt;dur=0;desc=""Runtime init"", render;dur=60;desc=""Page render"", mw;dur=60;desc=""Total middleware"", db.total;dur=126;desc=""DB total"", db.count;dur=5;desc=""Query count"", db.first;dur=0;desc=""First query at"", db.last;dur=60;desc=""Last query at"", cache.hit;dur=2;desc=""Cache hits"", cache.miss;dur=6;desc=""Cache misses"" | D1_layout;dur=38.0;desc=""D1:layout"", D1_posts;dur=38.0;desc=""D1:posts"", D1_all-tags;dur=22.0;desc=""D1:all-tags"", total;dur=60.0;desc=""total"""
2026-10-06T07:52:58Z,astro7-nofields,browser,/,200,MISS,remote-WAW,HAM,507.6,688.9,697.8,181.3,29900,5.0,133.0,0.0,66.0,66.0,2.0,6.0,"rt;dur=0;desc=""Runtime init"", render;dur=66;desc=""Page render"", mw;dur=66;desc=""Total middleware"", db.total;dur=133;desc=""DB total"", db.count;dur=5;desc=""Query count"", db.first;dur=0;desc=""First query at"", db.last;dur=66;desc=""Last query at"", cache.hit;dur=2;desc=""Cache hits"", cache.miss;dur=6;desc=""Cache misses"" | D1_posts;dur=45.0;desc=""D1:posts"", D1_layout;dur=45.0;desc=""D1:layout"", D1_all-tags;dur=21.0;desc=""D1:all-tags"", total;dur=66.0;desc=""total"" | cfEdge;dur=138,cfOrigin;dur=0"
2026-10-06T07:52:59Z,astro7-nofields,curl,/,200,MISS,remote-WAW,HAM,88.5,296.2,309.7,207.7,29537,5.0,161.0,0.0,90.0,90.0,2.0,6.0,"rt;dur=0;desc=""Runtime init"", render;dur=90;desc=""Page render"", mw;dur=90;desc=""Total middleware"", db.total;dur=161;desc=""DB total"", db.count;dur=5;desc=""Query count"", db.first;dur=0;desc=""First query at"", db.last;dur=90;desc=""Last query at"", cache.hit;dur=2;desc=""Cache hits"", cache.miss;dur=6;desc=""Cache misses"" | D1_layout;dur=46.0;desc=""D1:layout"", D1_posts;dur=64.0;desc=""D1:posts"", D1_all-tags;dur=26.0;desc=""D1:all-tags"", total;dur=90.0;desc=""total"""
2026-10-06T07:52:59Z,astro7-nofields,browser,/category/technologia,200,MISS,remote-,HAM,121.8,398.5,503.5,276.7,28260,7.0,276.0,0.0,154.0,154.0,2.0,6.0,"rt;dur=0;desc=""Runtime init"", render;dur=154;desc=""Page render"", mw;dur=154;desc=""Total middleware"", db.total;dur=276;desc=""DB total"", db.count;dur=7;desc=""Query count"", db.first;dur=0;desc=""First query at"", db.last;dur=154;desc=""Last query at"", cache.hit;dur=2;desc=""Cache hits"", cache.miss;dur=6;desc=""Cache misses"" | D1_layout;dur=35.0;desc=""D1:layout"", D1_term+posts;dur=154.0;desc=""D1:term+posts"", total;dur=154.0;desc=""total"" | cfEdge;dur=235,cfOrigin;dur=0"
2026-10-06T07:53:00Z,astro7-nofields,curl,/posts/architektura-emdash-typescript-astro,200,MISS,remote-WAW,HAM,116.1,345.4,359.3,229.3,32903,9.0,214.0,0.0,108.0,108.0,6.0,7.0,"rt;dur=0;desc=""Runtime init"", render;dur=108;desc=""Page render"", mw;dur=108;desc=""Total middleware"", db.total;dur=214;desc=""DB total"", db.count;dur=9;desc=""Query count"", db.first;dur=0;desc=""First query at"", db.last;dur=108;desc=""Last query at"", cache.hit;dur=6;desc=""Cache hits"", cache.miss;dur=7;desc=""Cache misses"" | D1_entry+recent;dur=45.0;desc=""D1:entry+recent"", D1_layout;dur=45.0;desc=""D1:layout"", D1_tags;dur=22.0;desc=""D1:tags"", total;dur=108.0;desc=""total"""
2026-10-06T07:53:01Z,astro7-nofields,browser,/posts/architektura-emdash-typescript-astro,200,MISS,remote-WAW,HAM,112.3,374.8,389.8,262.5,33278,9.0,236.0,0.0,118.0,118.0,6.0,7.0,"rt;dur=0;desc=""Runtime init"", render;dur=118;desc=""Page render"", mw;dur=118;desc=""Total middleware"", db.total;dur=236;desc=""DB total"", db.count;dur=9;desc=""Query count"", db.first;dur=0;desc=""First query at"", db.last;dur=118;desc=""Last query at"", cache.hit;dur=6;desc=""Cache hits"", cache.miss;dur=7;desc=""Cache misses"" | D1_entry+recent;dur=47.0;desc=""D1:entry+recent"", D1_layout;dur=47.0;desc=""D1:layout"", D1_tags;dur=22.0;desc=""D1:tags"", total;dur=118.0;desc=""total"" | cfEdge;dur=202,cfOrigin;dur=0"
2026-10-06T07:53:01Z,astro7-nofields,browser,/,200,MISS,remote-,HAM,182.4,387.1,391.5,204.7,29896,5.0,155.0,0.0,80.0,80.0,2.0,6.0,"rt;dur=0;desc=""Runtime init"", render;dur=80;desc=""Page render"", mw;dur=80;desc=""Total middleware"", db.total;dur=155;desc=""DB total"", db.count;dur=5;desc=""Query count"", db.first;dur=0;desc=""First query at"", db.last;dur=80;desc=""Last query at"", cache.hit;dur=2;desc=""Cache hits"", cache.miss;dur=6;desc=""Cache misses"" | D1_posts;dur=56.0;desc=""D1:posts"", D1_layout;dur=56.0;desc=""D1:layout"", D1_all-tags;dur=24.0;desc=""D1:all-tags"", total;dur=80.0;desc=""total"" | cfEdge;dur=157,cfOrigin;dur=0"
2026-10-06T07:53:02Z,astro7-nofields,browser,/category/technologia,200,MISS,remote-,HAM,148.7,329.9,331.7,181.2,28251,7.0,219.0,0.0,64.0,64.0,2.0,6.0,"rt;dur=0;desc=""Runtime init"", render;dur=64;desc=""Page render"", mw;dur=64;desc=""Total middleware"", db.total;dur=219;desc=""DB total"", db.count;dur=7;desc=""Query count"", db.first;dur=0;desc=""First query at"", db.last;dur=64;desc=""Last query at"", cache.hit;dur=2;desc=""Cache hits"", cache.miss;dur=6;desc=""Cache misses"" | D1_layout;dur=61.0;desc=""D1:layout"", D1_term+posts;dur=64.0;desc=""D1:term+posts"", total;dur=64.0;desc=""total"" | cfEdge;dur=127,cfOrigin;dur=0"
2026-10-06T07:53:02Z,astro7-nofields,browser,/posts/,200,MISS,remote-,HAM,101.2,299.7,310.1,198.5,37067,5.0,158.0,0.0,77.0,77.0,2.0,6.0,"rt;dur=0;desc=""Runtime init"", render;dur=77;desc=""Page render"", mw;dur=77;desc=""Total middleware"", db.total;dur=158;desc=""DB total"", db.count;dur=5;desc=""Query count"", db.first;dur=0;desc=""First query at"", db.last;dur=77;desc=""Last query at"", cache.hit;dur=2;desc=""Cache hits"", cache.miss;dur=6;desc=""Cache misses"" | D1_posts;dur=52.0;desc=""D1:posts"", D1_layout;dur=52.0;desc=""D1:layout"", D1_all-tags;dur=25.0;desc=""D1:all-tags"", total;dur=77.0;desc=""total"" | cfEdge;dur=148,cfOrigin;dur=0"
2026-10-06T07:53:03Z,astro7-nofields,curl,/category/technologia,200,MISS,remote-WAW,HAM,91.5,389.0,396.7,297.5,27881,8.0,371.0,0.0,186.0,186.0,2.0,6.0,"rt;dur=0;desc=""Runtime init"", render;dur=186;desc=""Page render"", mw;dur=186;desc=""Total middleware"", db.total;dur=371;desc=""DB total"", db.count;dur=8;desc=""Query count"", db.first;dur=0;desc=""First query at"", db.last;dur=186;desc=""Last query at"", cache.hit;dur=2;desc=""Cache hits"", cache.miss;dur=6;desc=""Cache misses"" | D1_layout;dur=60.0;desc=""D1:layout"", D1_term+posts;dur=186.0;desc=""D1:term+posts"", total;dur=186.0;desc=""total"""
2026-10-06T07:53:04Z,astro7-nofields,curl,/posts/,200,MISS,remote-WAW,HAM,93.2,307.6,409.3,214.4,36704,5.0,154.0,0.0,83.0,83.0,2.0,6.0,"rt;dur=0;desc=""Runtime init"", render;dur=83;desc=""Page render"", mw;dur=83;desc=""Total middleware"", db.total;dur=154;desc=""DB total"", db.count;dur=5;desc=""Query count"", db.first;dur=0;desc=""First query at"", db.last;dur=83;desc=""Last query at"", cache.hit;dur=2;desc=""Cache hits"", cache.miss;dur=6;desc=""Cache misses"" | D1_posts;dur=56.0;desc=""D1:posts"", D1_layout;dur=56.0;desc=""D1:layout"", D1_all-tags;dur=27.0;desc=""D1:all-tags"", total;dur=83.0;desc=""total"""
2026-10-06T07:53:04Z,astro7-nofields,curl,/,200,MISS,remote-,HAM,108.5,305.2,312.0,196.7,29529,6.0,141.0,0.0,63.0,63.0,2.0,6.0,"rt;dur=0;desc=""Runtime init"", render;dur=63;desc=""Page render"", mw;dur=63;desc=""Total middleware"", db.total;dur=141;desc=""DB total"", db.count;dur=6;desc=""Query count"", db.first;dur=0;desc=""First query at"", db.last;dur=63;desc=""Last query at"", cache.hit;dur=2;desc=""Cache hits"", cache.miss;dur=6;desc=""Cache misses"" | D1_posts;dur=39.0;desc=""D1:posts"", D1_layout;dur=39.0;desc=""D1:layout"", D1_all-tags;dur=24.0;desc=""D1:all-tags"", total;dur=63.0;desc=""total"""
2026-10-06T07:53:05Z,astro7-nofields,browser,/,200,MISS,remote-WAW,HAM,134.1,333.8,344.7,199.7,29892,5.0,182.0,0.0,82.0,82.0,2.0,6.0,"rt;dur=0;desc=""Runtime init"", render;dur=82;desc=""Page render"", mw;dur=82;desc=""Total middleware"", db.total;dur=182;desc=""DB total"", db.count;dur=5;desc=""Query count"", db.first;dur=0;desc=""First query at"", db.last;dur=82;desc=""Last query at"", cache.hit;dur=2;desc=""Cache hits"", cache.miss;dur=6;desc=""Cache misses"" | D1_posts;dur=60.0;desc=""D1:posts"", D1_layout;dur=60.0;desc=""D1:layout"", D1_all-tags;dur=22.0;desc=""D1:all-tags"", total;dur=82.0;desc=""total"" | cfEdge;dur=158,cfOrigin;dur=0"
2026-10-06T07:53:05Z,astro7-nofields,curl,/posts/architektura-emdash-typescript-astro,200,MISS,remote-,HAM,100.4,352.0,360.2,251.6,32887,9.0,252.0,0.0,124.0,124.0,6.0,7.0,"rt;dur=0;desc=""Runtime init"", render;dur=124;desc=""Page render"", mw;dur=124;desc=""Total middleware"", db.total;dur=252;desc=""DB total"", db.count;dur=9;desc=""Query count"", db.first;dur=0;desc=""First query at"", db.last;dur=124;desc=""Last query at"", cache.hit;dur=6;desc=""Cache hits"", cache.miss;dur=7;desc=""Cache misses"" | D1_entry+recent;dur=49.0;desc=""D1:entry+recent"", D1_layout;dur=49.0;desc=""D1:layout"", D1_tags;dur=29.0;desc=""D1:tags"", total;dur=124.0;desc=""total"""
2026-10-06T07:53:06Z,astro7-nofields,browser,/posts/architektura-emdash-typescript-astro,200,MISS,remote-,HAM,159.1,413.7,424.5,254.6,33254,9.0,275.0,0.0,123.0,123.0,6.0,7.0,"rt;dur=0;desc=""Runtime init"", render;dur=123;desc=""Page render"", mw;dur=123;desc=""Total middleware"", db.total;dur=275;desc=""DB total"", db.count;dur=9;desc=""Query count"", db.first;dur=0;desc=""First query at"", db.last;dur=123;desc=""Last query at"", cache.hit;dur=6;desc=""Cache hits"", cache.miss;dur=7;desc=""Cache misses"" | D1_entry+recent;dur=58.0;desc=""D1:entry+recent"", D1_layout;dur=58.0;desc=""D1:layout"", D1_tags;dur=22.0;desc=""D1:tags"", total;dur=123.0;desc=""total"" | cfEdge;dur=216,cfOrigin;dur=0"
2026-10-06T07:53:06Z,astro7-nofields,curl,/,200,MISS,remote-WAW,HAM,100.6,293.5,302.3,192.9,29529,5.0,172.0,0.0,87.0,87.0,2.0,6.0,"rt;dur=0;desc=""Runtime init"", render;dur=87;desc=""Page render"", mw;dur=87;desc=""Total middleware"", db.total;dur=172;desc=""DB total"", db.count;dur=5;desc=""Query count"", db.first;dur=0;desc=""First query at"", db.last;dur=87;desc=""Last query at"", cache.hit;dur=2;desc=""Cache hits"", cache.miss;dur=6;desc=""Cache misses"" | D1_layout;dur=51.0;desc=""D1:layout"", D1_posts;dur=62.0;desc=""D1:posts"", D1_all-tags;dur=25.0;desc=""D1:all-tags"", total;dur=87.0;desc=""total"""
2026-10-06T07:53:07Z,astro7-nofields,curl,/category/technologia,200,MISS,remote-WAW,HAM,137.9,305.3,308.6,167.4,27880,7.0,218.0,0.0,63.0,63.0,2.0,6.0,"rt;dur=0;desc=""Runtime init"", render;dur=63;desc=""Page render"", mw;dur=63;desc=""Total middleware"", db.total;dur=218;desc=""DB total"", db.count;dur=7;desc=""Query count"", db.first;dur=0;desc=""First query at"", db.last;dur=63;desc=""Last query at"", cache.hit;dur=2;desc=""Cache hits"", cache.miss;dur=6;desc=""Cache misses"" | D1_term+posts;dur=63.0;desc=""D1:term+posts"", D1_layout;dur=63.0;desc=""D1:layout"", total;dur=63.0;desc=""total"""
2026-10-06T07:53:08Z,astro7-nofields,browser,/posts/,200,MISS,remote-WAW,HAM,115.2,326.1,340.8,210.9,37067,5.0,123.0,0.0,75.0,75.0,2.0,6.0,"rt;dur=0;desc=""Runtime init"", render;dur=75;desc=""Page render"", mw;dur=75;desc=""Total middleware"", db.total;dur=123;desc=""DB total"", db.count;dur=5;desc=""Query count"", db.first;dur=0;desc=""First query at"", db.last;dur=75;desc=""Last query at"", cache.hit;dur=2;desc=""Cache hits"", cache.miss;dur=6;desc=""Cache misses"" | D1_posts;dur=51.0;desc=""D1:posts"", D1_layout;dur=51.0;desc=""D1:layout"", D1_all-tags;dur=24.0;desc=""D1:all-tags"", total;dur=75.0;desc=""total"" | cfEdge;dur=163,cfOrigin;dur=0"
2026-10-06T07:53:08Z,astro7-nofields,curl,/posts/,200,MISS,remote-WAW,HAM,137.3,654.8,655.7,517.5,36697,5.0,371.0,0.0,293.0,293.0,2.0,6.0,"rt;dur=0;desc=""Runtime init"", render;dur=293;desc=""Page render"", mw;dur=293;desc=""Total middleware"", db.total;dur=371;desc=""DB total"", db.count;dur=5;desc=""Query count"", db.first;dur=0;desc=""First query at"", db.last;dur=293;desc=""Last query at"", cache.hit;dur=2;desc=""Cache hits"", cache.miss;dur=6;desc=""Cache misses"" | D1_layout;dur=46.0;desc=""D1:layout"", D1_posts;dur=267.0;desc=""D1:posts"", D1_all-tags;dur=26.0;desc=""D1:all-tags"", total;dur=293.0;desc=""total"""
2026-10-06T07:53:09Z,astro7-nofields,browser,/category/technologia,200,MISS,remote-,HAM,329.7,524.2,539.6,194.5,28247,7.0,213.0,0.0,61.0,61.0,2.0,6.0,"rt;dur=0;desc=""Runtime init"", render;dur=61;desc=""Page render"", mw;dur=61;desc=""Total middleware"", db.total;dur=213;desc=""DB total"", db.count;dur=7;desc=""Query count"", db.first;dur=0;desc=""First query at"", db.last;dur=61;desc=""Last query at"", cache.hit;dur=2;desc=""Cache hits"", cache.miss;dur=6;desc=""Cache misses"" | D1_layout;dur=61.0;desc=""D1:layout"", D1_term+posts;dur=61.0;desc=""D1:term+posts"", total;dur=61.0;desc=""total"" | cfEdge;dur=137,cfOrigin;dur=0"
