time,label,accept,page,status,x_cache,placement,colo,appconnect_ms,ttfb_ms,total_ms,server_ms,bytes,db_count,db_total,db_first,db_last,render,cache_hit,cache_miss,server_timing
2026-10-05T22:41:30Z,bylines,browser,/category/technologia,200,MISS,remote-WAW,HAM,789.6,976.2,983.4,186.6,29676,7.0,192.0,0.0,55.0,55.0,2.0,6.0,"rt;dur=0;desc=""Runtime init"", render;dur=55;desc=""Page render"", mw;dur=55;desc=""Total middleware"", db.total;dur=192;desc=""DB total"", db.count;dur=7;desc=""Query count"", db.first;dur=0;desc=""First query at"", db.last;dur=55;desc=""Last query at"", cache.hit;dur=2;desc=""Cache hits"", cache.miss;dur=6;desc=""Cache misses"" | D1_layout;dur=55.0;desc=""D1:layout"", D1_term+posts;dur=55.0;desc=""D1:term+posts"", total;dur=55.0;desc=""total"" | cfEdge;dur=131,cfOrigin;dur=0"
2026-10-05T22:41:31Z,bylines,curl,/posts/,200,MISS,remote-WAW,HAM,115.8,314.3,315.6,198.5,36908,5.0,130.0,0.0,65.0,65.0,2.0,6.0,"rt;dur=0;desc=""Runtime init"", render;dur=65;desc=""Page render"", mw;dur=65;desc=""Total middleware"", db.total;dur=130;desc=""DB total"", db.count;dur=5;desc=""Query count"", db.first;dur=0;desc=""First query at"", db.last;dur=65;desc=""Last query at"", cache.hit;dur=2;desc=""Cache hits"", cache.miss;dur=6;desc=""Cache misses"" | D1_posts;dur=40.0;desc=""D1:posts"", D1_layout;dur=40.0;desc=""D1:layout"", D1_all-tags;dur=25.0;desc=""D1:all-tags"", total;dur=65.0;desc=""total"""
2026-10-05T22:41:31Z,bylines,browser,/posts/,200,MISS,remote-WAW,HAM,80.8,278.4,285.9,197.6,37279,6.0,178.0,0.0,78.0,78.0,2.0,6.0,"rt;dur=0;desc=""Runtime init"", render;dur=78;desc=""Page render"", mw;dur=78;desc=""Total middleware"", db.total;dur=178;desc=""DB total"", db.count;dur=6;desc=""Query count"", db.first;dur=0;desc=""First query at"", db.last;dur=78;desc=""Last query at"", cache.hit;dur=2;desc=""Cache hits"", cache.miss;dur=6;desc=""Cache misses"" | D1_posts;dur=57.0;desc=""D1:posts"", D1_layout;dur=57.0;desc=""D1:layout"", D1_all-tags;dur=21.0;desc=""D1:all-tags"", total;dur=78.0;desc=""total"" | cfEdge;dur=160,cfOrigin;dur=0"
2026-10-05T22:41:32Z,bylines,browser,/posts/architektura-emdash-typescript-astro,200,MISS,remote-WAW,HAM,81.7,251.2,306.3,169.5,34685,6.0,161.0,0.0,60.0,60.0,6.0,7.0,"rt;dur=0;desc=""Runtime init"", render;dur=60;desc=""Page render"", mw;dur=60;desc=""Total middleware"", db.total;dur=161;desc=""DB total"", db.count;dur=6;desc=""Query count"", db.first;dur=0;desc=""First query at"", db.last;dur=60;desc=""Last query at"", cache.hit;dur=6;desc=""Cache hits"", cache.miss;dur=7;desc=""Cache misses"" | D1_entry+recent;dur=42.0;desc=""D1:entry+recent"", D1_layout;dur=42.0;desc=""D1:layout"", D1_tags;dur=18.0;desc=""D1:tags"", total;dur=60.0;desc=""total"" | cfEdge;dur=133,cfOrigin;dur=0"
2026-10-05T22:41:33Z,bylines,curl,/posts/architektura-emdash-typescript-astro,200,MISS,remote-WAW,HAM,83.3,455.9,504.2,372.6,34335,6.0,365.0,0.0,262.0,262.0,6.0,7.0,"rt;dur=0;desc=""Runtime init"", render;dur=262;desc=""Page render"", mw;dur=262;desc=""Total middleware"", db.total;dur=365;desc=""DB total"", db.count;dur=6;desc=""Query count"", db.first;dur=0;desc=""First query at"", db.last;dur=262;desc=""Last query at"", cache.hit;dur=6;desc=""Cache hits"", cache.miss;dur=7;desc=""Cache misses"" | D1_layout;dur=46.0;desc=""D1:layout"", D1_entry+recent;dur=241.0;desc=""D1:entry+recent"", D1_tags;dur=21.0;desc=""D1:tags"", total;dur=262.0;desc=""total"""
2026-10-05T22:41:33Z,bylines,curl,/,200,MISS,remote-WAW,HAM,81.7,249.7,256.4,168.0,30941,6.0,148.0,0.0,65.0,65.0,2.0,6.0,"rt;dur=0;desc=""Runtime init"", render;dur=65;desc=""Page render"", mw;dur=65;desc=""Total middleware"", db.total;dur=148;desc=""DB total"", db.count;dur=6;desc=""Query count"", db.first;dur=0;desc=""First query at"", db.last;dur=65;desc=""Last query at"", cache.hit;dur=2;desc=""Cache hits"", cache.miss;dur=6;desc=""Cache misses"" | D1_posts;dur=44.0;desc=""D1:posts"", D1_layout;dur=44.0;desc=""D1:layout"", D1_all-tags;dur=21.0;desc=""D1:all-tags"", total;dur=65.0;desc=""total"""
2026-10-05T22:41:34Z,bylines,curl,/category/technologia,200,MISS,remote-WAW,HAM,84.1,245.4,251.2,161.3,29305,7.0,161.0,0.0,49.0,49.0,2.0,6.0,"rt;dur=0;desc=""Runtime init"", render;dur=49;desc=""Page render"", mw;dur=49;desc=""Total middleware"", db.total;dur=161;desc=""DB total"", db.count;dur=7;desc=""Query count"", db.first;dur=0;desc=""First query at"", db.last;dur=49;desc=""Last query at"", cache.hit;dur=2;desc=""Cache hits"", cache.miss;dur=6;desc=""Cache misses"" | D1_layout;dur=46.0;desc=""D1:layout"", D1_term+posts;dur=49.0;desc=""D1:term+posts"", total;dur=49.0;desc=""total"""
2026-10-05T22:41:34Z,bylines,browser,/,200,MISS,remote-WAW,HAM,77.3,249.8,256.0,172.5,31312,5.0,137.0,0.0,68.0,68.0,2.0,6.0,"rt;dur=0;desc=""Runtime init"", render;dur=68;desc=""Page render"", mw;dur=68;desc=""Total middleware"", db.total;dur=137;desc=""DB total"", db.count;dur=5;desc=""Query count"", db.first;dur=0;desc=""First query at"", db.last;dur=68;desc=""Last query at"", cache.hit;dur=2;desc=""Cache hits"", cache.miss;dur=6;desc=""Cache misses"" | D1_posts;dur=47.0;desc=""D1:posts"", D1_layout;dur=47.0;desc=""D1:layout"", D1_all-tags;dur=21.0;desc=""D1:all-tags"", total;dur=68.0;desc=""total"" | cfEdge;dur=133,cfOrigin;dur=0"
2026-10-05T22:41:35Z,bylines,curl,/category/technologia,200,MISS,remote-WAW,HAM,78.1,240.0,246.2,161.9,29305,7.0,167.0,0.0,57.0,57.0,2.0,6.0,"rt;dur=0;desc=""Runtime init"", render;dur=57;desc=""Page render"", mw;dur=57;desc=""Total middleware"", db.total;dur=167;desc=""DB total"", db.count;dur=7;desc=""Query count"", db.first;dur=0;desc=""First query at"", db.last;dur=57;desc=""Last query at"", cache.hit;dur=2;desc=""Cache hits"", cache.miss;dur=6;desc=""Cache misses"" | D1_layout;dur=45.0;desc=""D1:layout"", D1_term+posts;dur=57.0;desc=""D1:term+posts"", total;dur=57.0;desc=""total"""
2026-10-05T22:41:35Z,bylines,curl,/posts/architektura-emdash-typescript-astro,200,MISS,remote-WAW,HAM,76.0,256.2,455.1,180.2,34330,6.0,159.0,0.0,67.0,67.0,6.0,7.0,"rt;dur=0;desc=""Runtime init"", render;dur=67;desc=""Page render"", mw;dur=67;desc=""Total middleware"", db.total;dur=159;desc=""DB total"", db.count;dur=6;desc=""Query count"", db.first;dur=0;desc=""First query at"", db.last;dur=67;desc=""Last query at"", cache.hit;dur=6;desc=""Cache hits"", cache.miss;dur=7;desc=""Cache misses"" | D1_layout;dur=44.0;desc=""D1:layout"", D1_entry+recent;dur=47.0;desc=""D1:entry+recent"", D1_tags;dur=20.0;desc=""D1:tags"", total;dur=67.0;desc=""total"""
2026-10-05T22:41:36Z,bylines,browser,/,200,MISS,remote-WAW,HAM,318.8,700.6,708.0,381.8,31313,5.0,339.0,0.0,273.0,273.0,2.0,6.0,"rt;dur=0;desc=""Runtime init"", render;dur=273;desc=""Page render"", mw;dur=273;desc=""Total middleware"", db.total;dur=339;desc=""DB total"", db.count;dur=5;desc=""Query count"", db.first;dur=0;desc=""First query at"", db.last;dur=273;desc=""Last query at"", cache.hit;dur=2;desc=""Cache hits"", cache.miss;dur=6;desc=""Cache misses"" | D1_layout;dur=45.0;desc=""D1:layout"", D1_posts;dur=252.0;desc=""D1:posts"", D1_all-tags;dur=21.0;desc=""D1:all-tags"", total;dur=273.0;desc=""total"" | cfEdge;dur=343,cfOrigin;dur=0"
2026-10-05T22:41:37Z,bylines,curl,/posts/,200,MISS,remote-WAW,HAM,251.1,430.2,431.7,179.1,36896,6.0,167.0,0.0,64.0,64.0,2.0,6.0,"rt;dur=0;desc=""Runtime init"", render;dur=64;desc=""Page render"", mw;dur=64;desc=""Total middleware"", db.total;dur=167;desc=""DB total"", db.count;dur=6;desc=""Query count"", db.first;dur=0;desc=""First query at"", db.last;dur=64;desc=""Last query at"", cache.hit;dur=2;desc=""Cache hits"", cache.miss;dur=6;desc=""Cache misses"" | D1_posts;dur=46.0;desc=""D1:posts"", D1_layout;dur=46.0;desc=""D1:layout"", D1_all-tags;dur=18.0;desc=""D1:all-tags"", total;dur=64.0;desc=""total"""
2026-10-05T22:41:38Z,bylines,browser,/posts/,200,MISS,remote-WAW,HAM,295.6,469.8,478.2,174.2,37279,5.0,131.0,0.0,68.0,68.0,2.0,6.0,"rt;dur=0;desc=""Runtime init"", render;dur=68;desc=""Page render"", mw;dur=68;desc=""Total middleware"", db.total;dur=131;desc=""DB total"", db.count;dur=5;desc=""Query count"", db.first;dur=0;desc=""First query at"", db.last;dur=68;desc=""Last query at"", cache.hit;dur=2;desc=""Cache hits"", cache.miss;dur=6;desc=""Cache misses"" | D1_layout;dur=45.0;desc=""D1:layout"", D1_posts;dur=48.0;desc=""D1:posts"", D1_all-tags;dur=20.0;desc=""D1:all-tags"", total;dur=68.0;desc=""total"" | cfEdge;dur=132,cfOrigin;dur=0"
2026-10-05T22:41:39Z,bylines,browser,/category/technologia,200,MISS,remote-WAW,HAM,893.3,1056.4,1061.5,163.1,29680,7.0,148.0,0.0,52.0,52.0,2.0,6.0,"rt;dur=0;desc=""Runtime init"", render;dur=52;desc=""Page render"", mw;dur=52;desc=""Total middleware"", db.total;dur=148;desc=""DB total"", db.count;dur=7;desc=""Query count"", db.first;dur=0;desc=""First query at"", db.last;dur=52;desc=""Last query at"", cache.hit;dur=2;desc=""Cache hits"", cache.miss;dur=6;desc=""Cache misses"" | D1_layout;dur=36.0;desc=""D1:layout"", D1_term+posts;dur=52.0;desc=""D1:term+posts"", total;dur=52.0;desc=""total"" | cfEdge;dur=120,cfOrigin;dur=0"
2026-10-05T22:41:40Z,bylines,browser,/posts/architektura-emdash-typescript-astro,200,MISS,remote-WAW,HAM,109.4,280.0,333.5,170.6,34689,6.0,150.0,0.0,60.0,60.0,6.0,7.0,"rt;dur=0;desc=""Runtime init"", render;dur=60;desc=""Page render"", mw;dur=60;desc=""Total middleware"", db.total;dur=150;desc=""DB total"", db.count;dur=6;desc=""Query count"", db.first;dur=0;desc=""First query at"", db.last;dur=60;desc=""Last query at"", cache.hit;dur=6;desc=""Cache hits"", cache.miss;dur=7;desc=""Cache misses"" | D1_entry+recent;dur=40.0;desc=""D1:entry+recent"", D1_layout;dur=40.0;desc=""D1:layout"", D1_tags;dur=20.0;desc=""D1:tags"", total;dur=60.0;desc=""total"" | cfEdge;dur=129,cfOrigin;dur=0"
2026-10-05T22:41:40Z,bylines,curl,/,200,MISS,remote-WAW,HAM,111.4,266.9,274.5,155.5,30941,5.0,131.0,0.0,64.0,64.0,2.0,6.0,"rt;dur=0;desc=""Runtime init"", render;dur=64;desc=""Page render"", mw;dur=64;desc=""Total middleware"", db.total;dur=131;desc=""DB total"", db.count;dur=5;desc=""Query count"", db.first;dur=0;desc=""First query at"", db.last;dur=64;desc=""Last query at"", cache.hit;dur=2;desc=""Cache hits"", cache.miss;dur=6;desc=""Cache misses"" | D1_posts;dur=43.0;desc=""D1:posts"", D1_layout;dur=43.0;desc=""D1:layout"", D1_all-tags;dur=21.0;desc=""D1:all-tags"", total;dur=64.0;desc=""total"""
2026-10-05T22:41:41Z,bylines,browser,/,200,MISS,remote-WAW,HAM,94.3,280.1,284.3,185.8,31316,5.0,134.0,0.0,78.0,78.0,2.0,6.0,"rt;dur=0;desc=""Runtime init"", render;dur=78;desc=""Page render"", mw;dur=78;desc=""Total middleware"", db.total;dur=134;desc=""DB total"", db.count;dur=5;desc=""Query count"", db.first;dur=0;desc=""First query at"", db.last;dur=78;desc=""Last query at"", cache.hit;dur=2;desc=""Cache hits"", cache.miss;dur=6;desc=""Cache misses"" | D1_layout;dur=38.0;desc=""D1:layout"", D1_posts;dur=60.0;desc=""D1:posts"", D1_all-tags;dur=18.0;desc=""D1:all-tags"", total;dur=78.0;desc=""total"" | cfEdge;dur=142,cfOrigin;dur=0"
2026-10-05T22:41:41Z,bylines,curl,/category/technologia,200,MISS,remote-WAW,HAM,80.1,236.7,241.4,156.6,29313,7.0,156.0,0.0,44.0,44.0,2.0,6.0,"rt;dur=0;desc=""Runtime init"", render;dur=44;desc=""Page render"", mw;dur=44;desc=""Total middleware"", db.total;dur=156;desc=""DB total"", db.count;dur=7;desc=""Query count"", db.first;dur=0;desc=""First query at"", db.last;dur=44;desc=""Last query at"", cache.hit;dur=2;desc=""Cache hits"", cache.miss;dur=6;desc=""Cache misses"" | D1_term+posts;dur=44.0;desc=""D1:term+posts"", D1_layout;dur=44.0;desc=""D1:layout"", total;dur=44.0;desc=""total"""
2026-10-05T22:41:42Z,bylines,curl,/,200,MISS,remote-WAW,HAM,81.3,247.6,255.2,166.3,30941,5.0,112.0,0.0,55.0,55.0,2.0,6.0,"rt;dur=0;desc=""Runtime init"", render;dur=55;desc=""Page render"", mw;dur=55;desc=""Total middleware"", db.total;dur=112;desc=""DB total"", db.count;dur=5;desc=""Query count"", db.first;dur=0;desc=""First query at"", db.last;dur=55;desc=""Last query at"", cache.hit;dur=2;desc=""Cache hits"", cache.miss;dur=6;desc=""Cache misses"" | D1_posts;dur=37.0;desc=""D1:posts"", D1_layout;dur=37.0;desc=""D1:layout"", D1_all-tags;dur=18.0;desc=""D1:all-tags"", total;dur=55.0;desc=""total"""
2026-10-05T22:41:42Z,bylines,browser,/posts/,200,MISS,remote-WAW,HAM,81.4,254.0,263.9,172.6,37263,5.0,120.0,0.0,66.0,66.0,2.0,6.0,"rt;dur=0;desc=""Runtime init"", render;dur=66;desc=""Page render"", mw;dur=66;desc=""Total middleware"", db.total;dur=120;desc=""DB total"", db.count;dur=5;desc=""Query count"", db.first;dur=0;desc=""First query at"", db.last;dur=66;desc=""Last query at"", cache.hit;dur=2;desc=""Cache hits"", cache.miss;dur=6;desc=""Cache misses"" | D1_posts;dur=41.0;desc=""D1:posts"", D1_layout;dur=41.0;desc=""D1:layout"", D1_all-tags;dur=25.0;desc=""D1:all-tags"", total;dur=66.0;desc=""total"" | cfEdge;dur=136,cfOrigin;dur=0"
2026-10-05T22:41:43Z,bylines,curl,/posts/architektura-emdash-typescript-astro,200,MISS,remote-WAW,HAM,97.5,360.1,423.5,262.6,34315,6.0,254.0,0.0,152.0,152.0,6.0,7.0,"rt;dur=0;desc=""Runtime init"", render;dur=152;desc=""Page render"", mw;dur=152;desc=""Total middleware"", db.total;dur=254;desc=""DB total"", db.count;dur=6;desc=""Query count"", db.first;dur=0;desc=""First query at"", db.last;dur=152;desc=""Last query at"", cache.hit;dur=6;desc=""Cache hits"", cache.miss;dur=7;desc=""Cache misses"" | D1_layout;dur=47.0;desc=""D1:layout"", D1_entry+recent;dur=132.0;desc=""D1:entry+recent"", D1_tags;dur=20.0;desc=""D1:tags"", total;dur=152.0;desc=""total"""
2026-10-05T22:41:43Z,bylines,curl,/posts/,200,MISS,remote-WAW,HAM,82.7,279.4,285.5,196.7,36904,5.0,164.0,0.0,83.0,83.0,2.0,6.0,"rt;dur=0;desc=""Runtime init"", render;dur=83;desc=""Page render"", mw;dur=83;desc=""Total middleware"", db.total;dur=164;desc=""DB total"", db.count;dur=5;desc=""Query count"", db.first;dur=0;desc=""First query at"", db.last;dur=83;desc=""Last query at"", cache.hit;dur=2;desc=""Cache hits"", cache.miss;dur=6;desc=""Cache misses"" | D1_layout;dur=51.0;desc=""D1:layout"", D1_posts;dur=55.0;desc=""D1:posts"", D1_all-tags;dur=28.0;desc=""D1:all-tags"", total;dur=83.0;desc=""total"""
2026-10-05T22:41:45Z,bylines,browser,/posts/architektura-emdash-typescript-astro,200,MISS,remote-WAW,HAM,891.5,1074.0,1111.8,182.5,34685,6.0,165.0,0.0,67.0,67.0,6.0,7.0,"rt;dur=0;desc=""Runtime init"", render;dur=67;desc=""Page render"", mw;dur=67;desc=""Total middleware"", db.total;dur=165;desc=""DB total"", db.count;dur=6;desc=""Query count"", db.first;dur=0;desc=""First query at"", db.last;dur=67;desc=""Last query at"", cache.hit;dur=6;desc=""Cache hits"", cache.miss;dur=7;desc=""Cache misses"" | D1_entry+recent;dur=47.0;desc=""D1:entry+recent"", D1_layout;dur=47.0;desc=""D1:layout"", D1_tags;dur=20.0;desc=""D1:tags"", total;dur=67.0;desc=""total"" | cfEdge;dur=130,cfOrigin;dur=0"
2026-10-05T22:41:45Z,bylines,browser,/category/technologia,200,MISS,remote-WAW,HAM,81.5,238.4,244.5,156.9,29672,7.0,160.0,0.0,52.0,52.0,2.0,6.0,"rt;dur=0;desc=""Runtime init"", render;dur=52;desc=""Page render"", mw;dur=52;desc=""Total middleware"", db.total;dur=160;desc=""DB total"", db.count;dur=7;desc=""Query count"", db.first;dur=0;desc=""First query at"", db.last;dur=52;desc=""Last query at"", cache.hit;dur=2;desc=""Cache hits"", cache.miss;dur=6;desc=""Cache misses"" | D1_layout;dur=51.0;desc=""D1:layout"", D1_term+posts;dur=52.0;desc=""D1:term+posts"", total;dur=52.0;desc=""total"" | cfEdge;dur=115,cfOrigin;dur=0"
2026-10-05T22:41:46Z,bylines,curl,/category/technologia,200,MISS,remote-WAW,HAM,94.4,269.8,272.2,175.4,29317,7.0,214.0,0.0,63.0,63.0,2.0,6.0,"rt;dur=0;desc=""Runtime init"", render;dur=63;desc=""Page render"", mw;dur=63;desc=""Total middleware"", db.total;dur=214;desc=""DB total"", db.count;dur=7;desc=""Query count"", db.first;dur=0;desc=""First query at"", db.last;dur=63;desc=""Last query at"", cache.hit;dur=2;desc=""Cache hits"", cache.miss;dur=6;desc=""Cache misses"" | D1_layout;dur=60.0;desc=""D1:layout"", D1_term+posts;dur=63.0;desc=""D1:term+posts"", total;dur=63.0;desc=""total"""
2026-10-05T22:41:46Z,bylines,browser,/posts/,200,MISS,remote-WAW,HAM,88.3,264.0,273.4,175.7,37279,5.0,125.0,0.0,64.0,64.0,2.0,6.0,"rt;dur=0;desc=""Runtime init"", render;dur=64;desc=""Page render"", mw;dur=64;desc=""Total middleware"", db.total;dur=125;desc=""DB total"", db.count;dur=5;desc=""Query count"", db.first;dur=0;desc=""First query at"", db.last;dur=64;desc=""Last query at"", cache.hit;dur=2;desc=""Cache hits"", cache.miss;dur=6;desc=""Cache misses"" | D1_posts;dur=39.0;desc=""D1:posts"", D1_layout;dur=39.0;desc=""D1:layout"", D1_all-tags;dur=25.0;desc=""D1:all-tags"", total;dur=64.0;desc=""total"" | cfEdge;dur=135,cfOrigin;dur=0"
2026-10-05T22:41:47Z,bylines,curl,/posts/architektura-emdash-typescript-astro,200,MISS,remote-WAW,HAM,87.0,255.0,381.5,168.0,34302,6.0,146.0,0.0,62.0,62.0,6.0,7.0,"rt;dur=0;desc=""Runtime init"", render;dur=62;desc=""Page render"", mw;dur=62;desc=""Total middleware"", db.total;dur=146;desc=""DB total"", db.count;dur=6;desc=""Query count"", db.first;dur=0;desc=""First query at"", db.last;dur=62;desc=""Last query at"", cache.hit;dur=6;desc=""Cache hits"", cache.miss;dur=7;desc=""Cache misses"" | D1_layout;dur=38.0;desc=""D1:layout"", D1_entry+recent;dur=44.0;desc=""D1:entry+recent"", D1_tags;dur=18.0;desc=""D1:tags"", total;dur=62.0;desc=""total"""
2026-10-05T22:41:47Z,bylines,browser,/category/technologia,200,MISS,remote-WAW,HAM,78.0,229.7,236.5,151.7,29688,7.0,175.0,0.0,51.0,51.0,2.0,6.0,"rt;dur=0;desc=""Runtime init"", render;dur=51;desc=""Page render"", mw;dur=51;desc=""Total middleware"", db.total;dur=175;desc=""DB total"", db.count;dur=7;desc=""Query count"", db.first;dur=0;desc=""First query at"", db.last;dur=51;desc=""Last query at"", cache.hit;dur=2;desc=""Cache hits"", cache.miss;dur=6;desc=""Cache misses"" | D1_layout;dur=50.0;desc=""D1:layout"", D1_term+posts;dur=51.0;desc=""D1:term+posts"", total;dur=51.0;desc=""total"" | cfEdge;dur=114,cfOrigin;dur=0"
2026-10-05T22:41:48Z,bylines,curl,/posts/,200,MISS,remote-WAW,HAM,84.2,255.5,262.5,171.3,36900,5.0,130.0,0.0,65.0,65.0,2.0,6.0,"rt;dur=0;desc=""Runtime init"", render;dur=65;desc=""Page render"", mw;dur=65;desc=""Total middleware"", db.total;dur=130;desc=""DB total"", db.count;dur=5;desc=""Query count"", db.first;dur=0;desc=""First query at"", db.last;dur=65;desc=""Last query at"", cache.hit;dur=2;desc=""Cache hits"", cache.miss;dur=6;desc=""Cache misses"" | D1_posts;dur=42.0;desc=""D1:posts"", D1_layout;dur=42.0;desc=""D1:layout"", D1_all-tags;dur=23.0;desc=""D1:all-tags"", total;dur=65.0;desc=""total"""
2026-10-05T22:41:48Z,bylines,curl,/,200,MISS,remote-WAW,HAM,81.7,250.2,257.7,168.5,30941,5.0,136.0,0.0,69.0,69.0,2.0,6.0,"rt;dur=0;desc=""Runtime init"", render;dur=69;desc=""Page render"", mw;dur=69;desc=""Total middleware"", db.total;dur=136;desc=""DB total"", db.count;dur=5;desc=""Query count"", db.first;dur=0;desc=""First query at"", db.last;dur=69;desc=""Last query at"", cache.hit;dur=2;desc=""Cache hits"", cache.miss;dur=6;desc=""Cache misses"" | D1_layout;dur=42.0;desc=""D1:layout"", D1_posts;dur=42.0;desc=""D1:posts"", D1_all-tags;dur=27.0;desc=""D1:all-tags"", total;dur=69.0;desc=""total"""
2026-10-05T22:41:49Z,bylines,browser,/posts/architektura-emdash-typescript-astro,200,MISS,remote-WAW,HAM,83.8,255.4,310.2,171.6,34689,6.0,151.0,0.0,57.0,57.0,6.0,7.0,"rt;dur=0;desc=""Runtime init"", render;dur=57;desc=""Page render"", mw;dur=57;desc=""Total middleware"", db.total;dur=151;desc=""DB total"", db.count;dur=6;desc=""Query count"", db.first;dur=0;desc=""First query at"", db.last;dur=57;desc=""Last query at"", cache.hit;dur=6;desc=""Cache hits"", cache.miss;dur=7;desc=""Cache misses"" | D1_entry+recent;dur=40.0;desc=""D1:entry+recent"", D1_layout;dur=40.0;desc=""D1:layout"", D1_tags;dur=17.0;desc=""D1:tags"", total;dur=57.0;desc=""total"" | cfEdge;dur=124,cfOrigin;dur=0"
2026-10-05T22:41:49Z,bylines,browser,/,200,MISS,remote-WAW,HAM,218.1,484.1,484.8,266.0,31328,5.0,127.0,0.0,66.0,66.0,2.0,6.0,"rt;dur=0;desc=""Runtime init"", render;dur=66;desc=""Page render"", mw;dur=66;desc=""Total middleware"", db.total;dur=127;desc=""DB total"", db.count;dur=5;desc=""Query count"", db.first;dur=0;desc=""First query at"", db.last;dur=66;desc=""Last query at"", cache.hit;dur=2;desc=""Cache hits"", cache.miss;dur=6;desc=""Cache misses"" | D1_posts;dur=47.0;desc=""D1:posts"", D1_layout;dur=47.0;desc=""D1:layout"", D1_all-tags;dur=19.0;desc=""D1:all-tags"", total;dur=66.0;desc=""total"" | cfEdge;dur=154,cfOrigin;dur=0"
2026-10-05T22:41:51Z,bylines,browser,/posts/architektura-emdash-typescript-astro,200,MISS,remote-WAW,HAM,345.0,836.0,1011.3,491.0,34690,6.0,357.0,0.0,249.0,249.0,6.0,7.0,"rt;dur=0;desc=""Runtime init"", render;dur=249;desc=""Page render"", mw;dur=249;desc=""Total middleware"", db.total;dur=357;desc=""DB total"", db.count;dur=6;desc=""Query count"", db.first;dur=0;desc=""First query at"", db.last;dur=249;desc=""Last query at"", cache.hit;dur=6;desc=""Cache hits"", cache.miss;dur=7;desc=""Cache misses"" | D1_layout;dur=50.0;desc=""D1:layout"", D1_entry+recent;dur=228.0;desc=""D1:entry+recent"", D1_tags;dur=21.0;desc=""D1:tags"", total;dur=249.0;desc=""total"" | cfEdge;dur=316,cfOrigin;dur=0"
2026-10-05T22:41:52Z,bylines,curl,/,200,MISS,remote-WAW,HAM,333.3,643.4,646.4,310.1,30941,5.0,113.0,0.0,63.0,63.0,2.0,6.0,"rt;dur=0;desc=""Runtime init"", render;dur=63;desc=""Page render"", mw;dur=63;desc=""Total middleware"", db.total;dur=113;desc=""DB total"", db.count;dur=5;desc=""Query count"", db.first;dur=0;desc=""First query at"", db.last;dur=63;desc=""Last query at"", cache.hit;dur=2;desc=""Cache hits"", cache.miss;dur=6;desc=""Cache misses"" | D1_posts;dur=38.0;desc=""D1:posts"", D1_layout;dur=38.0;desc=""D1:layout"", D1_all-tags;dur=25.0;desc=""D1:all-tags"", total;dur=63.0;desc=""total"""
2026-10-05T22:41:52Z,bylines,curl,/posts/architektura-emdash-typescript-astro,200,MISS,remote-WAW,HAM,185.0,355.6,473.5,170.6,34310,6.0,176.0,0.0,71.0,71.0,6.0,7.0,"rt;dur=0;desc=""Runtime init"", render;dur=71;desc=""Page render"", mw;dur=71;desc=""Total middleware"", db.total;dur=176;desc=""DB total"", db.count;dur=6;desc=""Query count"", db.first;dur=0;desc=""First query at"", db.last;dur=71;desc=""Last query at"", cache.hit;dur=6;desc=""Cache hits"", cache.miss;dur=7;desc=""Cache misses"" | D1_entry+recent;dur=51.0;desc=""D1:entry+recent"", D1_layout;dur=51.0;desc=""D1:layout"", D1_tags;dur=20.0;desc=""D1:tags"", total;dur=71.0;desc=""total"""
2026-10-05T22:41:53Z,bylines,curl,/posts/,200,MISS,remote-WAW,HAM,82.6,254.6,261.7,172.0,36892,5.0,128.0,0.0,70.0,70.0,2.0,6.0,"rt;dur=0;desc=""Runtime init"", render;dur=70;desc=""Page render"", mw;dur=70;desc=""Total middleware"", db.total;dur=128;desc=""DB total"", db.count;dur=5;desc=""Query count"", db.first;dur=0;desc=""First query at"", db.last;dur=70;desc=""Last query at"", cache.hit;dur=2;desc=""Cache hits"", cache.miss;dur=6;desc=""Cache misses"" | D1_posts;dur=43.0;desc=""D1:posts"", D1_layout;dur=43.0;desc=""D1:layout"", D1_all-tags;dur=27.0;desc=""D1:all-tags"", total;dur=70.0;desc=""total"""
2026-10-05T22:41:53Z,bylines,browser,/category/technologia,200,MISS,remote-WAW,HAM,82.5,233.1,239.6,150.6,29668,7.0,145.0,0.0,41.0,41.0,2.0,6.0,"rt;dur=0;desc=""Runtime init"", render;dur=41;desc=""Page render"", mw;dur=41;desc=""Total middleware"", db.total;dur=145;desc=""DB total"", db.count;dur=7;desc=""Query count"", db.first;dur=0;desc=""First query at"", db.last;dur=41;desc=""Last query at"", cache.hit;dur=2;desc=""Cache hits"", cache.miss;dur=6;desc=""Cache misses"" | D1_layout;dur=41.0;desc=""D1:layout"", D1_term+posts;dur=41.0;desc=""D1:term+posts"", total;dur=41.0;desc=""total"" | cfEdge;dur=105,cfOrigin;dur=0"
2026-10-05T22:41:54Z,bylines,browser,/,200,MISS,remote-WAW,HAM,85.6,247.3,254.6,161.7,31304,5.0,108.0,0.0,56.0,56.0,2.0,6.0,"rt;dur=0;desc=""Runtime init"", render;dur=56;desc=""Page render"", mw;dur=56;desc=""Total middleware"", db.total;dur=108;desc=""DB total"", db.count;dur=5;desc=""Query count"", db.first;dur=0;desc=""First query at"", db.last;dur=56;desc=""Last query at"", cache.hit;dur=2;desc=""Cache hits"", cache.miss;dur=6;desc=""Cache misses"" | D1_posts;dur=39.0;desc=""D1:posts"", D1_layout;dur=39.0;desc=""D1:layout"", D1_all-tags;dur=17.0;desc=""D1:all-tags"", total;dur=56.0;desc=""total"" | cfEdge;dur=119,cfOrigin;dur=0"
2026-10-05T22:41:54Z,bylines,curl,/category/technologia,200,MISS,remote-WAW,HAM,93.8,246.3,251.2,152.5,29329,7.0,159.0,0.0,50.0,50.0,2.0,6.0,"rt;dur=0;desc=""Runtime init"", render;dur=50;desc=""Page render"", mw;dur=50;desc=""Total middleware"", db.total;dur=159;desc=""DB total"", db.count;dur=7;desc=""Query count"", db.first;dur=0;desc=""First query at"", db.last;dur=50;desc=""Last query at"", cache.hit;dur=2;desc=""Cache hits"", cache.miss;dur=6;desc=""Cache misses"" | D1_layout;dur=47.0;desc=""D1:layout"", D1_term+posts;dur=50.0;desc=""D1:term+posts"", total;dur=50.0;desc=""total"""
2026-10-05T22:41:55Z,bylines,browser,/posts/,200,MISS,remote-WAW,HAM,84.9,285.2,292.9,200.3,37275,5.0,150.0,0.0,84.0,84.0,2.0,6.0,"rt;dur=0;desc=""Runtime init"", render;dur=84;desc=""Page render"", mw;dur=84;desc=""Total middleware"", db.total;dur=150;desc=""DB total"", db.count;dur=5;desc=""Query count"", db.first;dur=0;desc=""First query at"", db.last;dur=84;desc=""Last query at"", cache.hit;dur=2;desc=""Cache hits"", cache.miss;dur=6;desc=""Cache misses"" | D1_layout;dur=42.0;desc=""D1:layout"", D1_posts;dur=62.0;desc=""D1:posts"", D1_all-tags;dur=22.0;desc=""D1:all-tags"", total;dur=84.0;desc=""total"" | cfEdge;dur=159,cfOrigin;dur=0"
2026-10-05T22:41:55Z,bylines,curl,/posts/architektura-emdash-typescript-astro,200,MISS,remote-WAW,HAM,107.8,271.7,317.8,163.9,34310,6.0,150.0,0.0,59.0,59.0,6.0,7.0,"rt;dur=0;desc=""Runtime init"", render;dur=59;desc=""Page render"", mw;dur=59;desc=""Total middleware"", db.total;dur=150;desc=""DB total"", db.count;dur=6;desc=""Query count"", db.first;dur=0;desc=""First query at"", db.last;dur=59;desc=""Last query at"", cache.hit;dur=6;desc=""Cache hits"", cache.miss;dur=7;desc=""Cache misses"" | D1_entry+recent;dur=41.0;desc=""D1:entry+recent"", D1_layout;dur=41.0;desc=""D1:layout"", D1_tags;dur=18.0;desc=""D1:tags"", total;dur=59.0;desc=""total"""
2026-10-05T22:41:56Z,bylines,browser,/posts/architektura-emdash-typescript-astro,200,MISS,remote-WAW,HAM,80.3,252.7,300.1,172.4,34681,6.0,147.0,0.0,62.0,62.0,6.0,7.0,"rt;dur=0;desc=""Runtime init"", render;dur=62;desc=""Page render"", mw;dur=62;desc=""Total middleware"", db.total;dur=147;desc=""DB total"", db.count;dur=6;desc=""Query count"", db.first;dur=0;desc=""First query at"", db.last;dur=62;desc=""Last query at"", cache.hit;dur=6;desc=""Cache hits"", cache.miss;dur=7;desc=""Cache misses"" | D1_entry+recent;dur=42.0;desc=""D1:entry+recent"", D1_layout;dur=42.0;desc=""D1:layout"", D1_tags;dur=20.0;desc=""D1:tags"", total;dur=62.0;desc=""total"" | cfEdge;dur=129,cfOrigin;dur=0"
2026-10-05T22:41:57Z,bylines,curl,/posts/,200,MISS,remote-WAW,HAM,87.3,485.3,494.5,398.0,36901,5.0,377.0,0.0,288.0,288.0,2.0,6.0,"rt;dur=0;desc=""Runtime init"", render;dur=288;desc=""Page render"", mw;dur=288;desc=""Total middleware"", db.total;dur=377;desc=""DB total"", db.count;dur=5;desc=""Query count"", db.first;dur=0;desc=""First query at"", db.last;dur=288;desc=""Last query at"", cache.hit;dur=2;desc=""Cache hits"", cache.miss;dur=6;desc=""Cache misses"" | D1_layout;dur=57.0;desc=""D1:layout"", D1_posts;dur=266.0;desc=""D1:posts"", D1_all-tags;dur=22.0;desc=""D1:all-tags"", total;dur=288.0;desc=""total"""
2026-10-05T22:41:57Z,bylines,browser,/posts/,200,MISS,remote-WAW,HAM,108.1,272.2,281.4,164.1,37267,5.0,117.0,0.0,59.0,59.0,2.0,6.0,"rt;dur=0;desc=""Runtime init"", render;dur=59;desc=""Page render"", mw;dur=59;desc=""Total middleware"", db.total;dur=117;desc=""DB total"", db.count;dur=5;desc=""Query count"", db.first;dur=0;desc=""First query at"", db.last;dur=59;desc=""Last query at"", cache.hit;dur=2;desc=""Cache hits"", cache.miss;dur=6;desc=""Cache misses"" | D1_posts;dur=41.0;desc=""D1:posts"", D1_layout;dur=41.0;desc=""D1:layout"", D1_all-tags;dur=18.0;desc=""D1:all-tags"", total;dur=59.0;desc=""total"" | cfEdge;dur=124,cfOrigin;dur=0"
2026-10-05T22:41:58Z,bylines,curl,/category/technologia,200,MISS,remote-WAW,HAM,132.6,294.3,299.8,161.7,29305,7.0,204.0,0.0,58.0,58.0,2.0,6.0,"rt;dur=0;desc=""Runtime init"", render;dur=58;desc=""Page render"", mw;dur=58;desc=""Total middleware"", db.total;dur=204;desc=""DB total"", db.count;dur=7;desc=""Query count"", db.first;dur=0;desc=""First query at"", db.last;dur=58;desc=""Last query at"", cache.hit;dur=2;desc=""Cache hits"", cache.miss;dur=6;desc=""Cache misses"" | D1_term+posts;dur=58.0;desc=""D1:term+posts"", D1_layout;dur=58.0;desc=""D1:layout"", total;dur=58.0;desc=""total"""
2026-10-05T22:41:58Z,bylines,browser,/category/technologia,200,MISS,remote-WAW,HAM,101.1,278.0,284.3,176.9,29680,7.0,204.0,0.0,63.0,63.0,2.0,6.0,"rt;dur=0;desc=""Runtime init"", render;dur=63;desc=""Page render"", mw;dur=63;desc=""Total middleware"", db.total;dur=204;desc=""DB total"", db.count;dur=7;desc=""Query count"", db.first;dur=0;desc=""First query at"", db.last;dur=63;desc=""Last query at"", cache.hit;dur=2;desc=""Cache hits"", cache.miss;dur=6;desc=""Cache misses"" | D1_layout;dur=63.0;desc=""D1:layout"", D1_term+posts;dur=63.0;desc=""D1:term+posts"", total;dur=63.0;desc=""total"" | cfEdge;dur=131,cfOrigin;dur=0"
2026-10-05T22:41:59Z,bylines,curl,/,200,MISS,remote-WAW,HAM,76.6,243.6,250.6,167.0,30945,5.0,126.0,0.0,66.0,66.0,2.0,6.0,"rt;dur=0;desc=""Runtime init"", render;dur=66;desc=""Page render"", mw;dur=66;desc=""Total middleware"", db.total;dur=126;desc=""DB total"", db.count;dur=5;desc=""Query count"", db.first;dur=0;desc=""First query at"", db.last;dur=66;desc=""Last query at"", cache.hit;dur=2;desc=""Cache hits"", cache.miss;dur=6;desc=""Cache misses"" | D1_posts;dur=48.0;desc=""D1:posts"", D1_layout;dur=48.0;desc=""D1:layout"", D1_all-tags;dur=18.0;desc=""D1:all-tags"", total;dur=66.0;desc=""total"""
2026-10-05T22:41:59Z,bylines,browser,/,200,MISS,remote-WAW,HAM,85.6,250.0,256.0,164.4,31312,5.0,128.0,0.0,70.0,70.0,2.0,6.0,"rt;dur=0;desc=""Runtime init"", render;dur=70;desc=""Page render"", mw;dur=70;desc=""Total middleware"", db.total;dur=128;desc=""DB total"", db.count;dur=5;desc=""Query count"", db.first;dur=0;desc=""First query at"", db.last;dur=70;desc=""Last query at"", cache.hit;dur=2;desc=""Cache hits"", cache.miss;dur=6;desc=""Cache misses"" | D1_posts;dur=47.0;desc=""D1:posts"", D1_layout;dur=47.0;desc=""D1:layout"", D1_all-tags;dur=23.0;desc=""D1:all-tags"", total;dur=70.0;desc=""total"" | cfEdge;dur=126,cfOrigin;dur=0"
2026-10-05T22:42:00Z,bylines,browser,/category/technologia,200,MISS,remote-WAW,HAM,93.8,249.1,251.1,155.3,29676,7.0,144.0,0.0,42.0,42.0,2.0,6.0,"rt;dur=0;desc=""Runtime init"", render;dur=42;desc=""Page render"", mw;dur=42;desc=""Total middleware"", db.total;dur=144;desc=""DB total"", db.count;dur=7;desc=""Query count"", db.first;dur=0;desc=""First query at"", db.last;dur=42;desc=""Last query at"", cache.hit;dur=2;desc=""Cache hits"", cache.miss;dur=6;desc=""Cache misses"" | D1_layout;dur=39.0;desc=""D1:layout"", D1_term+posts;dur=42.0;desc=""D1:term+posts"", total;dur=42.0;desc=""total"" | cfEdge;dur=106,cfOrigin;dur=0"
2026-10-05T22:42:00Z,bylines,browser,/posts/,200,MISS,remote-WAW,HAM,87.0,254.1,259.4,167.1,37271,5.0,123.0,0.0,60.0,60.0,2.0,6.0,"rt;dur=0;desc=""Runtime init"", render;dur=60;desc=""Page render"", mw;dur=60;desc=""Total middleware"", db.total;dur=123;desc=""DB total"", db.count;dur=5;desc=""Query count"", db.first;dur=0;desc=""First query at"", db.last;dur=60;desc=""Last query at"", cache.hit;dur=2;desc=""Cache hits"", cache.miss;dur=6;desc=""Cache misses"" | D1_posts;dur=42.0;desc=""D1:posts"", D1_layout;dur=42.0;desc=""D1:layout"", D1_all-tags;dur=18.0;desc=""D1:all-tags"", total;dur=60.0;desc=""total"" | cfEdge;dur=120,cfOrigin;dur=0"
2026-10-05T22:42:01Z,bylines,curl,/category/technologia,200,MISS,remote-WAW,HAM,94.4,253.6,262.3,159.2,29317,7.0,172.0,0.0,53.0,53.0,2.0,6.0,"rt;dur=0;desc=""Runtime init"", render;dur=53;desc=""Page render"", mw;dur=53;desc=""Total middleware"", db.total;dur=172;desc=""DB total"", db.count;dur=7;desc=""Query count"", db.first;dur=0;desc=""First query at"", db.last;dur=53;desc=""Last query at"", cache.hit;dur=2;desc=""Cache hits"", cache.miss;dur=6;desc=""Cache misses"" | D1_layout;dur=40.0;desc=""D1:layout"", D1_term+posts;dur=53.0;desc=""D1:term+posts"", total;dur=53.0;desc=""total"""
2026-10-05T22:42:01Z,bylines,browser,/posts/architektura-emdash-typescript-astro,200,MISS,remote-WAW,HAM,85.0,261.0,305.6,176.0,34693,6.0,176.0,0.0,71.0,71.0,6.0,7.0,"rt;dur=0;desc=""Runtime init"", render;dur=71;desc=""Page render"", mw;dur=71;desc=""Total middleware"", db.total;dur=176;desc=""DB total"", db.count;dur=6;desc=""Query count"", db.first;dur=0;desc=""First query at"", db.last;dur=71;desc=""Last query at"", cache.hit;dur=6;desc=""Cache hits"", cache.miss;dur=7;desc=""Cache misses"" | D1_entry+recent;dur=47.0;desc=""D1:entry+recent"", D1_layout;dur=47.0;desc=""D1:layout"", D1_tags;dur=24.0;desc=""D1:tags"", total;dur=71.0;desc=""total"" | cfEdge;dur=132,cfOrigin;dur=0"
2026-10-05T22:42:02Z,bylines,curl,/posts/,200,MISS,remote-WAW,HAM,89.4,250.8,257.3,161.4,36892,5.0,125.0,0.0,63.0,63.0,2.0,6.0,"rt;dur=0;desc=""Runtime init"", render;dur=63;desc=""Page render"", mw;dur=63;desc=""Total middleware"", db.total;dur=125;desc=""DB total"", db.count;dur=5;desc=""Query count"", db.first;dur=0;desc=""First query at"", db.last;dur=63;desc=""Last query at"", cache.hit;dur=2;desc=""Cache hits"", cache.miss;dur=6;desc=""Cache misses"" | D1_posts;dur=42.0;desc=""D1:posts"", D1_layout;dur=42.0;desc=""D1:layout"", D1_all-tags;dur=21.0;desc=""D1:all-tags"", total;dur=63.0;desc=""total"""
2026-10-05T22:42:02Z,bylines,browser,/,200,MISS,remote-WAW,HAM,83.7,315.4,320.9,231.7,31312,5.0,188.0,0.0,127.0,127.0,2.0,6.0,"rt;dur=0;desc=""Runtime init"", render;dur=127;desc=""Page render"", mw;dur=127;desc=""Total middleware"", db.total;dur=188;desc=""DB total"", db.count;dur=5;desc=""Query count"", db.first;dur=0;desc=""First query at"", db.last;dur=127;desc=""Last query at"", cache.hit;dur=2;desc=""Cache hits"", cache.miss;dur=6;desc=""Cache misses"" | D1_posts;dur=49.0;desc=""D1:posts"", D1_layout;dur=49.0;desc=""D1:layout"", D1_all-tags;dur=78.0;desc=""D1:all-tags"", total;dur=127.0;desc=""total"" | cfEdge;dur=187,cfOrigin;dur=0"
2026-10-05T22:42:03Z,bylines,curl,/,200,MISS,remote-WAW,HAM,85.7,247.3,254.3,161.6,30949,5.0,119.0,0.0,58.0,58.0,2.0,6.0,"rt;dur=0;desc=""Runtime init"", render;dur=58;desc=""Page render"", mw;dur=58;desc=""Total middleware"", db.total;dur=119;desc=""DB total"", db.count;dur=5;desc=""Query count"", db.first;dur=0;desc=""First query at"", db.last;dur=58;desc=""Last query at"", cache.hit;dur=2;desc=""Cache hits"", cache.miss;dur=6;desc=""Cache misses"" | D1_posts;dur=38.0;desc=""D1:posts"", D1_layout;dur=38.0;desc=""D1:layout"", D1_all-tags;dur=20.0;desc=""D1:all-tags"", total;dur=58.0;desc=""total"""
2026-10-05T22:42:03Z,bylines,curl,/posts/architektura-emdash-typescript-astro,200,MISS,remote-WAW,HAM,162.7,373.4,508.8,210.7,34326,7.0,212.0,0.0,71.0,71.0,6.0,7.0,"rt;dur=0;desc=""Runtime init"", render;dur=71;desc=""Page render"", mw;dur=71;desc=""Total middleware"", db.total;dur=212;desc=""DB total"", db.count;dur=7;desc=""Query count"", db.first;dur=0;desc=""First query at"", db.last;dur=71;desc=""Last query at"", cache.hit;dur=6;desc=""Cache hits"", cache.miss;dur=7;desc=""Cache misses"" | D1_entry+recent;dur=49.0;desc=""D1:entry+recent"", D1_layout;dur=49.0;desc=""D1:layout"", D1_tags;dur=22.0;desc=""D1:tags"", total;dur=71.0;desc=""total"""
2026-10-05T22:42:05Z,bylines,curl,/posts/architektura-emdash-typescript-astro,200,MISS,remote-WAW,HAM,295.7,644.8,819.3,349.1,34327,7.0,382.0,0.0,248.0,248.0,6.0,7.0,"rt;dur=0;desc=""Runtime init"", render;dur=248;desc=""Page render"", mw;dur=248;desc=""Total middleware"", db.total;dur=382;desc=""DB total"", db.count;dur=7;desc=""Query count"", db.first;dur=0;desc=""First query at"", db.last;dur=248;desc=""Last query at"", cache.hit;dur=6;desc=""Cache hits"", cache.miss;dur=7;desc=""Cache misses"" | D1_layout;dur=54.0;desc=""D1:layout"", D1_entry+recent;dur=227.0;desc=""D1:entry+recent"", D1_tags;dur=21.0;desc=""D1:tags"", total;dur=248.0;desc=""total"""
2026-10-05T22:42:05Z,bylines,browser,/category/technologia,200,MISS,remote-WAW,HAM,299.6,649.9,651.3,350.3,29681,7.0,284.0,0.0,176.0,176.0,2.0,6.0,"rt;dur=0;desc=""Runtime init"", render;dur=176;desc=""Page render"", mw;dur=176;desc=""Total middleware"", db.total;dur=284;desc=""DB total"", db.count;dur=7;desc=""Query count"", db.first;dur=0;desc=""First query at"", db.last;dur=176;desc=""Last query at"", cache.hit;dur=2;desc=""Cache hits"", cache.miss;dur=6;desc=""Cache misses"" | D1_layout;dur=36.0;desc=""D1:layout"", D1_term+posts;dur=176.0;desc=""D1:term+posts"", total;dur=176.0;desc=""total"" | cfEdge;dur=239,cfOrigin;dur=0"
2026-10-05T22:42:06Z,bylines,curl,/posts/,200,MISS,remote-WAW,HAM,305.2,480.7,491.1,175.5,36900,5.0,129.0,0.0,67.0,67.0,2.0,6.0,"rt;dur=0;desc=""Runtime init"", render;dur=67;desc=""Page render"", mw;dur=67;desc=""Total middleware"", db.total;dur=129;desc=""DB total"", db.count;dur=5;desc=""Query count"", db.first;dur=0;desc=""First query at"", db.last;dur=67;desc=""Last query at"", cache.hit;dur=2;desc=""Cache hits"", cache.miss;dur=6;desc=""Cache misses"" | D1_posts;dur=42.0;desc=""D1:posts"", D1_layout;dur=42.0;desc=""D1:layout"", D1_all-tags;dur=25.0;desc=""D1:all-tags"", total;dur=67.0;desc=""total"""
2026-10-05T22:42:07Z,bylines,browser,/posts/architektura-emdash-typescript-astro,200,MISS,remote-WAW,HAM,83.1,245.7,288.8,162.6,34693,6.0,146.0,0.0,63.0,63.0,6.0,7.0,"rt;dur=0;desc=""Runtime init"", render;dur=63;desc=""Page render"", mw;dur=63;desc=""Total middleware"", db.total;dur=146;desc=""DB total"", db.count;dur=6;desc=""Query count"", db.first;dur=0;desc=""First query at"", db.last;dur=63;desc=""Last query at"", cache.hit;dur=6;desc=""Cache hits"", cache.miss;dur=7;desc=""Cache misses"" | D1_entry+recent;dur=41.0;desc=""D1:entry+recent"", D1_layout;dur=41.0;desc=""D1:layout"", D1_tags;dur=22.0;desc=""D1:tags"", total;dur=63.0;desc=""total"" | cfEdge;dur=121,cfOrigin;dur=0"
2026-10-05T22:42:07Z,bylines,curl,/,200,MISS,remote-WAW,HAM,87.4,258.9,265.4,171.5,30949,5.0,140.0,0.0,67.0,67.0,2.0,6.0,"rt;dur=0;desc=""Runtime init"", render;dur=67;desc=""Page render"", mw;dur=67;desc=""Total middleware"", db.total;dur=140;desc=""DB total"", db.count;dur=5;desc=""Query count"", db.first;dur=0;desc=""First query at"", db.last;dur=67;desc=""Last query at"", cache.hit;dur=2;desc=""Cache hits"", cache.miss;dur=6;desc=""Cache misses"" | D1_posts;dur=49.0;desc=""D1:posts"", D1_layout;dur=49.0;desc=""D1:layout"", D1_all-tags;dur=18.0;desc=""D1:all-tags"", total;dur=67.0;desc=""total"""
2026-10-05T22:42:08Z,bylines,browser,/,200,MISS,remote-WAW,HAM,135.3,303.6,310.1,168.3,31320,6.0,168.0,0.0,68.0,68.0,2.0,6.0,"rt;dur=0;desc=""Runtime init"", render;dur=68;desc=""Page render"", mw;dur=68;desc=""Total middleware"", db.total;dur=168;desc=""DB total"", db.count;dur=6;desc=""Query count"", db.first;dur=0;desc=""First query at"", db.last;dur=68;desc=""Last query at"", cache.hit;dur=2;desc=""Cache hits"", cache.miss;dur=6;desc=""Cache misses"" | D1_posts;dur=46.0;desc=""D1:posts"", D1_layout;dur=46.0;desc=""D1:layout"", D1_all-tags;dur=22.0;desc=""D1:all-tags"", total;dur=68.0;desc=""total"" | cfEdge;dur=127,cfOrigin;dur=0"
2026-10-05T22:42:08Z,bylines,browser,/posts/,200,MISS,remote-WAW,HAM,85.8,242.4,250.7,156.6,37283,5.0,119.0,0.0,66.0,66.0,2.0,6.0,"rt;dur=0;desc=""Runtime init"", render;dur=66;desc=""Page render"", mw;dur=66;desc=""Total middleware"", db.total;dur=119;desc=""DB total"", db.count;dur=5;desc=""Query count"", db.first;dur=0;desc=""First query at"", db.last;dur=66;desc=""Last query at"", cache.hit;dur=2;desc=""Cache hits"", cache.miss;dur=6;desc=""Cache misses"" | D1_posts;dur=46.0;desc=""D1:posts"", D1_layout;dur=46.0;desc=""D1:layout"", D1_all-tags;dur=20.0;desc=""D1:all-tags"", total;dur=66.0;desc=""total"" | cfEdge;dur=119,cfOrigin;dur=0"
2026-10-05T22:42:09Z,bylines,curl,/category/technologia,200,MISS,remote-WAW,HAM,84.0,250.1,256.1,166.1,29305,7.0,184.0,0.0,62.0,62.0,2.0,6.0,"rt;dur=0;desc=""Runtime init"", render;dur=62;desc=""Page render"", mw;dur=62;desc=""Total middleware"", db.total;dur=184;desc=""DB total"", db.count;dur=7;desc=""Query count"", db.first;dur=0;desc=""First query at"", db.last;dur=62;desc=""Last query at"", cache.hit;dur=2;desc=""Cache hits"", cache.miss;dur=6;desc=""Cache misses"" | D1_layout;dur=45.0;desc=""D1:layout"", D1_term+posts;dur=62.0;desc=""D1:term+posts"", total;dur=62.0;desc=""total"""
2026-10-05T22:42:09Z,bylines,browser,/,200,MISS,remote-WAW,HAM,88.4,240.1,247.2,151.7,31316,5.0,110.0,0.0,54.0,54.0,2.0,6.0,"rt;dur=0;desc=""Runtime init"", render;dur=54;desc=""Page render"", mw;dur=54;desc=""Total middleware"", db.total;dur=110;desc=""DB total"", db.count;dur=5;desc=""Query count"", db.first;dur=0;desc=""First query at"", db.last;dur=54;desc=""Last query at"", cache.hit;dur=2;desc=""Cache hits"", cache.miss;dur=6;desc=""Cache misses"" | D1_posts;dur=35.0;desc=""D1:posts"", D1_layout;dur=35.0;desc=""D1:layout"", D1_all-tags;dur=19.0;desc=""D1:all-tags"", total;dur=54.0;desc=""total"" | cfEdge;dur=112,cfOrigin;dur=0"
2026-10-05T22:42:10Z,bylines,browser,/category/technologia,200,MISS,remote-WAW,HAM,88.0,239.3,246.8,151.3,29680,7.0,165.0,0.0,49.0,49.0,2.0,6.0,"rt;dur=0;desc=""Runtime init"", render;dur=49;desc=""Page render"", mw;dur=49;desc=""Total middleware"", db.total;dur=165;desc=""DB total"", db.count;dur=7;desc=""Query count"", db.first;dur=0;desc=""First query at"", db.last;dur=49;desc=""Last query at"", cache.hit;dur=2;desc=""Cache hits"", cache.miss;dur=6;desc=""Cache misses"" | D1_layout;dur=42.0;desc=""D1:layout"", D1_term+posts;dur=49.0;desc=""D1:term+posts"", total;dur=49.0;desc=""total"" | cfEdge;dur=110,cfOrigin;dur=0"
2026-10-05T22:42:10Z,bylines,browser,/posts/,200,MISS,remote-WAW,HAM,86.1,254.7,270.6,168.6,37275,5.0,124.0,0.0,67.0,67.0,2.0,6.0,"rt;dur=0;desc=""Runtime init"", render;dur=67;desc=""Page render"", mw;dur=67;desc=""Total middleware"", db.total;dur=124;desc=""DB total"", db.count;dur=5;desc=""Query count"", db.first;dur=0;desc=""First query at"", db.last;dur=67;desc=""Last query at"", cache.hit;dur=2;desc=""Cache hits"", cache.miss;dur=6;desc=""Cache misses"" | D1_posts;dur=42.0;desc=""D1:posts"", D1_layout;dur=42.0;desc=""D1:layout"", D1_all-tags;dur=25.0;desc=""D1:all-tags"", total;dur=67.0;desc=""total"" | cfEdge;dur=125,cfOrigin;dur=0"
2026-10-05T22:42:11Z,bylines,browser,/posts/architektura-emdash-typescript-astro,200,MISS,remote-WAW,HAM,794.2,959.9,1013.4,165.7,34681,6.0,142.0,0.0,63.0,63.0,6.0,7.0,"rt;dur=0;desc=""Runtime init"", render;dur=63;desc=""Page render"", mw;dur=63;desc=""Total middleware"", db.total;dur=142;desc=""DB total"", db.count;dur=6;desc=""Query count"", db.first;dur=0;desc=""First query at"", db.last;dur=63;desc=""Last query at"", cache.hit;dur=6;desc=""Cache hits"", cache.miss;dur=7;desc=""Cache misses"" | D1_entry+recent;dur=45.0;desc=""D1:entry+recent"", D1_layout;dur=45.0;desc=""D1:layout"", D1_tags;dur=18.0;desc=""D1:tags"", total;dur=63.0;desc=""total"" | cfEdge;dur=124,cfOrigin;dur=0"
2026-10-05T22:42:12Z,bylines,curl,/category/technologia,200,MISS,remote-WAW,HAM,84.0,246.7,250.9,162.7,29301,7.0,180.0,0.0,61.0,61.0,2.0,6.0,"rt;dur=0;desc=""Runtime init"", render;dur=61;desc=""Page render"", mw;dur=61;desc=""Total middleware"", db.total;dur=180;desc=""DB total"", db.count;dur=7;desc=""Query count"", db.first;dur=0;desc=""First query at"", db.last;dur=61;desc=""Last query at"", cache.hit;dur=2;desc=""Cache hits"", cache.miss;dur=6;desc=""Cache misses"" | D1_layout;dur=49.0;desc=""D1:layout"", D1_term+posts;dur=61.0;desc=""D1:term+posts"", total;dur=61.0;desc=""total"""
2026-10-05T22:42:12Z,bylines,curl,/,200,MISS,remote-WAW,HAM,81.0,256.4,262.0,175.4,30949,5.0,170.0,0.0,77.0,77.0,2.0,6.0,"rt;dur=0;desc=""Runtime init"", render;dur=77;desc=""Page render"", mw;dur=77;desc=""Total middleware"", db.total;dur=170;desc=""DB total"", db.count;dur=5;desc=""Query count"", db.first;dur=0;desc=""First query at"", db.last;dur=77;desc=""Last query at"", cache.hit;dur=2;desc=""Cache hits"", cache.miss;dur=6;desc=""Cache misses"" | D1_posts;dur=56.0;desc=""D1:posts"", D1_layout;dur=56.0;desc=""D1:layout"", D1_all-tags;dur=21.0;desc=""D1:all-tags"", total;dur=77.0;desc=""total"""
2026-10-05T22:42:13Z,bylines,curl,/posts/,200,MISS,remote-WAW,HAM,78.0,261.1,270.0,183.1,36908,5.0,154.0,0.0,74.0,74.0,2.0,6.0,"rt;dur=0;desc=""Runtime init"", render;dur=74;desc=""Page render"", mw;dur=74;desc=""Total middleware"", db.total;dur=154;desc=""DB total"", db.count;dur=5;desc=""Query count"", db.first;dur=0;desc=""First query at"", db.last;dur=74;desc=""Last query at"", cache.hit;dur=2;desc=""Cache hits"", cache.miss;dur=6;desc=""Cache misses"" | D1_posts;dur=54.0;desc=""D1:posts"", D1_layout;dur=54.0;desc=""D1:layout"", D1_all-tags;dur=20.0;desc=""D1:all-tags"", total;dur=74.0;desc=""total"""
2026-10-05T22:42:14Z,bylines,curl,/posts/architektura-emdash-typescript-astro,200,MISS,remote-WAW,HAM,91.4,283.2,333.2,191.8,34310,6.0,179.0,0.0,68.0,68.0,6.0,7.0,"rt;dur=0;desc=""Runtime init"", render;dur=68;desc=""Page render"", mw;dur=68;desc=""Total middleware"", db.total;dur=179;desc=""DB total"", db.count;dur=6;desc=""Query count"", db.first;dur=0;desc=""First query at"", db.last;dur=68;desc=""Last query at"", cache.hit;dur=6;desc=""Cache hits"", cache.miss;dur=7;desc=""Cache misses"" | D1_entry+recent;dur=42.0;desc=""D1:entry+recent"", D1_layout;dur=42.0;desc=""D1:layout"", D1_tags;dur=26.0;desc=""D1:tags"", total;dur=68.0;desc=""total"""
2026-10-05T22:42:14Z,bylines,curl,/posts/,200,MISS,remote-WAW,HAM,87.1,252.7,261.0,165.6,36900,5.0,127.0,0.0,61.0,61.0,2.0,6.0,"rt;dur=0;desc=""Runtime init"", render;dur=61;desc=""Page render"", mw;dur=61;desc=""Total middleware"", db.total;dur=127;desc=""DB total"", db.count;dur=5;desc=""Query count"", db.first;dur=0;desc=""First query at"", db.last;dur=61;desc=""Last query at"", cache.hit;dur=2;desc=""Cache hits"", cache.miss;dur=6;desc=""Cache misses"" | D1_layout;dur=40.0;desc=""D1:layout"", D1_posts;dur=41.0;desc=""D1:posts"", D1_all-tags;dur=20.0;desc=""D1:all-tags"", total;dur=61.0;desc=""total"""
2026-10-05T22:42:15Z,bylines,browser,/posts/,200,MISS,remote-WAW,HAM,83.8,242.5,257.4,158.7,37283,5.0,126.0,0.0,62.0,62.0,2.0,6.0,"rt;dur=0;desc=""Runtime init"", render;dur=62;desc=""Page render"", mw;dur=62;desc=""Total middleware"", db.total;dur=126;desc=""DB total"", db.count;dur=5;desc=""Query count"", db.first;dur=0;desc=""First query at"", db.last;dur=62;desc=""Last query at"", cache.hit;dur=2;desc=""Cache hits"", cache.miss;dur=6;desc=""Cache misses"" | D1_posts;dur=42.0;desc=""D1:posts"", D1_layout;dur=42.0;desc=""D1:layout"", D1_all-tags;dur=20.0;desc=""D1:all-tags"", total;dur=62.0;desc=""total"" | cfEdge;dur=122,cfOrigin;dur=0"
2026-10-05T22:42:15Z,bylines,curl,/,200,MISS,remote-WAW,HAM,77.3,245.7,251.6,168.4,30953,5.0,119.0,0.0,65.0,65.0,2.0,6.0,"rt;dur=0;desc=""Runtime init"", render;dur=65;desc=""Page render"", mw;dur=65;desc=""Total middleware"", db.total;dur=119;desc=""DB total"", db.count;dur=5;desc=""Query count"", db.first;dur=0;desc=""First query at"", db.last;dur=65;desc=""Last query at"", cache.hit;dur=2;desc=""Cache hits"", cache.miss;dur=6;desc=""Cache misses"" | D1_posts;dur=40.0;desc=""D1:posts"", D1_layout;dur=40.0;desc=""D1:layout"", D1_all-tags;dur=25.0;desc=""D1:all-tags"", total;dur=65.0;desc=""total"""
2026-10-05T22:42:16Z,bylines,browser,/,200,MISS,remote-WAW,HAM,87.3,472.2,476.0,384.9,31313,5.0,350.0,0.0,274.0,274.0,2.0,6.0,"rt;dur=0;desc=""Runtime init"", render;dur=274;desc=""Page render"", mw;dur=274;desc=""Total middleware"", db.total;dur=350;desc=""DB total"", db.count;dur=5;desc=""Query count"", db.first;dur=0;desc=""First query at"", db.last;dur=274;desc=""Last query at"", cache.hit;dur=2;desc=""Cache hits"", cache.miss;dur=6;desc=""Cache misses"" | D1_layout;dur=46.0;desc=""D1:layout"", D1_posts;dur=252.0;desc=""D1:posts"", D1_all-tags;dur=22.0;desc=""D1:all-tags"", total;dur=274.0;desc=""total"" | cfEdge;dur=332,cfOrigin;dur=0"
2026-10-05T22:42:16Z,bylines,curl,/posts/architektura-emdash-typescript-astro,200,MISS,remote-WAW,HAM,70.9,261.3,309.2,190.4,34322,6.0,187.0,0.0,73.0,73.0,6.0,7.0,"rt;dur=0;desc=""Runtime init"", render;dur=73;desc=""Page render"", mw;dur=73;desc=""Total middleware"", db.total;dur=187;desc=""DB total"", db.count;dur=6;desc=""Query count"", db.first;dur=0;desc=""First query at"", db.last;dur=73;desc=""Last query at"", cache.hit;dur=6;desc=""Cache hits"", cache.miss;dur=7;desc=""Cache misses"" | D1_entry+recent;dur=52.0;desc=""D1:entry+recent"", D1_layout;dur=52.0;desc=""D1:layout"", D1_tags;dur=21.0;desc=""D1:tags"", total;dur=73.0;desc=""total"""
2026-10-05T22:42:17Z,bylines,curl,/category/technologia,200,MISS,remote-WAW,HAM,79.5,239.9,247.2,160.4,29317,7.0,176.0,0.0,54.0,54.0,2.0,6.0,"rt;dur=0;desc=""Runtime init"", render;dur=54;desc=""Page render"", mw;dur=54;desc=""Total middleware"", db.total;dur=176;desc=""DB total"", db.count;dur=7;desc=""Query count"", db.first;dur=0;desc=""First query at"", db.last;dur=54;desc=""Last query at"", cache.hit;dur=2;desc=""Cache hits"", cache.miss;dur=6;desc=""Cache misses"" | D1_term+posts;dur=54.0;desc=""D1:term+posts"", D1_layout;dur=54.0;desc=""D1:layout"", total;dur=54.0;desc=""total"""
2026-10-05T22:42:17Z,bylines,browser,/category/technologia,200,MISS,remote-WAW,HAM,75.2,364.3,366.8,289.1,29672,7.0,153.0,0.0,46.0,46.0,2.0,6.0,"rt;dur=0;desc=""Runtime init"", render;dur=46;desc=""Page render"", mw;dur=46;desc=""Total middleware"", db.total;dur=153;desc=""DB total"", db.count;dur=7;desc=""Query count"", db.first;dur=0;desc=""First query at"", db.last;dur=46;desc=""Last query at"", cache.hit;dur=2;desc=""Cache hits"", cache.miss;dur=6;desc=""Cache misses"" | D1_term+posts;dur=46.0;desc=""D1:term+posts"", D1_layout;dur=46.0;desc=""D1:layout"", total;dur=46.0;desc=""total"" | cfEdge;dur=117,cfOrigin;dur=0"
2026-10-05T22:42:18Z,bylines,browser,/posts/architektura-emdash-typescript-astro,200,MISS,remote-WAW,HAM,200.6,508.3,690.3,307.7,34689,6.0,139.0,0.0,63.0,63.0,6.0,7.0,"rt;dur=0;desc=""Runtime init"", render;dur=63;desc=""Page render"", mw;dur=63;desc=""Total middleware"", db.total;dur=139;desc=""DB total"", db.count;dur=6;desc=""Query count"", db.first;dur=0;desc=""First query at"", db.last;dur=63;desc=""Last query at"", cache.hit;dur=6;desc=""Cache hits"", cache.miss;dur=7;desc=""Cache misses"" | D1_entry+recent;dur=42.0;desc=""D1:entry+recent"", D1_layout;dur=42.0;desc=""D1:layout"", D1_tags;dur=21.0;desc=""D1:tags"", total;dur=63.0;desc=""total"" | cfEdge;dur=127,cfOrigin;dur=0"
2026-10-05T22:42:19Z,bylines,browser,/posts/,200,MISS,remote-WAW,HAM,305.1,473.3,480.1,168.2,37275,5.0,139.0,0.0,72.0,72.0,2.0,6.0,"rt;dur=0;desc=""Runtime init"", render;dur=72;desc=""Page render"", mw;dur=72;desc=""Total middleware"", db.total;dur=139;desc=""DB total"", db.count;dur=5;desc=""Query count"", db.first;dur=0;desc=""First query at"", db.last;dur=72;desc=""Last query at"", cache.hit;dur=2;desc=""Cache hits"", cache.miss;dur=6;desc=""Cache misses"" | D1_posts;dur=52.0;desc=""D1:posts"", D1_layout;dur=52.0;desc=""D1:layout"", D1_all-tags;dur=20.0;desc=""D1:all-tags"", total;dur=72.0;desc=""total"" | cfEdge;dur=129,cfOrigin;dur=0"
2026-10-05T22:42:20Z,bylines,browser,/,200,MISS,remote-WAW,HAM,285.9,459.0,460.9,173.1,31316,5.0,122.0,0.0,64.0,64.0,2.0,6.0,"rt;dur=0;desc=""Runtime init"", render;dur=64;desc=""Page render"", mw;dur=64;desc=""Total middleware"", db.total;dur=122;desc=""DB total"", db.count;dur=5;desc=""Query count"", db.first;dur=0;desc=""First query at"", db.last;dur=64;desc=""Last query at"", cache.hit;dur=2;desc=""Cache hits"", cache.miss;dur=6;desc=""Cache misses"" | D1_posts;dur=43.0;desc=""D1:posts"", D1_layout;dur=43.0;desc=""D1:layout"", D1_all-tags;dur=21.0;desc=""D1:all-tags"", total;dur=64.0;desc=""total"" | cfEdge;dur=128,cfOrigin;dur=0"
2026-10-05T22:42:20Z,bylines,browser,/category/technologia,200,MISS,remote-WAW,HAM,181.9,354.3,355.0,172.4,29672,7.0,162.0,0.0,47.0,47.0,2.0,6.0,"rt;dur=0;desc=""Runtime init"", render;dur=47;desc=""Page render"", mw;dur=47;desc=""Total middleware"", db.total;dur=162;desc=""DB total"", db.count;dur=7;desc=""Query count"", db.first;dur=0;desc=""First query at"", db.last;dur=47;desc=""Last query at"", cache.hit;dur=2;desc=""Cache hits"", cache.miss;dur=6;desc=""Cache misses"" | D1_layout;dur=46.0;desc=""D1:layout"", D1_term+posts;dur=47.0;desc=""D1:term+posts"", total;dur=47.0;desc=""total"" | cfEdge;dur=122,cfOrigin;dur=0"
2026-10-05T22:42:21Z,bylines,curl,/category/technologia,200,MISS,remote-WAW,HAM,738.3,896.6,904.1,158.3,29317,7.0,170.0,0.0,50.0,50.0,2.0,6.0,"rt;dur=0;desc=""Runtime init"", render;dur=50;desc=""Page render"", mw;dur=50;desc=""Total middleware"", db.total;dur=170;desc=""DB total"", db.count;dur=7;desc=""Query count"", db.first;dur=0;desc=""First query at"", db.last;dur=50;desc=""Last query at"", cache.hit;dur=2;desc=""Cache hits"", cache.miss;dur=6;desc=""Cache misses"" | D1_term+posts;dur=50.0;desc=""D1:term+posts"", D1_layout;dur=50.0;desc=""D1:layout"", total;dur=50.0;desc=""total"""
2026-10-05T22:42:22Z,bylines,curl,/posts/architektura-emdash-typescript-astro,200,MISS,remote-WAW,HAM,84.8,266.7,315.9,181.9,34302,6.0,165.0,0.0,69.0,69.0,6.0,7.0,"rt;dur=0;desc=""Runtime init"", render;dur=69;desc=""Page render"", mw;dur=69;desc=""Total middleware"", db.total;dur=165;desc=""DB total"", db.count;dur=6;desc=""Query count"", db.first;dur=0;desc=""First query at"", db.last;dur=69;desc=""Last query at"", cache.hit;dur=6;desc=""Cache hits"", cache.miss;dur=7;desc=""Cache misses"" | D1_entry+recent;dur=44.0;desc=""D1:entry+recent"", D1_layout;dur=44.0;desc=""D1:layout"", D1_tags;dur=25.0;desc=""D1:tags"", total;dur=69.0;desc=""total"""
2026-10-05T22:42:23Z,bylines,browser,/posts/architektura-emdash-typescript-astro,200,MISS,remote-WAW,HAM,80.6,263.5,312.3,182.9,34689,6.0,181.0,0.0,72.0,72.0,6.0,7.0,"rt;dur=0;desc=""Runtime init"", render;dur=72;desc=""Page render"", mw;dur=72;desc=""Total middleware"", db.total;dur=181;desc=""DB total"", db.count;dur=6;desc=""Query count"", db.first;dur=0;desc=""First query at"", db.last;dur=72;desc=""Last query at"", cache.hit;dur=6;desc=""Cache hits"", cache.miss;dur=7;desc=""Cache misses"" | D1_entry+recent;dur=52.0;desc=""D1:entry+recent"", D1_layout;dur=52.0;desc=""D1:layout"", D1_tags;dur=20.0;desc=""D1:tags"", total;dur=72.0;desc=""total"" | cfEdge;dur=137,cfOrigin;dur=0"
2026-10-05T22:42:23Z,bylines,curl,/,200,MISS,remote-WAW,HAM,76.3,266.0,272.7,189.7,30953,5.0,170.0,0.0,80.0,80.0,2.0,6.0,"rt;dur=0;desc=""Runtime init"", render;dur=80;desc=""Page render"", mw;dur=80;desc=""Total middleware"", db.total;dur=170;desc=""DB total"", db.count;dur=5;desc=""Query count"", db.first;dur=0;desc=""First query at"", db.last;dur=80;desc=""Last query at"", cache.hit;dur=2;desc=""Cache hits"", cache.miss;dur=6;desc=""Cache misses"" | D1_layout;dur=54.0;desc=""D1:layout"", D1_posts;dur=54.0;desc=""D1:posts"", D1_all-tags;dur=26.0;desc=""D1:all-tags"", total;dur=80.0;desc=""total"""
2026-10-05T22:42:24Z,bylines,curl,/posts/,200,MISS,remote-WAW,HAM,76.2,254.1,259.5,177.9,36908,5.0,115.0,0.0,67.0,67.0,2.0,6.0,"rt;dur=0;desc=""Runtime init"", render;dur=67;desc=""Page render"", mw;dur=67;desc=""Total middleware"", db.total;dur=115;desc=""DB total"", db.count;dur=5;desc=""Query count"", db.first;dur=0;desc=""First query at"", db.last;dur=67;desc=""Last query at"", cache.hit;dur=2;desc=""Cache hits"", cache.miss;dur=6;desc=""Cache misses"" | D1_posts;dur=49.0;desc=""D1:posts"", D1_layout;dur=49.0;desc=""D1:layout"", D1_all-tags;dur=18.0;desc=""D1:all-tags"", total;dur=67.0;desc=""total"""
2026-10-05T22:42:24Z,bylines,curl,/category/technologia,200,MISS,remote-WAW,HAM,82.9,245.6,251.5,162.7,29301,7.0,150.0,0.0,46.0,46.0,2.0,6.0,"rt;dur=0;desc=""Runtime init"", render;dur=46;desc=""Page render"", mw;dur=46;desc=""Total middleware"", db.total;dur=150;desc=""DB total"", db.count;dur=7;desc=""Query count"", db.first;dur=0;desc=""First query at"", db.last;dur=46;desc=""Last query at"", cache.hit;dur=2;desc=""Cache hits"", cache.miss;dur=6;desc=""Cache misses"" | D1_term+posts;dur=46.0;desc=""D1:term+posts"", D1_layout;dur=46.0;desc=""D1:layout"", total;dur=46.0;desc=""total"""
2026-10-05T22:42:25Z,bylines,curl,/posts/,200,MISS,remote-WAW,HAM,89.5,255.1,268.4,165.6,36904,5.0,132.0,0.0,66.0,66.0,2.0,6.0,"rt;dur=0;desc=""Runtime init"", render;dur=66;desc=""Page render"", mw;dur=66;desc=""Total middleware"", db.total;dur=132;desc=""DB total"", db.count;dur=5;desc=""Query count"", db.first;dur=0;desc=""First query at"", db.last;dur=66;desc=""Last query at"", cache.hit;dur=2;desc=""Cache hits"", cache.miss;dur=6;desc=""Cache misses"" | D1_posts;dur=48.0;desc=""D1:posts"", D1_layout;dur=48.0;desc=""D1:layout"", D1_all-tags;dur=18.0;desc=""D1:all-tags"", total;dur=66.0;desc=""total"""
2026-10-05T22:42:25Z,bylines,browser,/category/technologia,200,MISS,remote-WAW,HAM,88.0,243.2,248.5,155.2,29680,7.0,176.0,0.0,51.0,51.0,2.0,6.0,"rt;dur=0;desc=""Runtime init"", render;dur=51;desc=""Page render"", mw;dur=51;desc=""Total middleware"", db.total;dur=176;desc=""DB total"", db.count;dur=7;desc=""Query count"", db.first;dur=0;desc=""First query at"", db.last;dur=51;desc=""Last query at"", cache.hit;dur=2;desc=""Cache hits"", cache.miss;dur=6;desc=""Cache misses"" | D1_layout;dur=48.0;desc=""D1:layout"", D1_term+posts;dur=51.0;desc=""D1:term+posts"", total;dur=51.0;desc=""total"" | cfEdge;dur=113,cfOrigin;dur=0"
2026-10-05T22:42:25Z,bylines,curl,/,200,MISS,remote-WAW,HAM,78.2,248.2,253.6,170.0,30953,5.0,133.0,0.0,68.0,68.0,2.0,6.0,"rt;dur=0;desc=""Runtime init"", render;dur=68;desc=""Page render"", mw;dur=68;desc=""Total middleware"", db.total;dur=133;desc=""DB total"", db.count;dur=5;desc=""Query count"", db.first;dur=0;desc=""First query at"", db.last;dur=68;desc=""Last query at"", cache.hit;dur=2;desc=""Cache hits"", cache.miss;dur=6;desc=""Cache misses"" | D1_layout;dur=43.0;desc=""D1:layout"", D1_posts;dur=45.0;desc=""D1:posts"", D1_all-tags;dur=23.0;desc=""D1:all-tags"", total;dur=68.0;desc=""total"""
2026-10-05T22:42:26Z,bylines,browser,/posts/,200,MISS,remote-WAW,HAM,83.9,255.1,262.9,171.2,37263,5.0,141.0,0.0,66.0,66.0,2.0,6.0,"rt;dur=0;desc=""Runtime init"", render;dur=66;desc=""Page render"", mw;dur=66;desc=""Total middleware"", db.total;dur=141;desc=""DB total"", db.count;dur=5;desc=""Query count"", db.first;dur=0;desc=""First query at"", db.last;dur=66;desc=""Last query at"", cache.hit;dur=2;desc=""Cache hits"", cache.miss;dur=6;desc=""Cache misses"" | D1_posts;dur=48.0;desc=""D1:posts"", D1_layout;dur=48.0;desc=""D1:layout"", D1_all-tags;dur=18.0;desc=""D1:all-tags"", total;dur=66.0;desc=""total"" | cfEdge;dur=129,cfOrigin;dur=0"
2026-10-05T22:42:26Z,bylines,browser,/,200,MISS,remote-WAW,HAM,87.6,257.5,265.1,169.9,31312,5.0,116.0,0.0,62.0,62.0,2.0,6.0,"rt;dur=0;desc=""Runtime init"", render;dur=62;desc=""Page render"", mw;dur=62;desc=""Total middleware"", db.total;dur=116;desc=""DB total"", db.count;dur=5;desc=""Query count"", db.first;dur=0;desc=""First query at"", db.last;dur=62;desc=""Last query at"", cache.hit;dur=2;desc=""Cache hits"", cache.miss;dur=6;desc=""Cache misses"" | D1_posts;dur=44.0;desc=""D1:posts"", D1_layout;dur=44.0;desc=""D1:layout"", D1_all-tags;dur=18.0;desc=""D1:all-tags"", total;dur=62.0;desc=""total"" | cfEdge;dur=131,cfOrigin;dur=0"
2026-10-05T22:42:27Z,bylines,browser,/posts/architektura-emdash-typescript-astro,200,MISS,remote-WAW,HAM,93.8,268.6,317.0,174.8,34685,6.0,149.0,0.0,62.0,62.0,6.0,7.0,"rt;dur=0;desc=""Runtime init"", render;dur=62;desc=""Page render"", mw;dur=62;desc=""Total middleware"", db.total;dur=149;desc=""DB total"", db.count;dur=6;desc=""Query count"", db.first;dur=0;desc=""First query at"", db.last;dur=62;desc=""Last query at"", cache.hit;dur=6;desc=""Cache hits"", cache.miss;dur=7;desc=""Cache misses"" | D1_entry+recent;dur=42.0;desc=""D1:entry+recent"", D1_layout;dur=42.0;desc=""D1:layout"", D1_tags;dur=20.0;desc=""D1:tags"", total;dur=62.0;desc=""total"" | cfEdge;dur=129,cfOrigin;dur=0"
2026-10-05T22:42:28Z,bylines,curl,/posts/architektura-emdash-typescript-astro,200,MISS,remote-WAW,HAM,78.2,270.6,314.8,192.4,34322,6.0,201.0,0.0,83.0,83.0,6.0,7.0,"rt;dur=0;desc=""Runtime init"", render;dur=83;desc=""Page render"", mw;dur=83;desc=""Total middleware"", db.total;dur=201;desc=""DB total"", db.count;dur=6;desc=""Query count"", db.first;dur=0;desc=""First query at"", db.last;dur=83;desc=""Last query at"", cache.hit;dur=6;desc=""Cache hits"", cache.miss;dur=7;desc=""Cache misses"" | D1_entry+recent;dur=57.0;desc=""D1:entry+recent"", D1_layout;dur=57.0;desc=""D1:layout"", D1_tags;dur=26.0;desc=""D1:tags"", total;dur=83.0;desc=""total"""
2026-10-05T22:42:28Z,bylines,browser,/category/technologia,200,MISS,remote-WAW,HAM,70.6,219.7,226.8,149.1,29684,7.0,136.0,0.0,48.0,48.0,2.0,6.0,"rt;dur=0;desc=""Runtime init"", render;dur=48;desc=""Page render"", mw;dur=48;desc=""Total middleware"", db.total;dur=136;desc=""DB total"", db.count;dur=7;desc=""Query count"", db.first;dur=0;desc=""First query at"", db.last;dur=48;desc=""Last query at"", cache.hit;dur=2;desc=""Cache hits"", cache.miss;dur=6;desc=""Cache misses"" | D1_layout;dur=32.0;desc=""D1:layout"", D1_term+posts;dur=48.0;desc=""D1:term+posts"", total;dur=48.0;desc=""total"" | cfEdge;dur=110,cfOrigin;dur=0"
2026-10-05T22:42:29Z,bylines,curl,/category/technologia,200,MISS,remote-WAW,HAM,107.9,255.5,262.0,147.6,29309,7.0,170.0,0.0,48.0,48.0,2.0,6.0,"rt;dur=0;desc=""Runtime init"", render;dur=48;desc=""Page render"", mw;dur=48;desc=""Total middleware"", db.total;dur=170;desc=""DB total"", db.count;dur=7;desc=""Query count"", db.first;dur=0;desc=""First query at"", db.last;dur=48;desc=""Last query at"", cache.hit;dur=2;desc=""Cache hits"", cache.miss;dur=6;desc=""Cache misses"" | D1_layout;dur=47.0;desc=""D1:layout"", D1_term+posts;dur=48.0;desc=""D1:term+posts"", total;dur=48.0;desc=""total"""
2026-10-05T22:42:29Z,bylines,curl,/,200,MISS,remote-WAW,HAM,88.2,248.6,255.5,160.4,30957,5.0,117.0,0.0,60.0,60.0,2.0,6.0,"rt;dur=0;desc=""Runtime init"", render;dur=60;desc=""Page render"", mw;dur=60;desc=""Total middleware"", db.total;dur=117;desc=""DB total"", db.count;dur=5;desc=""Query count"", db.first;dur=0;desc=""First query at"", db.last;dur=60;desc=""Last query at"", cache.hit;dur=2;desc=""Cache hits"", cache.miss;dur=6;desc=""Cache misses"" | D1_posts;dur=44.0;desc=""D1:posts"", D1_layout;dur=44.0;desc=""D1:layout"", D1_all-tags;dur=16.0;desc=""D1:all-tags"", total;dur=60.0;desc=""total"""
2026-10-05T22:42:30Z,bylines,curl,/posts/architektura-emdash-typescript-astro,200,MISS,remote-WAW,HAM,80.0,242.5,291.0,162.5,34322,6.0,159.0,0.0,65.0,65.0,6.0,7.0,"rt;dur=0;desc=""Runtime init"", render;dur=65;desc=""Page render"", mw;dur=65;desc=""Total middleware"", db.total;dur=159;desc=""DB total"", db.count;dur=6;desc=""Query count"", db.first;dur=0;desc=""First query at"", db.last;dur=65;desc=""Last query at"", cache.hit;dur=6;desc=""Cache hits"", cache.miss;dur=7;desc=""Cache misses"" | D1_layout;dur=34.0;desc=""D1:layout"", D1_entry+recent;dur=43.0;desc=""D1:entry+recent"", D1_tags;dur=22.0;desc=""D1:tags"", total;dur=65.0;desc=""total"""
2026-10-05T22:42:30Z,bylines,browser,/,200,MISS,remote-WAW,HAM,75.8,252.0,256.7,176.2,31308,5.0,129.0,0.0,71.0,71.0,2.0,6.0,"rt;dur=0;desc=""Runtime init"", render;dur=71;desc=""Page render"", mw;dur=71;desc=""Total middleware"", db.total;dur=129;desc=""DB total"", db.count;dur=5;desc=""Query count"", db.first;dur=0;desc=""First query at"", db.last;dur=71;desc=""Last query at"", cache.hit;dur=2;desc=""Cache hits"", cache.miss;dur=6;desc=""Cache misses"" | D1_posts;dur=53.0;desc=""D1:posts"", D1_layout;dur=53.0;desc=""D1:layout"", D1_all-tags;dur=18.0;desc=""D1:all-tags"", total;dur=71.0;desc=""total"" | cfEdge;dur=131,cfOrigin;dur=0"
2026-10-05T22:42:31Z,bylines,curl,/posts/,200,MISS,remote-WAW,HAM,83.5,520.2,523.1,436.7,36901,5.0,376.0,0.0,318.0,318.0,2.0,6.0,"rt;dur=0;desc=""Runtime init"", render;dur=318;desc=""Page render"", mw;dur=318;desc=""Total middleware"", db.total;dur=376;desc=""DB total"", db.count;dur=5;desc=""Query count"", db.first;dur=0;desc=""First query at"", db.last;dur=318;desc=""Last query at"", cache.hit;dur=2;desc=""Cache hits"", cache.miss;dur=6;desc=""Cache misses"" | D1_layout;dur=40.0;desc=""D1:layout"", D1_posts;dur=295.0;desc=""D1:posts"", D1_all-tags;dur=23.0;desc=""D1:all-tags"", total;dur=318.0;desc=""total"""
2026-10-05T22:42:32Z,bylines,browser,/posts/architektura-emdash-typescript-astro,200,MISS,remote-WAW,HAM,898.5,1249.3,1265.0,350.8,34670,6.0,315.0,0.0,205.0,205.0,6.0,7.0,"rt;dur=0;desc=""Runtime init"", render;dur=205;desc=""Page render"", mw;dur=205;desc=""Total middleware"", db.total;dur=315;desc=""DB total"", db.count;dur=6;desc=""Query count"", db.first;dur=0;desc=""First query at"", db.last;dur=205;desc=""Last query at"", cache.hit;dur=6;desc=""Cache hits"", cache.miss;dur=7;desc=""Cache misses"" | D1_layout;dur=48.0;desc=""D1:layout"", D1_entry+recent;dur=181.0;desc=""D1:entry+recent"", D1_tags;dur=24.0;desc=""D1:tags"", total;dur=205.0;desc=""total"" | cfEdge;dur=272,cfOrigin;dur=0"
2026-10-05T22:42:33Z,bylines,browser,/posts/,200,MISS,remote-WAW,HAM,278.6,454.5,463.4,175.9,37275,5.0,116.0,0.0,61.0,61.0,2.0,6.0,"rt;dur=0;desc=""Runtime init"", render;dur=61;desc=""Page render"", mw;dur=61;desc=""Total middleware"", db.total;dur=116;desc=""DB total"", db.count;dur=5;desc=""Query count"", db.first;dur=0;desc=""First query at"", db.last;dur=61;desc=""Last query at"", cache.hit;dur=2;desc=""Cache hits"", cache.miss;dur=6;desc=""Cache misses"" | D1_posts;dur=44.0;desc=""D1:posts"", D1_layout;dur=44.0;desc=""D1:layout"", D1_all-tags;dur=17.0;desc=""D1:all-tags"", total;dur=61.0;desc=""total"" | cfEdge;dur=129,cfOrigin;dur=0"
2026-10-05T22:42:34Z,bylines,curl,/posts/,200,MISS,remote-WAW,HAM,635.6,828.8,884.7,193.2,36912,6.0,183.0,0.0,75.0,75.0,2.0,6.0,"rt;dur=0;desc=""Runtime init"", render;dur=75;desc=""Page render"", mw;dur=75;desc=""Total middleware"", db.total;dur=183;desc=""DB total"", db.count;dur=6;desc=""Query count"", db.first;dur=0;desc=""First query at"", db.last;dur=75;desc=""Last query at"", cache.hit;dur=2;desc=""Cache hits"", cache.miss;dur=6;desc=""Cache misses"" | D1_posts;dur=55.0;desc=""D1:posts"", D1_layout;dur=55.0;desc=""D1:layout"", D1_all-tags;dur=20.0;desc=""D1:all-tags"", total;dur=75.0;desc=""total"""
2026-10-05T22:42:35Z,bylines,browser,/posts/architektura-emdash-typescript-astro,200,MISS,remote-WAW,HAM,91.0,470.5,521.7,379.5,34694,7.0,395.0,0.0,255.0,255.0,6.0,7.0,"rt;dur=0;desc=""Runtime init"", render;dur=255;desc=""Page render"", mw;dur=255;desc=""Total middleware"", db.total;dur=395;desc=""DB total"", db.count;dur=7;desc=""Query count"", db.first;dur=0;desc=""First query at"", db.last;dur=255;desc=""Last query at"", cache.hit;dur=6;desc=""Cache hits"", cache.miss;dur=7;desc=""Cache misses"" | D1_layout;dur=48.0;desc=""D1:layout"", D1_entry+recent;dur=230.0;desc=""D1:entry+recent"", D1_tags;dur=25.0;desc=""D1:tags"", total;dur=255.0;desc=""total"" | cfEdge;dur=320,cfOrigin;dur=0"
2026-10-05T22:42:35Z,bylines,curl,/posts/architektura-emdash-typescript-astro,200,MISS,remote-WAW,HAM,127.8,317.0,365.0,189.2,34334,6.0,150.0,0.0,66.0,66.0,6.0,7.0,"rt;dur=0;desc=""Runtime init"", render;dur=66;desc=""Page render"", mw;dur=66;desc=""Total middleware"", db.total;dur=150;desc=""DB total"", db.count;dur=6;desc=""Query count"", db.first;dur=0;desc=""First query at"", db.last;dur=66;desc=""Last query at"", cache.hit;dur=6;desc=""Cache hits"", cache.miss;dur=7;desc=""Cache misses"" | D1_entry+recent;dur=41.0;desc=""D1:entry+recent"", D1_layout;dur=41.0;desc=""D1:layout"", D1_tags;dur=25.0;desc=""D1:tags"", total;dur=66.0;desc=""total"""
2026-10-05T22:42:36Z,bylines,browser,/posts/,200,MISS,remote-WAW,HAM,121.9,500.5,507.6,378.6,37272,5.0,329.0,0.0,270.0,270.0,2.0,6.0,"rt;dur=0;desc=""Runtime init"", render;dur=270;desc=""Page render"", mw;dur=270;desc=""Total middleware"", db.total;dur=329;desc=""DB total"", db.count;dur=5;desc=""Query count"", db.first;dur=0;desc=""First query at"", db.last;dur=270;desc=""Last query at"", cache.hit;dur=2;desc=""Cache hits"", cache.miss;dur=6;desc=""Cache misses"" | D1_layout;dur=37.0;desc=""D1:layout"", D1_posts;dur=250.0;desc=""D1:posts"", D1_all-tags;dur=20.0;desc=""D1:all-tags"", total;dur=270.0;desc=""total"" | cfEdge;dur=331,cfOrigin;dur=0"
2026-10-05T22:42:37Z,bylines,curl,/,200,MISS,remote-WAW,HAM,127.1,306.4,315.3,179.3,30949,5.0,111.0,0.0,64.0,64.0,2.0,6.0,"rt;dur=0;desc=""Runtime init"", render;dur=64;desc=""Page render"", mw;dur=64;desc=""Total middleware"", db.total;dur=111;desc=""DB total"", db.count;dur=5;desc=""Query count"", db.first;dur=0;desc=""First query at"", db.last;dur=64;desc=""Last query at"", cache.hit;dur=2;desc=""Cache hits"", cache.miss;dur=6;desc=""Cache misses"" | D1_posts;dur=43.0;desc=""D1:posts"", D1_layout;dur=43.0;desc=""D1:layout"", D1_all-tags;dur=21.0;desc=""D1:all-tags"", total;dur=64.0;desc=""total"""
2026-10-05T22:42:37Z,bylines,browser,/category/technologia,200,MISS,remote-WAW,HAM,92.0,246.8,261.2,154.8,29692,7.0,184.0,0.0,53.0,53.0,2.0,6.0,"rt;dur=0;desc=""Runtime init"", render;dur=53;desc=""Page render"", mw;dur=53;desc=""Total middleware"", db.total;dur=184;desc=""DB total"", db.count;dur=7;desc=""Query count"", db.first;dur=0;desc=""First query at"", db.last;dur=53;desc=""Last query at"", cache.hit;dur=2;desc=""Cache hits"", cache.miss;dur=6;desc=""Cache misses"" | D1_layout;dur=52.0;desc=""D1:layout"", D1_term+posts;dur=53.0;desc=""D1:term+posts"", total;dur=53.0;desc=""total"" | cfEdge;dur=110,cfOrigin;dur=0"
2026-10-05T22:42:38Z,bylines,curl,/category/technologia,200,MISS,remote-WAW,HAM,106.1,326.2,328.0,220.1,29321,8.0,193.0,0.0,49.0,49.0,2.0,6.0,"rt;dur=0;desc=""Runtime init"", render;dur=49;desc=""Page render"", mw;dur=49;desc=""Total middleware"", db.total;dur=193;desc=""DB total"", db.count;dur=8;desc=""Query count"", db.first;dur=0;desc=""First query at"", db.last;dur=49;desc=""Last query at"", cache.hit;dur=2;desc=""Cache hits"", cache.miss;dur=6;desc=""Cache misses"" | D1_term+posts;dur=49.0;desc=""D1:term+posts"", D1_layout;dur=49.0;desc=""D1:layout"", total;dur=49.0;desc=""total"""
2026-10-05T22:42:38Z,bylines,browser,/,200,MISS,remote-WAW,HAM,95.2,283.2,289.6,188.0,31316,5.0,144.0,0.0,74.0,74.0,2.0,6.0,"rt;dur=0;desc=""Runtime init"", render;dur=74;desc=""Page render"", mw;dur=74;desc=""Total middleware"", db.total;dur=144;desc=""DB total"", db.count;dur=5;desc=""Query count"", db.first;dur=0;desc=""First query at"", db.last;dur=74;desc=""Last query at"", cache.hit;dur=2;desc=""Cache hits"", cache.miss;dur=6;desc=""Cache misses"" | D1_posts;dur=47.0;desc=""D1:posts"", D1_layout;dur=47.0;desc=""D1:layout"", D1_all-tags;dur=27.0;desc=""D1:all-tags"", total;dur=74.0;desc=""total"" | cfEdge;dur=138,cfOrigin;dur=0"
2026-10-05T22:42:39Z,bylines,curl,/posts/,200,MISS,remote-WAW,HAM,87.5,263.9,274.3,176.4,36896,5.0,116.0,0.0,61.0,61.0,2.0,6.0,"rt;dur=0;desc=""Runtime init"", render;dur=61;desc=""Page render"", mw;dur=61;desc=""Total middleware"", db.total;dur=116;desc=""DB total"", db.count;dur=5;desc=""Query count"", db.first;dur=0;desc=""First query at"", db.last;dur=61;desc=""Last query at"", cache.hit;dur=2;desc=""Cache hits"", cache.miss;dur=6;desc=""Cache misses"" | D1_posts;dur=44.0;desc=""D1:posts"", D1_layout;dur=44.0;desc=""D1:layout"", D1_all-tags;dur=17.0;desc=""D1:all-tags"", total;dur=61.0;desc=""total"""
2026-10-05T22:42:40Z,bylines,browser,/posts/architektura-emdash-typescript-astro,200,MISS,remote-WAW,HAM,111.7,294.7,336.1,183.0,34681,6.0,180.0,0.0,74.0,74.0,6.0,7.0,"rt;dur=0;desc=""Runtime init"", render;dur=74;desc=""Page render"", mw;dur=74;desc=""Total middleware"", db.total;dur=180;desc=""DB total"", db.count;dur=6;desc=""Query count"", db.first;dur=0;desc=""First query at"", db.last;dur=74;desc=""Last query at"", cache.hit;dur=6;desc=""Cache hits"", cache.miss;dur=7;desc=""Cache misses"" | D1_entry+recent;dur=54.0;desc=""D1:entry+recent"", D1_layout;dur=54.0;desc=""D1:layout"", D1_tags;dur=20.0;desc=""D1:tags"", total;dur=74.0;desc=""total"" | cfEdge;dur=139,cfOrigin;dur=0"
2026-10-05T22:42:40Z,bylines,curl,/,200,MISS,remote-WAW,HAM,123.6,297.7,303.6,174.1,30953,5.0,128.0,0.0,63.0,63.0,2.0,6.0,"rt;dur=0;desc=""Runtime init"", render;dur=63;desc=""Page render"", mw;dur=63;desc=""Total middleware"", db.total;dur=128;desc=""DB total"", db.count;dur=5;desc=""Query count"", db.first;dur=0;desc=""First query at"", db.last;dur=63;desc=""Last query at"", cache.hit;dur=2;desc=""Cache hits"", cache.miss;dur=6;desc=""Cache misses"" | D1_layout;dur=41.0;desc=""D1:layout"", D1_posts;dur=42.0;desc=""D1:posts"", D1_all-tags;dur=21.0;desc=""D1:all-tags"", total;dur=63.0;desc=""total"""
2026-10-05T22:42:41Z,bylines,browser,/category/technologia,200,MISS,remote-WAW,HAM,100.0,258.6,264.8,158.6,29692,7.0,152.0,0.0,47.0,47.0,2.0,6.0,"rt;dur=0;desc=""Runtime init"", render;dur=47;desc=""Page render"", mw;dur=47;desc=""Total middleware"", db.total;dur=152;desc=""DB total"", db.count;dur=7;desc=""Query count"", db.first;dur=0;desc=""First query at"", db.last;dur=47;desc=""Last query at"", cache.hit;dur=2;desc=""Cache hits"", cache.miss;dur=6;desc=""Cache misses"" | D1_layout;dur=47.0;desc=""D1:layout"", D1_term+posts;dur=47.0;desc=""D1:term+posts"", total;dur=47.0;desc=""total"" | cfEdge;dur=110,cfOrigin;dur=0"
2026-10-05T22:42:41Z,bylines,browser,/posts/,200,MISS,remote-WAW,HAM,98.4,269.1,277.9,170.7,37291,5.0,123.0,0.0,59.0,59.0,2.0,6.0,"rt;dur=0;desc=""Runtime init"", render;dur=59;desc=""Page render"", mw;dur=59;desc=""Total middleware"", db.total;dur=123;desc=""DB total"", db.count;dur=5;desc=""Query count"", db.first;dur=0;desc=""First query at"", db.last;dur=59;desc=""Last query at"", cache.hit;dur=2;desc=""Cache hits"", cache.miss;dur=6;desc=""Cache misses"" | D1_posts;dur=39.0;desc=""D1:posts"", D1_layout;dur=39.0;desc=""D1:layout"", D1_all-tags;dur=20.0;desc=""D1:all-tags"", total;dur=59.0;desc=""total"" | cfEdge;dur=119,cfOrigin;dur=0"
2026-10-05T22:42:42Z,bylines,browser,/,200,MISS,remote-WAW,HAM,92.9,268.4,273.3,175.5,31304,5.0,123.0,0.0,66.0,66.0,2.0,6.0,"rt;dur=0;desc=""Runtime init"", render;dur=66;desc=""Page render"", mw;dur=66;desc=""Total middleware"", db.total;dur=123;desc=""DB total"", db.count;dur=5;desc=""Query count"", db.first;dur=0;desc=""First query at"", db.last;dur=66;desc=""Last query at"", cache.hit;dur=2;desc=""Cache hits"", cache.miss;dur=6;desc=""Cache misses"" | D1_posts;dur=45.0;desc=""D1:posts"", D1_layout;dur=45.0;desc=""D1:layout"", D1_all-tags;dur=21.0;desc=""D1:all-tags"", total;dur=66.0;desc=""total"" | cfEdge;dur=125,cfOrigin;dur=0"
2026-10-05T22:42:42Z,bylines,curl,/posts/architektura-emdash-typescript-astro,200,MISS,remote-WAW,HAM,97.0,272.2,323.5,175.2,34330,6.0,164.0,0.0,69.0,69.0,6.0,7.0,"rt;dur=0;desc=""Runtime init"", render;dur=69;desc=""Page render"", mw;dur=69;desc=""Total middleware"", db.total;dur=164;desc=""DB total"", db.count;dur=6;desc=""Query count"", db.first;dur=0;desc=""First query at"", db.last;dur=69;desc=""Last query at"", cache.hit;dur=6;desc=""Cache hits"", cache.miss;dur=7;desc=""Cache misses"" | D1_entry+recent;dur=49.0;desc=""D1:entry+recent"", D1_layout;dur=49.0;desc=""D1:layout"", D1_tags;dur=20.0;desc=""D1:tags"", total;dur=69.0;desc=""total"""
2026-10-05T22:42:43Z,bylines,curl,/category/technologia,200,MISS,remote-WAW,HAM,98.6,248.9,254.2,150.3,29309,7.0,141.0,0.0,40.0,40.0,2.0,6.0,"rt;dur=0;desc=""Runtime init"", render;dur=40;desc=""Page render"", mw;dur=40;desc=""Total middleware"", db.total;dur=141;desc=""DB total"", db.count;dur=7;desc=""Query count"", db.first;dur=0;desc=""First query at"", db.last;dur=40;desc=""Last query at"", cache.hit;dur=2;desc=""Cache hits"", cache.miss;dur=6;desc=""Cache misses"" | D1_layout;dur=40.0;desc=""D1:layout"", D1_term+posts;dur=40.0;desc=""D1:term+posts"", total;dur=40.0;desc=""total"""
2026-10-05T22:42:43Z,bylines,browser,/posts/,200,MISS,remote-WAW,HAM,109.0,274.9,284.5,165.9,37275,5.0,98.0,0.0,47.0,47.0,2.0,6.0,"rt;dur=0;desc=""Runtime init"", render;dur=47;desc=""Page render"", mw;dur=47;desc=""Total middleware"", db.total;dur=98;desc=""DB total"", db.count;dur=5;desc=""Query count"", db.first;dur=0;desc=""First query at"", db.last;dur=47;desc=""Last query at"", cache.hit;dur=2;desc=""Cache hits"", cache.miss;dur=6;desc=""Cache misses"" | D1_posts;dur=30.0;desc=""D1:posts"", D1_layout;dur=30.0;desc=""D1:layout"", D1_all-tags;dur=17.0;desc=""D1:all-tags"", total;dur=47.0;desc=""total"" | cfEdge;dur=118,cfOrigin;dur=0"
2026-10-05T22:42:44Z,bylines,curl,/category/technologia,200,MISS,remote-WAW,HAM,110.6,297.3,299.3,186.7,29313,7.0,173.0,0.0,55.0,55.0,2.0,6.0,"rt;dur=0;desc=""Runtime init"", render;dur=55;desc=""Page render"", mw;dur=55;desc=""Total middleware"", db.total;dur=173;desc=""DB total"", db.count;dur=7;desc=""Query count"", db.first;dur=0;desc=""First query at"", db.last;dur=55;desc=""Last query at"", cache.hit;dur=2;desc=""Cache hits"", cache.miss;dur=6;desc=""Cache misses"" | D1_layout;dur=45.0;desc=""D1:layout"", D1_term+posts;dur=55.0;desc=""D1:term+posts"", total;dur=55.0;desc=""total"""
2026-10-05T22:42:44Z,bylines,browser,/,200,MISS,remote-WAW,HAM,100.1,287.2,295.2,187.1,31328,5.0,152.0,0.0,75.0,75.0,2.0,6.0,"rt;dur=0;desc=""Runtime init"", render;dur=75;desc=""Page render"", mw;dur=75;desc=""Total middleware"", db.total;dur=152;desc=""DB total"", db.count;dur=5;desc=""Query count"", db.first;dur=0;desc=""First query at"", db.last;dur=75;desc=""Last query at"", cache.hit;dur=2;desc=""Cache hits"", cache.miss;dur=6;desc=""Cache misses"" | D1_posts;dur=54.0;desc=""D1:posts"", D1_layout;dur=54.0;desc=""D1:layout"", D1_all-tags;dur=21.0;desc=""D1:all-tags"", total;dur=75.0;desc=""total"" | cfEdge;dur=138,cfOrigin;dur=0"
2026-10-05T22:42:45Z,bylines,browser,/category/technologia,200,MISS,remote-WAW,HAM,99.1,289.0,296.3,189.9,29668,7.0,186.0,0.0,70.0,70.0,2.0,6.0,"rt;dur=0;desc=""Runtime init"", render;dur=70;desc=""Page render"", mw;dur=70;desc=""Total middleware"", db.total;dur=186;desc=""DB total"", db.count;dur=7;desc=""Query count"", db.first;dur=0;desc=""First query at"", db.last;dur=70;desc=""Last query at"", cache.hit;dur=2;desc=""Cache hits"", cache.miss;dur=6;desc=""Cache misses"" | D1_layout;dur=46.0;desc=""D1:layout"", D1_term+posts;dur=70.0;desc=""D1:term+posts"", total;dur=70.0;desc=""total"" | cfEdge;dur=132,cfOrigin;dur=0"
2026-10-05T22:42:46Z,bylines,curl,/,200,MISS,remote-WAW,HAM,342.9,649.1,664.2,306.2,30953,5.0,123.0,0.0,67.0,67.0,2.0,6.0,"rt;dur=0;desc=""Runtime init"", render;dur=67;desc=""Page render"", mw;dur=67;desc=""Total middleware"", db.total;dur=123;desc=""DB total"", db.count;dur=5;desc=""Query count"", db.first;dur=0;desc=""First query at"", db.last;dur=67;desc=""Last query at"", cache.hit;dur=2;desc=""Cache hits"", cache.miss;dur=6;desc=""Cache misses"" | D1_posts;dur=50.0;desc=""D1:posts"", D1_layout;dur=50.0;desc=""D1:layout"", D1_all-tags;dur=17.0;desc=""D1:all-tags"", total;dur=67.0;desc=""total"""
2026-10-05T22:42:47Z,bylines,browser,/posts/architektura-emdash-typescript-astro,200,MISS,remote-WAW,HAM,458.5,637.6,807.5,179.1,34673,6.0,170.0,0.0,67.0,67.0,6.0,7.0,"rt;dur=0;desc=""Runtime init"", render;dur=67;desc=""Page render"", mw;dur=67;desc=""Total middleware"", db.total;dur=170;desc=""DB total"", db.count;dur=6;desc=""Query count"", db.first;dur=0;desc=""First query at"", db.last;dur=67;desc=""Last query at"", cache.hit;dur=6;desc=""Cache hits"", cache.miss;dur=7;desc=""Cache misses"" | D1_entry+recent;dur=50.0;desc=""D1:entry+recent"", D1_layout;dur=50.0;desc=""D1:layout"", D1_tags;dur=17.0;desc=""D1:tags"", total;dur=67.0;desc=""total"" | cfEdge;dur=131,cfOrigin;dur=0"
2026-10-05T22:42:48Z,bylines,curl,/posts/,200,MISS,remote-WAW,HAM,481.1,666.5,828.0,185.4,36904,5.0,112.0,0.0,62.0,62.0,2.0,6.0,"rt;dur=0;desc=""Runtime init"", render;dur=62;desc=""Page render"", mw;dur=62;desc=""Total middleware"", db.total;dur=112;desc=""DB total"", db.count;dur=5;desc=""Query count"", db.first;dur=0;desc=""First query at"", db.last;dur=62;desc=""Last query at"", cache.hit;dur=2;desc=""Cache hits"", cache.miss;dur=6;desc=""Cache misses"" | D1_posts;dur=41.0;desc=""D1:posts"", D1_layout;dur=41.0;desc=""D1:layout"", D1_all-tags;dur=21.0;desc=""D1:all-tags"", total;dur=62.0;desc=""total"""
2026-10-05T22:42:48Z,bylines,curl,/posts/architektura-emdash-typescript-astro,200,MISS,remote-WAW,HAM,95.2,261.9,307.4,166.7,34318,6.0,142.0,0.0,58.0,58.0,6.0,7.0,"rt;dur=0;desc=""Runtime init"", render;dur=58;desc=""Page render"", mw;dur=58;desc=""Total middleware"", db.total;dur=142;desc=""DB total"", db.count;dur=6;desc=""Query count"", db.first;dur=0;desc=""First query at"", db.last;dur=58;desc=""Last query at"", cache.hit;dur=6;desc=""Cache hits"", cache.miss;dur=7;desc=""Cache misses"" | D1_entry+recent;dur=37.0;desc=""D1:entry+recent"", D1_layout;dur=37.0;desc=""D1:layout"", D1_tags;dur=21.0;desc=""D1:tags"", total;dur=58.0;desc=""total"""
2026-10-05T22:42:49Z,bylines,curl,/category/technologia,200,MISS,remote-WAW,HAM,107.2,266.4,274.6,159.2,29313,7.0,158.0,0.0,51.0,51.0,2.0,6.0,"rt;dur=0;desc=""Runtime init"", render;dur=51;desc=""Page render"", mw;dur=51;desc=""Total middleware"", db.total;dur=158;desc=""DB total"", db.count;dur=7;desc=""Query count"", db.first;dur=0;desc=""First query at"", db.last;dur=51;desc=""Last query at"", cache.hit;dur=2;desc=""Cache hits"", cache.miss;dur=6;desc=""Cache misses"" | D1_layout;dur=40.0;desc=""D1:layout"", D1_term+posts;dur=51.0;desc=""D1:term+posts"", total;dur=51.0;desc=""total"""
2026-10-05T22:42:50Z,bylines,curl,/posts/architektura-emdash-typescript-astro,200,MISS,remote-WAW,HAM,612.2,782.1,904.9,169.9,34326,6.0,158.0,0.0,62.0,62.0,6.0,7.0,"rt;dur=0;desc=""Runtime init"", render;dur=62;desc=""Page render"", mw;dur=62;desc=""Total middleware"", db.total;dur=158;desc=""DB total"", db.count;dur=6;desc=""Query count"", db.first;dur=0;desc=""First query at"", db.last;dur=62;desc=""Last query at"", cache.hit;dur=6;desc=""Cache hits"", cache.miss;dur=7;desc=""Cache misses"" | D1_entry+recent;dur=41.0;desc=""D1:entry+recent"", D1_layout;dur=41.0;desc=""D1:layout"", D1_tags;dur=21.0;desc=""D1:tags"", total;dur=62.0;desc=""total"""
2026-10-05T22:42:50Z,bylines,browser,/category/technologia,200,MISS,remote-WAW,HAM,86.5,260.2,267.5,173.7,29700,7.0,188.0,0.0,60.0,60.0,2.0,6.0,"rt;dur=0;desc=""Runtime init"", render;dur=60;desc=""Page render"", mw;dur=60;desc=""Total middleware"", db.total;dur=188;desc=""DB total"", db.count;dur=7;desc=""Query count"", db.first;dur=0;desc=""First query at"", db.last;dur=60;desc=""Last query at"", cache.hit;dur=2;desc=""Cache hits"", cache.miss;dur=6;desc=""Cache misses"" | D1_term+posts;dur=60.0;desc=""D1:term+posts"", D1_layout;dur=60.0;desc=""D1:layout"", total;dur=60.0;desc=""total"" | cfEdge;dur=125,cfOrigin;dur=0"
2026-10-05T22:42:51Z,bylines,browser,/,200,MISS,remote-WAW,HAM,97.4,269.2,278.8,171.8,31316,5.0,130.0,0.0,64.0,64.0,2.0,6.0,"rt;dur=0;desc=""Runtime init"", render;dur=64;desc=""Page render"", mw;dur=64;desc=""Total middleware"", db.total;dur=130;desc=""DB total"", db.count;dur=5;desc=""Query count"", db.first;dur=0;desc=""First query at"", db.last;dur=64;desc=""Last query at"", cache.hit;dur=2;desc=""Cache hits"", cache.miss;dur=6;desc=""Cache misses"" | D1_layout;dur=41.0;desc=""D1:layout"", D1_posts;dur=43.0;desc=""D1:posts"", D1_all-tags;dur=21.0;desc=""D1:all-tags"", total;dur=64.0;desc=""total"" | cfEdge;dur=128,cfOrigin;dur=0"
2026-10-05T22:42:52Z,bylines,browser,/posts/architektura-emdash-typescript-astro,200,MISS,remote-WAW,HAM,96.8,273.1,330.2,176.3,34705,6.0,140.0,0.0,63.0,63.0,6.0,7.0,"rt;dur=0;desc=""Runtime init"", render;dur=63;desc=""Page render"", mw;dur=63;desc=""Total middleware"", db.total;dur=140;desc=""DB total"", db.count;dur=6;desc=""Query count"", db.first;dur=0;desc=""First query at"", db.last;dur=63;desc=""Last query at"", cache.hit;dur=6;desc=""Cache hits"", cache.miss;dur=7;desc=""Cache misses"" | D1_entry+recent;dur=42.0;desc=""D1:entry+recent"", D1_layout;dur=42.0;desc=""D1:layout"", D1_tags;dur=21.0;desc=""D1:tags"", total;dur=63.0;desc=""total"" | cfEdge;dur=121,cfOrigin;dur=0"
2026-10-05T22:42:52Z,bylines,browser,/posts/,200,MISS,remote-WAW,HAM,108.1,272.4,281.3,164.3,37259,5.0,112.0,0.0,60.0,60.0,2.0,6.0,"rt;dur=0;desc=""Runtime init"", render;dur=60;desc=""Page render"", mw;dur=60;desc=""Total middleware"", db.total;dur=112;desc=""DB total"", db.count;dur=5;desc=""Query count"", db.first;dur=0;desc=""First query at"", db.last;dur=60;desc=""Last query at"", cache.hit;dur=2;desc=""Cache hits"", cache.miss;dur=6;desc=""Cache misses"" | D1_posts;dur=42.0;desc=""D1:posts"", D1_layout;dur=42.0;desc=""D1:layout"", D1_all-tags;dur=18.0;desc=""D1:all-tags"", total;dur=60.0;desc=""total"" | cfEdge;dur=119,cfOrigin;dur=0"
2026-10-05T22:42:53Z,bylines,curl,/posts/,200,MISS,remote-WAW,HAM,106.2,281.7,292.7,175.5,36900,5.0,128.0,0.0,67.0,67.0,2.0,6.0,"rt;dur=0;desc=""Runtime init"", render;dur=67;desc=""Page render"", mw;dur=67;desc=""Total middleware"", db.total;dur=128;desc=""DB total"", db.count;dur=5;desc=""Query count"", db.first;dur=0;desc=""First query at"", db.last;dur=67;desc=""Last query at"", cache.hit;dur=2;desc=""Cache hits"", cache.miss;dur=6;desc=""Cache misses"" | D1_posts;dur=47.0;desc=""D1:posts"", D1_layout;dur=47.0;desc=""D1:layout"", D1_all-tags;dur=20.0;desc=""D1:all-tags"", total;dur=67.0;desc=""total"""
2026-10-05T22:42:53Z,bylines,curl,/,200,MISS,remote-WAW,HAM,90.3,265.1,271.3,174.8,30945,5.0,122.0,0.0,69.0,69.0,2.0,6.0,"rt;dur=0;desc=""Runtime init"", render;dur=69;desc=""Page render"", mw;dur=69;desc=""Total middleware"", db.total;dur=122;desc=""DB total"", db.count;dur=5;desc=""Query count"", db.first;dur=0;desc=""First query at"", db.last;dur=69;desc=""Last query at"", cache.hit;dur=2;desc=""Cache hits"", cache.miss;dur=6;desc=""Cache misses"" | D1_posts;dur=46.0;desc=""D1:posts"", D1_layout;dur=46.0;desc=""D1:layout"", D1_all-tags;dur=23.0;desc=""D1:all-tags"", total;dur=69.0;desc=""total"""
2026-10-05T22:42:54Z,bylines,curl,/posts/,200,MISS,remote-WAW,HAM,762.8,951.1,958.1,188.3,36908,5.0,115.0,0.0,62.0,62.0,2.0,6.0,"rt;dur=0;desc=""Runtime init"", render;dur=62;desc=""Page render"", mw;dur=62;desc=""Total middleware"", db.total;dur=115;desc=""DB total"", db.count;dur=5;desc=""Query count"", db.first;dur=0;desc=""First query at"", db.last;dur=62;desc=""Last query at"", cache.hit;dur=2;desc=""Cache hits"", cache.miss;dur=6;desc=""Cache misses"" | D1_posts;dur=42.0;desc=""D1:posts"", D1_layout;dur=42.0;desc=""D1:layout"", D1_all-tags;dur=20.0;desc=""D1:all-tags"", total;dur=62.0;desc=""total"""
2026-10-05T22:42:55Z,bylines,curl,/category/technologia,200,MISS,remote-WAW,HAM,140.0,305.5,314.1,165.5,29309,7.0,177.0,0.0,51.0,51.0,2.0,6.0,"rt;dur=0;desc=""Runtime init"", render;dur=51;desc=""Page render"", mw;dur=51;desc=""Total middleware"", db.total;dur=177;desc=""DB total"", db.count;dur=7;desc=""Query count"", db.first;dur=0;desc=""First query at"", db.last;dur=51;desc=""Last query at"", cache.hit;dur=2;desc=""Cache hits"", cache.miss;dur=6;desc=""Cache misses"" | D1_term+posts;dur=51.0;desc=""D1:term+posts"", D1_layout;dur=51.0;desc=""D1:layout"", total;dur=51.0;desc=""total"""
2026-10-05T22:42:55Z,bylines,browser,/category/technologia,200,MISS,remote-WAW,HAM,88.0,247.6,255.3,159.6,29676,7.0,157.0,0.0,49.0,49.0,2.0,6.0,"rt;dur=0;desc=""Runtime init"", render;dur=49;desc=""Page render"", mw;dur=49;desc=""Total middleware"", db.total;dur=157;desc=""DB total"", db.count;dur=7;desc=""Query count"", db.first;dur=0;desc=""First query at"", db.last;dur=49;desc=""Last query at"", cache.hit;dur=2;desc=""Cache hits"", cache.miss;dur=6;desc=""Cache misses"" | D1_layout;dur=40.0;desc=""D1:layout"", D1_term+posts;dur=49.0;desc=""D1:term+posts"", total;dur=49.0;desc=""total"" | cfEdge;dur=113,cfOrigin;dur=0"
2026-10-05T22:42:56Z,bylines,browser,/posts/architektura-emdash-typescript-astro,200,MISS,remote-WAW,HAM,128.2,314.4,368.3,186.2,34681,6.0,178.0,0.0,69.0,69.0,6.0,7.0,"rt;dur=0;desc=""Runtime init"", render;dur=69;desc=""Page render"", mw;dur=69;desc=""Total middleware"", db.total;dur=178;desc=""DB total"", db.count;dur=6;desc=""Query count"", db.first;dur=0;desc=""First query at"", db.last;dur=69;desc=""Last query at"", cache.hit;dur=6;desc=""Cache hits"", cache.miss;dur=7;desc=""Cache misses"" | D1_layout;dur=49.0;desc=""D1:layout"", D1_entry+recent;dur=49.0;desc=""D1:entry+recent"", D1_tags;dur=20.0;desc=""D1:tags"", total;dur=69.0;desc=""total"" | cfEdge;dur=138,cfOrigin;dur=0"
2026-10-05T22:42:57Z,bylines,browser,/,200,MISS,remote-WAW,HAM,109.1,283.8,295.0,174.7,31308,5.0,123.0,0.0,68.0,68.0,2.0,6.0,"rt;dur=0;desc=""Runtime init"", render;dur=68;desc=""Page render"", mw;dur=68;desc=""Total middleware"", db.total;dur=123;desc=""DB total"", db.count;dur=5;desc=""Query count"", db.first;dur=0;desc=""First query at"", db.last;dur=68;desc=""Last query at"", cache.hit;dur=2;desc=""Cache hits"", cache.miss;dur=6;desc=""Cache misses"" | D1_posts;dur=41.0;desc=""D1:posts"", D1_layout;dur=41.0;desc=""D1:layout"", D1_all-tags;dur=27.0;desc=""D1:all-tags"", total;dur=68.0;desc=""total"" | cfEdge;dur=129,cfOrigin;dur=0"
2026-10-05T22:42:57Z,bylines,curl,/,200,MISS,remote-WAW,HAM,123.4,296.0,303.6,172.6,30949,5.0,123.0,0.0,63.0,63.0,2.0,6.0,"rt;dur=0;desc=""Runtime init"", render;dur=63;desc=""Page render"", mw;dur=63;desc=""Total middleware"", db.total;dur=123;desc=""DB total"", db.count;dur=5;desc=""Query count"", db.first;dur=0;desc=""First query at"", db.last;dur=63;desc=""Last query at"", cache.hit;dur=2;desc=""Cache hits"", cache.miss;dur=6;desc=""Cache misses"" | D1_posts;dur=42.0;desc=""D1:posts"", D1_layout;dur=42.0;desc=""D1:layout"", D1_all-tags;dur=21.0;desc=""D1:all-tags"", total;dur=63.0;desc=""total"""
2026-10-05T22:42:58Z,bylines,browser,/posts/,200,MISS,remote-WAW,HAM,91.9,304.5,311.8,212.6,37263,5.0,117.0,0.0,65.0,65.0,2.0,6.0,"rt;dur=0;desc=""Runtime init"", render;dur=65;desc=""Page render"", mw;dur=65;desc=""Total middleware"", db.total;dur=117;desc=""DB total"", db.count;dur=5;desc=""Query count"", db.first;dur=0;desc=""First query at"", db.last;dur=65;desc=""Last query at"", cache.hit;dur=2;desc=""Cache hits"", cache.miss;dur=6;desc=""Cache misses"" | D1_posts;dur=47.0;desc=""D1:posts"", D1_layout;dur=47.0;desc=""D1:layout"", D1_all-tags;dur=18.0;desc=""D1:all-tags"", total;dur=65.0;desc=""total"" | cfEdge;dur=151,cfOrigin;dur=0"
2026-10-05T22:42:58Z,bylines,curl,/posts/architektura-emdash-typescript-astro,200,MISS,remote-WAW,HAM,104.8,277.9,324.1,173.1,34318,6.0,159.0,0.0,63.0,63.0,6.0,7.0,"rt;dur=0;desc=""Runtime init"", render;dur=63;desc=""Page render"", mw;dur=63;desc=""Total middleware"", db.total;dur=159;desc=""DB total"", db.count;dur=6;desc=""Query count"", db.first;dur=0;desc=""First query at"", db.last;dur=63;desc=""Last query at"", cache.hit;dur=6;desc=""Cache hits"", cache.miss;dur=7;desc=""Cache misses"" | D1_entry+recent;dur=42.0;desc=""D1:entry+recent"", D1_layout;dur=42.0;desc=""D1:layout"", D1_tags;dur=21.0;desc=""D1:tags"", total;dur=63.0;desc=""total"""
2026-10-05T22:42:59Z,bylines,browser,/posts/architektura-emdash-typescript-astro,200,MISS,remote-WAW,HAM,96.4,272.1,340.6,175.7,34689,6.0,148.0,0.0,59.0,59.0,6.0,7.0,"rt;dur=0;desc=""Runtime init"", render;dur=59;desc=""Page render"", mw;dur=59;desc=""Total middleware"", db.total;dur=148;desc=""DB total"", db.count;dur=6;desc=""Query count"", db.first;dur=0;desc=""First query at"", db.last;dur=59;desc=""Last query at"", cache.hit;dur=6;desc=""Cache hits"", cache.miss;dur=7;desc=""Cache misses"" | D1_entry+recent;dur=42.0;desc=""D1:entry+recent"", D1_layout;dur=42.0;desc=""D1:layout"", D1_tags;dur=17.0;desc=""D1:tags"", total;dur=59.0;desc=""total"" | cfEdge;dur=127,cfOrigin;dur=0"
2026-10-05T22:43:00Z,bylines,curl,/category/technologia,200,MISS,remote-WAW,HAM,286.7,529.5,532.6,242.8,29321,7.0,150.0,0.0,44.0,44.0,2.0,6.0,"rt;dur=0;desc=""Runtime init"", render;dur=44;desc=""Page render"", mw;dur=44;desc=""Total middleware"", db.total;dur=150;desc=""DB total"", db.count;dur=7;desc=""Query count"", db.first;dur=0;desc=""First query at"", db.last;dur=44;desc=""Last query at"", cache.hit;dur=2;desc=""Cache hits"", cache.miss;dur=6;desc=""Cache misses"" | D1_layout;dur=41.0;desc=""D1:layout"", D1_term+posts;dur=44.0;desc=""D1:term+posts"", total;dur=44.0;desc=""total"""
2026-10-05T22:43:00Z,bylines,curl,/posts/,200,MISS,remote-WAW,HAM,101.5,457.6,466.5,356.1,36905,5.0,314.0,0.0,247.0,247.0,2.0,6.0,"rt;dur=0;desc=""Runtime init"", render;dur=247;desc=""Page render"", mw;dur=247;desc=""Total middleware"", db.total;dur=314;desc=""DB total"", db.count;dur=5;desc=""Query count"", db.first;dur=0;desc=""First query at"", db.last;dur=247;desc=""Last query at"", cache.hit;dur=2;desc=""Cache hits"", cache.miss;dur=6;desc=""Cache misses"" | D1_layout;dur=41.0;desc=""D1:layout"", D1_posts;dur=227.0;desc=""D1:posts"", D1_all-tags;dur=20.0;desc=""D1:all-tags"", total;dur=247.0;desc=""total"""
2026-10-05T22:43:01Z,bylines,curl,/,200,MISS,remote-WAW,HAM,100.6,286.7,292.2,186.1,30957,5.0,142.0,0.0,70.0,70.0,2.0,6.0,"rt;dur=0;desc=""Runtime init"", render;dur=70;desc=""Page render"", mw;dur=70;desc=""Total middleware"", db.total;dur=142;desc=""DB total"", db.count;dur=5;desc=""Query count"", db.first;dur=0;desc=""First query at"", db.last;dur=70;desc=""Last query at"", cache.hit;dur=2;desc=""Cache hits"", cache.miss;dur=6;desc=""Cache misses"" | D1_layout;dur=45.0;desc=""D1:layout"", D1_posts;dur=52.0;desc=""D1:posts"", D1_all-tags;dur=18.0;desc=""D1:all-tags"", total;dur=70.0;desc=""total"""
2026-10-05T22:58:01Z,bylines,curl,/posts/architektura-emdash-typescript-astro,000,,,,140.0,0.0,900039.1,-140.0,0,,,,,,,,
2026-10-05T22:58:03Z,bylines,browser,/posts/,200,MISS,remote-WAW,HAM,1321.5,1514.7,1522.2,193.2,37267,6.0,187.0,0.0,74.0,74.0,2.0,6.0,"rt;dur=0;desc=""Runtime init"", render;dur=74;desc=""Page render"", mw;dur=74;desc=""Total middleware"", db.total;dur=187;desc=""DB total"", db.count;dur=6;desc=""Query count"", db.first;dur=0;desc=""First query at"", db.last;dur=74;desc=""Last query at"", cache.hit;dur=2;desc=""Cache hits"", cache.miss;dur=6;desc=""Cache misses"" | D1_posts;dur=56.0;desc=""D1:posts"", D1_layout;dur=56.0;desc=""D1:layout"", D1_all-tags;dur=18.0;desc=""D1:all-tags"", total;dur=74.0;desc=""total"" | cfEdge;dur=149,cfOrigin;dur=0"
2026-10-05T22:58:03Z,bylines,browser,/category/technologia,200,MISS,remote-WAW,HAM,112.6,282.9,288.6,170.3,29684,7.0,159.0,0.0,49.0,49.0,2.0,6.0,"rt;dur=0;desc=""Runtime init"", render;dur=49;desc=""Page render"", mw;dur=49;desc=""Total middleware"", db.total;dur=159;desc=""DB total"", db.count;dur=7;desc=""Query count"", db.first;dur=0;desc=""First query at"", db.last;dur=49;desc=""Last query at"", cache.hit;dur=2;desc=""Cache hits"", cache.miss;dur=6;desc=""Cache misses"" | D1_layout;dur=48.0;desc=""D1:layout"", D1_term+posts;dur=49.0;desc=""D1:term+posts"", total;dur=49.0;desc=""total"" | cfEdge;dur=118,cfOrigin;dur=0"
2026-10-05T22:58:04Z,bylines,browser,/,200,MISS,remote-WAW,HAM,94.4,287.0,292.4,192.6,31304,5.0,134.0,0.0,62.0,62.0,2.0,6.0,"rt;dur=0;desc=""Runtime init"", render;dur=62;desc=""Page render"", mw;dur=62;desc=""Total middleware"", db.total;dur=134;desc=""DB total"", db.count;dur=5;desc=""Query count"", db.first;dur=0;desc=""First query at"", db.last;dur=62;desc=""Last query at"", cache.hit;dur=2;desc=""Cache hits"", cache.miss;dur=6;desc=""Cache misses"" | D1_posts;dur=44.0;desc=""D1:posts"", D1_layout;dur=44.0;desc=""D1:layout"", D1_all-tags;dur=18.0;desc=""D1:all-tags"", total;dur=62.0;desc=""total"" | cfEdge;dur=141,cfOrigin;dur=0"
2026-10-05T22:58:04Z,bylines,browser,/posts/,200,MISS,remote-WAW,HAM,97.7,286.3,296.5,188.6,37267,6.0,146.0,0.0,65.0,65.0,2.0,6.0,"rt;dur=0;desc=""Runtime init"", render;dur=65;desc=""Page render"", mw;dur=65;desc=""Total middleware"", db.total;dur=146;desc=""DB total"", db.count;dur=6;desc=""Query count"", db.first;dur=0;desc=""First query at"", db.last;dur=65;desc=""Last query at"", cache.hit;dur=2;desc=""Cache hits"", cache.miss;dur=6;desc=""Cache misses"" | D1_posts;dur=41.0;desc=""D1:posts"", D1_layout;dur=41.0;desc=""D1:layout"", D1_all-tags;dur=24.0;desc=""D1:all-tags"", total;dur=65.0;desc=""total"" | cfEdge;dur=138,cfOrigin;dur=0"
2026-10-05T22:58:05Z,bylines,curl,/posts/,200,MISS,remote-WAW,HAM,95.6,349.1,356.5,253.5,36900,5.0,171.0,0.0,101.0,101.0,2.0,6.0,"rt;dur=0;desc=""Runtime init"", render;dur=101;desc=""Page render"", mw;dur=101;desc=""Total middleware"", db.total;dur=171;desc=""DB total"", db.count;dur=5;desc=""Query count"", db.first;dur=0;desc=""First query at"", db.last;dur=101;desc=""Last query at"", cache.hit;dur=2;desc=""Cache hits"", cache.miss;dur=6;desc=""Cache misses"" | D1_layout;dur=44.0;desc=""D1:layout"", D1_posts;dur=80.0;desc=""D1:posts"", D1_all-tags;dur=21.0;desc=""D1:all-tags"", total;dur=101.0;desc=""total"""
2026-10-05T22:58:06Z,bylines,browser,/posts/architektura-emdash-typescript-astro,200,MISS,remote-WAW,HAM,86.2,271.1,322.2,184.9,34697,6.0,191.0,0.0,70.0,70.0,6.0,7.0,"rt;dur=0;desc=""Runtime init"", render;dur=70;desc=""Page render"", mw;dur=70;desc=""Total middleware"", db.total;dur=191;desc=""DB total"", db.count;dur=6;desc=""Query count"", db.first;dur=0;desc=""First query at"", db.last;dur=70;desc=""Last query at"", cache.hit;dur=6;desc=""Cache hits"", cache.miss;dur=7;desc=""Cache misses"" | D1_entry+recent;dur=50.0;desc=""D1:entry+recent"", D1_layout;dur=50.0;desc=""D1:layout"", D1_tags;dur=20.0;desc=""D1:tags"", total;dur=70.0;desc=""total"" | cfEdge;dur=137,cfOrigin;dur=0"
2026-10-05T22:58:06Z,bylines,browser,/,200,MISS,remote-WAW,HAM,111.1,294.0,300.6,182.9,31320,5.0,133.0,0.0,71.0,71.0,2.0,6.0,"rt;dur=0;desc=""Runtime init"", render;dur=71;desc=""Page render"", mw;dur=71;desc=""Total middleware"", db.total;dur=133;desc=""DB total"", db.count;dur=5;desc=""Query count"", db.first;dur=0;desc=""First query at"", db.last;dur=71;desc=""Last query at"", cache.hit;dur=2;desc=""Cache hits"", cache.miss;dur=6;desc=""Cache misses"" | D1_posts;dur=49.0;desc=""D1:posts"", D1_layout;dur=49.0;desc=""D1:layout"", D1_all-tags;dur=22.0;desc=""D1:all-tags"", total;dur=71.0;desc=""total"" | cfEdge;dur=138,cfOrigin;dur=0"
2026-10-05T22:58:07Z,bylines,browser,/category/technologia,200,MISS,remote-WAW,HAM,87.2,261.8,262.6,174.6,29676,7.0,171.0,0.0,58.0,58.0,2.0,6.0,"rt;dur=0;desc=""Runtime init"", render;dur=58;desc=""Page render"", mw;dur=58;desc=""Total middleware"", db.total;dur=171;desc=""DB total"", db.count;dur=7;desc=""Query count"", db.first;dur=0;desc=""First query at"", db.last;dur=58;desc=""Last query at"", cache.hit;dur=2;desc=""Cache hits"", cache.miss;dur=6;desc=""Cache misses"" | D1_term+posts;dur=58.0;desc=""D1:term+posts"", D1_layout;dur=58.0;desc=""D1:layout"", total;dur=58.0;desc=""total"" | cfEdge;dur=123,cfOrigin;dur=0"
2026-10-05T22:58:07Z,bylines,curl,/category/technologia,200,MISS,remote-WAW,HAM,104.1,292.9,298.1,188.8,29329,7.0,195.0,0.0,76.0,76.0,2.0,6.0,"rt;dur=0;desc=""Runtime init"", render;dur=76;desc=""Page render"", mw;dur=76;desc=""Total middleware"", db.total;dur=195;desc=""DB total"", db.count;dur=7;desc=""Query count"", db.first;dur=0;desc=""First query at"", db.last;dur=76;desc=""Last query at"", cache.hit;dur=2;desc=""Cache hits"", cache.miss;dur=6;desc=""Cache misses"" | D1_layout;dur=55.0;desc=""D1:layout"", D1_term+posts;dur=76.0;desc=""D1:term+posts"", total;dur=76.0;desc=""total"""
2026-10-05T22:58:08Z,bylines,curl,/posts/architektura-emdash-typescript-astro,200,MISS,remote-WAW,HAM,112.9,305.1,359.6,192.2,34326,7.0,185.0,0.0,64.0,64.0,6.0,7.0,"rt;dur=0;desc=""Runtime init"", render;dur=64;desc=""Page render"", mw;dur=64;desc=""Total middleware"", db.total;dur=185;desc=""DB total"", db.count;dur=7;desc=""Query count"", db.first;dur=0;desc=""First query at"", db.last;dur=64;desc=""Last query at"", cache.hit;dur=6;desc=""Cache hits"", cache.miss;dur=7;desc=""Cache misses"" | D1_entry+recent;dur=45.0;desc=""D1:entry+recent"", D1_layout;dur=45.0;desc=""D1:layout"", D1_tags;dur=19.0;desc=""D1:tags"", total;dur=64.0;desc=""total"""
2026-10-05T22:58:08Z,bylines,curl,/,200,MISS,remote-WAW,HAM,90.8,279.9,288.0,189.1,30961,5.0,126.0,0.0,65.0,65.0,2.0,6.0,"rt;dur=0;desc=""Runtime init"", render;dur=65;desc=""Page render"", mw;dur=65;desc=""Total middleware"", db.total;dur=126;desc=""DB total"", db.count;dur=5;desc=""Query count"", db.first;dur=0;desc=""First query at"", db.last;dur=65;desc=""Last query at"", cache.hit;dur=2;desc=""Cache hits"", cache.miss;dur=6;desc=""Cache misses"" | D1_layout;dur=38.0;desc=""D1:layout"", D1_posts;dur=39.0;desc=""D1:posts"", D1_all-tags;dur=26.0;desc=""D1:all-tags"", total;dur=65.0;desc=""total"""
2026-10-05T22:58:09Z,bylines,curl,/,200,MISS,remote-WAW,HAM,91.5,267.2,273.6,175.7,30953,5.0,111.0,0.0,59.0,59.0,2.0,6.0,"rt;dur=0;desc=""Runtime init"", render;dur=59;desc=""Page render"", mw;dur=59;desc=""Total middleware"", db.total;dur=111;desc=""DB total"", db.count;dur=5;desc=""Query count"", db.first;dur=0;desc=""First query at"", db.last;dur=59;desc=""Last query at"", cache.hit;dur=2;desc=""Cache hits"", cache.miss;dur=6;desc=""Cache misses"" | D1_posts;dur=39.0;desc=""D1:posts"", D1_layout;dur=39.0;desc=""D1:layout"", D1_all-tags;dur=20.0;desc=""D1:all-tags"", total;dur=59.0;desc=""total"""
2026-10-05T22:58:09Z,bylines,browser,/posts/,200,MISS,remote-WAW,HAM,92.5,279.6,288.0,187.1,37279,5.0,121.0,0.0,60.0,60.0,2.0,6.0,"rt;dur=0;desc=""Runtime init"", render;dur=60;desc=""Page render"", mw;dur=60;desc=""Total middleware"", db.total;dur=121;desc=""DB total"", db.count;dur=5;desc=""Query count"", db.first;dur=0;desc=""First query at"", db.last;dur=60;desc=""Last query at"", cache.hit;dur=2;desc=""Cache hits"", cache.miss;dur=6;desc=""Cache misses"" | D1_posts;dur=41.0;desc=""D1:posts"", D1_layout;dur=41.0;desc=""D1:layout"", D1_all-tags;dur=19.0;desc=""D1:all-tags"", total;dur=60.0;desc=""total"" | cfEdge;dur=141,cfOrigin;dur=0"
2026-10-05T22:58:10Z,bylines,curl,/posts/architektura-emdash-typescript-astro,200,MISS,remote-WAW,HAM,287.3,531.9,543.7,244.6,34314,6.0,156.0,0.0,76.0,76.0,6.0,7.0,"rt;dur=0;desc=""Runtime init"", render;dur=76;desc=""Page render"", mw;dur=76;desc=""Total middleware"", db.total;dur=156;desc=""DB total"", db.count;dur=6;desc=""Query count"", db.first;dur=0;desc=""First query at"", db.last;dur=76;desc=""Last query at"", cache.hit;dur=6;desc=""Cache hits"", cache.miss;dur=7;desc=""Cache misses"" | D1_layout;dur=38.0;desc=""D1:layout"", D1_entry+recent;dur=59.0;desc=""D1:entry+recent"", D1_tags;dur=17.0;desc=""D1:tags"", total;dur=76.0;desc=""total"""
2026-10-05T22:58:11Z,bylines,curl,/category/technologia,200,MISS,remote-WAW,HAM,451.0,633.9,653.5,182.9,29305,7.0,193.0,0.0,69.0,69.0,2.0,6.0,"rt;dur=0;desc=""Runtime init"", render;dur=69;desc=""Page render"", mw;dur=69;desc=""Total middleware"", db.total;dur=193;desc=""DB total"", db.count;dur=7;desc=""Query count"", db.first;dur=0;desc=""First query at"", db.last;dur=69;desc=""Last query at"", cache.hit;dur=2;desc=""Cache hits"", cache.miss;dur=6;desc=""Cache misses"" | D1_layout;dur=50.0;desc=""D1:layout"", D1_term+posts;dur=69.0;desc=""D1:term+posts"", total;dur=69.0;desc=""total"""
2026-10-05T22:58:12Z,bylines,browser,/,200,MISS,remote-WAW,HAM,460.7,634.6,655.9,173.9,31320,5.0,120.0,0.0,60.0,60.0,2.0,6.0,"rt;dur=0;desc=""Runtime init"", render;dur=60;desc=""Page render"", mw;dur=60;desc=""Total middleware"", db.total;dur=120;desc=""DB total"", db.count;dur=5;desc=""Query count"", db.first;dur=0;desc=""First query at"", db.last;dur=60;desc=""Last query at"", cache.hit;dur=2;desc=""Cache hits"", cache.miss;dur=6;desc=""Cache misses"" | D1_posts;dur=39.0;desc=""D1:posts"", D1_layout;dur=39.0;desc=""D1:layout"", D1_all-tags;dur=21.0;desc=""D1:all-tags"", total;dur=60.0;desc=""total"" | cfEdge;dur=123,cfOrigin;dur=0"
2026-10-05T22:58:13Z,bylines,curl,/posts/,200,MISS,remote-WAW,HAM,299.4,478.7,489.1,179.3,36912,5.0,128.0,0.0,62.0,62.0,2.0,6.0,"rt;dur=0;desc=""Runtime init"", render;dur=62;desc=""Page render"", mw;dur=62;desc=""Total middleware"", db.total;dur=128;desc=""DB total"", db.count;dur=5;desc=""Query count"", db.first;dur=0;desc=""First query at"", db.last;dur=62;desc=""Last query at"", cache.hit;dur=2;desc=""Cache hits"", cache.miss;dur=6;desc=""Cache misses"" | D1_layout;dur=41.0;desc=""D1:layout"", D1_posts;dur=43.0;desc=""D1:posts"", D1_all-tags;dur=19.0;desc=""D1:all-tags"", total;dur=62.0;desc=""total"""
2026-10-05T22:58:13Z,bylines,browser,/posts/architektura-emdash-typescript-astro,200,MISS,remote-WAW,HAM,92.1,276.7,321.8,184.6,34681,6.0,165.0,0.0,69.0,69.0,6.0,7.0,"rt;dur=0;desc=""Runtime init"", render;dur=69;desc=""Page render"", mw;dur=69;desc=""Total middleware"", db.total;dur=165;desc=""DB total"", db.count;dur=6;desc=""Query count"", db.first;dur=0;desc=""First query at"", db.last;dur=69;desc=""Last query at"", cache.hit;dur=6;desc=""Cache hits"", cache.miss;dur=7;desc=""Cache misses"" | D1_entry+recent;dur=45.0;desc=""D1:entry+recent"", D1_layout;dur=45.0;desc=""D1:layout"", D1_tags;dur=24.0;desc=""D1:tags"", total;dur=69.0;desc=""total"" | cfEdge;dur=135,cfOrigin;dur=0"
2026-10-05T22:58:14Z,bylines,browser,/category/technologia,200,MISS,remote-WAW,HAM,94.0,256.1,264.3,162.1,29672,7.0,147.0,0.0,45.0,45.0,2.0,6.0,"rt;dur=0;desc=""Runtime init"", render;dur=45;desc=""Page render"", mw;dur=45;desc=""Total middleware"", db.total;dur=147;desc=""DB total"", db.count;dur=7;desc=""Query count"", db.first;dur=0;desc=""First query at"", db.last;dur=45;desc=""Last query at"", cache.hit;dur=2;desc=""Cache hits"", cache.miss;dur=6;desc=""Cache misses"" | D1_layout;dur=41.0;desc=""D1:layout"", D1_term+posts;dur=45.0;desc=""D1:term+posts"", total;dur=45.0;desc=""total"" | cfEdge;dur=111,cfOrigin;dur=0"
2026-10-05T22:58:14Z,bylines,browser,/,200,MISS,remote-WAW,HAM,87.7,249.3,256.3,161.6,31332,5.0,111.0,0.0,64.0,64.0,2.0,6.0,"rt;dur=0;desc=""Runtime init"", render;dur=64;desc=""Page render"", mw;dur=64;desc=""Total middleware"", db.total;dur=111;desc=""DB total"", db.count;dur=5;desc=""Query count"", db.first;dur=0;desc=""First query at"", db.last;dur=64;desc=""Last query at"", cache.hit;dur=2;desc=""Cache hits"", cache.miss;dur=6;desc=""Cache misses"" | D1_posts;dur=40.0;desc=""D1:posts"", D1_layout;dur=40.0;desc=""D1:layout"", D1_all-tags;dur=24.0;desc=""D1:all-tags"", total;dur=64.0;desc=""total"" | cfEdge;dur=119,cfOrigin;dur=0"
2026-10-05T22:58:15Z,bylines,curl,/posts/architektura-emdash-typescript-astro,200,MISS,remote-WAW,HAM,89.0,257.1,302.4,168.1,34322,6.0,144.0,0.0,55.0,55.0,6.0,7.0,"rt;dur=0;desc=""Runtime init"", render;dur=55;desc=""Page render"", mw;dur=55;desc=""Total middleware"", db.total;dur=144;desc=""DB total"", db.count;dur=6;desc=""Query count"", db.first;dur=0;desc=""First query at"", db.last;dur=55;desc=""Last query at"", cache.hit;dur=6;desc=""Cache hits"", cache.miss;dur=7;desc=""Cache misses"" | D1_layout;dur=33.0;desc=""D1:layout"", D1_entry+recent;dur=39.0;desc=""D1:entry+recent"", D1_tags;dur=16.0;desc=""D1:tags"", total;dur=55.0;desc=""total"""
2026-10-05T22:58:15Z,bylines,browser,/category/technologia,200,MISS,remote-WAW,HAM,111.0,271.3,277.3,160.3,29672,7.0,178.0,0.0,52.0,52.0,2.0,6.0,"rt;dur=0;desc=""Runtime init"", render;dur=52;desc=""Page render"", mw;dur=52;desc=""Total middleware"", db.total;dur=178;desc=""DB total"", db.count;dur=7;desc=""Query count"", db.first;dur=0;desc=""First query at"", db.last;dur=52;desc=""Last query at"", cache.hit;dur=2;desc=""Cache hits"", cache.miss;dur=6;desc=""Cache misses"" | D1_term+posts;dur=52.0;desc=""D1:term+posts"", D1_layout;dur=52.0;desc=""D1:layout"", total;dur=52.0;desc=""total"" | cfEdge;dur=116,cfOrigin;dur=0"
2026-10-05T22:58:16Z,bylines,curl,/posts/,200,MISS,remote-WAW,HAM,100.2,279.6,292.6,179.4,36900,5.0,137.0,0.0,68.0,68.0,2.0,6.0,"rt;dur=0;desc=""Runtime init"", render;dur=68;desc=""Page render"", mw;dur=68;desc=""Total middleware"", db.total;dur=137;desc=""DB total"", db.count;dur=5;desc=""Query count"", db.first;dur=0;desc=""First query at"", db.last;dur=68;desc=""Last query at"", cache.hit;dur=2;desc=""Cache hits"", cache.miss;dur=6;desc=""Cache misses"" | D1_layout;dur=45.0;desc=""D1:layout"", D1_posts;dur=46.0;desc=""D1:posts"", D1_all-tags;dur=22.0;desc=""D1:all-tags"", total;dur=68.0;desc=""total"""
2026-10-05T22:58:16Z,bylines,browser,/posts/,200,MISS,remote-WAW,HAM,327.4,509.5,551.5,182.1,37279,5.0,130.0,0.0,65.0,65.0,2.0,6.0,"rt;dur=0;desc=""Runtime init"", render;dur=65;desc=""Page render"", mw;dur=65;desc=""Total middleware"", db.total;dur=130;desc=""DB total"", db.count;dur=5;desc=""Query count"", db.first;dur=0;desc=""First query at"", db.last;dur=65;desc=""Last query at"", cache.hit;dur=2;desc=""Cache hits"", cache.miss;dur=6;desc=""Cache misses"" | D1_posts;dur=44.0;desc=""D1:posts"", D1_layout;dur=44.0;desc=""D1:layout"", D1_all-tags;dur=21.0;desc=""D1:all-tags"", total;dur=65.0;desc=""total"" | cfEdge;dur=133,cfOrigin;dur=0"
2026-10-05T22:58:17Z,bylines,curl,/,200,MISS,remote-WAW,HAM,171.9,362.6,381.8,190.7,30945,5.0,146.0,0.0,85.0,85.0,2.0,6.0,"rt;dur=0;desc=""Runtime init"", render;dur=85;desc=""Page render"", mw;dur=85;desc=""Total middleware"", db.total;dur=146;desc=""DB total"", db.count;dur=5;desc=""Query count"", db.first;dur=0;desc=""First query at"", db.last;dur=85;desc=""Last query at"", cache.hit;dur=2;desc=""Cache hits"", cache.miss;dur=6;desc=""Cache misses"" | D1_layout;dur=43.0;desc=""D1:layout"", D1_posts;dur=64.0;desc=""D1:posts"", D1_all-tags;dur=21.0;desc=""D1:all-tags"", total;dur=85.0;desc=""total"""
2026-10-05T22:58:18Z,bylines,browser,/posts/architektura-emdash-typescript-astro,200,MISS,remote-WAW,HAM,125.0,288.8,333.7,163.8,34673,6.0,153.0,0.0,55.0,55.0,6.0,7.0,"rt;dur=0;desc=""Runtime init"", render;dur=55;desc=""Page render"", mw;dur=55;desc=""Total middleware"", db.total;dur=153;desc=""DB total"", db.count;dur=6;desc=""Query count"", db.first;dur=0;desc=""First query at"", db.last;dur=55;desc=""Last query at"", cache.hit;dur=6;desc=""Cache hits"", cache.miss;dur=7;desc=""Cache misses"" | D1_entry+recent;dur=34.0;desc=""D1:entry+recent"", D1_layout;dur=34.0;desc=""D1:layout"", D1_tags;dur=21.0;desc=""D1:tags"", total;dur=55.0;desc=""total"" | cfEdge;dur=122,cfOrigin;dur=0"
2026-10-05T22:58:18Z,bylines,curl,/category/technologia,200,MISS,remote-WAW,HAM,103.4,271.7,277.8,168.3,29309,7.0,143.0,0.0,48.0,48.0,2.0,6.0,"rt;dur=0;desc=""Runtime init"", render;dur=48;desc=""Page render"", mw;dur=48;desc=""Total middleware"", db.total;dur=143;desc=""DB total"", db.count;dur=7;desc=""Query count"", db.first;dur=0;desc=""First query at"", db.last;dur=48;desc=""Last query at"", cache.hit;dur=2;desc=""Cache hits"", cache.miss;dur=6;desc=""Cache misses"" | D1_layout;dur=36.0;desc=""D1:layout"", D1_term+posts;dur=48.0;desc=""D1:term+posts"", total;dur=48.0;desc=""total"""
2026-10-05T22:58:19Z,bylines,curl,/,200,MISS,remote-WAW,HAM,111.0,278.3,283.4,167.3,30957,5.0,107.0,0.0,55.0,55.0,2.0,6.0,"rt;dur=0;desc=""Runtime init"", render;dur=55;desc=""Page render"", mw;dur=55;desc=""Total middleware"", db.total;dur=107;desc=""DB total"", db.count;dur=5;desc=""Query count"", db.first;dur=0;desc=""First query at"", db.last;dur=55;desc=""Last query at"", cache.hit;dur=2;desc=""Cache hits"", cache.miss;dur=6;desc=""Cache misses"" | D1_posts;dur=33.0;desc=""D1:posts"", D1_layout;dur=33.0;desc=""D1:layout"", D1_all-tags;dur=22.0;desc=""D1:all-tags"", total;dur=55.0;desc=""total"""
2026-10-05T22:58:19Z,bylines,browser,/posts/architektura-emdash-typescript-astro,200,MISS,remote-WAW,HAM,97.1,279.8,329.5,182.7,34693,6.0,164.0,0.0,68.0,68.0,6.0,7.0,"rt;dur=0;desc=""Runtime init"", render;dur=68;desc=""Page render"", mw;dur=68;desc=""Total middleware"", db.total;dur=164;desc=""DB total"", db.count;dur=6;desc=""Query count"", db.first;dur=0;desc=""First query at"", db.last;dur=68;desc=""Last query at"", cache.hit;dur=6;desc=""Cache hits"", cache.miss;dur=7;desc=""Cache misses"" | D1_entry+recent;dur=51.0;desc=""D1:entry+recent"", D1_layout;dur=51.0;desc=""D1:layout"", D1_tags;dur=17.0;desc=""D1:tags"", total;dur=68.0;desc=""total"" | cfEdge;dur=135,cfOrigin;dur=0"
2026-10-05T22:58:20Z,bylines,browser,/posts/,200,MISS,remote-WAW,HAM,269.7,467.9,500.6,198.2,37267,5.0,119.0,0.0,66.0,66.0,2.0,6.0,"rt;dur=0;desc=""Runtime init"", render;dur=66;desc=""Page render"", mw;dur=66;desc=""Total middleware"", db.total;dur=119;desc=""DB total"", db.count;dur=5;desc=""Query count"", db.first;dur=0;desc=""First query at"", db.last;dur=66;desc=""Last query at"", cache.hit;dur=2;desc=""Cache hits"", cache.miss;dur=6;desc=""Cache misses"" | D1_layout;dur=34.0;desc=""D1:layout"", D1_posts;dur=45.0;desc=""D1:posts"", D1_all-tags;dur=21.0;desc=""D1:all-tags"", total;dur=66.0;desc=""total"" | cfEdge;dur=142,cfOrigin;dur=0"
2026-10-05T22:58:20Z,bylines,curl,/posts/architektura-emdash-typescript-astro,200,MISS,remote-WAW,HAM,90.6,262.7,311.1,172.1,34318,6.0,134.0,0.0,60.0,60.0,6.0,7.0,"rt;dur=0;desc=""Runtime init"", render;dur=60;desc=""Page render"", mw;dur=60;desc=""Total middleware"", db.total;dur=134;desc=""DB total"", db.count;dur=6;desc=""Query count"", db.first;dur=0;desc=""First query at"", db.last;dur=60;desc=""Last query at"", cache.hit;dur=6;desc=""Cache hits"", cache.miss;dur=7;desc=""Cache misses"" | D1_entry+recent;dur=39.0;desc=""D1:entry+recent"", D1_layout;dur=39.0;desc=""D1:layout"", D1_tags;dur=21.0;desc=""D1:tags"", total;dur=60.0;desc=""total"""
2026-10-05T22:58:21Z,bylines,browser,/,200,MISS,remote-WAW,HAM,89.2,259.7,261.3,170.5,31320,5.0,105.0,0.0,55.0,55.0,2.0,6.0,"rt;dur=0;desc=""Runtime init"", render;dur=55;desc=""Page render"", mw;dur=55;desc=""Total middleware"", db.total;dur=105;desc=""DB total"", db.count;dur=5;desc=""Query count"", db.first;dur=0;desc=""First query at"", db.last;dur=55;desc=""Last query at"", cache.hit;dur=2;desc=""Cache hits"", cache.miss;dur=6;desc=""Cache misses"" | D1_posts;dur=33.0;desc=""D1:posts"", D1_layout;dur=33.0;desc=""D1:layout"", D1_all-tags;dur=22.0;desc=""D1:all-tags"", total;dur=55.0;desc=""total"" | cfEdge;dur=111,cfOrigin;dur=0"
2026-10-05T22:58:21Z,bylines,curl,/posts/,200,MISS,remote-WAW,HAM,118.2,309.9,313.4,191.7,36892,5.0,101.0,0.0,49.0,49.0,2.0,6.0,"rt;dur=0;desc=""Runtime init"", render;dur=49;desc=""Page render"", mw;dur=49;desc=""Total middleware"", db.total;dur=101;desc=""DB total"", db.count;dur=5;desc=""Query count"", db.first;dur=0;desc=""First query at"", db.last;dur=49;desc=""Last query at"", cache.hit;dur=2;desc=""Cache hits"", cache.miss;dur=6;desc=""Cache misses"" | D1_posts;dur=31.0;desc=""D1:posts"", D1_layout;dur=31.0;desc=""D1:layout"", D1_all-tags;dur=18.0;desc=""D1:all-tags"", total;dur=49.0;desc=""total"""
2026-10-05T22:58:22Z,bylines,browser,/category/technologia,200,MISS,remote-WAW,HAM,238.7,407.7,408.5,169.0,29672,7.0,148.0,0.0,44.0,44.0,2.0,6.0,"rt;dur=0;desc=""Runtime init"", render;dur=44;desc=""Page render"", mw;dur=44;desc=""Total middleware"", db.total;dur=148;desc=""DB total"", db.count;dur=7;desc=""Query count"", db.first;dur=0;desc=""First query at"", db.last;dur=44;desc=""Last query at"", cache.hit;dur=2;desc=""Cache hits"", cache.miss;dur=6;desc=""Cache misses"" | D1_layout;dur=43.0;desc=""D1:layout"", D1_term+posts;dur=44.0;desc=""D1:term+posts"", total;dur=44.0;desc=""total"" | cfEdge;dur=106,cfOrigin;dur=0"
2026-10-05T22:58:23Z,bylines,curl,/category/technologia,200,MISS,remote-WAW,HAM,286.3,622.7,624.7,336.4,29313,7.0,146.0,0.0,46.0,46.0,2.0,6.0,"rt;dur=0;desc=""Runtime init"", render;dur=46;desc=""Page render"", mw;dur=46;desc=""Total middleware"", db.total;dur=146;desc=""DB total"", db.count;dur=7;desc=""Query count"", db.first;dur=0;desc=""First query at"", db.last;dur=46;desc=""Last query at"", cache.hit;dur=2;desc=""Cache hits"", cache.miss;dur=6;desc=""Cache misses"" | D1_layout;dur=32.0;desc=""D1:layout"", D1_term+posts;dur=46.0;desc=""D1:term+posts"", total;dur=46.0;desc=""total"""
2026-10-05T22:58:24Z,bylines,curl,/posts/,200,MISS,remote-WAW,HAM,458.3,655.3,680.2,197.0,36908,5.0,118.0,0.0,58.0,58.0,2.0,6.0,"rt;dur=0;desc=""Runtime init"", render;dur=58;desc=""Page render"", mw;dur=58;desc=""Total middleware"", db.total;dur=118;desc=""DB total"", db.count;dur=5;desc=""Query count"", db.first;dur=0;desc=""First query at"", db.last;dur=58;desc=""Last query at"", cache.hit;dur=2;desc=""Cache hits"", cache.miss;dur=6;desc=""Cache misses"" | D1_posts;dur=41.0;desc=""D1:posts"", D1_layout;dur=41.0;desc=""D1:layout"", D1_all-tags;dur=17.0;desc=""D1:all-tags"", total;dur=58.0;desc=""total"""
2026-10-05T22:58:25Z,bylines,curl,/posts/architektura-emdash-typescript-astro,200,MISS,remote-WAW,HAM,265.0,478.4,655.2,213.4,34318,6.0,177.0,0.0,73.0,73.0,6.0,7.0,"rt;dur=0;desc=""Runtime init"", render;dur=73;desc=""Page render"", mw;dur=73;desc=""Total middleware"", db.total;dur=177;desc=""DB total"", db.count;dur=6;desc=""Query count"", db.first;dur=0;desc=""First query at"", db.last;dur=73;desc=""Last query at"", cache.hit;dur=6;desc=""Cache hits"", cache.miss;dur=7;desc=""Cache misses"" | D1_layout;dur=44.0;desc=""D1:layout"", D1_entry+recent;dur=50.0;desc=""D1:entry+recent"", D1_tags;dur=23.0;desc=""D1:tags"", total;dur=73.0;desc=""total"""
2026-10-05T22:58:26Z,bylines,browser,/posts/,200,MISS,remote-WAW,HAM,475.2,675.1,819.6,199.9,37287,5.0,152.0,0.0,76.0,76.0,2.0,6.0,"rt;dur=0;desc=""Runtime init"", render;dur=76;desc=""Page render"", mw;dur=76;desc=""Total middleware"", db.total;dur=152;desc=""DB total"", db.count;dur=5;desc=""Query count"", db.first;dur=0;desc=""First query at"", db.last;dur=76;desc=""Last query at"", cache.hit;dur=2;desc=""Cache hits"", cache.miss;dur=6;desc=""Cache misses"" | D1_layout;dur=50.0;desc=""D1:layout"", D1_posts;dur=56.0;desc=""D1:posts"", D1_all-tags;dur=20.0;desc=""D1:all-tags"", total;dur=76.0;desc=""total"" | cfEdge;dur=142,cfOrigin;dur=0"
2026-10-05T22:58:27Z,bylines,curl,/,200,MISS,remote-WAW,HAM,305.0,498.8,500.8,193.8,30953,5.0,140.0,0.0,72.0,72.0,2.0,6.0,"rt;dur=0;desc=""Runtime init"", render;dur=72;desc=""Page render"", mw;dur=72;desc=""Total middleware"", db.total;dur=140;desc=""DB total"", db.count;dur=5;desc=""Query count"", db.first;dur=0;desc=""First query at"", db.last;dur=72;desc=""Last query at"", cache.hit;dur=2;desc=""Cache hits"", cache.miss;dur=6;desc=""Cache misses"" | D1_posts;dur=50.0;desc=""D1:posts"", D1_layout;dur=50.0;desc=""D1:layout"", D1_all-tags;dur=22.0;desc=""D1:all-tags"", total;dur=72.0;desc=""total"""
2026-10-05T22:58:27Z,bylines,browser,/category/technologia,200,MISS,remote-WAW,HAM,441.7,615.2,633.7,173.5,29680,7.0,162.0,0.0,50.0,50.0,2.0,6.0,"rt;dur=0;desc=""Runtime init"", render;dur=50;desc=""Page render"", mw;dur=50;desc=""Total middleware"", db.total;dur=162;desc=""DB total"", db.count;dur=7;desc=""Query count"", db.first;dur=0;desc=""First query at"", db.last;dur=50;desc=""Last query at"", cache.hit;dur=2;desc=""Cache hits"", cache.miss;dur=6;desc=""Cache misses"" | D1_layout;dur=49.0;desc=""D1:layout"", D1_term+posts;dur=50.0;desc=""D1:term+posts"", total;dur=50.0;desc=""total"" | cfEdge;dur=120,cfOrigin;dur=0"
2026-10-05T22:58:28Z,bylines,browser,/posts/architektura-emdash-typescript-astro,200,MISS,remote-WAW,HAM,280.2,440.1,526.0,159.9,34677,6.0,156.0,0.0,60.0,60.0,6.0,7.0,"rt;dur=0;desc=""Runtime init"", render;dur=60;desc=""Page render"", mw;dur=60;desc=""Total middleware"", db.total;dur=156;desc=""DB total"", db.count;dur=6;desc=""Query count"", db.first;dur=0;desc=""First query at"", db.last;dur=60;desc=""Last query at"", cache.hit;dur=6;desc=""Cache hits"", cache.miss;dur=7;desc=""Cache misses"" | D1_entry+recent;dur=40.0;desc=""D1:entry+recent"", D1_layout;dur=40.0;desc=""D1:layout"", D1_tags;dur=20.0;desc=""D1:tags"", total;dur=60.0;desc=""total"" | cfEdge;dur=121,cfOrigin;dur=0"
2026-10-05T22:58:29Z,bylines,browser,/,200,MISS,remote-WAW,HAM,262.2,434.7,439.6,172.5,31316,5.0,100.0,0.0,58.0,58.0,2.0,6.0,"rt;dur=0;desc=""Runtime init"", render;dur=58;desc=""Page render"", mw;dur=58;desc=""Total middleware"", db.total;dur=100;desc=""DB total"", db.count;dur=5;desc=""Query count"", db.first;dur=0;desc=""First query at"", db.last;dur=58;desc=""Last query at"", cache.hit;dur=2;desc=""Cache hits"", cache.miss;dur=6;desc=""Cache misses"" | D1_posts;dur=37.0;desc=""D1:posts"", D1_layout;dur=37.0;desc=""D1:layout"", D1_all-tags;dur=21.0;desc=""D1:all-tags"", total;dur=58.0;desc=""total"" | cfEdge;dur=124,cfOrigin;dur=0"
2026-10-05T22:58:30Z,bylines,curl,/category/technologia,200,MISS,remote-WAW,HAM,644.6,816.0,855.4,171.4,29317,7.0,154.0,0.0,46.0,46.0,2.0,6.0,"rt;dur=0;desc=""Runtime init"", render;dur=46;desc=""Page render"", mw;dur=46;desc=""Total middleware"", db.total;dur=154;desc=""DB total"", db.count;dur=7;desc=""Query count"", db.first;dur=0;desc=""First query at"", db.last;dur=46;desc=""Last query at"", cache.hit;dur=2;desc=""Cache hits"", cache.miss;dur=6;desc=""Cache misses"" | D1_layout;dur=43.0;desc=""D1:layout"", D1_term+posts;dur=46.0;desc=""D1:term+posts"", total;dur=46.0;desc=""total"""
2026-10-05T22:58:31Z,bylines,browser,/,200,MISS,remote-WAW,HAM,427.5,629.5,781.3,202.0,31328,5.0,133.0,0.0,71.0,71.0,2.0,6.0,"rt;dur=0;desc=""Runtime init"", render;dur=71;desc=""Page render"", mw;dur=71;desc=""Total middleware"", db.total;dur=133;desc=""DB total"", db.count;dur=5;desc=""Query count"", db.first;dur=0;desc=""First query at"", db.last;dur=71;desc=""Last query at"", cache.hit;dur=2;desc=""Cache hits"", cache.miss;dur=6;desc=""Cache misses"" | D1_posts;dur=53.0;desc=""D1:posts"", D1_layout;dur=53.0;desc=""D1:layout"", D1_all-tags;dur=18.0;desc=""D1:all-tags"", total;dur=71.0;desc=""total"" | cfEdge;dur=138,cfOrigin;dur=0"
2026-10-05T22:58:32Z,bylines,curl,/posts/,200,MISS,remote-WAW,HAM,90.0,270.6,278.5,180.6,36892,5.0,131.0,0.0,70.0,70.0,2.0,6.0,"rt;dur=0;desc=""Runtime init"", render;dur=70;desc=""Page render"", mw;dur=70;desc=""Total middleware"", db.total;dur=131;desc=""DB total"", db.count;dur=5;desc=""Query count"", db.first;dur=0;desc=""First query at"", db.last;dur=70;desc=""Last query at"", cache.hit;dur=2;desc=""Cache hits"", cache.miss;dur=6;desc=""Cache misses"" | D1_layout;dur=40.0;desc=""D1:layout"", D1_posts;dur=49.0;desc=""D1:posts"", D1_all-tags;dur=21.0;desc=""D1:all-tags"", total;dur=70.0;desc=""total"""
2026-10-05T22:58:32Z,bylines,curl,/category/technologia,200,MISS,remote-WAW,HAM,86.4,252.4,259.1,166.0,29317,7.0,165.0,0.0,51.0,51.0,2.0,6.0,"rt;dur=0;desc=""Runtime init"", render;dur=51;desc=""Page render"", mw;dur=51;desc=""Total middleware"", db.total;dur=165;desc=""DB total"", db.count;dur=7;desc=""Query count"", db.first;dur=0;desc=""First query at"", db.last;dur=51;desc=""Last query at"", cache.hit;dur=2;desc=""Cache hits"", cache.miss;dur=6;desc=""Cache misses"" | D1_layout;dur=48.0;desc=""D1:layout"", D1_term+posts;dur=51.0;desc=""D1:term+posts"", total;dur=51.0;desc=""total"""
2026-10-05T22:58:33Z,bylines,browser,/posts/architektura-emdash-typescript-astro,200,MISS,remote-WAW,HAM,90.7,260.9,312.7,170.2,34669,6.0,144.0,0.0,59.0,59.0,6.0,7.0,"rt;dur=0;desc=""Runtime init"", render;dur=59;desc=""Page render"", mw;dur=59;desc=""Total middleware"", db.total;dur=144;desc=""DB total"", db.count;dur=6;desc=""Query count"", db.first;dur=0;desc=""First query at"", db.last;dur=59;desc=""Last query at"", cache.hit;dur=6;desc=""Cache hits"", cache.miss;dur=7;desc=""Cache misses"" | D1_entry+recent;dur=42.0;desc=""D1:entry+recent"", D1_layout;dur=42.0;desc=""D1:layout"", D1_tags;dur=17.0;desc=""D1:tags"", total;dur=59.0;desc=""total"" | cfEdge;dur=123,cfOrigin;dur=0"
2026-10-05T22:58:33Z,bylines,browser,/category/technologia,200,MISS,remote-WAW,HAM,82.6,257.2,263.0,174.6,29672,7.0,175.0,0.0,51.0,51.0,2.0,6.0,"rt;dur=0;desc=""Runtime init"", render;dur=51;desc=""Page render"", mw;dur=51;desc=""Total middleware"", db.total;dur=175;desc=""DB total"", db.count;dur=7;desc=""Query count"", db.first;dur=0;desc=""First query at"", db.last;dur=51;desc=""Last query at"", cache.hit;dur=2;desc=""Cache hits"", cache.miss;dur=6;desc=""Cache misses"" | D1_layout;dur=49.0;desc=""D1:layout"", D1_term+posts;dur=51.0;desc=""D1:term+posts"", total;dur=51.0;desc=""total"" | cfEdge;dur=128,cfOrigin;dur=0"
2026-10-05T22:58:34Z,bylines,browser,/posts/,200,MISS,remote-WAW,HAM,102.7,279.2,287.7,176.5,37271,5.0,136.0,0.0,71.0,71.0,2.0,6.0,"rt;dur=0;desc=""Runtime init"", render;dur=71;desc=""Page render"", mw;dur=71;desc=""Total middleware"", db.total;dur=136;desc=""DB total"", db.count;dur=5;desc=""Query count"", db.first;dur=0;desc=""First query at"", db.last;dur=71;desc=""Last query at"", cache.hit;dur=2;desc=""Cache hits"", cache.miss;dur=6;desc=""Cache misses"" | D1_posts;dur=50.0;desc=""D1:posts"", D1_layout;dur=50.0;desc=""D1:layout"", D1_all-tags;dur=21.0;desc=""D1:all-tags"", total;dur=71.0;desc=""total"" | cfEdge;dur=132,cfOrigin;dur=0"
2026-10-05T22:58:34Z,bylines,curl,/posts/architektura-emdash-typescript-astro,200,MISS,remote-WAW,HAM,90.2,303.5,352.9,213.3,34326,7.0,214.0,0.0,69.0,69.0,6.0,7.0,"rt;dur=0;desc=""Runtime init"", render;dur=69;desc=""Page render"", mw;dur=69;desc=""Total middleware"", db.total;dur=214;desc=""DB total"", db.count;dur=7;desc=""Query count"", db.first;dur=0;desc=""First query at"", db.last;dur=69;desc=""Last query at"", cache.hit;dur=6;desc=""Cache hits"", cache.miss;dur=7;desc=""Cache misses"" | D1_entry+recent;dur=50.0;desc=""D1:entry+recent"", D1_layout;dur=50.0;desc=""D1:layout"", D1_tags;dur=19.0;desc=""D1:tags"", total;dur=69.0;desc=""total"""
2026-10-05T22:58:35Z,bylines,curl,/,200,MISS,remote-WAW,HAM,379.8,543.3,565.4,163.5,30945,5.0,112.0,0.0,59.0,59.0,2.0,6.0,"rt;dur=0;desc=""Runtime init"", render;dur=59;desc=""Page render"", mw;dur=59;desc=""Total middleware"", db.total;dur=112;desc=""DB total"", db.count;dur=5;desc=""Query count"", db.first;dur=0;desc=""First query at"", db.last;dur=59;desc=""Last query at"", cache.hit;dur=2;desc=""Cache hits"", cache.miss;dur=6;desc=""Cache misses"" | D1_posts;dur=41.0;desc=""D1:posts"", D1_layout;dur=41.0;desc=""D1:layout"", D1_all-tags;dur=18.0;desc=""D1:all-tags"", total;dur=59.0;desc=""total"""
2026-10-05T22:58:36Z,bylines,browser,/posts/,200,MISS,remote-WAW,HAM,91.9,264.5,275.4,172.6,37267,5.0,135.0,0.0,66.0,66.0,2.0,6.0,"rt;dur=0;desc=""Runtime init"", render;dur=66;desc=""Page render"", mw;dur=66;desc=""Total middleware"", db.total;dur=135;desc=""DB total"", db.count;dur=5;desc=""Query count"", db.first;dur=0;desc=""First query at"", db.last;dur=66;desc=""Last query at"", cache.hit;dur=2;desc=""Cache hits"", cache.miss;dur=6;desc=""Cache misses"" | D1_posts;dur=45.0;desc=""D1:posts"", D1_layout;dur=45.0;desc=""D1:layout"", D1_all-tags;dur=21.0;desc=""D1:all-tags"", total;dur=66.0;desc=""total"" | cfEdge;dur=128,cfOrigin;dur=0"
2026-10-05T22:58:36Z,bylines,curl,/posts/architektura-emdash-typescript-astro,200,MISS,remote-WAW,HAM,107.1,283.2,330.4,176.1,34314,6.0,177.0,0.0,65.0,65.0,6.0,7.0,"rt;dur=0;desc=""Runtime init"", render;dur=65;desc=""Page render"", mw;dur=65;desc=""Total middleware"", db.total;dur=177;desc=""DB total"", db.count;dur=6;desc=""Query count"", db.first;dur=0;desc=""First query at"", db.last;dur=65;desc=""Last query at"", cache.hit;dur=6;desc=""Cache hits"", cache.miss;dur=7;desc=""Cache misses"" | D1_entry+recent;dur=49.0;desc=""D1:entry+recent"", D1_layout;dur=49.0;desc=""D1:layout"", D1_tags;dur=16.0;desc=""D1:tags"", total;dur=65.0;desc=""total"""
2026-10-05T22:58:37Z,bylines,browser,/category/technologia,200,MISS,remote-WAW,HAM,110.7,294.0,299.5,183.3,29668,8.0,199.0,0.0,53.0,53.0,2.0,6.0,"rt;dur=0;desc=""Runtime init"", render;dur=53;desc=""Page render"", mw;dur=53;desc=""Total middleware"", db.total;dur=199;desc=""DB total"", db.count;dur=8;desc=""Query count"", db.first;dur=0;desc=""First query at"", db.last;dur=53;desc=""Last query at"", cache.hit;dur=2;desc=""Cache hits"", cache.miss;dur=6;desc=""Cache misses"" | D1_layout;dur=48.0;desc=""D1:layout"", D1_term+posts;dur=53.0;desc=""D1:term+posts"", total;dur=53.0;desc=""total"" | cfEdge;dur=126,cfOrigin;dur=0"
2026-10-05T22:58:37Z,bylines,browser,/,200,MISS,remote-WAW,HAM,115.9,318.0,324.0,202.1,31308,5.0,145.0,0.0,82.0,82.0,2.0,6.0,"rt;dur=0;desc=""Runtime init"", render;dur=82;desc=""Page render"", mw;dur=82;desc=""Total middleware"", db.total;dur=145;desc=""DB total"", db.count;dur=5;desc=""Query count"", db.first;dur=0;desc=""First query at"", db.last;dur=82;desc=""Last query at"", cache.hit;dur=2;desc=""Cache hits"", cache.miss;dur=6;desc=""Cache misses"" | D1_layout;dur=45.0;desc=""D1:layout"", D1_posts;dur=63.0;desc=""D1:posts"", D1_all-tags;dur=19.0;desc=""D1:all-tags"", total;dur=82.0;desc=""total"" | cfEdge;dur=148,cfOrigin;dur=0"
2026-10-05T22:58:38Z,bylines,curl,/,200,MISS,remote-WAW,HAM,90.1,262.7,269.9,172.6,30941,5.0,119.0,0.0,59.0,59.0,2.0,6.0,"rt;dur=0;desc=""Runtime init"", render;dur=59;desc=""Page render"", mw;dur=59;desc=""Total middleware"", db.total;dur=119;desc=""DB total"", db.count;dur=5;desc=""Query count"", db.first;dur=0;desc=""First query at"", db.last;dur=59;desc=""Last query at"", cache.hit;dur=2;desc=""Cache hits"", cache.miss;dur=6;desc=""Cache misses"" | D1_layout;dur=38.0;desc=""D1:layout"", D1_posts;dur=39.0;desc=""D1:posts"", D1_all-tags;dur=20.0;desc=""D1:all-tags"", total;dur=59.0;desc=""total"""
2026-10-05T22:58:38Z,bylines,curl,/category/technologia,200,MISS,remote-WAW,HAM,125.5,286.3,294.3,160.8,29317,8.0,199.0,0.0,50.0,50.0,2.0,6.0,"rt;dur=0;desc=""Runtime init"", render;dur=50;desc=""Page render"", mw;dur=50;desc=""Total middleware"", db.total;dur=199;desc=""DB total"", db.count;dur=8;desc=""Query count"", db.first;dur=0;desc=""First query at"", db.last;dur=50;desc=""Last query at"", cache.hit;dur=2;desc=""Cache hits"", cache.miss;dur=6;desc=""Cache misses"" | D1_term+posts;dur=50.0;desc=""D1:term+posts"", D1_layout;dur=50.0;desc=""D1:layout"", total;dur=50.0;desc=""total"""
2026-10-05T22:58:39Z,bylines,curl,/posts/,200,MISS,remote-WAW,HAM,410.9,581.7,610.5,170.8,36896,5.0,123.0,0.0,59.0,59.0,2.0,6.0,"rt;dur=0;desc=""Runtime init"", render;dur=59;desc=""Page render"", mw;dur=59;desc=""Total middleware"", db.total;dur=123;desc=""DB total"", db.count;dur=5;desc=""Query count"", db.first;dur=0;desc=""First query at"", db.last;dur=59;desc=""Last query at"", cache.hit;dur=2;desc=""Cache hits"", cache.miss;dur=6;desc=""Cache misses"" | D1_posts;dur=38.0;desc=""D1:posts"", D1_layout;dur=38.0;desc=""D1:layout"", D1_all-tags;dur=21.0;desc=""D1:all-tags"", total;dur=59.0;desc=""total"""
2026-10-05T22:58:40Z,bylines,browser,/posts/architektura-emdash-typescript-astro,200,MISS,remote-WAW,HAM,267.4,450.9,617.2,183.5,34689,6.0,145.0,0.0,67.0,67.0,6.0,7.0,"rt;dur=0;desc=""Runtime init"", render;dur=67;desc=""Page render"", mw;dur=67;desc=""Total middleware"", db.total;dur=145;desc=""DB total"", db.count;dur=6;desc=""Query count"", db.first;dur=0;desc=""First query at"", db.last;dur=67;desc=""Last query at"", cache.hit;dur=6;desc=""Cache hits"", cache.miss;dur=7;desc=""Cache misses"" | D1_entry+recent;dur=49.0;desc=""D1:entry+recent"", D1_layout;dur=49.0;desc=""D1:layout"", D1_tags;dur=18.0;desc=""D1:tags"", total;dur=67.0;desc=""total"" | cfEdge;dur=132,cfOrigin;dur=0"
2026-10-05T22:58:41Z,bylines,curl,/category/technologia,200,MISS,remote-WAW,HAM,466.8,639.9,654.5,173.1,29305,7.0,173.0,0.0,50.0,50.0,2.0,6.0,"rt;dur=0;desc=""Runtime init"", render;dur=50;desc=""Page render"", mw;dur=50;desc=""Total middleware"", db.total;dur=173;desc=""DB total"", db.count;dur=7;desc=""Query count"", db.first;dur=0;desc=""First query at"", db.last;dur=50;desc=""Last query at"", cache.hit;dur=2;desc=""Cache hits"", cache.miss;dur=6;desc=""Cache misses"" | D1_layout;dur=49.0;desc=""D1:layout"", D1_term+posts;dur=50.0;desc=""D1:term+posts"", total;dur=50.0;desc=""total"""
2026-10-05T22:58:41Z,bylines,browser,/posts/,200,MISS,remote-WAW,HAM,202.1,403.3,411.2,201.2,37275,5.0,151.0,0.0,83.0,83.0,2.0,6.0,"rt;dur=0;desc=""Runtime init"", render;dur=83;desc=""Page render"", mw;dur=83;desc=""Total middleware"", db.total;dur=151;desc=""DB total"", db.count;dur=5;desc=""Query count"", db.first;dur=0;desc=""First query at"", db.last;dur=83;desc=""Last query at"", cache.hit;dur=2;desc=""Cache hits"", cache.miss;dur=6;desc=""Cache misses"" | D1_layout;dur=45.0;desc=""D1:layout"", D1_posts;dur=62.0;desc=""D1:posts"", D1_all-tags;dur=21.0;desc=""D1:all-tags"", total;dur=83.0;desc=""total"" | cfEdge;dur=155,cfOrigin;dur=0"
2026-10-05T22:58:42Z,bylines,curl,/posts/architektura-emdash-typescript-astro,200,MISS,remote-WAW,HAM,103.6,313.0,356.6,209.4,34314,6.0,215.0,0.0,91.0,91.0,6.0,7.0,"rt;dur=0;desc=""Runtime init"", render;dur=91;desc=""Page render"", mw;dur=91;desc=""Total middleware"", db.total;dur=215;desc=""DB total"", db.count;dur=6;desc=""Query count"", db.first;dur=0;desc=""First query at"", db.last;dur=91;desc=""Last query at"", cache.hit;dur=6;desc=""Cache hits"", cache.miss;dur=7;desc=""Cache misses"" | D1_layout;dur=50.0;desc=""D1:layout"", D1_entry+recent;dur=71.0;desc=""D1:entry+recent"", D1_tags;dur=20.0;desc=""D1:tags"", total;dur=91.0;desc=""total"""
2026-10-05T22:58:43Z,bylines,curl,/posts/,200,MISS,remote-WAW,HAM,122.3,283.1,293.4,160.8,36908,5.0,112.0,0.0,58.0,58.0,2.0,6.0,"rt;dur=0;desc=""Runtime init"", render;dur=58;desc=""Page render"", mw;dur=58;desc=""Total middleware"", db.total;dur=112;desc=""DB total"", db.count;dur=5;desc=""Query count"", db.first;dur=0;desc=""First query at"", db.last;dur=58;desc=""Last query at"", cache.hit;dur=2;desc=""Cache hits"", cache.miss;dur=6;desc=""Cache misses"" | D1_posts;dur=38.0;desc=""D1:posts"", D1_layout;dur=38.0;desc=""D1:layout"", D1_all-tags;dur=20.0;desc=""D1:all-tags"", total;dur=58.0;desc=""total"""
2026-10-05T22:58:43Z,bylines,browser,/,200,MISS,remote-WAW,HAM,115.3,285.3,290.3,170.0,31316,5.0,118.0,0.0,58.0,58.0,2.0,6.0,"rt;dur=0;desc=""Runtime init"", render;dur=58;desc=""Page render"", mw;dur=58;desc=""Total middleware"", db.total;dur=118;desc=""DB total"", db.count;dur=5;desc=""Query count"", db.first;dur=0;desc=""First query at"", db.last;dur=58;desc=""Last query at"", cache.hit;dur=2;desc=""Cache hits"", cache.miss;dur=6;desc=""Cache misses"" | D1_posts;dur=39.0;desc=""D1:posts"", D1_layout;dur=39.0;desc=""D1:layout"", D1_all-tags;dur=19.0;desc=""D1:all-tags"", total;dur=58.0;desc=""total"" | cfEdge;dur=125,cfOrigin;dur=0"
2026-10-05T22:58:44Z,bylines,browser,/category/technologia,200,MISS,remote-WAW,HAM,100.4,268.2,272.5,167.8,29684,7.0,153.0,0.0,49.0,49.0,2.0,6.0,"rt;dur=0;desc=""Runtime init"", render;dur=49;desc=""Page render"", mw;dur=49;desc=""Total middleware"", db.total;dur=153;desc=""DB total"", db.count;dur=7;desc=""Query count"", db.first;dur=0;desc=""First query at"", db.last;dur=49;desc=""Last query at"", cache.hit;dur=2;desc=""Cache hits"", cache.miss;dur=6;desc=""Cache misses"" | D1_layout;dur=35.0;desc=""D1:layout"", D1_term+posts;dur=49.0;desc=""D1:term+posts"", total;dur=49.0;desc=""total"" | cfEdge;dur=122,cfOrigin;dur=0"
2026-10-05T22:58:44Z,bylines,curl,/,200,MISS,remote-WAW,HAM,99.2,272.0,278.7,172.8,30953,5.0,136.0,0.0,69.0,69.0,2.0,6.0,"rt;dur=0;desc=""Runtime init"", render;dur=69;desc=""Page render"", mw;dur=69;desc=""Total middleware"", db.total;dur=136;desc=""DB total"", db.count;dur=5;desc=""Query count"", db.first;dur=0;desc=""First query at"", db.last;dur=69;desc=""Last query at"", cache.hit;dur=2;desc=""Cache hits"", cache.miss;dur=6;desc=""Cache misses"" | D1_posts;dur=45.0;desc=""D1:posts"", D1_layout;dur=45.0;desc=""D1:layout"", D1_all-tags;dur=24.0;desc=""D1:all-tags"", total;dur=69.0;desc=""total"""
2026-10-05T22:58:45Z,bylines,browser,/posts/architektura-emdash-typescript-astro,200,MISS,remote-WAW,HAM,87.3,264.4,303.4,177.1,34681,6.0,145.0,0.0,60.0,60.0,6.0,7.0,"rt;dur=0;desc=""Runtime init"", render;dur=60;desc=""Page render"", mw;dur=60;desc=""Total middleware"", db.total;dur=145;desc=""DB total"", db.count;dur=6;desc=""Query count"", db.first;dur=0;desc=""First query at"", db.last;dur=60;desc=""Last query at"", cache.hit;dur=6;desc=""Cache hits"", cache.miss;dur=7;desc=""Cache misses"" | D1_entry+recent;dur=42.0;desc=""D1:entry+recent"", D1_layout;dur=42.0;desc=""D1:layout"", D1_tags;dur=18.0;desc=""D1:tags"", total;dur=60.0;desc=""total"" | cfEdge;dur=125,cfOrigin;dur=0"
2026-10-05T22:58:45Z,bylines,curl,/posts/architektura-emdash-typescript-astro,200,MISS,remote-WAW,HAM,97.8,267.2,318.3,169.4,34342,6.0,152.0,0.0,61.0,61.0,6.0,7.0,"rt;dur=0;desc=""Runtime init"", render;dur=61;desc=""Page render"", mw;dur=61;desc=""Total middleware"", db.total;dur=152;desc=""DB total"", db.count;dur=6;desc=""Query count"", db.first;dur=0;desc=""First query at"", db.last;dur=61;desc=""Last query at"", cache.hit;dur=6;desc=""Cache hits"", cache.miss;dur=7;desc=""Cache misses"" | D1_entry+recent;dur=40.0;desc=""D1:entry+recent"", D1_layout;dur=40.0;desc=""D1:layout"", D1_tags;dur=21.0;desc=""D1:tags"", total;dur=61.0;desc=""total"""
2026-10-05T22:58:46Z,bylines,curl,/,200,MISS,remote-WAW,HAM,88.4,252.6,260.4,164.2,30949,5.0,111.0,0.0,59.0,59.0,2.0,6.0,"rt;dur=0;desc=""Runtime init"", render;dur=59;desc=""Page render"", mw;dur=59;desc=""Total middleware"", db.total;dur=111;desc=""DB total"", db.count;dur=5;desc=""Query count"", db.first;dur=0;desc=""First query at"", db.last;dur=59;desc=""Last query at"", cache.hit;dur=2;desc=""Cache hits"", cache.miss;dur=6;desc=""Cache misses"" | D1_posts;dur=41.0;desc=""D1:posts"", D1_layout;dur=41.0;desc=""D1:layout"", D1_all-tags;dur=18.0;desc=""D1:all-tags"", total;dur=59.0;desc=""total"""
2026-10-05T22:58:46Z,bylines,browser,/posts/,200,MISS,remote-WAW,HAM,109.3,325.8,335.7,216.5,37259,5.0,224.0,0.0,87.0,87.0,2.0,6.0,"rt;dur=0;desc=""Runtime init"", render;dur=87;desc=""Page render"", mw;dur=87;desc=""Total middleware"", db.total;dur=224;desc=""DB total"", db.count;dur=5;desc=""Query count"", db.first;dur=0;desc=""First query at"", db.last;dur=87;desc=""Last query at"", cache.hit;dur=2;desc=""Cache hits"", cache.miss;dur=6;desc=""Cache misses"" | D1_layout;dur=70.0;desc=""D1:layout"", D1_posts;dur=70.0;desc=""D1:posts"", D1_all-tags;dur=17.0;desc=""D1:all-tags"", total;dur=87.0;desc=""total"" | cfEdge;dur=152,cfOrigin;dur=0"
2026-10-05T22:58:47Z,bylines,browser,/posts/architektura-emdash-typescript-astro,200,MISS,remote-WAW,HAM,103.6,290.3,433.1,186.7,34681,6.0,135.0,0.0,54.0,54.0,6.0,7.0,"rt;dur=0;desc=""Runtime init"", render;dur=54;desc=""Page render"", mw;dur=54;desc=""Total middleware"", db.total;dur=135;desc=""DB total"", db.count;dur=6;desc=""Query count"", db.first;dur=0;desc=""First query at"", db.last;dur=54;desc=""Last query at"", cache.hit;dur=6;desc=""Cache hits"", cache.miss;dur=7;desc=""Cache misses"" | D1_entry+recent;dur=35.0;desc=""D1:entry+recent"", D1_layout;dur=35.0;desc=""D1:layout"", D1_tags;dur=19.0;desc=""D1:tags"", total;dur=54.0;desc=""total"" | cfEdge;dur=131,cfOrigin;dur=0"
2026-10-05T22:58:47Z,bylines,curl,/posts/,200,MISS,remote-WAW,HAM,87.7,250.8,259.4,163.1,36904,5.0,107.0,0.0,55.0,55.0,2.0,6.0,"rt;dur=0;desc=""Runtime init"", render;dur=55;desc=""Page render"", mw;dur=55;desc=""Total middleware"", db.total;dur=107;desc=""DB total"", db.count;dur=5;desc=""Query count"", db.first;dur=0;desc=""First query at"", db.last;dur=55;desc=""Last query at"", cache.hit;dur=2;desc=""Cache hits"", cache.miss;dur=6;desc=""Cache misses"" | D1_posts;dur=38.0;desc=""D1:posts"", D1_layout;dur=38.0;desc=""D1:layout"", D1_all-tags;dur=17.0;desc=""D1:all-tags"", total;dur=55.0;desc=""total"""
2026-10-05T22:58:48Z,bylines,browser,/,200,MISS,remote-WAW,HAM,94.8,279.4,285.8,184.6,31320,5.0,137.0,0.0,66.0,66.0,2.0,6.0,"rt;dur=0;desc=""Runtime init"", render;dur=66;desc=""Page render"", mw;dur=66;desc=""Total middleware"", db.total;dur=137;desc=""DB total"", db.count;dur=5;desc=""Query count"", db.first;dur=0;desc=""First query at"", db.last;dur=66;desc=""Last query at"", cache.hit;dur=2;desc=""Cache hits"", cache.miss;dur=6;desc=""Cache misses"" | D1_posts;dur=44.0;desc=""D1:posts"", D1_layout;dur=44.0;desc=""D1:layout"", D1_all-tags;dur=22.0;desc=""D1:all-tags"", total;dur=66.0;desc=""total"" | cfEdge;dur=132,cfOrigin;dur=0"
2026-10-05T22:58:49Z,bylines,browser,/category/technologia,200,MISS,remote-WAW,HAM,535.6,717.8,722.9,182.2,29676,7.0,181.0,0.0,58.0,60.0,2.0,6.0,"rt;dur=0;desc=""Runtime init"", render;dur=60;desc=""Page render"", mw;dur=60;desc=""Total middleware"", db.total;dur=181;desc=""DB total"", db.count;dur=7;desc=""Query count"", db.first;dur=0;desc=""First query at"", db.last;dur=58;desc=""Last query at"", cache.hit;dur=2;desc=""Cache hits"", cache.miss;dur=6;desc=""Cache misses"" | D1_layout;dur=50.0;desc=""D1:layout"", D1_term+posts;dur=60.0;desc=""D1:term+posts"", total;dur=60.0;desc=""total"" | cfEdge;dur=118,cfOrigin;dur=0"
2026-10-05T22:58:50Z,bylines,curl,/category/technologia,200,MISS,remote-WAW,HAM,290.6,476.7,508.1,186.1,29305,7.0,195.0,0.0,72.0,72.0,2.0,6.0,"rt;dur=0;desc=""Runtime init"", render;dur=72;desc=""Page render"", mw;dur=72;desc=""Total middleware"", db.total;dur=195;desc=""DB total"", db.count;dur=7;desc=""Query count"", db.first;dur=0;desc=""First query at"", db.last;dur=72;desc=""Last query at"", cache.hit;dur=2;desc=""Cache hits"", cache.miss;dur=6;desc=""Cache misses"" | D1_layout;dur=50.0;desc=""D1:layout"", D1_term+posts;dur=72.0;desc=""D1:term+posts"", total;dur=72.0;desc=""total"""
2026-10-05T22:58:50Z,bylines,curl,/category/technologia,200,MISS,remote-WAW,HAM,92.6,262.4,267.8,169.8,29313,7.0,201.0,0.0,59.0,59.0,2.0,6.0,"rt;dur=0;desc=""Runtime init"", render;dur=59;desc=""Page render"", mw;dur=59;desc=""Total middleware"", db.total;dur=201;desc=""DB total"", db.count;dur=7;desc=""Query count"", db.first;dur=0;desc=""First query at"", db.last;dur=59;desc=""Last query at"", cache.hit;dur=2;desc=""Cache hits"", cache.miss;dur=6;desc=""Cache misses"" | D1_layout;dur=58.0;desc=""D1:layout"", D1_term+posts;dur=59.0;desc=""D1:term+posts"", total;dur=59.0;desc=""total"""
2026-10-05T22:58:51Z,bylines,browser,/posts/,200,MISS,remote-WAW,HAM,91.5,259.1,268.7,167.6,37263,5.0,115.0,0.0,63.0,63.0,2.0,6.0,"rt;dur=0;desc=""Runtime init"", render;dur=63;desc=""Page render"", mw;dur=63;desc=""Total middleware"", db.total;dur=115;desc=""DB total"", db.count;dur=5;desc=""Query count"", db.first;dur=0;desc=""First query at"", db.last;dur=63;desc=""Last query at"", cache.hit;dur=2;desc=""Cache hits"", cache.miss;dur=6;desc=""Cache misses"" | D1_posts;dur=39.0;desc=""D1:posts"", D1_layout;dur=39.0;desc=""D1:layout"", D1_all-tags;dur=24.0;desc=""D1:all-tags"", total;dur=63.0;desc=""total"" | cfEdge;dur=123,cfOrigin;dur=0"
2026-10-05T22:58:51Z,bylines,curl,/,200,MISS,remote-WAW,HAM,96.4,277.6,279.8,181.2,30953,5.0,128.0,0.0,60.0,60.0,2.0,6.0,"rt;dur=0;desc=""Runtime init"", render;dur=60;desc=""Page render"", mw;dur=60;desc=""Total middleware"", db.total;dur=128;desc=""DB total"", db.count;dur=5;desc=""Query count"", db.first;dur=0;desc=""First query at"", db.last;dur=60;desc=""Last query at"", cache.hit;dur=2;desc=""Cache hits"", cache.miss;dur=6;desc=""Cache misses"" | D1_posts;dur=41.0;desc=""D1:posts"", D1_layout;dur=41.0;desc=""D1:layout"", D1_all-tags;dur=19.0;desc=""D1:all-tags"", total;dur=60.0;desc=""total"""
2026-10-05T22:58:52Z,bylines,browser,/,200,MISS,remote-WAW,HAM,93.4,264.2,271.9,170.8,31324,5.0,115.0,0.0,63.0,63.0,2.0,6.0,"rt;dur=0;desc=""Runtime init"", render;dur=63;desc=""Page render"", mw;dur=63;desc=""Total middleware"", db.total;dur=115;desc=""DB total"", db.count;dur=5;desc=""Query count"", db.first;dur=0;desc=""First query at"", db.last;dur=63;desc=""Last query at"", cache.hit;dur=2;desc=""Cache hits"", cache.miss;dur=6;desc=""Cache misses"" | D1_posts;dur=41.0;desc=""D1:posts"", D1_layout;dur=41.0;desc=""D1:layout"", D1_all-tags;dur=22.0;desc=""D1:all-tags"", total;dur=63.0;desc=""total"" | cfEdge;dur=127,cfOrigin;dur=0"
2026-10-05T22:58:52Z,bylines,curl,/posts/,200,MISS,remote-WAW,HAM,111.7,270.8,279.7,159.1,36904,5.0,121.0,0.0,62.0,62.0,2.0,6.0,"rt;dur=0;desc=""Runtime init"", render;dur=62;desc=""Page render"", mw;dur=62;desc=""Total middleware"", db.total;dur=121;desc=""DB total"", db.count;dur=5;desc=""Query count"", db.first;dur=0;desc=""First query at"", db.last;dur=62;desc=""Last query at"", cache.hit;dur=2;desc=""Cache hits"", cache.miss;dur=6;desc=""Cache misses"" | D1_layout;dur=37.0;desc=""D1:layout"", D1_posts;dur=38.0;desc=""D1:posts"", D1_all-tags;dur=24.0;desc=""D1:all-tags"", total;dur=62.0;desc=""total"""
2026-10-05T22:58:53Z,bylines,browser,/posts/architektura-emdash-typescript-astro,200,MISS,remote-WAW,HAM,86.2,273.7,412.6,187.5,34689,6.0,144.0,0.0,63.0,63.0,6.0,7.0,"rt;dur=0;desc=""Runtime init"", render;dur=63;desc=""Page render"", mw;dur=63;desc=""Total middleware"", db.total;dur=144;desc=""DB total"", db.count;dur=6;desc=""Query count"", db.first;dur=0;desc=""First query at"", db.last;dur=63;desc=""Last query at"", cache.hit;dur=6;desc=""Cache hits"", cache.miss;dur=7;desc=""Cache misses"" | D1_entry+recent;dur=42.0;desc=""D1:entry+recent"", D1_layout;dur=42.0;desc=""D1:layout"", D1_tags;dur=21.0;desc=""D1:tags"", total;dur=63.0;desc=""total"" | cfEdge;dur=129,cfOrigin;dur=0"
2026-10-05T22:58:54Z,bylines,curl,/posts/architektura-emdash-typescript-astro,200,MISS,remote-WAW,HAM,303.4,486.0,649.7,182.6,34306,6.0,148.0,0.0,65.0,65.0,6.0,7.0,"rt;dur=0;desc=""Runtime init"", render;dur=65;desc=""Page render"", mw;dur=65;desc=""Total middleware"", db.total;dur=148;desc=""DB total"", db.count;dur=6;desc=""Query count"", db.first;dur=0;desc=""First query at"", db.last;dur=65;desc=""Last query at"", cache.hit;dur=6;desc=""Cache hits"", cache.miss;dur=7;desc=""Cache misses"" | D1_layout;dur=41.0;desc=""D1:layout"", D1_entry+recent;dur=44.0;desc=""D1:entry+recent"", D1_tags;dur=21.0;desc=""D1:tags"", total;dur=65.0;desc=""total"""
2026-10-05T22:58:54Z,bylines,browser,/category/technologia,200,MISS,remote-WAW,HAM,298.7,469.0,471.1,170.3,29676,7.0,171.0,0.0,50.0,50.0,2.0,6.0,"rt;dur=0;desc=""Runtime init"", render;dur=50;desc=""Page render"", mw;dur=50;desc=""Total middleware"", db.total;dur=171;desc=""DB total"", db.count;dur=7;desc=""Query count"", db.first;dur=0;desc=""First query at"", db.last;dur=50;desc=""Last query at"", cache.hit;dur=2;desc=""Cache hits"", cache.miss;dur=6;desc=""Cache misses"" | D1_layout;dur=50.0;desc=""D1:layout"", D1_term+posts;dur=50.0;desc=""D1:term+posts"", total;dur=50.0;desc=""total"" | cfEdge;dur=115,cfOrigin;dur=0"
2026-10-05T22:58:55Z,bylines,browser,/,200,MISS,remote-WAW,HAM,293.6,463.8,468.0,170.2,31324,5.0,125.0,0.0,62.0,62.0,2.0,6.0,"rt;dur=0;desc=""Runtime init"", render;dur=62;desc=""Page render"", mw;dur=62;desc=""Total middleware"", db.total;dur=125;desc=""DB total"", db.count;dur=5;desc=""Query count"", db.first;dur=0;desc=""First query at"", db.last;dur=62;desc=""Last query at"", cache.hit;dur=2;desc=""Cache hits"", cache.miss;dur=6;desc=""Cache misses"" | D1_posts;dur=42.0;desc=""D1:posts"", D1_layout;dur=42.0;desc=""D1:layout"", D1_all-tags;dur=20.0;desc=""D1:all-tags"", total;dur=62.0;desc=""total"" | cfEdge;dur=120,cfOrigin;dur=0"
2026-10-05T22:58:56Z,bylines,browser,/category/technologia,200,MISS,remote-WAW,HAM,140.4,308.2,316.9,167.8,29692,7.0,191.0,0.0,62.0,62.0,2.0,6.0,"rt;dur=0;desc=""Runtime init"", render;dur=62;desc=""Page render"", mw;dur=62;desc=""Total middleware"", db.total;dur=191;desc=""DB total"", db.count;dur=7;desc=""Query count"", db.first;dur=0;desc=""First query at"", db.last;dur=62;desc=""Last query at"", cache.hit;dur=2;desc=""Cache hits"", cache.miss;dur=6;desc=""Cache misses"" | D1_layout;dur=61.0;desc=""D1:layout"", D1_term+posts;dur=62.0;desc=""D1:term+posts"", total;dur=62.0;desc=""total"" | cfEdge;dur=122,cfOrigin;dur=0"
2026-10-05T22:58:56Z,bylines,curl,/posts/,200,MISS,remote-WAW,HAM,90.6,278.7,288.2,188.1,36896,5.0,120.0,0.0,63.0,63.0,2.0,6.0,"rt;dur=0;desc=""Runtime init"", render;dur=63;desc=""Page render"", mw;dur=63;desc=""Total middleware"", db.total;dur=120;desc=""DB total"", db.count;dur=5;desc=""Query count"", db.first;dur=0;desc=""First query at"", db.last;dur=63;desc=""Last query at"", cache.hit;dur=2;desc=""Cache hits"", cache.miss;dur=6;desc=""Cache misses"" | D1_posts;dur=44.0;desc=""D1:posts"", D1_layout;dur=44.0;desc=""D1:layout"", D1_all-tags;dur=19.0;desc=""D1:all-tags"", total;dur=63.0;desc=""total"""
2026-10-05T22:58:57Z,bylines,curl,/,200,MISS,remote-WAW,HAM,343.1,518.0,551.6,174.9,30965,5.0,120.0,0.0,64.0,64.0,2.0,6.0,"rt;dur=0;desc=""Runtime init"", render;dur=64;desc=""Page render"", mw;dur=64;desc=""Total middleware"", db.total;dur=120;desc=""DB total"", db.count;dur=5;desc=""Query count"", db.first;dur=0;desc=""First query at"", db.last;dur=64;desc=""Last query at"", cache.hit;dur=2;desc=""Cache hits"", cache.miss;dur=6;desc=""Cache misses"" | D1_posts;dur=44.0;desc=""D1:posts"", D1_layout;dur=44.0;desc=""D1:layout"", D1_all-tags;dur=20.0;desc=""D1:all-tags"", total;dur=64.0;desc=""total"""
2026-10-05T22:58:58Z,bylines,browser,/posts/architektura-emdash-typescript-astro,200,MISS,remote-WAW,HAM,126.9,315.2,355.1,188.3,34689,6.0,160.0,0.0,64.0,64.0,6.0,7.0,"rt;dur=0;desc=""Runtime init"", render;dur=64;desc=""Page render"", mw;dur=64;desc=""Total middleware"", db.total;dur=160;desc=""DB total"", db.count;dur=6;desc=""Query count"", db.first;dur=0;desc=""First query at"", db.last;dur=64;desc=""Last query at"", cache.hit;dur=6;desc=""Cache hits"", cache.miss;dur=7;desc=""Cache misses"" | D1_entry+recent;dur=47.0;desc=""D1:entry+recent"", D1_layout;dur=47.0;desc=""D1:layout"", D1_tags;dur=17.0;desc=""D1:tags"", total;dur=64.0;desc=""total"" | cfEdge;dur=133,cfOrigin;dur=0"
2026-10-05T22:58:58Z,bylines,curl,/category/technologia,200,MISS,remote-WAW,HAM,115.3,276.2,287.2,160.9,29313,7.0,166.0,0.0,48.0,48.0,2.0,6.0,"rt;dur=0;desc=""Runtime init"", render;dur=48;desc=""Page render"", mw;dur=48;desc=""Total middleware"", db.total;dur=166;desc=""DB total"", db.count;dur=7;desc=""Query count"", db.first;dur=0;desc=""First query at"", db.last;dur=48;desc=""Last query at"", cache.hit;dur=2;desc=""Cache hits"", cache.miss;dur=6;desc=""Cache misses"" | D1_layout;dur=46.0;desc=""D1:layout"", D1_term+posts;dur=48.0;desc=""D1:term+posts"", total;dur=48.0;desc=""total"""
2026-10-05T22:58:59Z,bylines,browser,/posts/,200,MISS,remote-WAW,HAM,92.9,275.5,281.5,182.6,37271,5.0,123.0,0.0,61.0,61.0,2.0,6.0,"rt;dur=0;desc=""Runtime init"", render;dur=61;desc=""Page render"", mw;dur=61;desc=""Total middleware"", db.total;dur=123;desc=""DB total"", db.count;dur=5;desc=""Query count"", db.first;dur=0;desc=""First query at"", db.last;dur=61;desc=""Last query at"", cache.hit;dur=2;desc=""Cache hits"", cache.miss;dur=6;desc=""Cache misses"" | D1_posts;dur=42.0;desc=""D1:posts"", D1_layout;dur=42.0;desc=""D1:layout"", D1_all-tags;dur=19.0;desc=""D1:all-tags"", total;dur=61.0;desc=""total"" | cfEdge;dur=129,cfOrigin;dur=0"
2026-10-05T22:58:59Z,bylines,curl,/posts/architektura-emdash-typescript-astro,200,MISS,remote-WAW,HAM,100.5,277.5,322.6,177.0,34302,6.0,151.0,0.0,64.0,64.0,6.0,7.0,"rt;dur=0;desc=""Runtime init"", render;dur=64;desc=""Page render"", mw;dur=64;desc=""Total middleware"", db.total;dur=151;desc=""DB total"", db.count;dur=6;desc=""Query count"", db.first;dur=0;desc=""First query at"", db.last;dur=64;desc=""Last query at"", cache.hit;dur=6;desc=""Cache hits"", cache.miss;dur=7;desc=""Cache misses"" | D1_entry+recent;dur=43.0;desc=""D1:entry+recent"", D1_layout;dur=43.0;desc=""D1:layout"", D1_tags;dur=21.0;desc=""D1:tags"", total;dur=64.0;desc=""total"""
2026-10-05T22:59:00Z,bylines,curl,/category/technologia,200,MISS,remote-WAW,HAM,123.2,281.4,291.3,158.2,29309,7.0,156.0,0.0,47.0,47.0,2.0,6.0,"rt;dur=0;desc=""Runtime init"", render;dur=47;desc=""Page render"", mw;dur=47;desc=""Total middleware"", db.total;dur=156;desc=""DB total"", db.count;dur=7;desc=""Query count"", db.first;dur=0;desc=""First query at"", db.last;dur=47;desc=""Last query at"", cache.hit;dur=2;desc=""Cache hits"", cache.miss;dur=6;desc=""Cache misses"" | D1_term+posts;dur=47.0;desc=""D1:term+posts"", D1_layout;dur=47.0;desc=""D1:layout"", total;dur=47.0;desc=""total"""
2026-10-05T22:59:00Z,bylines,curl,/posts/,200,MISS,remote-WAW,HAM,102.7,471.0,479.2,368.3,36905,5.0,314.0,0.0,247.0,247.0,2.0,6.0,"rt;dur=0;desc=""Runtime init"", render;dur=247;desc=""Page render"", mw;dur=247;desc=""Total middleware"", db.total;dur=314;desc=""DB total"", db.count;dur=5;desc=""Query count"", db.first;dur=0;desc=""First query at"", db.last;dur=247;desc=""Last query at"", cache.hit;dur=2;desc=""Cache hits"", cache.miss;dur=6;desc=""Cache misses"" | D1_layout;dur=41.0;desc=""D1:layout"", D1_posts;dur=229.0;desc=""D1:posts"", D1_all-tags;dur=18.0;desc=""D1:all-tags"", total;dur=247.0;desc=""total"""
2026-10-05T22:59:01Z,bylines,curl,/,200,MISS,remote-WAW,HAM,99.1,303.7,311.4,204.6,30949,5.0,168.0,0.0,80.0,80.0,2.0,6.0,"rt;dur=0;desc=""Runtime init"", render;dur=80;desc=""Page render"", mw;dur=80;desc=""Total middleware"", db.total;dur=168;desc=""DB total"", db.count;dur=5;desc=""Query count"", db.first;dur=0;desc=""First query at"", db.last;dur=80;desc=""Last query at"", cache.hit;dur=2;desc=""Cache hits"", cache.miss;dur=6;desc=""Cache misses"" | D1_layout;dur=53.0;desc=""D1:layout"", D1_posts;dur=58.0;desc=""D1:posts"", D1_all-tags;dur=22.0;desc=""D1:all-tags"", total;dur=80.0;desc=""total"""
2026-10-05T22:59:02Z,bylines,browser,/posts/architektura-emdash-typescript-astro,200,MISS,remote-WAW,HAM,110.0,296.1,349.9,186.1,34677,6.0,146.0,0.0,60.0,60.0,6.0,7.0,"rt;dur=0;desc=""Runtime init"", render;dur=60;desc=""Page render"", mw;dur=60;desc=""Total middleware"", db.total;dur=146;desc=""DB total"", db.count;dur=6;desc=""Query count"", db.first;dur=0;desc=""First query at"", db.last;dur=60;desc=""Last query at"", cache.hit;dur=6;desc=""Cache hits"", cache.miss;dur=7;desc=""Cache misses"" | D1_entry+recent;dur=39.0;desc=""D1:entry+recent"", D1_layout;dur=39.0;desc=""D1:layout"", D1_tags;dur=21.0;desc=""D1:tags"", total;dur=60.0;desc=""total"" | cfEdge;dur=126,cfOrigin;dur=0"
2026-10-05T22:59:02Z,bylines,browser,/posts/,200,MISS,remote-WAW,HAM,115.9,303.3,321.9,187.4,37263,5.0,131.0,0.0,66.0,66.0,2.0,6.0,"rt;dur=0;desc=""Runtime init"", render;dur=66;desc=""Page render"", mw;dur=66;desc=""Total middleware"", db.total;dur=131;desc=""DB total"", db.count;dur=5;desc=""Query count"", db.first;dur=0;desc=""First query at"", db.last;dur=66;desc=""Last query at"", cache.hit;dur=2;desc=""Cache hits"", cache.miss;dur=6;desc=""Cache misses"" | D1_layout;dur=42.0;desc=""D1:layout"", D1_posts;dur=44.0;desc=""D1:posts"", D1_all-tags;dur=22.0;desc=""D1:all-tags"", total;dur=66.0;desc=""total"" | cfEdge;dur=132,cfOrigin;dur=0"
2026-10-05T22:59:03Z,bylines,browser,/,200,MISS,remote-WAW,HAM,96.7,360.3,401.2,263.6,31324,5.0,109.0,0.0,55.0,55.0,2.0,6.0,"rt;dur=0;desc=""Runtime init"", render;dur=55;desc=""Page render"", mw;dur=55;desc=""Total middleware"", db.total;dur=109;desc=""DB total"", db.count;dur=5;desc=""Query count"", db.first;dur=0;desc=""First query at"", db.last;dur=55;desc=""Last query at"", cache.hit;dur=2;desc=""Cache hits"", cache.miss;dur=6;desc=""Cache misses"" | D1_posts;dur=37.0;desc=""D1:posts"", D1_layout;dur=37.0;desc=""D1:layout"", D1_all-tags;dur=18.0;desc=""D1:all-tags"", total;dur=55.0;desc=""total"" | cfEdge;dur=115,cfOrigin;dur=0"
2026-10-05T22:59:06Z,bylines,curl,/posts/architektura-emdash-typescript-astro,200,MISS,remote-WAW,HAM,2815.5,2987.0,3041.0,171.5,34322,6.0,159.0,0.0,63.0,63.0,6.0,7.0,"rt;dur=0;desc=""Runtime init"", render;dur=63;desc=""Page render"", mw;dur=63;desc=""Total middleware"", db.total;dur=159;desc=""DB total"", db.count;dur=6;desc=""Query count"", db.first;dur=0;desc=""First query at"", db.last;dur=63;desc=""Last query at"", cache.hit;dur=6;desc=""Cache hits"", cache.miss;dur=7;desc=""Cache misses"" | D1_layout;dur=42.0;desc=""D1:layout"", D1_entry+recent;dur=45.0;desc=""D1:entry+recent"", D1_tags;dur=18.0;desc=""D1:tags"", total;dur=63.0;desc=""total"""
2026-10-05T22:59:07Z,bylines,browser,/category/technologia,200,MISS,remote-WAW,HAM,363.3,525.6,561.1,162.3,29672,8.0,192.0,0.0,48.0,48.0,2.0,6.0,"rt;dur=0;desc=""Runtime init"", render;dur=48;desc=""Page render"", mw;dur=48;desc=""Total middleware"", db.total;dur=192;desc=""DB total"", db.count;dur=8;desc=""Query count"", db.first;dur=0;desc=""First query at"", db.last;dur=48;desc=""Last query at"", cache.hit;dur=2;desc=""Cache hits"", cache.miss;dur=6;desc=""Cache misses"" | D1_layout;dur=47.0;desc=""D1:layout"", D1_term+posts;dur=48.0;desc=""D1:term+posts"", total;dur=48.0;desc=""total"" | cfEdge;dur=118,cfOrigin;dur=0"
2026-10-05T22:59:07Z,bylines,browser,/posts/,200,MISS,remote-WAW,HAM,93.3,268.9,275.8,175.6,37263,6.0,167.0,0.0,68.0,68.0,2.0,6.0,"rt;dur=0;desc=""Runtime init"", render;dur=68;desc=""Page render"", mw;dur=68;desc=""Total middleware"", db.total;dur=167;desc=""DB total"", db.count;dur=6;desc=""Query count"", db.first;dur=0;desc=""First query at"", db.last;dur=68;desc=""Last query at"", cache.hit;dur=2;desc=""Cache hits"", cache.miss;dur=6;desc=""Cache misses"" | D1_layout;dur=44.0;desc=""D1:layout"", D1_posts;dur=47.0;desc=""D1:posts"", D1_all-tags;dur=21.0;desc=""D1:all-tags"", total;dur=68.0;desc=""total"" | cfEdge;dur=130,cfOrigin;dur=0"
2026-10-05T22:59:08Z,bylines,curl,/posts/architektura-emdash-typescript-astro,200,MISS,remote-WAW,HAM,384.4,628.0,630.2,243.6,34322,6.0,154.0,0.0,61.0,61.0,6.0,7.0,"rt;dur=0;desc=""Runtime init"", render;dur=61;desc=""Page render"", mw;dur=61;desc=""Total middleware"", db.total;dur=154;desc=""DB total"", db.count;dur=6;desc=""Query count"", db.first;dur=0;desc=""First query at"", db.last;dur=61;desc=""Last query at"", cache.hit;dur=6;desc=""Cache hits"", cache.miss;dur=7;desc=""Cache misses"" | D1_entry+recent;dur=44.0;desc=""D1:entry+recent"", D1_layout;dur=44.0;desc=""D1:layout"", D1_tags;dur=17.0;desc=""D1:tags"", total;dur=61.0;desc=""total"""
2026-10-05T22:59:09Z,bylines,browser,/,200,MISS,remote-WAW,HAM,472.0,657.8,681.9,185.8,31316,6.0,172.0,0.0,72.0,72.0,2.0,6.0,"rt;dur=0;desc=""Runtime init"", render;dur=72;desc=""Page render"", mw;dur=72;desc=""Total middleware"", db.total;dur=172;desc=""DB total"", db.count;dur=6;desc=""Query count"", db.first;dur=0;desc=""First query at"", db.last;dur=72;desc=""Last query at"", cache.hit;dur=2;desc=""Cache hits"", cache.miss;dur=6;desc=""Cache misses"" | D1_posts;dur=46.0;desc=""D1:posts"", D1_layout;dur=46.0;desc=""D1:layout"", D1_all-tags;dur=26.0;desc=""D1:all-tags"", total;dur=72.0;desc=""total"" | cfEdge;dur=137,cfOrigin;dur=0"
2026-10-05T22:59:10Z,bylines,browser,/category/technologia,200,MISS,remote-WAW,HAM,443.2,616.1,619.5,172.9,29680,7.0,170.0,0.0,49.0,49.0,2.0,6.0,"rt;dur=0;desc=""Runtime init"", render;dur=49;desc=""Page render"", mw;dur=49;desc=""Total middleware"", db.total;dur=170;desc=""DB total"", db.count;dur=7;desc=""Query count"", db.first;dur=0;desc=""First query at"", db.last;dur=49;desc=""Last query at"", cache.hit;dur=2;desc=""Cache hits"", cache.miss;dur=6;desc=""Cache misses"" | D1_layout;dur=47.0;desc=""D1:layout"", D1_term+posts;dur=49.0;desc=""D1:term+posts"", total;dur=49.0;desc=""total"" | cfEdge;dur=108,cfOrigin;dur=0"
2026-10-05T22:59:11Z,bylines,curl,/posts/,200,MISS,remote-WAW,HAM,469.6,647.7,674.1,178.1,36908,5.0,126.0,0.0,62.0,62.0,2.0,6.0,"rt;dur=0;desc=""Runtime init"", render;dur=62;desc=""Page render"", mw;dur=62;desc=""Total middleware"", db.total;dur=126;desc=""DB total"", db.count;dur=5;desc=""Query count"", db.first;dur=0;desc=""First query at"", db.last;dur=62;desc=""Last query at"", cache.hit;dur=2;desc=""Cache hits"", cache.miss;dur=6;desc=""Cache misses"" | D1_posts;dur=43.0;desc=""D1:posts"", D1_layout;dur=43.0;desc=""D1:layout"", D1_all-tags;dur=19.0;desc=""D1:all-tags"", total;dur=62.0;desc=""total"""
2026-10-05T22:59:12Z,bylines,browser,/posts/architektura-emdash-typescript-astro,200,MISS,remote-WAW,HAM,273.3,648.6,702.9,375.3,34678,6.0,365.0,0.0,259.0,259.0,6.0,7.0,"rt;dur=0;desc=""Runtime init"", render;dur=259;desc=""Page render"", mw;dur=259;desc=""Total middleware"", db.total;dur=365;desc=""DB total"", db.count;dur=6;desc=""Query count"", db.first;dur=0;desc=""First query at"", db.last;dur=259;desc=""Last query at"", cache.hit;dur=6;desc=""Cache hits"", cache.miss;dur=7;desc=""Cache misses"" | D1_layout;dur=49.0;desc=""D1:layout"", D1_entry+recent;dur=238.0;desc=""D1:entry+recent"", D1_tags;dur=21.0;desc=""D1:tags"", total;dur=259.0;desc=""total"" | cfEdge;dur=324,cfOrigin;dur=0"
2026-10-05T22:59:12Z,bylines,curl,/category/technologia,200,MISS,remote-WAW,HAM,113.9,293.4,299.2,179.5,29321,7.0,176.0,0.0,55.0,55.0,2.0,6.0,"rt;dur=0;desc=""Runtime init"", render;dur=55;desc=""Page render"", mw;dur=55;desc=""Total middleware"", db.total;dur=176;desc=""DB total"", db.count;dur=7;desc=""Query count"", db.first;dur=0;desc=""First query at"", db.last;dur=55;desc=""Last query at"", cache.hit;dur=2;desc=""Cache hits"", cache.miss;dur=6;desc=""Cache misses"" | D1_layout;dur=43.0;desc=""D1:layout"", D1_term+posts;dur=55.0;desc=""D1:term+posts"", total;dur=55.0;desc=""total"""
2026-10-05T22:59:13Z,bylines,curl,/,200,MISS,remote-WAW,HAM,121.3,282.8,290.3,161.5,30949,5.0,110.0,0.0,55.0,55.0,2.0,6.0,"rt;dur=0;desc=""Runtime init"", render;dur=55;desc=""Page render"", mw;dur=55;desc=""Total middleware"", db.total;dur=110;desc=""DB total"", db.count;dur=5;desc=""Query count"", db.first;dur=0;desc=""First query at"", db.last;dur=55;desc=""Last query at"", cache.hit;dur=2;desc=""Cache hits"", cache.miss;dur=6;desc=""Cache misses"" | D1_posts;dur=38.0;desc=""D1:posts"", D1_layout;dur=38.0;desc=""D1:layout"", D1_all-tags;dur=17.0;desc=""D1:all-tags"", total;dur=55.0;desc=""total"""
2026-10-05T22:59:13Z,bylines,browser,/category/technologia,200,MISS,remote-WAW,HAM,100.6,255.2,262.5,154.6,29680,7.0,142.0,0.0,45.0,45.0,2.0,6.0,"rt;dur=0;desc=""Runtime init"", render;dur=45;desc=""Page render"", mw;dur=45;desc=""Total middleware"", db.total;dur=142;desc=""DB total"", db.count;dur=7;desc=""Query count"", db.first;dur=0;desc=""First query at"", db.last;dur=45;desc=""Last query at"", cache.hit;dur=2;desc=""Cache hits"", cache.miss;dur=6;desc=""Cache misses"" | D1_layout;dur=44.0;desc=""D1:layout"", D1_term+posts;dur=45.0;desc=""D1:term+posts"", total;dur=45.0;desc=""total"" | cfEdge;dur=105,cfOrigin;dur=0"
2026-10-05T22:59:14Z,bylines,curl,/,200,MISS,remote-WAW,HAM,87.1,254.9,262.2,167.8,30941,5.0,109.0,0.0,56.0,56.0,2.0,6.0,"rt;dur=0;desc=""Runtime init"", render;dur=56;desc=""Page render"", mw;dur=56;desc=""Total middleware"", db.total;dur=109;desc=""DB total"", db.count;dur=5;desc=""Query count"", db.first;dur=0;desc=""First query at"", db.last;dur=56;desc=""Last query at"", cache.hit;dur=2;desc=""Cache hits"", cache.miss;dur=6;desc=""Cache misses"" | D1_layout;dur=32.0;desc=""D1:layout"", D1_posts;dur=38.0;desc=""D1:posts"", D1_all-tags;dur=18.0;desc=""D1:all-tags"", total;dur=56.0;desc=""total"""
2026-10-05T22:59:15Z,bylines,browser,/posts/architektura-emdash-typescript-astro,200,MISS,remote-WAW,HAM,116.5,310.4,357.6,193.9,34673,6.0,156.0,0.0,68.0,68.0,6.0,7.0,"rt;dur=0;desc=""Runtime init"", render;dur=68;desc=""Page render"", mw;dur=68;desc=""Total middleware"", db.total;dur=156;desc=""DB total"", db.count;dur=6;desc=""Query count"", db.first;dur=0;desc=""First query at"", db.last;dur=68;desc=""Last query at"", cache.hit;dur=6;desc=""Cache hits"", cache.miss;dur=7;desc=""Cache misses"" | D1_layout;dur=36.0;desc=""D1:layout"", D1_entry+recent;dur=49.0;desc=""D1:entry+recent"", D1_tags;dur=19.0;desc=""D1:tags"", total;dur=68.0;desc=""total"" | cfEdge;dur=144,cfOrigin;dur=0"
2026-10-05T22:59:15Z,bylines,curl,/posts/,200,MISS,remote-WAW,HAM,98.4,275.8,284.8,177.4,36908,5.0,125.0,0.0,62.0,62.0,2.0,6.0,"rt;dur=0;desc=""Runtime init"", render;dur=62;desc=""Page render"", mw;dur=62;desc=""Total middleware"", db.total;dur=125;desc=""DB total"", db.count;dur=5;desc=""Query count"", db.first;dur=0;desc=""First query at"", db.last;dur=62;desc=""Last query at"", cache.hit;dur=2;desc=""Cache hits"", cache.miss;dur=6;desc=""Cache misses"" | D1_posts;dur=41.0;desc=""D1:posts"", D1_layout;dur=41.0;desc=""D1:layout"", D1_all-tags;dur=21.0;desc=""D1:all-tags"", total;dur=62.0;desc=""total"""
2026-10-05T22:59:16Z,bylines,browser,/,200,MISS,remote-WAW,HAM,111.0,286.1,292.3,175.1,31316,5.0,150.0,0.0,68.0,68.0,2.0,6.0,"rt;dur=0;desc=""Runtime init"", render;dur=68;desc=""Page render"", mw;dur=68;desc=""Total middleware"", db.total;dur=150;desc=""DB total"", db.count;dur=5;desc=""Query count"", db.first;dur=0;desc=""First query at"", db.last;dur=68;desc=""Last query at"", cache.hit;dur=2;desc=""Cache hits"", cache.miss;dur=6;desc=""Cache misses"" | D1_layout;dur=47.0;desc=""D1:layout"", D1_posts;dur=50.0;desc=""D1:posts"", D1_all-tags;dur=18.0;desc=""D1:all-tags"", total;dur=68.0;desc=""total"" | cfEdge;dur=126,cfOrigin;dur=0"
2026-10-05T22:59:16Z,bylines,curl,/category/technologia,200,MISS,remote-WAW,HAM,90.8,259.0,261.1,168.2,29313,7.0,150.0,0.0,50.0,50.0,2.0,6.0,"rt;dur=0;desc=""Runtime init"", render;dur=50;desc=""Page render"", mw;dur=50;desc=""Total middleware"", db.total;dur=150;desc=""DB total"", db.count;dur=7;desc=""Query count"", db.first;dur=0;desc=""First query at"", db.last;dur=50;desc=""Last query at"", cache.hit;dur=2;desc=""Cache hits"", cache.miss;dur=6;desc=""Cache misses"" | D1_layout;dur=44.0;desc=""D1:layout"", D1_term+posts;dur=50.0;desc=""D1:term+posts"", total;dur=50.0;desc=""total"""
2026-10-05T22:59:17Z,bylines,browser,/posts/,200,MISS,remote-WAW,HAM,196.9,373.2,393.2,176.3,37283,5.0,129.0,0.0,68.0,68.0,2.0,6.0,"rt;dur=0;desc=""Runtime init"", render;dur=68;desc=""Page render"", mw;dur=68;desc=""Total middleware"", db.total;dur=129;desc=""DB total"", db.count;dur=5;desc=""Query count"", db.first;dur=0;desc=""First query at"", db.last;dur=68;desc=""Last query at"", cache.hit;dur=2;desc=""Cache hits"", cache.miss;dur=6;desc=""Cache misses"" | D1_layout;dur=40.0;desc=""D1:layout"", D1_posts;dur=51.0;desc=""D1:posts"", D1_all-tags;dur=17.0;desc=""D1:all-tags"", total;dur=68.0;desc=""total"" | cfEdge;dur=129,cfOrigin;dur=0"
2026-10-05T22:59:17Z,bylines,curl,/posts/architektura-emdash-typescript-astro,200,MISS,remote-WAW,HAM,107.4,294.8,341.3,187.4,34302,6.0,180.0,0.0,76.0,76.0,6.0,7.0,"rt;dur=0;desc=""Runtime init"", render;dur=76;desc=""Page render"", mw;dur=76;desc=""Total middleware"", db.total;dur=180;desc=""DB total"", db.count;dur=6;desc=""Query count"", db.first;dur=0;desc=""First query at"", db.last;dur=76;desc=""Last query at"", cache.hit;dur=6;desc=""Cache hits"", cache.miss;dur=7;desc=""Cache misses"" | D1_layout;dur=46.0;desc=""D1:layout"", D1_entry+recent;dur=56.0;desc=""D1:entry+recent"", D1_tags;dur=20.0;desc=""D1:tags"", total;dur=76.0;desc=""total"""
2026-10-05T22:59:18Z,bylines,curl,/posts/architektura-emdash-typescript-astro,200,MISS,remote-WAW,HAM,114.3,283.5,327.6,169.2,34314,6.0,143.0,0.0,57.0,57.0,6.0,7.0,"rt;dur=0;desc=""Runtime init"", render;dur=57;desc=""Page render"", mw;dur=57;desc=""Total middleware"", db.total;dur=143;desc=""DB total"", db.count;dur=6;desc=""Query count"", db.first;dur=0;desc=""First query at"", db.last;dur=57;desc=""Last query at"", cache.hit;dur=6;desc=""Cache hits"", cache.miss;dur=7;desc=""Cache misses"" | D1_layout;dur=36.0;desc=""D1:layout"", D1_entry+recent;dur=36.0;desc=""D1:entry+recent"", D1_tags;dur=21.0;desc=""D1:tags"", total;dur=57.0;desc=""total"""
2026-10-05T22:59:18Z,bylines,curl,/,200,MISS,remote-WAW,HAM,103.0,276.2,282.0,173.2,30945,5.0,119.0,0.0,61.0,61.0,2.0,6.0,"rt;dur=0;desc=""Runtime init"", render;dur=61;desc=""Page render"", mw;dur=61;desc=""Total middleware"", db.total;dur=119;desc=""DB total"", db.count;dur=5;desc=""Query count"", db.first;dur=0;desc=""First query at"", db.last;dur=61;desc=""Last query at"", cache.hit;dur=2;desc=""Cache hits"", cache.miss;dur=6;desc=""Cache misses"" | D1_posts;dur=43.0;desc=""D1:posts"", D1_layout;dur=43.0;desc=""D1:layout"", D1_all-tags;dur=18.0;desc=""D1:all-tags"", total;dur=61.0;desc=""total"""
2026-10-05T22:59:19Z,bylines,browser,/,200,MISS,remote-WAW,HAM,85.5,259.4,272.3,173.9,31340,5.0,126.0,0.0,66.0,66.0,2.0,6.0,"rt;dur=0;desc=""Runtime init"", render;dur=66;desc=""Page render"", mw;dur=66;desc=""Total middleware"", db.total;dur=126;desc=""DB total"", db.count;dur=5;desc=""Query count"", db.first;dur=0;desc=""First query at"", db.last;dur=66;desc=""Last query at"", cache.hit;dur=2;desc=""Cache hits"", cache.miss;dur=6;desc=""Cache misses"" | D1_posts;dur=44.0;desc=""D1:posts"", D1_layout;dur=44.0;desc=""D1:layout"", D1_all-tags;dur=22.0;desc=""D1:all-tags"", total;dur=66.0;desc=""total"" | cfEdge;dur=126,cfOrigin;dur=0"
2026-10-05T22:59:20Z,bylines,browser,/category/technologia,200,MISS,remote-WAW,HAM,239.9,404.5,423.7,164.6,29672,7.0,222.0,0.0,62.0,62.0,2.0,6.0,"rt;dur=0;desc=""Runtime init"", render;dur=62;desc=""Page render"", mw;dur=62;desc=""Total middleware"", db.total;dur=222;desc=""DB total"", db.count;dur=7;desc=""Query count"", db.first;dur=0;desc=""First query at"", db.last;dur=62;desc=""Last query at"", cache.hit;dur=2;desc=""Cache hits"", cache.miss;dur=6;desc=""Cache misses"" | D1_layout;dur=61.0;desc=""D1:layout"", D1_term+posts;dur=62.0;desc=""D1:term+posts"", total;dur=62.0;desc=""total"" | cfEdge;dur=119,cfOrigin;dur=0"
2026-10-05T22:59:20Z,bylines,browser,/posts/,200,MISS,remote-WAW,HAM,96.8,270.3,277.3,173.5,37271,5.0,125.0,0.0,66.0,66.0,2.0,6.0,"rt;dur=0;desc=""Runtime init"", render;dur=66;desc=""Page render"", mw;dur=66;desc=""Total middleware"", db.total;dur=125;desc=""DB total"", db.count;dur=5;desc=""Query count"", db.first;dur=0;desc=""First query at"", db.last;dur=66;desc=""Last query at"", cache.hit;dur=2;desc=""Cache hits"", cache.miss;dur=6;desc=""Cache misses"" | D1_posts;dur=45.0;desc=""D1:posts"", D1_layout;dur=45.0;desc=""D1:layout"", D1_all-tags;dur=21.0;desc=""D1:all-tags"", total;dur=66.0;desc=""total"" | cfEdge;dur=129,cfOrigin;dur=0"
2026-10-05T22:59:21Z,bylines,browser,/posts/architektura-emdash-typescript-astro,200,MISS,remote-WAW,HAM,89.1,262.0,310.6,172.9,34705,6.0,160.0,0.0,63.0,63.0,6.0,7.0,"rt;dur=0;desc=""Runtime init"", render;dur=63;desc=""Page render"", mw;dur=63;desc=""Total middleware"", db.total;dur=160;desc=""DB total"", db.count;dur=6;desc=""Query count"", db.first;dur=0;desc=""First query at"", db.last;dur=63;desc=""Last query at"", cache.hit;dur=6;desc=""Cache hits"", cache.miss;dur=7;desc=""Cache misses"" | D1_entry+recent;dur=41.0;desc=""D1:entry+recent"", D1_layout;dur=41.0;desc=""D1:layout"", D1_tags;dur=22.0;desc=""D1:tags"", total;dur=63.0;desc=""total"" | cfEdge;dur=125,cfOrigin;dur=0"
2026-10-05T22:59:21Z,bylines,curl,/category/technologia,200,MISS,remote-WAW,HAM,108.1,273.4,278.2,165.3,29313,7.0,166.0,0.0,47.0,47.0,2.0,6.0,"rt;dur=0;desc=""Runtime init"", render;dur=47;desc=""Page render"", mw;dur=47;desc=""Total middleware"", db.total;dur=166;desc=""DB total"", db.count;dur=7;desc=""Query count"", db.first;dur=0;desc=""First query at"", db.last;dur=47;desc=""Last query at"", cache.hit;dur=2;desc=""Cache hits"", cache.miss;dur=6;desc=""Cache misses"" | D1_layout;dur=46.0;desc=""D1:layout"", D1_term+posts;dur=47.0;desc=""D1:term+posts"", total;dur=47.0;desc=""total"""
2026-10-05T22:59:22Z,bylines,curl,/posts/,200,MISS,remote-WAW,HAM,121.7,304.6,312.8,182.9,36904,5.0,114.0,0.0,60.0,60.0,2.0,6.0,"rt;dur=0;desc=""Runtime init"", render;dur=60;desc=""Page render"", mw;dur=60;desc=""Total middleware"", db.total;dur=114;desc=""DB total"", db.count;dur=5;desc=""Query count"", db.first;dur=0;desc=""First query at"", db.last;dur=60;desc=""Last query at"", cache.hit;dur=2;desc=""Cache hits"", cache.miss;dur=6;desc=""Cache misses"" | D1_posts;dur=38.0;desc=""D1:posts"", D1_layout;dur=38.0;desc=""D1:layout"", D1_all-tags;dur=22.0;desc=""D1:all-tags"", total;dur=60.0;desc=""total"""
2026-10-05T22:59:23Z,bylines,curl,/posts/,200,MISS,remote-WAW,HAM,484.5,656.7,829.1,172.2,36908,5.0,122.0,0.0,63.0,63.0,2.0,6.0,"rt;dur=0;desc=""Runtime init"", render;dur=63;desc=""Page render"", mw;dur=63;desc=""Total middleware"", db.total;dur=122;desc=""DB total"", db.count;dur=5;desc=""Query count"", db.first;dur=0;desc=""First query at"", db.last;dur=63;desc=""Last query at"", cache.hit;dur=2;desc=""Cache hits"", cache.miss;dur=6;desc=""Cache misses"" | D1_posts;dur=43.0;desc=""D1:posts"", D1_layout;dur=43.0;desc=""D1:layout"", D1_all-tags;dur=20.0;desc=""D1:all-tags"", total;dur=63.0;desc=""total"""
2026-10-05T22:59:24Z,bylines,curl,/category/technologia,200,MISS,remote-WAW,HAM,293.4,639.9,641.9,346.5,29310,7.0,277.0,0.0,167.0,167.0,2.0,6.0,"rt;dur=0;desc=""Runtime init"", render;dur=167;desc=""Page render"", mw;dur=167;desc=""Total middleware"", db.total;dur=277;desc=""DB total"", db.count;dur=7;desc=""Query count"", db.first;dur=0;desc=""First query at"", db.last;dur=167;desc=""Last query at"", cache.hit;dur=2;desc=""Cache hits"", cache.miss;dur=6;desc=""Cache misses"" | D1_layout;dur=39.0;desc=""D1:layout"", D1_term+posts;dur=167.0;desc=""D1:term+posts"", total;dur=167.0;desc=""total"""
2026-10-05T22:59:25Z,bylines,browser,/posts/,200,MISS,remote-WAW,HAM,470.2,650.7,676.3,180.5,37271,5.0,114.0,0.0,63.0,63.0,2.0,6.0,"rt;dur=0;desc=""Runtime init"", render;dur=63;desc=""Page render"", mw;dur=63;desc=""Total middleware"", db.total;dur=114;desc=""DB total"", db.count;dur=5;desc=""Query count"", db.first;dur=0;desc=""First query at"", db.last;dur=63;desc=""Last query at"", cache.hit;dur=2;desc=""Cache hits"", cache.miss;dur=6;desc=""Cache misses"" | D1_posts;dur=43.0;desc=""D1:posts"", D1_layout;dur=43.0;desc=""D1:layout"", D1_all-tags;dur=20.0;desc=""D1:all-tags"", total;dur=63.0;desc=""total"" | cfEdge;dur=122,cfOrigin;dur=0"
2026-10-05T22:59:25Z,bylines,browser,/category/technologia,200,MISS,remote-WAW,HAM,75.9,223.8,230.2,147.9,29672,7.0,174.0,0.0,51.0,51.0,2.0,6.0,"rt;dur=0;desc=""Runtime init"", render;dur=51;desc=""Page render"", mw;dur=51;desc=""Total middleware"", db.total;dur=174;desc=""DB total"", db.count;dur=7;desc=""Query count"", db.first;dur=0;desc=""First query at"", db.last;dur=51;desc=""Last query at"", cache.hit;dur=2;desc=""Cache hits"", cache.miss;dur=6;desc=""Cache misses"" | D1_layout;dur=48.0;desc=""D1:layout"", D1_term+posts;dur=51.0;desc=""D1:term+posts"", total;dur=51.0;desc=""total"" | cfEdge;dur=112,cfOrigin;dur=0"
2026-10-05T22:59:26Z,bylines,curl,/posts/architektura-emdash-typescript-astro,200,MISS,remote-WAW,HAM,87.1,278.6,419.2,191.5,34330,6.0,223.0,0.0,83.0,83.0,6.0,7.0,"rt;dur=0;desc=""Runtime init"", render;dur=83;desc=""Page render"", mw;dur=83;desc=""Total middleware"", db.total;dur=223;desc=""DB total"", db.count;dur=6;desc=""Query count"", db.first;dur=0;desc=""First query at"", db.last;dur=83;desc=""Last query at"", cache.hit;dur=6;desc=""Cache hits"", cache.miss;dur=7;desc=""Cache misses"" | D1_entry+recent;dur=58.0;desc=""D1:entry+recent"", D1_layout;dur=58.0;desc=""D1:layout"", D1_tags;dur=25.0;desc=""D1:tags"", total;dur=83.0;desc=""total"""
2026-10-05T22:59:26Z,bylines,browser,/posts/architektura-emdash-typescript-astro,200,MISS,remote-WAW,HAM,130.3,316.1,376.9,185.8,34689,6.0,140.0,0.0,56.0,56.0,6.0,7.0,"rt;dur=0;desc=""Runtime init"", render;dur=56;desc=""Page render"", mw;dur=56;desc=""Total middleware"", db.total;dur=140;desc=""DB total"", db.count;dur=6;desc=""Query count"", db.first;dur=0;desc=""First query at"", db.last;dur=56;desc=""Last query at"", cache.hit;dur=6;desc=""Cache hits"", cache.miss;dur=7;desc=""Cache misses"" | D1_entry+recent;dur=37.0;desc=""D1:entry+recent"", D1_layout;dur=37.0;desc=""D1:layout"", D1_tags;dur=19.0;desc=""D1:tags"", total;dur=56.0;desc=""total"" | cfEdge;dur=118,cfOrigin;dur=0"
2026-10-05T22:59:27Z,bylines,browser,/,200,MISS,remote-WAW,HAM,234.7,413.2,424.3,178.5,31304,5.0,111.0,0.0,65.0,65.0,2.0,6.0,"rt;dur=0;desc=""Runtime init"", render;dur=65;desc=""Page render"", mw;dur=65;desc=""Total middleware"", db.total;dur=111;desc=""DB total"", db.count;dur=5;desc=""Query count"", db.first;dur=0;desc=""First query at"", db.last;dur=65;desc=""Last query at"", cache.hit;dur=2;desc=""Cache hits"", cache.miss;dur=6;desc=""Cache misses"" | D1_posts;dur=39.0;desc=""D1:posts"", D1_layout;dur=39.0;desc=""D1:layout"", D1_all-tags;dur=26.0;desc=""D1:all-tags"", total;dur=65.0;desc=""total"" | cfEdge;dur=131,cfOrigin;dur=0"
2026-10-05T22:59:28Z,bylines,curl,/,200,MISS,remote-WAW,HAM,430.8,605.5,628.5,174.7,30961,5.0,120.0,0.0,58.0,58.0,2.0,6.0,"rt;dur=0;desc=""Runtime init"", render;dur=58;desc=""Page render"", mw;dur=58;desc=""Total middleware"", db.total;dur=120;desc=""DB total"", db.count;dur=5;desc=""Query count"", db.first;dur=0;desc=""First query at"", db.last;dur=58;desc=""Last query at"", cache.hit;dur=2;desc=""Cache hits"", cache.miss;dur=6;desc=""Cache misses"" | D1_posts;dur=38.0;desc=""D1:posts"", D1_layout;dur=38.0;desc=""D1:layout"", D1_all-tags;dur=20.0;desc=""D1:all-tags"", total;dur=58.0;desc=""total"""
2026-10-05T22:59:29Z,bylines,curl,/posts/,200,MISS,remote-WAW,HAM,433.9,605.2,764.9,171.3,36900,5.0,124.0,0.0,67.0,67.0,2.0,6.0,"rt;dur=0;desc=""Runtime init"", render;dur=67;desc=""Page render"", mw;dur=67;desc=""Total middleware"", db.total;dur=124;desc=""DB total"", db.count;dur=5;desc=""Query count"", db.first;dur=0;desc=""First query at"", db.last;dur=67;desc=""Last query at"", cache.hit;dur=2;desc=""Cache hits"", cache.miss;dur=6;desc=""Cache misses"" | D1_posts;dur=43.0;desc=""D1:posts"", D1_layout;dur=43.0;desc=""D1:layout"", D1_all-tags;dur=24.0;desc=""D1:all-tags"", total;dur=67.0;desc=""total"""
2026-10-05T22:59:30Z,bylines,curl,/,200,MISS,remote-WAW,HAM,309.2,521.9,523.1,212.7,30945,5.0,131.0,0.0,66.0,66.0,2.0,6.0,"rt;dur=0;desc=""Runtime init"", render;dur=66;desc=""Page render"", mw;dur=66;desc=""Total middleware"", db.total;dur=131;desc=""DB total"", db.count;dur=5;desc=""Query count"", db.first;dur=0;desc=""First query at"", db.last;dur=66;desc=""Last query at"", cache.hit;dur=2;desc=""Cache hits"", cache.miss;dur=6;desc=""Cache misses"" | D1_posts;dur=43.0;desc=""D1:posts"", D1_layout;dur=43.0;desc=""D1:layout"", D1_all-tags;dur=23.0;desc=""D1:all-tags"", total;dur=66.0;desc=""total"""
2026-10-05T22:59:30Z,bylines,curl,/category/technologia,200,MISS,remote-WAW,HAM,256.2,426.8,431.0,170.6,29317,7.0,146.0,0.0,43.0,43.0,2.0,6.0,"rt;dur=0;desc=""Runtime init"", render;dur=43;desc=""Page render"", mw;dur=43;desc=""Total middleware"", db.total;dur=146;desc=""DB total"", db.count;dur=7;desc=""Query count"", db.first;dur=0;desc=""First query at"", db.last;dur=43;desc=""Last query at"", cache.hit;dur=2;desc=""Cache hits"", cache.miss;dur=6;desc=""Cache misses"" | D1_layout;dur=43.0;desc=""D1:layout"", D1_term+posts;dur=43.0;desc=""D1:term+posts"", total;dur=43.0;desc=""total"""
2026-10-05T22:59:32Z,bylines,curl,/posts/architektura-emdash-typescript-astro,200,MISS,remote-WAW,HAM,483.0,852.3,1009.3,369.3,34331,6.0,359.0,0.0,258.0,258.0,6.0,7.0,"rt;dur=0;desc=""Runtime init"", render;dur=258;desc=""Page render"", mw;dur=258;desc=""Total middleware"", db.total;dur=359;desc=""DB total"", db.count;dur=6;desc=""Query count"", db.first;dur=0;desc=""First query at"", db.last;dur=258;desc=""Last query at"", cache.hit;dur=6;desc=""Cache hits"", cache.miss;dur=7;desc=""Cache misses"" | D1_layout;dur=43.0;desc=""D1:layout"", D1_entry+recent;dur=238.0;desc=""D1:entry+recent"", D1_tags;dur=20.0;desc=""D1:tags"", total;dur=258.0;desc=""total"""
2026-10-05T22:59:32Z,bylines,browser,/category/technologia,200,MISS,remote-WAW,HAM,286.9,459.0,460.2,172.1,29688,7.0,153.0,0.0,49.0,49.0,2.0,6.0,"rt;dur=0;desc=""Runtime init"", render;dur=49;desc=""Page render"", mw;dur=49;desc=""Total middleware"", db.total;dur=153;desc=""DB total"", db.count;dur=7;desc=""Query count"", db.first;dur=0;desc=""First query at"", db.last;dur=49;desc=""Last query at"", cache.hit;dur=2;desc=""Cache hits"", cache.miss;dur=6;desc=""Cache misses"" | D1_layout;dur=40.0;desc=""D1:layout"", D1_term+posts;dur=49.0;desc=""D1:term+posts"", total;dur=49.0;desc=""total"" | cfEdge;dur=110,cfOrigin;dur=0"
2026-10-05T22:59:33Z,bylines,browser,/,200,MISS,remote-WAW,HAM,92.4,277.8,286.1,185.4,31308,5.0,178.0,0.0,85.0,85.0,2.0,6.0,"rt;dur=0;desc=""Runtime init"", render;dur=85;desc=""Page render"", mw;dur=85;desc=""Total middleware"", db.total;dur=178;desc=""DB total"", db.count;dur=5;desc=""Query count"", db.first;dur=0;desc=""First query at"", db.last;dur=85;desc=""Last query at"", cache.hit;dur=2;desc=""Cache hits"", cache.miss;dur=6;desc=""Cache misses"" | D1_layout;dur=59.0;desc=""D1:layout"", D1_posts;dur=65.0;desc=""D1:posts"", D1_all-tags;dur=20.0;desc=""D1:all-tags"", total;dur=85.0;desc=""total"" | cfEdge;dur=148,cfOrigin;dur=0"
2026-10-05T22:59:33Z,bylines,browser,/posts/,200,MISS,remote-WAW,HAM,80.4,245.2,252.4,164.8,37283,5.0,118.0,0.0,67.0,67.0,2.0,6.0,"rt;dur=0;desc=""Runtime init"", render;dur=67;desc=""Page render"", mw;dur=67;desc=""Total middleware"", db.total;dur=118;desc=""DB total"", db.count;dur=5;desc=""Query count"", db.first;dur=0;desc=""First query at"", db.last;dur=67;desc=""Last query at"", cache.hit;dur=2;desc=""Cache hits"", cache.miss;dur=6;desc=""Cache misses"" | D1_posts;dur=45.0;desc=""D1:posts"", D1_layout;dur=45.0;desc=""D1:layout"", D1_all-tags;dur=22.0;desc=""D1:all-tags"", total;dur=67.0;desc=""total"" | cfEdge;dur=127,cfOrigin;dur=0"
2026-10-05T22:59:34Z,bylines,browser,/posts/architektura-emdash-typescript-astro,200,MISS,remote-WAW,HAM,92.2,262.6,387.9,170.4,34697,6.0,149.0,0.0,64.0,64.0,6.0,7.0,"rt;dur=0;desc=""Runtime init"", render;dur=64;desc=""Page render"", mw;dur=64;desc=""Total middleware"", db.total;dur=149;desc=""DB total"", db.count;dur=6;desc=""Query count"", db.first;dur=0;desc=""First query at"", db.last;dur=64;desc=""Last query at"", cache.hit;dur=6;desc=""Cache hits"", cache.miss;dur=7;desc=""Cache misses"" | D1_entry+recent;dur=47.0;desc=""D1:entry+recent"", D1_layout;dur=47.0;desc=""D1:layout"", D1_tags;dur=17.0;desc=""D1:tags"", total;dur=64.0;desc=""total"" | cfEdge;dur=127,cfOrigin;dur=0"
2026-10-05T22:59:35Z,bylines,curl,/,200,MISS,remote-WAW,HAM,117.7,503.7,506.7,386.0,30942,5.0,346.0,0.0,277.0,277.0,2.0,6.0,"rt;dur=0;desc=""Runtime init"", render;dur=277;desc=""Page render"", mw;dur=277;desc=""Total middleware"", db.total;dur=346;desc=""DB total"", db.count;dur=5;desc=""Query count"", db.first;dur=0;desc=""First query at"", db.last;dur=277;desc=""Last query at"", cache.hit;dur=2;desc=""Cache hits"", cache.miss;dur=6;desc=""Cache misses"" | D1_layout;dur=42.0;desc=""D1:layout"", D1_posts;dur=255.0;desc=""D1:posts"", D1_all-tags;dur=22.0;desc=""D1:all-tags"", total;dur=277.0;desc=""total"""
2026-10-05T22:59:35Z,bylines,browser,/category/technologia,200,MISS,remote-WAW,HAM,120.5,288.6,305.1,168.1,29684,7.0,161.0,0.0,52.0,52.0,2.0,6.0,"rt;dur=0;desc=""Runtime init"", render;dur=52;desc=""Page render"", mw;dur=52;desc=""Total middleware"", db.total;dur=161;desc=""DB total"", db.count;dur=7;desc=""Query count"", db.first;dur=0;desc=""First query at"", db.last;dur=52;desc=""Last query at"", cache.hit;dur=2;desc=""Cache hits"", cache.miss;dur=6;desc=""Cache misses"" | D1_layout;dur=43.0;desc=""D1:layout"", D1_term+posts;dur=52.0;desc=""D1:term+posts"", total;dur=52.0;desc=""total"" | cfEdge;dur=119,cfOrigin;dur=0"
2026-10-05T22:59:36Z,bylines,curl,/posts/architektura-emdash-typescript-astro,200,MISS,remote-WAW,HAM,132.3,314.8,522.7,182.5,34330,6.0,162.0,0.0,66.0,66.0,6.0,7.0,"rt;dur=0;desc=""Runtime init"", render;dur=66;desc=""Page render"", mw;dur=66;desc=""Total middleware"", db.total;dur=162;desc=""DB total"", db.count;dur=6;desc=""Query count"", db.first;dur=0;desc=""First query at"", db.last;dur=66;desc=""Last query at"", cache.hit;dur=6;desc=""Cache hits"", cache.miss;dur=7;desc=""Cache misses"" | D1_entry+recent;dur=47.0;desc=""D1:entry+recent"", D1_layout;dur=47.0;desc=""D1:layout"", D1_tags;dur=19.0;desc=""D1:tags"", total;dur=66.0;desc=""total"""
2026-10-05T22:59:37Z,bylines,browser,/,200,MISS,remote-WAW,HAM,359.1,538.1,553.8,179.0,31316,5.0,134.0,0.0,64.0,64.0,2.0,6.0,"rt;dur=0;desc=""Runtime init"", render;dur=64;desc=""Page render"", mw;dur=64;desc=""Total middleware"", db.total;dur=134;desc=""DB total"", db.count;dur=5;desc=""Query count"", db.first;dur=0;desc=""First query at"", db.last;dur=64;desc=""Last query at"", cache.hit;dur=2;desc=""Cache hits"", cache.miss;dur=6;desc=""Cache misses"" | D1_layout;dur=47.0;desc=""D1:layout"", D1_posts;dur=47.0;desc=""D1:posts"", D1_all-tags;dur=17.0;desc=""D1:all-tags"", total;dur=64.0;desc=""total"" | cfEdge;dur=130,cfOrigin;dur=0"
2026-10-05T22:59:38Z,bylines,browser,/posts/architektura-emdash-typescript-astro,200,MISS,remote-WAW,HAM,304.5,616.9,792.5,312.4,34693,7.0,189.0,0.0,65.0,65.0,6.0,7.0,"rt;dur=0;desc=""Runtime init"", render;dur=65;desc=""Page render"", mw;dur=65;desc=""Total middleware"", db.total;dur=189;desc=""DB total"", db.count;dur=7;desc=""Query count"", db.first;dur=0;desc=""First query at"", db.last;dur=65;desc=""Last query at"", cache.hit;dur=6;desc=""Cache hits"", cache.miss;dur=7;desc=""Cache misses"" | D1_entry+recent;dur=47.0;desc=""D1:entry+recent"", D1_layout;dur=47.0;desc=""D1:layout"", D1_tags;dur=18.0;desc=""D1:tags"", total;dur=65.0;desc=""total"" | cfEdge;dur=128,cfOrigin;dur=0"
2026-10-05T22:59:39Z,bylines,curl,/posts/,200,MISS,remote-WAW,HAM,473.7,673.1,823.0,199.4,36892,5.0,173.0,0.0,83.0,83.0,2.0,6.0,"rt;dur=0;desc=""Runtime init"", render;dur=83;desc=""Page render"", mw;dur=83;desc=""Total middleware"", db.total;dur=173;desc=""DB total"", db.count;dur=5;desc=""Query count"", db.first;dur=0;desc=""First query at"", db.last;dur=83;desc=""Last query at"", cache.hit;dur=2;desc=""Cache hits"", cache.miss;dur=6;desc=""Cache misses"" | D1_posts;dur=62.0;desc=""D1:posts"", D1_layout;dur=62.0;desc=""D1:layout"", D1_all-tags;dur=21.0;desc=""D1:all-tags"", total;dur=83.0;desc=""total"""
2026-10-05T22:59:39Z,bylines,curl,/category/technologia,200,MISS,remote-WAW,HAM,149.0,300.7,312.1,151.7,29313,7.0,148.0,0.0,44.0,44.0,2.0,6.0,"rt;dur=0;desc=""Runtime init"", render;dur=44;desc=""Page render"", mw;dur=44;desc=""Total middleware"", db.total;dur=148;desc=""DB total"", db.count;dur=7;desc=""Query count"", db.first;dur=0;desc=""First query at"", db.last;dur=44;desc=""Last query at"", cache.hit;dur=2;desc=""Cache hits"", cache.miss;dur=6;desc=""Cache misses"" | D1_term+posts;dur=44.0;desc=""D1:term+posts"", D1_layout;dur=44.0;desc=""D1:layout"", total;dur=44.0;desc=""total"""
2026-10-05T22:59:40Z,bylines,browser,/posts/,200,MISS,remote-WAW,HAM,133.8,321.6,327.1,187.8,37275,6.0,162.0,0.0,68.0,68.0,2.0,6.0,"rt;dur=0;desc=""Runtime init"", render;dur=68;desc=""Page render"", mw;dur=68;desc=""Total middleware"", db.total;dur=162;desc=""DB total"", db.count;dur=6;desc=""Query count"", db.first;dur=0;desc=""First query at"", db.last;dur=68;desc=""Last query at"", cache.hit;dur=2;desc=""Cache hits"", cache.miss;dur=6;desc=""Cache misses"" | D1_posts;dur=47.0;desc=""D1:posts"", D1_layout;dur=47.0;desc=""D1:layout"", D1_all-tags;dur=21.0;desc=""D1:all-tags"", total;dur=68.0;desc=""total"" | cfEdge;dur=129,cfOrigin;dur=0"
2026-10-05T22:59:41Z,bylines,browser,/posts/architektura-emdash-typescript-astro,200,MISS,remote-WAW,HAM,115.5,285.2,334.3,169.7,34677,6.0,148.0,0.0,62.0,62.0,6.0,7.0,"rt;dur=0;desc=""Runtime init"", render;dur=62;desc=""Page render"", mw;dur=62;desc=""Total middleware"", db.total;dur=148;desc=""DB total"", db.count;dur=6;desc=""Query count"", db.first;dur=0;desc=""First query at"", db.last;dur=62;desc=""Last query at"", cache.hit;dur=6;desc=""Cache hits"", cache.miss;dur=7;desc=""Cache misses"" | D1_entry+recent;dur=41.0;desc=""D1:entry+recent"", D1_layout;dur=41.0;desc=""D1:layout"", D1_tags;dur=21.0;desc=""D1:tags"", total;dur=62.0;desc=""total"" | cfEdge;dur=124,cfOrigin;dur=0"
2026-10-05T22:59:41Z,bylines,browser,/posts/,200,MISS,remote-WAW,HAM,102.8,304.9,314.0,202.1,37279,6.0,151.0,0.0,68.0,68.0,2.0,6.0,"rt;dur=0;desc=""Runtime init"", render;dur=68;desc=""Page render"", mw;dur=68;desc=""Total middleware"", db.total;dur=151;desc=""DB total"", db.count;dur=6;desc=""Query count"", db.first;dur=0;desc=""First query at"", db.last;dur=68;desc=""Last query at"", cache.hit;dur=2;desc=""Cache hits"", cache.miss;dur=6;desc=""Cache misses"" | D1_posts;dur=50.0;desc=""D1:posts"", D1_layout;dur=50.0;desc=""D1:layout"", D1_all-tags;dur=18.0;desc=""D1:all-tags"", total;dur=68.0;desc=""total"" | cfEdge;dur=140,cfOrigin;dur=0"
2026-10-05T22:59:42Z,bylines,curl,/posts/architektura-emdash-typescript-astro,200,MISS,remote-WAW,HAM,110.2,298.6,349.9,188.4,34322,6.0,151.0,0.0,64.0,64.0,6.0,7.0,"rt;dur=0;desc=""Runtime init"", render;dur=64;desc=""Page render"", mw;dur=64;desc=""Total middleware"", db.total;dur=151;desc=""DB total"", db.count;dur=6;desc=""Query count"", db.first;dur=0;desc=""First query at"", db.last;dur=64;desc=""Last query at"", cache.hit;dur=6;desc=""Cache hits"", cache.miss;dur=7;desc=""Cache misses"" | D1_entry+recent;dur=43.0;desc=""D1:entry+recent"", D1_layout;dur=43.0;desc=""D1:layout"", D1_tags;dur=21.0;desc=""D1:tags"", total;dur=64.0;desc=""total"""
2026-10-05T22:59:42Z,bylines,browser,/category/technologia,200,MISS,remote-WAW,HAM,83.2,229.4,236.8,146.2,29680,7.0,149.0,0.0,45.0,45.0,2.0,6.0,"rt;dur=0;desc=""Runtime init"", render;dur=45;desc=""Page render"", mw;dur=45;desc=""Total middleware"", db.total;dur=149;desc=""DB total"", db.count;dur=7;desc=""Query count"", db.first;dur=0;desc=""First query at"", db.last;dur=45;desc=""Last query at"", cache.hit;dur=2;desc=""Cache hits"", cache.miss;dur=6;desc=""Cache misses"" | D1_term+posts;dur=45.0;desc=""D1:term+posts"", D1_layout;dur=45.0;desc=""D1:layout"", total;dur=45.0;desc=""total"" | cfEdge;dur=107,cfOrigin;dur=0"
2026-10-05T22:59:43Z,bylines,curl,/posts/,200,MISS,remote-WAW,HAM,118.1,301.4,310.8,183.3,36908,5.0,161.0,0.0,90.0,90.0,2.0,6.0,"rt;dur=0;desc=""Runtime init"", render;dur=90;desc=""Page render"", mw;dur=90;desc=""Total middleware"", db.total;dur=161;desc=""DB total"", db.count;dur=5;desc=""Query count"", db.first;dur=0;desc=""First query at"", db.last;dur=90;desc=""Last query at"", cache.hit;dur=2;desc=""Cache hits"", cache.miss;dur=6;desc=""Cache misses"" | D1_layout;dur=44.0;desc=""D1:layout"", D1_posts;dur=53.0;desc=""D1:posts"", D1_all-tags;dur=37.0;desc=""D1:all-tags"", total;dur=90.0;desc=""total"""
2026-10-05T22:59:43Z,bylines,curl,/category/technologia,200,MISS,remote-WAW,HAM,118.4,281.5,285.1,163.1,29341,7.0,149.0,0.0,46.0,46.0,2.0,6.0,"rt;dur=0;desc=""Runtime init"", render;dur=46;desc=""Page render"", mw;dur=46;desc=""Total middleware"", db.total;dur=149;desc=""DB total"", db.count;dur=7;desc=""Query count"", db.first;dur=0;desc=""First query at"", db.last;dur=46;desc=""Last query at"", cache.hit;dur=2;desc=""Cache hits"", cache.miss;dur=6;desc=""Cache misses"" | D1_layout;dur=37.0;desc=""D1:layout"", D1_term+posts;dur=46.0;desc=""D1:term+posts"", total;dur=46.0;desc=""total"""
2026-10-05T22:59:44Z,bylines,browser,/,200,MISS,remote-WAW,HAM,279.7,482.6,506.3,202.9,31324,5.0,132.0,0.0,70.0,70.0,2.0,6.0,"rt;dur=0;desc=""Runtime init"", render;dur=70;desc=""Page render"", mw;dur=70;desc=""Total middleware"", db.total;dur=132;desc=""DB total"", db.count;dur=5;desc=""Query count"", db.first;dur=0;desc=""First query at"", db.last;dur=70;desc=""Last query at"", cache.hit;dur=2;desc=""Cache hits"", cache.miss;dur=6;desc=""Cache misses"" | D1_layout;dur=39.0;desc=""D1:layout"", D1_posts;dur=51.0;desc=""D1:posts"", D1_all-tags;dur=19.0;desc=""D1:all-tags"", total;dur=70.0;desc=""total"" | cfEdge;dur=138,cfOrigin;dur=0"
2026-10-05T22:59:45Z,bylines,curl,/,200,MISS,remote-WAW,HAM,95.1,278.0,288.4,182.9,30945,5.0,130.0,0.0,69.0,69.0,2.0,6.0,"rt;dur=0;desc=""Runtime init"", render;dur=69;desc=""Page render"", mw;dur=69;desc=""Total middleware"", db.total;dur=130;desc=""DB total"", db.count;dur=5;desc=""Query count"", db.first;dur=0;desc=""First query at"", db.last;dur=69;desc=""Last query at"", cache.hit;dur=2;desc=""Cache hits"", cache.miss;dur=6;desc=""Cache misses"" | D1_posts;dur=48.0;desc=""D1:posts"", D1_layout;dur=48.0;desc=""D1:layout"", D1_all-tags;dur=21.0;desc=""D1:all-tags"", total;dur=69.0;desc=""total"""
2026-10-05T22:59:45Z,bylines,curl,/category/technologia,200,MISS,remote-WAW,HAM,91.0,249.9,254.1,158.9,29309,7.0,160.0,0.0,49.0,49.0,2.0,6.0,"rt;dur=0;desc=""Runtime init"", render;dur=49;desc=""Page render"", mw;dur=49;desc=""Total middleware"", db.total;dur=160;desc=""DB total"", db.count;dur=7;desc=""Query count"", db.first;dur=0;desc=""First query at"", db.last;dur=49;desc=""Last query at"", cache.hit;dur=2;desc=""Cache hits"", cache.miss;dur=6;desc=""Cache misses"" | D1_layout;dur=46.0;desc=""D1:layout"", D1_term+posts;dur=49.0;desc=""D1:term+posts"", total;dur=49.0;desc=""total"""
2026-10-05T22:59:46Z,bylines,browser,/,200,MISS,remote-WAW,HAM,92.7,268.5,273.7,175.8,31320,5.0,148.0,0.0,70.0,70.0,2.0,6.0,"rt;dur=0;desc=""Runtime init"", render;dur=70;desc=""Page render"", mw;dur=70;desc=""Total middleware"", db.total;dur=148;desc=""DB total"", db.count;dur=5;desc=""Query count"", db.first;dur=0;desc=""First query at"", db.last;dur=70;desc=""Last query at"", cache.hit;dur=2;desc=""Cache hits"", cache.miss;dur=6;desc=""Cache misses"" | D1_posts;dur=49.0;desc=""D1:posts"", D1_layout;dur=49.0;desc=""D1:layout"", D1_all-tags;dur=21.0;desc=""D1:all-tags"", total;dur=70.0;desc=""total"" | cfEdge;dur=126,cfOrigin;dur=0"
2026-10-05T22:59:46Z,bylines,browser,/posts/,200,MISS,remote-WAW,HAM,122.1,299.6,309.6,177.5,37263,5.0,119.0,0.0,61.0,61.0,2.0,6.0,"rt;dur=0;desc=""Runtime init"", render;dur=61;desc=""Page render"", mw;dur=61;desc=""Total middleware"", db.total;dur=119;desc=""DB total"", db.count;dur=5;desc=""Query count"", db.first;dur=0;desc=""First query at"", db.last;dur=61;desc=""Last query at"", cache.hit;dur=2;desc=""Cache hits"", cache.miss;dur=6;desc=""Cache misses"" | D1_layout;dur=36.0;desc=""D1:layout"", D1_posts;dur=39.0;desc=""D1:posts"", D1_all-tags;dur=22.0;desc=""D1:all-tags"", total;dur=61.0;desc=""total"" | cfEdge;dur=127,cfOrigin;dur=0"
2026-10-05T22:59:47Z,bylines,browser,/posts/architektura-emdash-typescript-astro,200,MISS,remote-WAW,HAM,303.5,483.5,544.2,180.0,34681,6.0,151.0,0.0,59.0,59.0,6.0,7.0,"rt;dur=0;desc=""Runtime init"", render;dur=59;desc=""Page render"", mw;dur=59;desc=""Total middleware"", db.total;dur=151;desc=""DB total"", db.count;dur=6;desc=""Query count"", db.first;dur=0;desc=""First query at"", db.last;dur=59;desc=""Last query at"", cache.hit;dur=6;desc=""Cache hits"", cache.miss;dur=7;desc=""Cache misses"" | D1_entry+recent;dur=39.0;desc=""D1:entry+recent"", D1_layout;dur=39.0;desc=""D1:layout"", D1_tags;dur=20.0;desc=""D1:tags"", total;dur=59.0;desc=""total"" | cfEdge;dur=122,cfOrigin;dur=0"
2026-10-05T22:59:47Z,bylines,curl,/,200,MISS,remote-WAW,HAM,88.4,260.0,266.8,171.6,30953,5.0,129.0,0.0,65.0,65.0,2.0,6.0,"rt;dur=0;desc=""Runtime init"", render;dur=65;desc=""Page render"", mw;dur=65;desc=""Total middleware"", db.total;dur=129;desc=""DB total"", db.count;dur=5;desc=""Query count"", db.first;dur=0;desc=""First query at"", db.last;dur=65;desc=""Last query at"", cache.hit;dur=2;desc=""Cache hits"", cache.miss;dur=6;desc=""Cache misses"" | D1_posts;dur=44.0;desc=""D1:posts"", D1_layout;dur=44.0;desc=""D1:layout"", D1_all-tags;dur=21.0;desc=""D1:all-tags"", total;dur=65.0;desc=""total"""
2026-10-05T22:59:48Z,bylines,curl,/posts/architektura-emdash-typescript-astro,200,MISS,remote-WAW,HAM,88.6,281.9,328.3,193.3,34306,6.0,162.0,0.0,60.0,60.0,6.0,7.0,"rt;dur=0;desc=""Runtime init"", render;dur=60;desc=""Page render"", mw;dur=60;desc=""Total middleware"", db.total;dur=162;desc=""DB total"", db.count;dur=6;desc=""Query count"", db.first;dur=0;desc=""First query at"", db.last;dur=60;desc=""Last query at"", cache.hit;dur=6;desc=""Cache hits"", cache.miss;dur=7;desc=""Cache misses"" | D1_entry+recent;dur=44.0;desc=""D1:entry+recent"", D1_layout;dur=44.0;desc=""D1:layout"", D1_tags;dur=16.0;desc=""D1:tags"", total;dur=60.0;desc=""total"""
2026-10-05T22:59:49Z,bylines,curl,/posts/,200,MISS,remote-WAW,HAM,103.4,287.1,289.4,183.7,36904,5.0,138.0,0.0,66.0,66.0,2.0,6.0,"rt;dur=0;desc=""Runtime init"", render;dur=66;desc=""Page render"", mw;dur=66;desc=""Total middleware"", db.total;dur=138;desc=""DB total"", db.count;dur=5;desc=""Query count"", db.first;dur=0;desc=""First query at"", db.last;dur=66;desc=""Last query at"", cache.hit;dur=2;desc=""Cache hits"", cache.miss;dur=6;desc=""Cache misses"" | D1_posts;dur=44.0;desc=""D1:posts"", D1_layout;dur=44.0;desc=""D1:layout"", D1_all-tags;dur=22.0;desc=""D1:all-tags"", total;dur=66.0;desc=""total"""
2026-10-05T22:59:49Z,bylines,browser,/category/technologia,200,MISS,remote-WAW,HAM,95.3,258.7,261.1,163.4,29688,7.0,187.0,0.0,52.0,52.0,2.0,6.0,"rt;dur=0;desc=""Runtime init"", render;dur=52;desc=""Page render"", mw;dur=52;desc=""Total middleware"", db.total;dur=187;desc=""DB total"", db.count;dur=7;desc=""Query count"", db.first;dur=0;desc=""First query at"", db.last;dur=52;desc=""Last query at"", cache.hit;dur=2;desc=""Cache hits"", cache.miss;dur=6;desc=""Cache misses"" | D1_layout;dur=50.0;desc=""D1:layout"", D1_term+posts;dur=52.0;desc=""D1:term+posts"", total;dur=52.0;desc=""total"" | cfEdge;dur=115,cfOrigin;dur=0"
2026-10-05T22:59:50Z,bylines,curl,/category/technologia,200,MISS,remote-WAW,HAM,83.1,257.9,262.1,174.8,29313,7.0,172.0,0.0,52.0,52.0,2.0,6.0,"rt;dur=0;desc=""Runtime init"", render;dur=52;desc=""Page render"", mw;dur=52;desc=""Total middleware"", db.total;dur=172;desc=""DB total"", db.count;dur=7;desc=""Query count"", db.first;dur=0;desc=""First query at"", db.last;dur=52;desc=""Last query at"", cache.hit;dur=2;desc=""Cache hits"", cache.miss;dur=6;desc=""Cache misses"" | D1_layout;dur=50.0;desc=""D1:layout"", D1_term+posts;dur=52.0;desc=""D1:term+posts"", total;dur=52.0;desc=""total"""
2026-10-05T22:59:50Z,bylines,browser,/,200,MISS,remote-WAW,HAM,274.4,704.6,718.1,430.2,31333,5.0,287.0,0.0,223.0,223.0,2.0,6.0,"rt;dur=0;desc=""Runtime init"", render;dur=223;desc=""Page render"", mw;dur=223;desc=""Total middleware"", db.total;dur=287;desc=""DB total"", db.count;dur=5;desc=""Query count"", db.first;dur=0;desc=""First query at"", db.last;dur=223;desc=""Last query at"", cache.hit;dur=2;desc=""Cache hits"", cache.miss;dur=6;desc=""Cache misses"" | D1_layout;dur=42.0;desc=""D1:layout"", D1_posts;dur=199.0;desc=""D1:posts"", D1_all-tags;dur=24.0;desc=""D1:all-tags"", total;dur=223.0;desc=""total"" | cfEdge;dur=284,cfOrigin;dur=0"
2026-10-05T22:59:51Z,bylines,browser,/category/technologia,200,MISS,remote-WAW,HAM,329.3,485.8,513.8,156.5,29676,7.0,143.0,0.0,40.0,40.0,2.0,6.0,"rt;dur=0;desc=""Runtime init"", render;dur=40;desc=""Page render"", mw;dur=40;desc=""Total middleware"", db.total;dur=143;desc=""DB total"", db.count;dur=7;desc=""Query count"", db.first;dur=0;desc=""First query at"", db.last;dur=40;desc=""Last query at"", cache.hit;dur=2;desc=""Cache hits"", cache.miss;dur=6;desc=""Cache misses"" | D1_term+posts;dur=40.0;desc=""D1:term+posts"", D1_layout;dur=40.0;desc=""D1:layout"", total;dur=40.0;desc=""total"" | cfEdge;dur=102,cfOrigin;dur=0"
2026-10-05T22:59:52Z,bylines,browser,/posts/,200,MISS,remote-WAW,HAM,113.5,291.2,301.1,177.7,37275,5.0,120.0,0.0,62.0,62.0,2.0,6.0,"rt;dur=0;desc=""Runtime init"", render;dur=62;desc=""Page render"", mw;dur=62;desc=""Total middleware"", db.total;dur=120;desc=""DB total"", db.count;dur=5;desc=""Query count"", db.first;dur=0;desc=""First query at"", db.last;dur=62;desc=""Last query at"", cache.hit;dur=2;desc=""Cache hits"", cache.miss;dur=6;desc=""Cache misses"" | D1_posts;dur=40.0;desc=""D1:posts"", D1_layout;dur=40.0;desc=""D1:layout"", D1_all-tags;dur=22.0;desc=""D1:all-tags"", total;dur=62.0;desc=""total"" | cfEdge;dur=131,cfOrigin;dur=0"
2026-10-05T22:59:52Z,bylines,browser,/posts/architektura-emdash-typescript-astro,200,MISS,remote-WAW,HAM,90.4,262.0,394.7,171.6,34677,6.0,139.0,0.0,62.0,62.0,6.0,7.0,"rt;dur=0;desc=""Runtime init"", render;dur=62;desc=""Page render"", mw;dur=62;desc=""Total middleware"", db.total;dur=139;desc=""DB total"", db.count;dur=6;desc=""Query count"", db.first;dur=0;desc=""First query at"", db.last;dur=62;desc=""Last query at"", cache.hit;dur=6;desc=""Cache hits"", cache.miss;dur=7;desc=""Cache misses"" | D1_entry+recent;dur=42.0;desc=""D1:entry+recent"", D1_layout;dur=42.0;desc=""D1:layout"", D1_tags;dur=20.0;desc=""D1:tags"", total;dur=62.0;desc=""total"" | cfEdge;dur=126,cfOrigin;dur=0"
2026-10-05T23:14:53Z,bylines,curl,/,200,MISS,remote-WAW,HAM,950.2,1144.1,1154.8,193.9,30945,6.0,176.0,0.0,72.0,72.0,2.0,6.0,"rt;dur=0;desc=""Runtime init"", render;dur=72;desc=""Page render"", mw;dur=72;desc=""Total middleware"", db.total;dur=176;desc=""DB total"", db.count;dur=6;desc=""Query count"", db.first;dur=0;desc=""First query at"", db.last;dur=72;desc=""Last query at"", cache.hit;dur=2;desc=""Cache hits"", cache.miss;dur=6;desc=""Cache misses"" | D1_posts;dur=55.0;desc=""D1:posts"", D1_layout;dur=55.0;desc=""D1:layout"", D1_all-tags;dur=17.0;desc=""D1:all-tags"", total;dur=72.0;desc=""total"""
2026-10-05T23:14:54Z,bylines,curl,/posts/,200,MISS,remote-WAW,HAM,132.1,993.6,1005.2,861.5,36892,15.0,325.0,0.0,220.0,117.0,2.0,6.0,"setup;dur=40;desc=""Setup probe"", rt;dur=63;desc=""Runtime init"", rt.db;dur=24;desc=""DB init + migration policy"", rt.secrets;dur=0;desc=""Validate encryption key"", rt.plugins;dur=18;desc=""Plugin states"", rt.seedcheck;dur=18;desc=""Auto-seed gate"", rt.site;dur=18;desc=""Site info options"", rt.sandbox;dur=0;desc=""Sandboxed plugins"", rt.hooks;dur=21;desc=""Exclusive hook resolution"", rt.cron;dur=0;desc=""Cron init (recovery deferred post-response)"", render;dur=117;desc=""Page render"", mw;dur=220;desc=""Total middleware"", db.total;dur=325;desc=""DB total"", db.count;dur=15;desc=""Query count"", db.first;dur=0;desc=""First query at"", db.last;dur=220;desc=""Last query at"", cache.hit;dur=2;desc=""Cache hits"", cache.miss;dur=6;desc=""Cache misses"" | D1_posts;dur=58.0;desc=""D1:posts"", D1_layout;dur=58.0;desc=""D1:layout"", D1_all-tags;dur=18.0;desc=""D1:all-tags"", total;dur=98.0;desc=""total"""
2026-10-05T23:14:55Z,bylines,curl,/posts/architektura-emdash-typescript-astro,200,MISS,remote-WAW,HAM,103.0,432.0,487.7,329.0,34311,7.0,345.0,0.0,200.0,200.0,6.0,7.0,"rt;dur=0;desc=""Runtime init"", render;dur=200;desc=""Page render"", mw;dur=200;desc=""Total middleware"", db.total;dur=345;desc=""DB total"", db.count;dur=7;desc=""Query count"", db.first;dur=0;desc=""First query at"", db.last;dur=200;desc=""Last query at"", cache.hit;dur=6;desc=""Cache hits"", cache.miss;dur=7;desc=""Cache misses"" | D1_layout;dur=53.0;desc=""D1:layout"", D1_entry+recent;dur=178.0;desc=""D1:entry+recent"", D1_tags;dur=22.0;desc=""D1:tags"", total;dur=200.0;desc=""total"""
