time,label,accept,page,status,x_cache,placement,colo,appconnect_ms,ttfb_ms,total_ms,server_ms,bytes,db_count,db_total,db_first,db_last,render,cache_hit,cache_miss,server_timing
2026-10-05T22:21:38Z,after,curl,/,200,MISS,remote-WAW,HAM,193.9,417.1,436.9,223.2,30949,7.0,170.0,0.0,98.0,98.0,2.0,6.0,"rt;dur=0;desc=""Runtime init"", render;dur=98;desc=""Page render"", mw;dur=98;desc=""Total middleware"", db.total;dur=170;desc=""DB total"", db.count;dur=7;desc=""Query count"", db.first;dur=0;desc=""First query at"", db.last;dur=98;desc=""Last query at"", cache.hit;dur=2;desc=""Cache hits"", cache.miss;dur=6;desc=""Cache misses"" | D1_layout;dur=45.0;desc=""D1:layout"", D1_posts;dur=78.0;desc=""D1:posts"", D1_all-tags;dur=20.0;desc=""D1:all-tags"", total;dur=98.0;desc=""total"""
2026-10-05T22:21:38Z,after,browser,/posts/,200,MISS,remote-WAW,HAM,212.1,413.5,420.0,201.4,37271,7.0,169.0,0.0,90.0,90.0,2.0,6.0,"rt;dur=0;desc=""Runtime init"", render;dur=90;desc=""Page render"", mw;dur=90;desc=""Total middleware"", db.total;dur=169;desc=""DB total"", db.count;dur=7;desc=""Query count"", db.first;dur=0;desc=""First query at"", db.last;dur=90;desc=""Last query at"", cache.hit;dur=2;desc=""Cache hits"", cache.miss;dur=6;desc=""Cache misses"" | D1_layout;dur=50.0;desc=""D1:layout"", D1_posts;dur=65.0;desc=""D1:posts"", D1_all-tags;dur=25.0;desc=""D1:all-tags"", total;dur=90.0;desc=""total"" | cfEdge;dur=155,cfOrigin;dur=0"
2026-10-05T22:21:39Z,after,curl,/category/technologia,200,MISS,remote-,HAM,99.2,416.0,416.7,316.8,29317,9.0,203.0,0.0,96.0,96.0,2.0,6.0,"rt;dur=0;desc=""Runtime init"", render;dur=96;desc=""Page render"", mw;dur=96;desc=""Total middleware"", db.total;dur=203;desc=""DB total"", db.count;dur=9;desc=""Query count"", db.first;dur=0;desc=""First query at"", db.last;dur=96;desc=""Last query at"", cache.hit;dur=2;desc=""Cache hits"", cache.miss;dur=6;desc=""Cache misses"" | D1_layout;dur=49.0;desc=""D1:layout"", D1_term+posts;dur=96.0;desc=""D1:term+posts"", total;dur=96.0;desc=""total"""
2026-10-05T22:21:40Z,after,browser,/,200,MISS,remote-WAW,HAM,121.1,354.9,362.2,233.8,31308,7.0,174.0,0.0,94.0,94.0,2.0,6.0,"rt;dur=0;desc=""Runtime init"", render;dur=94;desc=""Page render"", mw;dur=94;desc=""Total middleware"", db.total;dur=174;desc=""DB total"", db.count;dur=7;desc=""Query count"", db.first;dur=0;desc=""First query at"", db.last;dur=94;desc=""Last query at"", cache.hit;dur=2;desc=""Cache hits"", cache.miss;dur=6;desc=""Cache misses"" | D1_layout;dur=49.0;desc=""D1:layout"", D1_posts;dur=75.0;desc=""D1:posts"", D1_all-tags;dur=19.0;desc=""D1:all-tags"", total;dur=94.0;desc=""total"" | cfEdge;dur=169,cfOrigin;dur=0"
2026-10-05T22:21:40Z,after,curl,/posts/architektura-emdash-typescript-astro,200,MISS,remote-WAW,HAM,107.5,558.8,608.3,451.3,34303,8.0,410.0,0.0,305.0,305.0,6.0,7.0,"rt;dur=0;desc=""Runtime init"", render;dur=305;desc=""Page render"", mw;dur=305;desc=""Total middleware"", db.total;dur=410;desc=""DB total"", db.count;dur=8;desc=""Query count"", db.first;dur=0;desc=""First query at"", db.last;dur=305;desc=""Last query at"", cache.hit;dur=6;desc=""Cache hits"", cache.miss;dur=7;desc=""Cache misses"" | D1_layout;dur=47.0;desc=""D1:layout"", D1_entry+recent;dur=281.0;desc=""D1:entry+recent"", D1_tags;dur=24.0;desc=""D1:tags"", total;dur=305.0;desc=""total"""
2026-10-05T22:21:41Z,after,browser,/category/technologia,200,MISS,remote-WAW,HAM,87.5,296.4,301.4,208.9,29692,9.0,210.0,0.0,98.0,98.0,2.0,6.0,"rt;dur=0;desc=""Runtime init"", render;dur=98;desc=""Page render"", mw;dur=98;desc=""Total middleware"", db.total;dur=210;desc=""DB total"", db.count;dur=9;desc=""Query count"", db.first;dur=0;desc=""First query at"", db.last;dur=98;desc=""Last query at"", cache.hit;dur=2;desc=""Cache hits"", cache.miss;dur=6;desc=""Cache misses"" | D1_layout;dur=47.0;desc=""D1:layout"", D1_term+posts;dur=98.0;desc=""D1:term+posts"", total;dur=98.0;desc=""total"" | cfEdge;dur=162,cfOrigin;dur=0"
2026-10-05T22:21:42Z,after,curl,/posts/,200,MISS,remote-WAW,HAM,110.8,409.5,410.8,298.7,36904,7.0,170.0,0.0,101.0,101.0,2.0,6.0,"rt;dur=0;desc=""Runtime init"", render;dur=101;desc=""Page render"", mw;dur=101;desc=""Total middleware"", db.total;dur=170;desc=""DB total"", db.count;dur=7;desc=""Query count"", db.first;dur=0;desc=""First query at"", db.last;dur=101;desc=""Last query at"", cache.hit;dur=2;desc=""Cache hits"", cache.miss;dur=6;desc=""Cache misses"" | D1_layout;dur=40.0;desc=""D1:layout"", D1_posts;dur=76.0;desc=""D1:posts"", D1_all-tags;dur=25.0;desc=""D1:all-tags"", total;dur=101.0;desc=""total"""
2026-10-05T22:21:42Z,after,browser,/posts/architektura-emdash-typescript-astro,200,MISS,remote-WAW,HAM,104.9,330.1,382.5,225.2,34697,8.0,204.0,0.0,97.0,97.0,6.0,7.0,"rt;dur=0;desc=""Runtime init"", render;dur=97;desc=""Page render"", mw;dur=97;desc=""Total middleware"", db.total;dur=204;desc=""DB total"", db.count;dur=8;desc=""Query count"", db.first;dur=0;desc=""First query at"", db.last;dur=97;desc=""Last query at"", cache.hit;dur=6;desc=""Cache hits"", cache.miss;dur=7;desc=""Cache misses"" | D1_layout;dur=51.0;desc=""D1:layout"", D1_entry+recent;dur=74.0;desc=""D1:entry+recent"", D1_tags;dur=23.0;desc=""D1:tags"", total;dur=97.0;desc=""total"" | cfEdge;dur=178,cfOrigin;dur=0"
2026-10-05T22:21:43Z,after,curl,/posts/,200,MISS,remote-,HAM,89.3,299.6,309.9,210.3,36904,7.0,162.0,0.0,85.0,85.0,2.0,6.0,"rt;dur=0;desc=""Runtime init"", render;dur=85;desc=""Page render"", mw;dur=85;desc=""Total middleware"", db.total;dur=162;desc=""DB total"", db.count;dur=7;desc=""Query count"", db.first;dur=0;desc=""First query at"", db.last;dur=85;desc=""Last query at"", cache.hit;dur=2;desc=""Cache hits"", cache.miss;dur=6;desc=""Cache misses"" | D1_layout;dur=50.0;desc=""D1:layout"", D1_posts;dur=64.0;desc=""D1:posts"", D1_all-tags;dur=21.0;desc=""D1:all-tags"", total;dur=85.0;desc=""total"""
2026-10-05T22:21:44Z,after,browser,/posts/architektura-emdash-typescript-astro,200,MISS,remote-WAW,HAM,196.9,433.1,559.3,236.2,34689,8.0,196.0,0.0,97.0,97.0,6.0,7.0,"rt;dur=0;desc=""Runtime init"", render;dur=97;desc=""Page render"", mw;dur=97;desc=""Total middleware"", db.total;dur=196;desc=""DB total"", db.count;dur=8;desc=""Query count"", db.first;dur=0;desc=""First query at"", db.last;dur=97;desc=""Last query at"", cache.hit;dur=6;desc=""Cache hits"", cache.miss;dur=7;desc=""Cache misses"" | D1_layout;dur=44.0;desc=""D1:layout"", D1_entry+recent;dur=76.0;desc=""D1:entry+recent"", D1_tags;dur=21.0;desc=""D1:tags"", total;dur=97.0;desc=""total"" | cfEdge;dur=180,cfOrigin;dur=0"
2026-10-05T22:21:44Z,after,curl,/,200,MISS,remote-WAW,HAM,97.0,306.3,314.7,209.3,30945,7.0,167.0,0.0,101.0,101.0,2.0,6.0,"rt;dur=0;desc=""Runtime init"", render;dur=101;desc=""Page render"", mw;dur=101;desc=""Total middleware"", db.total;dur=167;desc=""DB total"", db.count;dur=7;desc=""Query count"", db.first;dur=0;desc=""First query at"", db.last;dur=101;desc=""Last query at"", cache.hit;dur=2;desc=""Cache hits"", cache.miss;dur=6;desc=""Cache misses"" | D1_layout;dur=41.0;desc=""D1:layout"", D1_posts;dur=78.0;desc=""D1:posts"", D1_all-tags;dur=23.0;desc=""D1:all-tags"", total;dur=101.0;desc=""total"""
2026-10-05T22:21:45Z,after,browser,/posts/,200,MISS,remote-,HAM,86.5,316.3,450.1,229.8,37268,7.0,201.0,0.0,118.0,118.0,2.0,6.0,"rt;dur=0;desc=""Runtime init"", render;dur=118;desc=""Page render"", mw;dur=118;desc=""Total middleware"", db.total;dur=201;desc=""DB total"", db.count;dur=7;desc=""Query count"", db.first;dur=0;desc=""First query at"", db.last;dur=118;desc=""Last query at"", cache.hit;dur=2;desc=""Cache hits"", cache.miss;dur=6;desc=""Cache misses"" | D1_layout;dur=53.0;desc=""D1:layout"", D1_posts;dur=101.0;desc=""D1:posts"", D1_all-tags;dur=17.0;desc=""D1:all-tags"", total;dur=118.0;desc=""total"" | cfEdge;dur=186,cfOrigin;dur=0"
2026-10-05T22:21:45Z,after,browser,/,200,MISS,remote-,HAM,103.1,374.0,378.8,270.9,31321,7.0,261.0,0.0,141.0,141.0,2.0,6.0,"rt;dur=0;desc=""Runtime init"", render;dur=141;desc=""Page render"", mw;dur=141;desc=""Total middleware"", db.total;dur=261;desc=""DB total"", db.count;dur=7;desc=""Query count"", db.first;dur=0;desc=""First query at"", db.last;dur=141;desc=""Last query at"", cache.hit;dur=2;desc=""Cache hits"", cache.miss;dur=6;desc=""Cache misses"" | D1_layout;dur=97.0;desc=""D1:layout"", D1_posts;dur=122.0;desc=""D1:posts"", D1_all-tags;dur=19.0;desc=""D1:all-tags"", total;dur=141.0;desc=""total"" | cfEdge;dur=215,cfOrigin;dur=0"
2026-10-05T22:21:46Z,after,browser,/category/technologia,200,MISS,remote-,HAM,96.8,325.0,325.8,228.2,29688,9.0,188.0,0.0,84.0,84.0,2.0,6.0,"rt;dur=0;desc=""Runtime init"", render;dur=84;desc=""Page render"", mw;dur=84;desc=""Total middleware"", db.total;dur=188;desc=""DB total"", db.count;dur=9;desc=""Query count"", db.first;dur=0;desc=""First query at"", db.last;dur=84;desc=""Last query at"", cache.hit;dur=2;desc=""Cache hits"", cache.miss;dur=6;desc=""Cache misses"" | D1_layout;dur=34.0;desc=""D1:layout"", D1_term+posts;dur=84.0;desc=""D1:term+posts"", total;dur=84.0;desc=""total"" | cfEdge;dur=175,cfOrigin;dur=0"
2026-10-05T22:21:47Z,after,curl,/posts/architektura-emdash-typescript-astro,200,MISS,remote-,HAM,312.5,684.3,714.9,371.8,34326,8.0,203.0,0.0,97.0,97.0,6.0,7.0,"rt;dur=0;desc=""Runtime init"", render;dur=97;desc=""Page render"", mw;dur=97;desc=""Total middleware"", db.total;dur=203;desc=""DB total"", db.count;dur=8;desc=""Query count"", db.first;dur=0;desc=""First query at"", db.last;dur=97;desc=""Last query at"", cache.hit;dur=6;desc=""Cache hits"", cache.miss;dur=7;desc=""Cache misses"" | D1_layout;dur=46.0;desc=""D1:layout"", D1_entry+recent;dur=78.0;desc=""D1:entry+recent"", D1_tags;dur=19.0;desc=""D1:tags"", total;dur=97.0;desc=""total"""
2026-10-05T22:21:48Z,after,curl,/category/technologia,200,MISS,remote-,HAM,256.6,477.8,488.5,221.2,29314,9.0,253.0,0.0,107.0,107.0,2.0,6.0,"rt;dur=0;desc=""Runtime init"", render;dur=107;desc=""Page render"", mw;dur=107;desc=""Total middleware"", db.total;dur=253;desc=""DB total"", db.count;dur=9;desc=""Query count"", db.first;dur=0;desc=""First query at"", db.last;dur=107;desc=""Last query at"", cache.hit;dur=2;desc=""Cache hits"", cache.miss;dur=6;desc=""Cache misses"" | D1_layout;dur=57.0;desc=""D1:layout"", D1_term+posts;dur=107.0;desc=""D1:term+posts"", total;dur=107.0;desc=""total"""
2026-10-05T22:21:49Z,after,browser,/posts/,200,MISS,remote-,HAM,432.9,770.4,773.2,337.5,37263,7.0,155.0,0.0,88.0,88.0,2.0,6.0,"rt;dur=0;desc=""Runtime init"", render;dur=88;desc=""Page render"", mw;dur=88;desc=""Total middleware"", db.total;dur=155;desc=""DB total"", db.count;dur=7;desc=""Query count"", db.first;dur=0;desc=""First query at"", db.last;dur=88;desc=""Last query at"", cache.hit;dur=2;desc=""Cache hits"", cache.miss;dur=6;desc=""Cache misses"" | D1_layout;dur=42.0;desc=""D1:layout"", D1_posts;dur=68.0;desc=""D1:posts"", D1_all-tags;dur=20.0;desc=""D1:all-tags"", total;dur=88.0;desc=""total"" | cfEdge;dur=173,cfOrigin;dur=0"
2026-10-05T22:21:49Z,after,curl,/posts/architektura-emdash-typescript-astro,200,MISS,remote-WAW,HAM,302.6,524.4,638.7,221.8,34322,8.0,196.0,0.0,93.0,93.0,6.0,7.0,"rt;dur=0;desc=""Runtime init"", render;dur=93;desc=""Page render"", mw;dur=93;desc=""Total middleware"", db.total;dur=196;desc=""DB total"", db.count;dur=8;desc=""Query count"", db.first;dur=0;desc=""First query at"", db.last;dur=93;desc=""Last query at"", cache.hit;dur=6;desc=""Cache hits"", cache.miss;dur=7;desc=""Cache misses"" | D1_layout;dur=45.0;desc=""D1:layout"", D1_entry+recent;dur=72.0;desc=""D1:entry+recent"", D1_tags;dur=21.0;desc=""D1:tags"", total;dur=93.0;desc=""total"""
2026-10-05T22:21:50Z,after,browser,/posts/architektura-emdash-typescript-astro,200,MISS,remote-WAW,HAM,107.1,471.7,472.0,364.6,34681,8.0,201.0,0.0,94.0,94.0,6.0,7.0,"rt;dur=0;desc=""Runtime init"", render;dur=94;desc=""Page render"", mw;dur=94;desc=""Total middleware"", db.total;dur=201;desc=""DB total"", db.count;dur=8;desc=""Query count"", db.first;dur=0;desc=""First query at"", db.last;dur=94;desc=""Last query at"", cache.hit;dur=6;desc=""Cache hits"", cache.miss;dur=7;desc=""Cache misses"" | D1_layout;dur=51.0;desc=""D1:layout"", D1_entry+recent;dur=73.0;desc=""D1:entry+recent"", D1_tags;dur=21.0;desc=""D1:tags"", total;dur=94.0;desc=""total"" | cfEdge;dur=193,cfOrigin;dur=0"
2026-10-05T22:21:51Z,after,browser,/,200,MISS,remote-WAW,HAM,301.6,531.6,540.3,230.0,31312,7.0,188.0,0.0,105.0,105.0,2.0,6.0,"rt;dur=0;desc=""Runtime init"", render;dur=105;desc=""Page render"", mw;dur=105;desc=""Total middleware"", db.total;dur=188;desc=""DB total"", db.count;dur=7;desc=""Query count"", db.first;dur=0;desc=""First query at"", db.last;dur=105;desc=""Last query at"", cache.hit;dur=2;desc=""Cache hits"", cache.miss;dur=6;desc=""Cache misses"" | D1_layout;dur=50.0;desc=""D1:layout"", D1_posts;dur=80.0;desc=""D1:posts"", D1_all-tags;dur=25.0;desc=""D1:all-tags"", total;dur=105.0;desc=""total"" | cfEdge;dur=183,cfOrigin;dur=0"
2026-10-05T22:21:52Z,after,curl,/category/technologia,200,MISS,remote-WAW,HAM,227.9,498.3,501.5,270.4,29310,9.0,292.0,0.0,150.0,150.0,2.0,6.0,"rt;dur=0;desc=""Runtime init"", render;dur=150;desc=""Page render"", mw;dur=150;desc=""Total middleware"", db.total;dur=292;desc=""DB total"", db.count;dur=9;desc=""Query count"", db.first;dur=0;desc=""First query at"", db.last;dur=150;desc=""Last query at"", cache.hit;dur=2;desc=""Cache hits"", cache.miss;dur=6;desc=""Cache misses"" | D1_layout;dur=59.0;desc=""D1:layout"", D1_term+posts;dur=150.0;desc=""D1:term+posts"", total;dur=150.0;desc=""total"""
2026-10-05T22:21:52Z,after,curl,/posts/,200,MISS,remote-WAW,HAM,93.4,336.8,384.2,243.4,36900,7.0,181.0,0.0,108.0,108.0,2.0,6.0,"rt;dur=0;desc=""Runtime init"", render;dur=108;desc=""Page render"", mw;dur=108;desc=""Total middleware"", db.total;dur=181;desc=""DB total"", db.count;dur=7;desc=""Query count"", db.first;dur=0;desc=""First query at"", db.last;dur=108;desc=""Last query at"", cache.hit;dur=2;desc=""Cache hits"", cache.miss;dur=6;desc=""Cache misses"" | D1_layout;dur=46.0;desc=""D1:layout"", D1_posts;dur=91.0;desc=""D1:posts"", D1_all-tags;dur=17.0;desc=""D1:all-tags"", total;dur=108.0;desc=""total"""
2026-10-05T22:21:53Z,after,curl,/,200,MISS,remote-WAW,HAM,164.2,379.5,397.0,215.3,30945,7.0,153.0,0.0,91.0,91.0,2.0,6.0,"rt;dur=0;desc=""Runtime init"", render;dur=91;desc=""Page render"", mw;dur=91;desc=""Total middleware"", db.total;dur=153;desc=""DB total"", db.count;dur=7;desc=""Query count"", db.first;dur=0;desc=""First query at"", db.last;dur=91;desc=""Last query at"", cache.hit;dur=2;desc=""Cache hits"", cache.miss;dur=6;desc=""Cache misses"" | D1_layout;dur=39.0;desc=""D1:layout"", D1_posts;dur=70.0;desc=""D1:posts"", D1_all-tags;dur=21.0;desc=""D1:all-tags"", total;dur=91.0;desc=""total"""
2026-10-05T22:21:53Z,after,browser,/category/technologia,200,MISS,remote-,HAM,104.2,312.2,319.8,208.0,29676,9.0,229.0,0.0,94.0,94.0,2.0,6.0,"rt;dur=0;desc=""Runtime init"", render;dur=94;desc=""Page render"", mw;dur=94;desc=""Total middleware"", db.total;dur=229;desc=""DB total"", db.count;dur=9;desc=""Query count"", db.first;dur=0;desc=""First query at"", db.last;dur=94;desc=""Last query at"", cache.hit;dur=2;desc=""Cache hits"", cache.miss;dur=6;desc=""Cache misses"" | D1_layout;dur=56.0;desc=""D1:layout"", D1_term+posts;dur=94.0;desc=""D1:term+posts"", total;dur=94.0;desc=""total"" | cfEdge;dur=158,cfOrigin;dur=0"
2026-10-05T22:21:54Z,after,curl,/posts/,200,MISS,remote-,HAM,99.0,346.3,393.4,247.3,36913,7.0,194.0,0.0,123.0,123.0,2.0,6.0,"rt;dur=0;desc=""Runtime init"", render;dur=123;desc=""Page render"", mw;dur=123;desc=""Total middleware"", db.total;dur=194;desc=""DB total"", db.count;dur=7;desc=""Query count"", db.first;dur=0;desc=""First query at"", db.last;dur=123;desc=""Last query at"", cache.hit;dur=2;desc=""Cache hits"", cache.miss;dur=6;desc=""Cache misses"" | D1_layout;dur=45.0;desc=""D1:layout"", D1_posts;dur=106.0;desc=""D1:posts"", D1_all-tags;dur=17.0;desc=""D1:all-tags"", total;dur=123.0;desc=""total"""
2026-10-05T22:21:55Z,after,curl,/category/technologia,200,MISS,remote-WAW,HAM,111.7,398.2,400.8,286.5,29321,9.0,215.0,0.0,94.0,94.0,2.0,6.0,"rt;dur=0;desc=""Runtime init"", render;dur=94;desc=""Page render"", mw;dur=94;desc=""Total middleware"", db.total;dur=215;desc=""DB total"", db.count;dur=9;desc=""Query count"", db.first;dur=0;desc=""First query at"", db.last;dur=94;desc=""Last query at"", cache.hit;dur=2;desc=""Cache hits"", cache.miss;dur=6;desc=""Cache misses"" | D1_layout;dur=53.0;desc=""D1:layout"", D1_term+posts;dur=94.0;desc=""D1:term+posts"", total;dur=94.0;desc=""total"""
2026-10-05T22:21:55Z,after,browser,/category/technologia,200,MISS,remote-WAW,HAM,105.3,315.3,320.1,210.0,29677,9.0,232.0,0.0,104.0,104.0,2.0,6.0,"rt;dur=0;desc=""Runtime init"", render;dur=104;desc=""Page render"", mw;dur=104;desc=""Total middleware"", db.total;dur=232;desc=""DB total"", db.count;dur=9;desc=""Query count"", db.first;dur=0;desc=""First query at"", db.last;dur=104;desc=""Last query at"", cache.hit;dur=2;desc=""Cache hits"", cache.miss;dur=6;desc=""Cache misses"" | D1_layout;dur=52.0;desc=""D1:layout"", D1_term+posts;dur=104.0;desc=""D1:term+posts"", total;dur=104.0;desc=""total"" | cfEdge;dur=164,cfOrigin;dur=0"
2026-10-05T22:21:56Z,after,curl,/posts/architektura-emdash-typescript-astro,200,MISS,remote-WAW,HAM,111.1,341.9,403.6,230.8,34326,8.0,208.0,0.0,101.0,101.0,6.0,7.0,"rt;dur=0;desc=""Runtime init"", render;dur=101;desc=""Page render"", mw;dur=101;desc=""Total middleware"", db.total;dur=208;desc=""DB total"", db.count;dur=8;desc=""Query count"", db.first;dur=0;desc=""First query at"", db.last;dur=101;desc=""Last query at"", cache.hit;dur=6;desc=""Cache hits"", cache.miss;dur=7;desc=""Cache misses"" | D1_layout;dur=44.0;desc=""D1:layout"", D1_entry+recent;dur=81.0;desc=""D1:entry+recent"", D1_tags;dur=20.0;desc=""D1:tags"", total;dur=101.0;desc=""total"""
2026-10-05T22:21:57Z,after,browser,/posts/,200,MISS,remote-WAW,HAM,161.2,448.6,456.1,287.4,37283,7.0,166.0,0.0,101.0,101.0,2.0,6.0,"rt;dur=0;desc=""Runtime init"", render;dur=101;desc=""Page render"", mw;dur=101;desc=""Total middleware"", db.total;dur=166;desc=""DB total"", db.count;dur=7;desc=""Query count"", db.first;dur=0;desc=""First query at"", db.last;dur=101;desc=""Last query at"", cache.hit;dur=2;desc=""Cache hits"", cache.miss;dur=6;desc=""Cache misses"" | D1_layout;dur=42.0;desc=""D1:layout"", D1_posts;dur=79.0;desc=""D1:posts"", D1_all-tags;dur=22.0;desc=""D1:all-tags"", total;dur=101.0;desc=""total"" | cfEdge;dur=231,cfOrigin;dur=0"
2026-10-05T22:21:57Z,after,browser,/posts/architektura-emdash-typescript-astro,200,MISS,remote-,HAM,91.9,320.9,522.5,229.0,34673,8.0,210.0,0.0,103.0,103.0,6.0,7.0,"rt;dur=0;desc=""Runtime init"", render;dur=103;desc=""Page render"", mw;dur=103;desc=""Total middleware"", db.total;dur=210;desc=""DB total"", db.count;dur=8;desc=""Query count"", db.first;dur=0;desc=""First query at"", db.last;dur=103;desc=""Last query at"", cache.hit;dur=6;desc=""Cache hits"", cache.miss;dur=7;desc=""Cache misses"" | D1_layout;dur=47.0;desc=""D1:layout"", D1_entry+recent;dur=83.0;desc=""D1:entry+recent"", D1_tags;dur=20.0;desc=""D1:tags"", total;dur=103.0;desc=""total"" | cfEdge;dur=177,cfOrigin;dur=0"
2026-10-05T22:21:58Z,after,curl,/,200,MISS,remote-WAW,HAM,105.9,315.8,325.3,209.9,30957,7.0,167.0,0.0,98.0,98.0,2.0,6.0,"rt;dur=0;desc=""Runtime init"", render;dur=98;desc=""Page render"", mw;dur=98;desc=""Total middleware"", db.total;dur=167;desc=""DB total"", db.count;dur=7;desc=""Query count"", db.first;dur=0;desc=""First query at"", db.last;dur=98;desc=""Last query at"", cache.hit;dur=2;desc=""Cache hits"", cache.miss;dur=6;desc=""Cache misses"" | D1_layout;dur=40.0;desc=""D1:layout"", D1_posts;dur=77.0;desc=""D1:posts"", D1_all-tags;dur=21.0;desc=""D1:all-tags"", total;dur=98.0;desc=""total"""
2026-10-05T22:21:58Z,after,browser,/,200,MISS,remote-WAW,HAM,89.2,292.5,297.8,203.3,31316,7.0,158.0,0.0,95.0,95.0,2.0,6.0,"rt;dur=0;desc=""Runtime init"", render;dur=95;desc=""Page render"", mw;dur=95;desc=""Total middleware"", db.total;dur=158;desc=""DB total"", db.count;dur=7;desc=""Query count"", db.first;dur=0;desc=""First query at"", db.last;dur=95;desc=""Last query at"", cache.hit;dur=2;desc=""Cache hits"", cache.miss;dur=6;desc=""Cache misses"" | D1_layout;dur=35.0;desc=""D1:layout"", D1_posts;dur=73.0;desc=""D1:posts"", D1_all-tags;dur=22.0;desc=""D1:all-tags"", total;dur=95.0;desc=""total"" | cfEdge;dur=155,cfOrigin;dur=0"
2026-10-05T22:21:59Z,after,browser,/posts/,200,MISS,remote-WAW,HAM,95.4,519.1,532.9,423.7,37280,7.0,365.0,0.0,299.0,299.0,2.0,6.0,"rt;dur=0;desc=""Runtime init"", render;dur=299;desc=""Page render"", mw;dur=299;desc=""Total middleware"", db.total;dur=365;desc=""DB total"", db.count;dur=7;desc=""Query count"", db.first;dur=0;desc=""First query at"", db.last;dur=299;desc=""Last query at"", cache.hit;dur=2;desc=""Cache hits"", cache.miss;dur=6;desc=""Cache misses"" | D1_layout;dur=42.0;desc=""D1:layout"", D1_posts;dur=275.0;desc=""D1:posts"", D1_all-tags;dur=24.0;desc=""D1:all-tags"", total;dur=299.0;desc=""total"" | cfEdge;dur=377,cfOrigin;dur=0"
2026-10-05T22:22:00Z,after,curl,/category/technologia,200,MISS,remote-WAW,HAM,119.2,344.5,355.5,225.3,29309,10.0,244.0,0.0,93.0,93.0,2.0,6.0,"rt;dur=0;desc=""Runtime init"", render;dur=93;desc=""Page render"", mw;dur=93;desc=""Total middleware"", db.total;dur=244;desc=""DB total"", db.count;dur=10;desc=""Query count"", db.first;dur=0;desc=""First query at"", db.last;dur=93;desc=""Last query at"", cache.hit;dur=2;desc=""Cache hits"", cache.miss;dur=6;desc=""Cache misses"" | D1_layout;dur=51.0;desc=""D1:layout"", D1_term+posts;dur=93.0;desc=""D1:term+posts"", total;dur=93.0;desc=""total"""
2026-10-05T22:22:00Z,after,browser,/category/technologia,200,MISS,remote-,HAM,96.3,309.1,346.9,212.8,29685,9.0,251.0,0.0,102.0,102.0,2.0,6.0,"rt;dur=0;desc=""Runtime init"", render;dur=102;desc=""Page render"", mw;dur=102;desc=""Total middleware"", db.total;dur=251;desc=""DB total"", db.count;dur=9;desc=""Query count"", db.first;dur=0;desc=""First query at"", db.last;dur=102;desc=""Last query at"", cache.hit;dur=2;desc=""Cache hits"", cache.miss;dur=6;desc=""Cache misses"" | D1_layout;dur=62.0;desc=""D1:layout"", D1_term+posts;dur=102.0;desc=""D1:term+posts"", total;dur=102.0;desc=""total"" | cfEdge;dur=165,cfOrigin;dur=0"
2026-10-05T22:22:01Z,after,curl,/posts/,200,MISS,remote-,HAM,112.5,420.8,421.6,308.3,36896,7.0,165.0,0.0,97.0,97.0,2.0,6.0,"rt;dur=0;desc=""Runtime init"", render;dur=97;desc=""Page render"", mw;dur=97;desc=""Total middleware"", db.total;dur=165;desc=""DB total"", db.count;dur=7;desc=""Query count"", db.first;dur=0;desc=""First query at"", db.last;dur=97;desc=""Last query at"", cache.hit;dur=2;desc=""Cache hits"", cache.miss;dur=6;desc=""Cache misses"" | D1_layout;dur=43.0;desc=""D1:layout"", D1_posts;dur=78.0;desc=""D1:posts"", D1_all-tags;dur=19.0;desc=""D1:all-tags"", total;dur=97.0;desc=""total"""
2026-10-05T22:22:02Z,after,curl,/posts/architektura-emdash-typescript-astro,200,MISS,remote-,HAM,109.0,543.1,593.3,434.1,34315,8.0,417.0,0.0,300.0,300.0,6.0,7.0,"rt;dur=0;desc=""Runtime init"", render;dur=300;desc=""Page render"", mw;dur=300;desc=""Total middleware"", db.total;dur=417;desc=""DB total"", db.count;dur=8;desc=""Query count"", db.first;dur=0;desc=""First query at"", db.last;dur=300;desc=""Last query at"", cache.hit;dur=6;desc=""Cache hits"", cache.miss;dur=7;desc=""Cache misses"" | D1_layout;dur=51.0;desc=""D1:layout"", D1_entry+recent;dur=280.0;desc=""D1:entry+recent"", D1_tags;dur=20.0;desc=""D1:tags"", total;dur=300.0;desc=""total"""
2026-10-05T22:22:02Z,after,browser,/,200,MISS,remote-WAW,HAM,101.4,332.2,336.7,230.8,31308,7.0,182.0,0.0,107.0,107.0,2.0,6.0,"rt;dur=0;desc=""Runtime init"", render;dur=107;desc=""Page render"", mw;dur=107;desc=""Total middleware"", db.total;dur=182;desc=""DB total"", db.count;dur=7;desc=""Query count"", db.first;dur=0;desc=""First query at"", db.last;dur=107;desc=""Last query at"", cache.hit;dur=2;desc=""Cache hits"", cache.miss;dur=6;desc=""Cache misses"" | D1_layout;dur=46.0;desc=""D1:layout"", D1_posts;dur=84.0;desc=""D1:posts"", D1_all-tags;dur=23.0;desc=""D1:all-tags"", total;dur=107.0;desc=""total"" | cfEdge;dur=182,cfOrigin;dur=0"
2026-10-05T22:22:03Z,after,browser,/posts/architektura-emdash-typescript-astro,200,MISS,remote-WAW,HAM,232.5,475.6,655.7,243.1,34685,8.0,207.0,0.0,104.0,104.0,6.0,7.0,"rt;dur=0;desc=""Runtime init"", render;dur=104;desc=""Page render"", mw;dur=104;desc=""Total middleware"", db.total;dur=207;desc=""DB total"", db.count;dur=8;desc=""Query count"", db.first;dur=0;desc=""First query at"", db.last;dur=104;desc=""Last query at"", cache.hit;dur=6;desc=""Cache hits"", cache.miss;dur=7;desc=""Cache misses"" | D1_layout;dur=43.0;desc=""D1:layout"", D1_entry+recent;dur=84.0;desc=""D1:entry+recent"", D1_tags;dur=20.0;desc=""D1:tags"", total;dur=104.0;desc=""total"" | cfEdge;dur=178,cfOrigin;dur=0"
2026-10-05T22:22:04Z,after,curl,/,200,MISS,remote-,HAM,283.5,503.9,623.9,220.4,30953,7.0,162.0,0.0,90.0,90.0,2.0,6.0,"rt;dur=0;desc=""Runtime init"", render;dur=90;desc=""Page render"", mw;dur=90;desc=""Total middleware"", db.total;dur=162;desc=""DB total"", db.count;dur=7;desc=""Query count"", db.first;dur=0;desc=""First query at"", db.last;dur=90;desc=""Last query at"", cache.hit;dur=2;desc=""Cache hits"", cache.miss;dur=6;desc=""Cache misses"" | D1_layout;dur=44.0;desc=""D1:layout"", D1_posts;dur=72.0;desc=""D1:posts"", D1_all-tags;dur=18.0;desc=""D1:all-tags"", total;dur=90.0;desc=""total"""
2026-10-05T22:22:05Z,after,browser,/posts/,200,MISS,remote-,HAM,87.8,302.9,311.8,215.1,37275,7.0,151.0,0.0,87.0,87.0,2.0,6.0,"rt;dur=0;desc=""Runtime init"", render;dur=87;desc=""Page render"", mw;dur=87;desc=""Total middleware"", db.total;dur=151;desc=""DB total"", db.count;dur=7;desc=""Query count"", db.first;dur=0;desc=""First query at"", db.last;dur=87;desc=""Last query at"", cache.hit;dur=2;desc=""Cache hits"", cache.miss;dur=6;desc=""Cache misses"" | D1_layout;dur=38.0;desc=""D1:layout"", D1_posts;dur=66.0;desc=""D1:posts"", D1_all-tags;dur=21.0;desc=""D1:all-tags"", total;dur=87.0;desc=""total"" | cfEdge;dur=166,cfOrigin;dur=0"
2026-10-05T22:22:05Z,after,browser,/,200,MISS,remote-WAW,HAM,282.0,548.7,554.5,266.7,31317,8.0,238.0,0.0,130.0,130.0,2.0,6.0,"rt;dur=0;desc=""Runtime init"", render;dur=130;desc=""Page render"", mw;dur=130;desc=""Total middleware"", db.total;dur=238;desc=""DB total"", db.count;dur=8;desc=""Query count"", db.first;dur=0;desc=""First query at"", db.last;dur=130;desc=""Last query at"", cache.hit;dur=2;desc=""Cache hits"", cache.miss;dur=6;desc=""Cache misses"" | D1_layout;dur=46.0;desc=""D1:layout"", D1_posts;dur=113.0;desc=""D1:posts"", D1_all-tags;dur=17.0;desc=""D1:all-tags"", total;dur=130.0;desc=""total"" | cfEdge;dur=210,cfOrigin;dur=0"
2026-10-05T22:22:06Z,after,curl,/posts/,200,MISS,remote-,HAM,388.0,760.6,775.8,372.6,36892,7.0,228.0,0.0,128.0,128.0,2.0,6.0,"rt;dur=0;desc=""Runtime init"", render;dur=128;desc=""Page render"", mw;dur=128;desc=""Total middleware"", db.total;dur=228;desc=""DB total"", db.count;dur=7;desc=""Query count"", db.first;dur=0;desc=""First query at"", db.last;dur=128;desc=""Last query at"", cache.hit;dur=2;desc=""Cache hits"", cache.miss;dur=6;desc=""Cache misses"" | D1_layout;dur=71.0;desc=""D1:layout"", D1_posts;dur=90.0;desc=""D1:posts"", D1_all-tags;dur=38.0;desc=""D1:all-tags"", total;dur=128.0;desc=""total"""
2026-10-05T22:22:07Z,after,curl,/category/technologia,200,MISS,remote-WAW,HAM,433.8,645.8,780.7,212.0,29317,9.0,177.0,0.0,81.0,81.0,2.0,6.0,"rt;dur=0;desc=""Runtime init"", render;dur=81;desc=""Page render"", mw;dur=81;desc=""Total middleware"", db.total;dur=177;desc=""DB total"", db.count;dur=9;desc=""Query count"", db.first;dur=0;desc=""First query at"", db.last;dur=81;desc=""Last query at"", cache.hit;dur=2;desc=""Cache hits"", cache.miss;dur=6;desc=""Cache misses"" | D1_layout;dur=37.0;desc=""D1:layout"", D1_term+posts;dur=81.0;desc=""D1:term+posts"", total;dur=81.0;desc=""total"""
2026-10-05T22:22:08Z,after,curl,/posts/architektura-emdash-typescript-astro,200,MISS,remote-,HAM,305.5,558.7,648.9,253.2,34310,8.0,209.0,0.0,118.0,118.0,6.0,7.0,"rt;dur=0;desc=""Runtime init"", render;dur=118;desc=""Page render"", mw;dur=118;desc=""Total middleware"", db.total;dur=209;desc=""DB total"", db.count;dur=8;desc=""Query count"", db.first;dur=0;desc=""First query at"", db.last;dur=118;desc=""Last query at"", cache.hit;dur=6;desc=""Cache hits"", cache.miss;dur=7;desc=""Cache misses"" | D1_layout;dur=43.0;desc=""D1:layout"", D1_entry+recent;dur=97.0;desc=""D1:entry+recent"", D1_tags;dur=21.0;desc=""D1:tags"", total;dur=118.0;desc=""total"""
2026-10-05T22:22:09Z,after,browser,/posts/architektura-emdash-typescript-astro,200,MISS,remote-WAW,HAM,101.7,311.7,367.2,210.0,34689,8.0,171.0,0.0,86.0,86.0,6.0,7.0,"rt;dur=0;desc=""Runtime init"", render;dur=86;desc=""Page render"", mw;dur=86;desc=""Total middleware"", db.total;dur=171;desc=""DB total"", db.count;dur=8;desc=""Query count"", db.first;dur=0;desc=""First query at"", db.last;dur=86;desc=""Last query at"", cache.hit;dur=6;desc=""Cache hits"", cache.miss;dur=7;desc=""Cache misses"" | D1_layout;dur=34.0;desc=""D1:layout"", D1_entry+recent;dur=68.0;desc=""D1:entry+recent"", D1_tags;dur=18.0;desc=""D1:tags"", total;dur=86.0;desc=""total"" | cfEdge;dur=164,cfOrigin;dur=0"
2026-10-05T22:22:09Z,after,browser,/category/technologia,200,MISS,remote-WAW,HAM,110.0,342.7,348.0,232.7,29668,9.0,225.0,0.0,96.0,96.0,2.0,6.0,"rt;dur=0;desc=""Runtime init"", render;dur=96;desc=""Page render"", mw;dur=96;desc=""Total middleware"", db.total;dur=225;desc=""DB total"", db.count;dur=9;desc=""Query count"", db.first;dur=0;desc=""First query at"", db.last;dur=96;desc=""Last query at"", cache.hit;dur=2;desc=""Cache hits"", cache.miss;dur=6;desc=""Cache misses"" | D1_layout;dur=51.0;desc=""D1:layout"", D1_term+posts;dur=96.0;desc=""D1:term+posts"", total;dur=96.0;desc=""total"" | cfEdge;dur=182,cfOrigin;dur=0"
2026-10-05T22:22:10Z,after,curl,/,200,MISS,remote-,HAM,179.3,401.5,408.6,222.2,30949,7.0,159.0,0.0,87.0,87.0,2.0,6.0,"rt;dur=0;desc=""Runtime init"", render;dur=87;desc=""Page render"", mw;dur=87;desc=""Total middleware"", db.total;dur=159;desc=""DB total"", db.count;dur=7;desc=""Query count"", db.first;dur=0;desc=""First query at"", db.last;dur=87;desc=""Last query at"", cache.hit;dur=2;desc=""Cache hits"", cache.miss;dur=6;desc=""Cache misses"" | D1_layout;dur=42.0;desc=""D1:layout"", D1_posts;dur=69.0;desc=""D1:posts"", D1_all-tags;dur=18.0;desc=""D1:all-tags"", total;dur=87.0;desc=""total"""
2026-10-05T22:22:11Z,after,curl,/posts/architektura-emdash-typescript-astro,200,MISS,remote-WAW,HAM,172.2,403.8,472.4,231.6,34306,8.0,249.0,0.0,105.0,105.0,6.0,7.0,"rt;dur=0;desc=""Runtime init"", render;dur=105;desc=""Page render"", mw;dur=105;desc=""Total middleware"", db.total;dur=249;desc=""DB total"", db.count;dur=8;desc=""Query count"", db.first;dur=0;desc=""First query at"", db.last;dur=105;desc=""Last query at"", cache.hit;dur=6;desc=""Cache hits"", cache.miss;dur=7;desc=""Cache misses"" | D1_layout;dur=56.0;desc=""D1:layout"", D1_entry+recent;dur=87.0;desc=""D1:entry+recent"", D1_tags;dur=18.0;desc=""D1:tags"", total;dur=105.0;desc=""total"""
2026-10-05T22:22:11Z,after,browser,/,200,MISS,remote-WAW,HAM,85.7,304.2,314.3,218.5,31332,7.0,178.0,0.0,105.0,105.0,2.0,6.0,"rt;dur=0;desc=""Runtime init"", render;dur=105;desc=""Page render"", mw;dur=105;desc=""Total middleware"", db.total;dur=178;desc=""DB total"", db.count;dur=7;desc=""Query count"", db.first;dur=0;desc=""First query at"", db.last;dur=105;desc=""Last query at"", cache.hit;dur=2;desc=""Cache hits"", cache.miss;dur=6;desc=""Cache misses"" | D1_layout;dur=44.0;desc=""D1:layout"", D1_posts;dur=72.0;desc=""D1:posts"", D1_all-tags;dur=33.0;desc=""D1:all-tags"", total;dur=105.0;desc=""total"" | cfEdge;dur=179,cfOrigin;dur=0"
2026-10-05T22:22:12Z,after,curl,/,200,MISS,remote-WAW,HAM,91.0,413.8,414.7,322.8,30945,7.0,157.0,0.0,93.0,93.0,2.0,6.0,"rt;dur=0;desc=""Runtime init"", render;dur=93;desc=""Page render"", mw;dur=93;desc=""Total middleware"", db.total;dur=157;desc=""DB total"", db.count;dur=7;desc=""Query count"", db.first;dur=0;desc=""First query at"", db.last;dur=93;desc=""Last query at"", cache.hit;dur=2;desc=""Cache hits"", cache.miss;dur=6;desc=""Cache misses"" | D1_layout;dur=39.0;desc=""D1:layout"", D1_posts;dur=69.0;desc=""D1:posts"", D1_all-tags;dur=24.0;desc=""D1:all-tags"", total;dur=93.0;desc=""total"""
2026-10-05T22:22:12Z,after,curl,/category/technologia,200,MISS,remote-WAW,HAM,88.0,306.3,312.8,218.3,29313,9.0,220.0,0.0,95.0,95.0,2.0,6.0,"rt;dur=0;desc=""Runtime init"", render;dur=95;desc=""Page render"", mw;dur=95;desc=""Total middleware"", db.total;dur=220;desc=""DB total"", db.count;dur=9;desc=""Query count"", db.first;dur=0;desc=""First query at"", db.last;dur=95;desc=""Last query at"", cache.hit;dur=2;desc=""Cache hits"", cache.miss;dur=6;desc=""Cache misses"" | D1_layout;dur=51.0;desc=""D1:layout"", D1_term+posts;dur=95.0;desc=""D1:term+posts"", total;dur=95.0;desc=""total"""
2026-10-05T22:22:13Z,after,browser,/category/technologia,200,MISS,remote-,HAM,100.9,311.8,315.9,210.9,29672,9.0,215.0,0.0,93.0,93.0,2.0,6.0,"rt;dur=0;desc=""Runtime init"", render;dur=93;desc=""Page render"", mw;dur=93;desc=""Total middleware"", db.total;dur=215;desc=""DB total"", db.count;dur=9;desc=""Query count"", db.first;dur=0;desc=""First query at"", db.last;dur=93;desc=""Last query at"", cache.hit;dur=2;desc=""Cache hits"", cache.miss;dur=6;desc=""Cache misses"" | D1_layout;dur=52.0;desc=""D1:layout"", D1_term+posts;dur=93.0;desc=""D1:term+posts"", total;dur=93.0;desc=""total"" | cfEdge;dur=158,cfOrigin;dur=0"
2026-10-05T22:22:14Z,after,curl,/posts/,200,MISS,remote-WAW,HAM,93.5,304.9,312.8,211.4,36912,7.0,154.0,0.0,86.0,86.0,2.0,6.0,"rt;dur=0;desc=""Runtime init"", render;dur=86;desc=""Page render"", mw;dur=86;desc=""Total middleware"", db.total;dur=154;desc=""DB total"", db.count;dur=7;desc=""Query count"", db.first;dur=0;desc=""First query at"", db.last;dur=86;desc=""Last query at"", cache.hit;dur=2;desc=""Cache hits"", cache.miss;dur=6;desc=""Cache misses"" | D1_layout;dur=41.0;desc=""D1:layout"", D1_posts;dur=69.0;desc=""D1:posts"", D1_all-tags;dur=17.0;desc=""D1:all-tags"", total;dur=86.0;desc=""total"""
2026-10-05T22:22:14Z,after,browser,/posts/,200,MISS,remote-WAW,HAM,132.2,347.3,356.7,215.1,37287,7.0,161.0,0.0,99.0,99.0,2.0,6.0,"rt;dur=0;desc=""Runtime init"", render;dur=99;desc=""Page render"", mw;dur=99;desc=""Total middleware"", db.total;dur=161;desc=""DB total"", db.count;dur=7;desc=""Query count"", db.first;dur=0;desc=""First query at"", db.last;dur=99;desc=""Last query at"", cache.hit;dur=2;desc=""Cache hits"", cache.miss;dur=6;desc=""Cache misses"" | D1_layout;dur=38.0;desc=""D1:layout"", D1_posts;dur=78.0;desc=""D1:posts"", D1_all-tags;dur=21.0;desc=""D1:all-tags"", total;dur=99.0;desc=""total"" | cfEdge;dur=163,cfOrigin;dur=0"
2026-10-05T22:22:15Z,after,browser,/posts/architektura-emdash-typescript-astro,200,MISS,remote-,HAM,187.9,426.2,475.3,238.3,34689,8.0,226.0,0.0,109.0,109.0,6.0,7.0,"rt;dur=0;desc=""Runtime init"", render;dur=109;desc=""Page render"", mw;dur=109;desc=""Total middleware"", db.total;dur=226;desc=""DB total"", db.count;dur=8;desc=""Query count"", db.first;dur=0;desc=""First query at"", db.last;dur=109;desc=""Last query at"", cache.hit;dur=6;desc=""Cache hits"", cache.miss;dur=7;desc=""Cache misses"" | D1_layout;dur=50.0;desc=""D1:layout"", D1_entry+recent;dur=90.0;desc=""D1:entry+recent"", D1_tags;dur=19.0;desc=""D1:tags"", total;dur=109.0;desc=""total"" | cfEdge;dur=176,cfOrigin;dur=0"
2026-10-05T22:22:15Z,after,browser,/posts/,200,MISS,remote-WAW,HAM,119.9,352.9,363.6,233.0,37271,7.0,162.0,0.0,101.0,101.0,2.0,6.0,"rt;dur=0;desc=""Runtime init"", render;dur=101;desc=""Page render"", mw;dur=101;desc=""Total middleware"", db.total;dur=162;desc=""DB total"", db.count;dur=7;desc=""Query count"", db.first;dur=0;desc=""First query at"", db.last;dur=101;desc=""Last query at"", cache.hit;dur=2;desc=""Cache hits"", cache.miss;dur=6;desc=""Cache misses"" | D1_layout;dur=41.0;desc=""D1:layout"", D1_posts;dur=84.0;desc=""D1:posts"", D1_all-tags;dur=17.0;desc=""D1:all-tags"", total;dur=101.0;desc=""total"" | cfEdge;dur=173,cfOrigin;dur=0"
2026-10-05T22:22:16Z,after,curl,/posts/,200,MISS,remote-WAW,HAM,91.3,302.6,310.0,211.3,36904,7.0,159.0,0.0,90.0,90.0,2.0,6.0,"rt;dur=0;desc=""Runtime init"", render;dur=90;desc=""Page render"", mw;dur=90;desc=""Total middleware"", db.total;dur=159;desc=""DB total"", db.count;dur=7;desc=""Query count"", db.first;dur=0;desc=""First query at"", db.last;dur=90;desc=""Last query at"", cache.hit;dur=2;desc=""Cache hits"", cache.miss;dur=6;desc=""Cache misses"" | D1_layout;dur=43.0;desc=""D1:layout"", D1_posts;dur=68.0;desc=""D1:posts"", D1_all-tags;dur=22.0;desc=""D1:all-tags"", total;dur=90.0;desc=""total"""
2026-10-05T22:22:17Z,after,browser,/,200,MISS,remote-WAW,HAM,91.7,320.9,326.4,229.2,31308,7.0,165.0,0.0,107.0,107.0,2.0,6.0,"rt;dur=0;desc=""Runtime init"", render;dur=107;desc=""Page render"", mw;dur=107;desc=""Total middleware"", db.total;dur=165;desc=""DB total"", db.count;dur=7;desc=""Query count"", db.first;dur=0;desc=""First query at"", db.last;dur=107;desc=""Last query at"", cache.hit;dur=2;desc=""Cache hits"", cache.miss;dur=6;desc=""Cache misses"" | D1_layout;dur=34.0;desc=""D1:layout"", D1_posts;dur=85.0;desc=""D1:posts"", D1_all-tags;dur=22.0;desc=""D1:all-tags"", total;dur=107.0;desc=""total"" | cfEdge;dur=179,cfOrigin;dur=0"
2026-10-05T22:22:17Z,after,browser,/category/technologia,200,MISS,remote-,HAM,104.3,320.2,327.6,215.9,29688,9.0,221.0,0.0,95.0,95.0,2.0,6.0,"rt;dur=0;desc=""Runtime init"", render;dur=95;desc=""Page render"", mw;dur=95;desc=""Total middleware"", db.total;dur=221;desc=""DB total"", db.count;dur=9;desc=""Query count"", db.first;dur=0;desc=""First query at"", db.last;dur=95;desc=""Last query at"", cache.hit;dur=2;desc=""Cache hits"", cache.miss;dur=6;desc=""Cache misses"" | D1_layout;dur=50.0;desc=""D1:layout"", D1_term+posts;dur=95.0;desc=""D1:term+posts"", total;dur=95.0;desc=""total"" | cfEdge;dur=160,cfOrigin;dur=0"
2026-10-05T22:22:18Z,after,curl,/category/technologia,200,MISS,remote-WAW,HAM,92.6,294.7,301.4,202.1,29309,9.0,214.0,0.0,95.0,95.0,2.0,6.0,"rt;dur=0;desc=""Runtime init"", render;dur=95;desc=""Page render"", mw;dur=95;desc=""Total middleware"", db.total;dur=214;desc=""DB total"", db.count;dur=9;desc=""Query count"", db.first;dur=0;desc=""First query at"", db.last;dur=95;desc=""Last query at"", cache.hit;dur=2;desc=""Cache hits"", cache.miss;dur=6;desc=""Cache misses"" | D1_layout;dur=49.0;desc=""D1:layout"", D1_term+posts;dur=95.0;desc=""D1:term+posts"", total;dur=95.0;desc=""total"""
2026-10-05T22:22:18Z,after,browser,/posts/architektura-emdash-typescript-astro,200,MISS,remote-WAW,HAM,87.4,327.4,429.1,240.0,34681,8.0,197.0,0.0,96.0,96.0,6.0,7.0,"rt;dur=0;desc=""Runtime init"", render;dur=96;desc=""Page render"", mw;dur=96;desc=""Total middleware"", db.total;dur=197;desc=""DB total"", db.count;dur=8;desc=""Query count"", db.first;dur=0;desc=""First query at"", db.last;dur=96;desc=""Last query at"", cache.hit;dur=6;desc=""Cache hits"", cache.miss;dur=7;desc=""Cache misses"" | D1_layout;dur=49.0;desc=""D1:layout"", D1_entry+recent;dur=75.0;desc=""D1:entry+recent"", D1_tags;dur=21.0;desc=""D1:tags"", total;dur=96.0;desc=""total"" | cfEdge;dur=167,cfOrigin;dur=0"
2026-10-05T22:22:19Z,after,curl,/posts/architektura-emdash-typescript-astro,200,MISS,remote-WAW,HAM,105.0,308.1,363.3,203.1,34310,8.0,176.0,0.0,88.0,88.0,6.0,7.0,"rt;dur=0;desc=""Runtime init"", render;dur=88;desc=""Page render"", mw;dur=88;desc=""Total middleware"", db.total;dur=176;desc=""DB total"", db.count;dur=8;desc=""Query count"", db.first;dur=0;desc=""First query at"", db.last;dur=88;desc=""Last query at"", cache.hit;dur=6;desc=""Cache hits"", cache.miss;dur=7;desc=""Cache misses"" | D1_layout;dur=33.0;desc=""D1:layout"", D1_entry+recent;dur=69.0;desc=""D1:entry+recent"", D1_tags;dur=19.0;desc=""D1:tags"", total;dur=88.0;desc=""total"""
2026-10-05T22:22:20Z,after,curl,/,200,MISS,remote-WAW,HAM,229.6,587.8,590.3,358.2,30953,7.0,206.0,0.0,106.0,106.0,2.0,6.0,"rt;dur=0;desc=""Runtime init"", render;dur=106;desc=""Page render"", mw;dur=106;desc=""Total middleware"", db.total;dur=206;desc=""DB total"", db.count;dur=7;desc=""Query count"", db.first;dur=0;desc=""First query at"", db.last;dur=106;desc=""Last query at"", cache.hit;dur=2;desc=""Cache hits"", cache.miss;dur=6;desc=""Cache misses"" | D1_layout;dur=56.0;desc=""D1:layout"", D1_posts;dur=87.0;desc=""D1:posts"", D1_all-tags;dur=19.0;desc=""D1:all-tags"", total;dur=106.0;desc=""total"""
2026-10-05T22:22:21Z,after,curl,/posts/architektura-emdash-typescript-astro,200,MISS,remote-,HAM,189.1,447.2,624.0,258.1,34319,8.0,220.0,0.0,125.0,125.0,6.0,7.0,"rt;dur=0;desc=""Runtime init"", render;dur=125;desc=""Page render"", mw;dur=125;desc=""Total middleware"", db.total;dur=220;desc=""DB total"", db.count;dur=8;desc=""Query count"", db.first;dur=0;desc=""First query at"", db.last;dur=125;desc=""Last query at"", cache.hit;dur=6;desc=""Cache hits"", cache.miss;dur=7;desc=""Cache misses"" | D1_layout;dur=43.0;desc=""D1:layout"", D1_entry+recent;dur=104.0;desc=""D1:entry+recent"", D1_tags;dur=21.0;desc=""D1:tags"", total;dur=125.0;desc=""total"""
2026-10-05T22:22:21Z,after,curl,/category/technologia,200,MISS,remote-WAW,HAM,301.9,514.3,525.6,212.4,29305,9.0,215.0,0.0,92.0,92.0,2.0,6.0,"rt;dur=0;desc=""Runtime init"", render;dur=92;desc=""Page render"", mw;dur=92;desc=""Total middleware"", db.total;dur=215;desc=""DB total"", db.count;dur=9;desc=""Query count"", db.first;dur=0;desc=""First query at"", db.last;dur=92;desc=""Last query at"", cache.hit;dur=2;desc=""Cache hits"", cache.miss;dur=6;desc=""Cache misses"" | D1_layout;dur=50.0;desc=""D1:layout"", D1_term+posts;dur=92.0;desc=""D1:term+posts"", total;dur=92.0;desc=""total"""
2026-10-05T22:22:22Z,after,browser,/posts/architektura-emdash-typescript-astro,200,MISS,remote-WAW,HAM,312.2,601.2,604.7,289.0,34677,8.0,219.0,0.0,96.0,96.0,6.0,7.0,"rt;dur=0;desc=""Runtime init"", render;dur=96;desc=""Page render"", mw;dur=96;desc=""Total middleware"", db.total;dur=219;desc=""DB total"", db.count;dur=8;desc=""Query count"", db.first;dur=0;desc=""First query at"", db.last;dur=96;desc=""Last query at"", cache.hit;dur=6;desc=""Cache hits"", cache.miss;dur=7;desc=""Cache misses"" | D1_layout;dur=53.0;desc=""D1:layout"", D1_entry+recent;dur=75.0;desc=""D1:entry+recent"", D1_tags;dur=21.0;desc=""D1:tags"", total;dur=96.0;desc=""total"" | cfEdge;dur=161,cfOrigin;dur=0"
2026-10-05T22:22:23Z,after,curl,/,200,MISS,remote-WAW,HAM,291.9,535.3,629.0,243.4,30946,7.0,178.0,0.0,120.0,120.0,2.0,6.0,"rt;dur=0;desc=""Runtime init"", render;dur=120;desc=""Page render"", mw;dur=120;desc=""Total middleware"", db.total;dur=178;desc=""DB total"", db.count;dur=7;desc=""Query count"", db.first;dur=0;desc=""First query at"", db.last;dur=120;desc=""Last query at"", cache.hit;dur=2;desc=""Cache hits"", cache.miss;dur=6;desc=""Cache misses"" | D1_layout;dur=38.0;desc=""D1:layout"", D1_posts;dur=104.0;desc=""D1:posts"", D1_all-tags;dur=16.0;desc=""D1:all-tags"", total;dur=120.0;desc=""total"""
2026-10-05T22:22:24Z,after,browser,/category/technologia,200,MISS,remote-,HAM,111.8,325.0,328.5,213.2,29672,9.0,192.0,0.0,86.0,86.0,2.0,6.0,"rt;dur=0;desc=""Runtime init"", render;dur=86;desc=""Page render"", mw;dur=86;desc=""Total middleware"", db.total;dur=192;desc=""DB total"", db.count;dur=9;desc=""Query count"", db.first;dur=0;desc=""First query at"", db.last;dur=86;desc=""Last query at"", cache.hit;dur=2;desc=""Cache hits"", cache.miss;dur=6;desc=""Cache misses"" | D1_layout;dur=45.0;desc=""D1:layout"", D1_term+posts;dur=86.0;desc=""D1:term+posts"", total;dur=86.0;desc=""total"" | cfEdge;dur=158,cfOrigin;dur=0"
2026-10-05T22:22:24Z,after,browser,/posts/,200,MISS,remote-,HAM,263.2,647.6,656.7,384.4,37276,7.0,308.0,0.0,242.0,242.0,2.0,6.0,"rt;dur=0;desc=""Runtime init"", render;dur=242;desc=""Page render"", mw;dur=242;desc=""Total middleware"", db.total;dur=308;desc=""DB total"", db.count;dur=7;desc=""Query count"", db.first;dur=0;desc=""First query at"", db.last;dur=242;desc=""Last query at"", cache.hit;dur=2;desc=""Cache hits"", cache.miss;dur=6;desc=""Cache misses"" | D1_layout;dur=40.0;desc=""D1:layout"", D1_posts;dur=220.0;desc=""D1:posts"", D1_all-tags;dur=22.0;desc=""D1:all-tags"", total;dur=242.0;desc=""total"" | cfEdge;dur=312,cfOrigin;dur=0"
2026-10-05T22:22:25Z,after,browser,/,200,MISS,remote-WAW,HAM,219.3,446.8,453.6,227.5,31304,7.0,162.0,0.0,98.0,98.0,2.0,6.0,"rt;dur=0;desc=""Runtime init"", render;dur=98;desc=""Page render"", mw;dur=98;desc=""Total middleware"", db.total;dur=162;desc=""DB total"", db.count;dur=7;desc=""Query count"", db.first;dur=0;desc=""First query at"", db.last;dur=98;desc=""Last query at"", cache.hit;dur=2;desc=""Cache hits"", cache.miss;dur=6;desc=""Cache misses"" | D1_layout;dur=40.0;desc=""D1:layout"", D1_posts;dur=78.0;desc=""D1:posts"", D1_all-tags;dur=20.0;desc=""D1:all-tags"", total;dur=98.0;desc=""total"" | cfEdge;dur=170,cfOrigin;dur=0"
2026-10-05T22:22:26Z,after,curl,/posts/,200,MISS,remote-WAW,HAM,90.7,302.9,310.9,212.2,36896,7.0,151.0,0.0,93.0,93.0,2.0,6.0,"rt;dur=0;desc=""Runtime init"", render;dur=93;desc=""Page render"", mw;dur=93;desc=""Total middleware"", db.total;dur=151;desc=""DB total"", db.count;dur=7;desc=""Query count"", db.first;dur=0;desc=""First query at"", db.last;dur=93;desc=""Last query at"", cache.hit;dur=2;desc=""Cache hits"", cache.miss;dur=6;desc=""Cache misses"" | D1_layout;dur=36.0;desc=""D1:layout"", D1_posts;dur=77.0;desc=""D1:posts"", D1_all-tags;dur=16.0;desc=""D1:all-tags"", total;dur=93.0;desc=""total"""
2026-10-05T22:22:26Z,after,browser,/posts/,200,MISS,remote-WAW,HAM,107.5,313.8,322.7,206.3,37271,7.0,162.0,0.0,93.0,93.0,2.0,6.0,"rt;dur=0;desc=""Runtime init"", render;dur=93;desc=""Page render"", mw;dur=93;desc=""Total middleware"", db.total;dur=162;desc=""DB total"", db.count;dur=7;desc=""Query count"", db.first;dur=0;desc=""First query at"", db.last;dur=93;desc=""Last query at"", cache.hit;dur=2;desc=""Cache hits"", cache.miss;dur=6;desc=""Cache misses"" | D1_layout;dur=40.0;desc=""D1:layout"", D1_posts;dur=78.0;desc=""D1:posts"", D1_all-tags;dur=15.0;desc=""D1:all-tags"", total;dur=93.0;desc=""total"" | cfEdge;dur=161,cfOrigin;dur=0"
2026-10-05T22:22:27Z,after,curl,/posts/architektura-emdash-typescript-astro,200,MISS,remote-,HAM,94.0,331.3,379.8,237.3,34302,8.0,203.0,0.0,110.0,110.0,6.0,7.0,"rt;dur=0;desc=""Runtime init"", render;dur=110;desc=""Page render"", mw;dur=110;desc=""Total middleware"", db.total;dur=203;desc=""DB total"", db.count;dur=8;desc=""Query count"", db.first;dur=0;desc=""First query at"", db.last;dur=110;desc=""Last query at"", cache.hit;dur=6;desc=""Cache hits"", cache.miss;dur=7;desc=""Cache misses"" | D1_layout;dur=45.0;desc=""D1:layout"", D1_entry+recent;dur=89.0;desc=""D1:entry+recent"", D1_tags;dur=21.0;desc=""D1:tags"", total;dur=110.0;desc=""total"""
2026-10-05T22:22:27Z,after,curl,/category/technologia,200,MISS,remote-WAW,HAM,183.6,432.2,438.6,248.6,29309,9.0,194.0,0.0,89.0,89.0,2.0,6.0,"rt;dur=0;desc=""Runtime init"", render;dur=89;desc=""Page render"", mw;dur=89;desc=""Total middleware"", db.total;dur=194;desc=""DB total"", db.count;dur=9;desc=""Query count"", db.first;dur=0;desc=""First query at"", db.last;dur=89;desc=""Last query at"", cache.hit;dur=2;desc=""Cache hits"", cache.miss;dur=6;desc=""Cache misses"" | D1_layout;dur=43.0;desc=""D1:layout"", D1_term+posts;dur=89.0;desc=""D1:term+posts"", total;dur=89.0;desc=""total"""
2026-10-05T22:22:28Z,after,browser,/category/technologia,200,MISS,remote-WAW,HAM,104.1,303.1,315.1,199.0,29676,9.0,180.0,0.0,81.0,81.0,2.0,6.0,"rt;dur=0;desc=""Runtime init"", render;dur=81;desc=""Page render"", mw;dur=81;desc=""Total middleware"", db.total;dur=180;desc=""DB total"", db.count;dur=9;desc=""Query count"", db.first;dur=0;desc=""First query at"", db.last;dur=81;desc=""Last query at"", cache.hit;dur=2;desc=""Cache hits"", cache.miss;dur=6;desc=""Cache misses"" | D1_layout;dur=39.0;desc=""D1:layout"", D1_term+posts;dur=81.0;desc=""D1:term+posts"", total;dur=81.0;desc=""total"" | cfEdge;dur=147,cfOrigin;dur=0"
2026-10-05T22:22:29Z,after,curl,/posts/,200,MISS,remote-WAW,HAM,113.3,342.6,344.8,229.3,36920,7.0,162.0,0.0,95.0,95.0,2.0,6.0,"rt;dur=0;desc=""Runtime init"", render;dur=95;desc=""Page render"", mw;dur=95;desc=""Total middleware"", db.total;dur=162;desc=""DB total"", db.count;dur=7;desc=""Query count"", db.first;dur=0;desc=""First query at"", db.last;dur=95;desc=""Last query at"", cache.hit;dur=2;desc=""Cache hits"", cache.miss;dur=6;desc=""Cache misses"" | D1_layout;dur=41.0;desc=""D1:layout"", D1_posts;dur=76.0;desc=""D1:posts"", D1_all-tags;dur=19.0;desc=""D1:all-tags"", total;dur=95.0;desc=""total"""
2026-10-05T22:22:29Z,after,browser,/posts/architektura-emdash-typescript-astro,200,MISS,remote-WAW,HAM,103.4,397.7,401.4,294.3,34669,8.0,213.0,0.0,96.0,96.0,6.0,7.0,"rt;dur=0;desc=""Runtime init"", render;dur=96;desc=""Page render"", mw;dur=96;desc=""Total middleware"", db.total;dur=213;desc=""DB total"", db.count;dur=8;desc=""Query count"", db.first;dur=0;desc=""First query at"", db.last;dur=96;desc=""Last query at"", cache.hit;dur=6;desc=""Cache hits"", cache.miss;dur=7;desc=""Cache misses"" | D1_layout;dur=53.0;desc=""D1:layout"", D1_entry+recent;dur=78.0;desc=""D1:entry+recent"", D1_tags;dur=18.0;desc=""D1:tags"", total;dur=96.0;desc=""total"" | cfEdge;dur=169,cfOrigin;dur=0"
2026-10-05T22:22:30Z,after,curl,/,200,MISS,remote-WAW,HAM,104.5,351.9,359.0,247.4,30949,8.0,249.0,0.0,113.0,113.0,2.0,6.0,"rt;dur=0;desc=""Runtime init"", render;dur=113;desc=""Page render"", mw;dur=113;desc=""Total middleware"", db.total;dur=249;desc=""DB total"", db.count;dur=8;desc=""Query count"", db.first;dur=0;desc=""First query at"", db.last;dur=113;desc=""Last query at"", cache.hit;dur=2;desc=""Cache hits"", cache.miss;dur=6;desc=""Cache misses"" | D1_layout;dur=58.0;desc=""D1:layout"", D1_posts;dur=91.0;desc=""D1:posts"", D1_all-tags;dur=22.0;desc=""D1:all-tags"", total;dur=113.0;desc=""total"""
2026-10-05T22:22:30Z,after,browser,/,200,MISS,remote-,HAM,109.6,313.0,320.6,203.4,31312,7.0,154.0,0.0,88.0,88.0,2.0,6.0,"rt;dur=0;desc=""Runtime init"", render;dur=88;desc=""Page render"", mw;dur=88;desc=""Total middleware"", db.total;dur=154;desc=""DB total"", db.count;dur=7;desc=""Query count"", db.first;dur=0;desc=""First query at"", db.last;dur=88;desc=""Last query at"", cache.hit;dur=2;desc=""Cache hits"", cache.miss;dur=6;desc=""Cache misses"" | D1_layout;dur=39.0;desc=""D1:layout"", D1_posts;dur=70.0;desc=""D1:posts"", D1_all-tags;dur=18.0;desc=""D1:all-tags"", total;dur=88.0;desc=""total"" | cfEdge;dur=154,cfOrigin;dur=0"
2026-10-05T22:22:31Z,after,browser,/category/technologia,200,MISS,remote-,HAM,174.0,391.1,399.2,217.1,29684,9.0,195.0,0.0,92.0,92.0,2.0,6.0,"rt;dur=0;desc=""Runtime init"", render;dur=92;desc=""Page render"", mw;dur=92;desc=""Total middleware"", db.total;dur=195;desc=""DB total"", db.count;dur=9;desc=""Query count"", db.first;dur=0;desc=""First query at"", db.last;dur=92;desc=""Last query at"", cache.hit;dur=2;desc=""Cache hits"", cache.miss;dur=6;desc=""Cache misses"" | D1_layout;dur=40.0;desc=""D1:layout"", D1_term+posts;dur=92.0;desc=""D1:term+posts"", total;dur=92.0;desc=""total"" | cfEdge;dur=167,cfOrigin;dur=0"
2026-10-05T22:22:32Z,after,browser,/posts/architektura-emdash-typescript-astro,200,MISS,remote-WAW,HAM,161.0,396.8,472.6,235.8,34677,8.0,207.0,0.0,95.0,95.0,6.0,7.0,"rt;dur=0;desc=""Runtime init"", render;dur=95;desc=""Page render"", mw;dur=95;desc=""Total middleware"", db.total;dur=207;desc=""DB total"", db.count;dur=8;desc=""Query count"", db.first;dur=0;desc=""First query at"", db.last;dur=95;desc=""Last query at"", cache.hit;dur=6;desc=""Cache hits"", cache.miss;dur=7;desc=""Cache misses"" | D1_layout;dur=44.0;desc=""D1:layout"", D1_entry+recent;dur=79.0;desc=""D1:entry+recent"", D1_tags;dur=16.0;desc=""D1:tags"", total;dur=95.0;desc=""total"" | cfEdge;dur=179,cfOrigin;dur=0"
2026-10-05T22:22:32Z,after,curl,/posts/,200,MISS,remote-WAW,HAM,79.1,402.5,405.5,323.4,36904,7.0,174.0,0.0,108.0,108.0,2.0,6.0,"rt;dur=0;desc=""Runtime init"", render;dur=108;desc=""Page render"", mw;dur=108;desc=""Total middleware"", db.total;dur=174;desc=""DB total"", db.count;dur=7;desc=""Query count"", db.first;dur=0;desc=""First query at"", db.last;dur=108;desc=""Last query at"", cache.hit;dur=2;desc=""Cache hits"", cache.miss;dur=6;desc=""Cache misses"" | D1_layout;dur=43.0;desc=""D1:layout"", D1_posts;dur=85.0;desc=""D1:posts"", D1_all-tags;dur=23.0;desc=""D1:all-tags"", total;dur=108.0;desc=""total"""
2026-10-05T22:22:33Z,after,browser,/posts/,200,MISS,remote-,HAM,87.6,288.8,293.3,201.2,37267,7.0,149.0,0.0,81.0,81.0,2.0,6.0,"rt;dur=0;desc=""Runtime init"", render;dur=81;desc=""Page render"", mw;dur=81;desc=""Total middleware"", db.total;dur=149;desc=""DB total"", db.count;dur=7;desc=""Query count"", db.first;dur=0;desc=""First query at"", db.last;dur=81;desc=""Last query at"", cache.hit;dur=2;desc=""Cache hits"", cache.miss;dur=6;desc=""Cache misses"" | D1_layout;dur=42.0;desc=""D1:layout"", D1_posts;dur=61.0;desc=""D1:posts"", D1_all-tags;dur=20.0;desc=""D1:all-tags"", total;dur=81.0;desc=""total"" | cfEdge;dur=147,cfOrigin;dur=0"
2026-10-05T22:22:34Z,after,curl,/posts/architektura-emdash-typescript-astro,200,MISS,remote-WAW,HAM,105.3,330.4,385.3,225.1,34306,8.0,180.0,0.0,94.0,94.0,6.0,7.0,"rt;dur=0;desc=""Runtime init"", render;dur=94;desc=""Page render"", mw;dur=94;desc=""Total middleware"", db.total;dur=180;desc=""DB total"", db.count;dur=8;desc=""Query count"", db.first;dur=0;desc=""First query at"", db.last;dur=94;desc=""Last query at"", cache.hit;dur=6;desc=""Cache hits"", cache.miss;dur=7;desc=""Cache misses"" | D1_layout;dur=35.0;desc=""D1:layout"", D1_entry+recent;dur=71.0;desc=""D1:entry+recent"", D1_tags;dur=23.0;desc=""D1:tags"", total;dur=94.0;desc=""total"""
2026-10-05T22:22:34Z,after,browser,/,200,MISS,remote-,HAM,98.4,347.6,353.4,249.2,31317,7.0,194.0,0.0,127.0,127.0,2.0,6.0,"rt;dur=0;desc=""Runtime init"", render;dur=127;desc=""Page render"", mw;dur=127;desc=""Total middleware"", db.total;dur=194;desc=""DB total"", db.count;dur=7;desc=""Query count"", db.first;dur=0;desc=""First query at"", db.last;dur=127;desc=""Last query at"", cache.hit;dur=2;desc=""Cache hits"", cache.miss;dur=6;desc=""Cache misses"" | D1_layout;dur=43.0;desc=""D1:layout"", D1_posts;dur=109.0;desc=""D1:posts"", D1_all-tags;dur=18.0;desc=""D1:all-tags"", total;dur=127.0;desc=""total"" | cfEdge;dur=198,cfOrigin;dur=0"
2026-10-05T22:22:35Z,after,curl,/category/technologia,200,MISS,remote-WAW,HAM,213.2,465.1,472.7,251.9,29318,9.0,279.0,0.0,119.0,119.0,2.0,6.0,"rt;dur=0;desc=""Runtime init"", render;dur=119;desc=""Page render"", mw;dur=119;desc=""Total middleware"", db.total;dur=279;desc=""DB total"", db.count;dur=9;desc=""Query count"", db.first;dur=0;desc=""First query at"", db.last;dur=119;desc=""Last query at"", cache.hit;dur=2;desc=""Cache hits"", cache.miss;dur=6;desc=""Cache misses"" | D1_layout;dur=64.0;desc=""D1:layout"", D1_term+posts;dur=119.0;desc=""D1:term+posts"", total;dur=119.0;desc=""total"""
2026-10-05T22:22:36Z,after,curl,/,200,MISS,remote-,HAM,262.4,505.0,515.8,242.6,30965,7.0,160.0,0.0,96.0,96.0,2.0,6.0,"rt;dur=0;desc=""Runtime init"", render;dur=96;desc=""Page render"", mw;dur=96;desc=""Total middleware"", db.total;dur=160;desc=""DB total"", db.count;dur=7;desc=""Query count"", db.first;dur=0;desc=""First query at"", db.last;dur=96;desc=""Last query at"", cache.hit;dur=2;desc=""Cache hits"", cache.miss;dur=6;desc=""Cache misses"" | D1_layout;dur=42.0;desc=""D1:layout"", D1_posts;dur=71.0;desc=""D1:posts"", D1_all-tags;dur=25.0;desc=""D1:all-tags"", total;dur=96.0;desc=""total"""
2026-10-05T22:22:36Z,after,curl,/posts/architektura-emdash-typescript-astro,200,MISS,remote-,HAM,103.1,430.1,431.8,327.0,34322,9.0,231.0,0.0,103.0,103.0,6.0,7.0,"rt;dur=0;desc=""Runtime init"", render;dur=103;desc=""Page render"", mw;dur=103;desc=""Total middleware"", db.total;dur=231;desc=""DB total"", db.count;dur=9;desc=""Query count"", db.first;dur=0;desc=""First query at"", db.last;dur=103;desc=""Last query at"", cache.hit;dur=6;desc=""Cache hits"", cache.miss;dur=7;desc=""Cache misses"" | D1_layout;dur=44.0;desc=""D1:layout"", D1_entry+recent;dur=81.0;desc=""D1:entry+recent"", D1_tags;dur=22.0;desc=""D1:tags"", total;dur=103.0;desc=""total"""
2026-10-05T22:22:37Z,after,browser,/,200,MISS,remote-WAW,HAM,473.3,845.5,846.3,372.2,31325,7.0,212.0,0.0,145.0,145.0,2.0,6.0,"rt;dur=0;desc=""Runtime init"", render;dur=145;desc=""Page render"", mw;dur=145;desc=""Total middleware"", db.total;dur=212;desc=""DB total"", db.count;dur=7;desc=""Query count"", db.first;dur=0;desc=""First query at"", db.last;dur=145;desc=""Last query at"", cache.hit;dur=2;desc=""Cache hits"", cache.miss;dur=6;desc=""Cache misses"" | D1_layout;dur=43.0;desc=""D1:layout"", D1_posts;dur=126.0;desc=""D1:posts"", D1_all-tags;dur=19.0;desc=""D1:all-tags"", total;dur=145.0;desc=""total"" | cfEdge;dur=208,cfOrigin;dur=0"
2026-10-05T22:22:38Z,after,browser,/posts/architektura-emdash-typescript-astro,200,MISS,remote-WAW,HAM,312.5,513.4,651.2,200.9,34685,8.0,206.0,0.0,92.0,92.0,6.0,7.0,"rt;dur=0;desc=""Runtime init"", render;dur=92;desc=""Page render"", mw;dur=92;desc=""Total middleware"", db.total;dur=206;desc=""DB total"", db.count;dur=8;desc=""Query count"", db.first;dur=0;desc=""First query at"", db.last;dur=92;desc=""Last query at"", cache.hit;dur=6;desc=""Cache hits"", cache.miss;dur=7;desc=""Cache misses"" | D1_layout;dur=50.0;desc=""D1:layout"", D1_entry+recent;dur=69.0;desc=""D1:entry+recent"", D1_tags;dur=23.0;desc=""D1:tags"", total;dur=92.0;desc=""total"" | cfEdge;dur=158,cfOrigin;dur=0"
2026-10-05T22:22:39Z,after,browser,/category/technologia,200,MISS,remote-WAW,HAM,292.3,498.9,506.4,206.6,29680,9.0,204.0,0.0,88.0,88.0,2.0,6.0,"rt;dur=0;desc=""Runtime init"", render;dur=88;desc=""Page render"", mw;dur=88;desc=""Total middleware"", db.total;dur=204;desc=""DB total"", db.count;dur=9;desc=""Query count"", db.first;dur=0;desc=""First query at"", db.last;dur=88;desc=""Last query at"", cache.hit;dur=2;desc=""Cache hits"", cache.miss;dur=6;desc=""Cache misses"" | D1_layout;dur=44.0;desc=""D1:layout"", D1_term+posts;dur=88.0;desc=""D1:term+posts"", total;dur=88.0;desc=""total"" | cfEdge;dur=153,cfOrigin;dur=0"
2026-10-05T22:22:40Z,after,curl,/category/technologia,200,MISS,remote-,HAM,428.1,771.5,772.6,343.4,29306,9.0,205.0,0.0,105.0,105.0,2.0,6.0,"rt;dur=0;desc=""Runtime init"", render;dur=105;desc=""Page render"", mw;dur=105;desc=""Total middleware"", db.total;dur=205;desc=""DB total"", db.count;dur=9;desc=""Query count"", db.first;dur=0;desc=""First query at"", db.last;dur=105;desc=""Last query at"", cache.hit;dur=2;desc=""Cache hits"", cache.miss;dur=6;desc=""Cache misses"" | D1_layout;dur=48.0;desc=""D1:layout"", D1_term+posts;dur=105.0;desc=""D1:term+posts"", total;dur=105.0;desc=""total"""
2026-10-05T22:22:41Z,after,browser,/posts/,200,MISS,remote-WAW,HAM,282.8,530.6,532.8,247.8,37271,7.0,173.0,0.0,113.0,113.0,2.0,6.0,"rt;dur=0;desc=""Runtime init"", render;dur=113;desc=""Page render"", mw;dur=113;desc=""Total middleware"", db.total;dur=173;desc=""DB total"", db.count;dur=7;desc=""Query count"", db.first;dur=0;desc=""First query at"", db.last;dur=113;desc=""Last query at"", cache.hit;dur=2;desc=""Cache hits"", cache.miss;dur=6;desc=""Cache misses"" | D1_layout;dur=39.0;desc=""D1:layout"", D1_posts;dur=93.0;desc=""D1:posts"", D1_all-tags;dur=20.0;desc=""D1:all-tags"", total;dur=113.0;desc=""total"" | cfEdge;dur=183,cfOrigin;dur=0"
2026-10-05T22:22:41Z,after,curl,/posts/,200,MISS,remote-WAW,HAM,115.0,377.3,385.3,262.3,36900,7.0,159.0,0.0,91.0,91.0,2.0,6.0,"rt;dur=0;desc=""Runtime init"", render;dur=91;desc=""Page render"", mw;dur=91;desc=""Total middleware"", db.total;dur=159;desc=""DB total"", db.count;dur=7;desc=""Query count"", db.first;dur=0;desc=""First query at"", db.last;dur=91;desc=""Last query at"", cache.hit;dur=2;desc=""Cache hits"", cache.miss;dur=6;desc=""Cache misses"" | D1_layout;dur=48.0;desc=""D1:layout"", D1_posts;dur=72.0;desc=""D1:posts"", D1_all-tags;dur=19.0;desc=""D1:all-tags"", total;dur=91.0;desc=""total"""
2026-10-05T22:22:42Z,after,curl,/,200,MISS,remote-WAW,HAM,126.3,326.0,332.8,199.7,30957,7.0,156.0,0.0,86.0,86.0,2.0,6.0,"rt;dur=0;desc=""Runtime init"", render;dur=86;desc=""Page render"", mw;dur=86;desc=""Total middleware"", db.total;dur=156;desc=""DB total"", db.count;dur=7;desc=""Query count"", db.first;dur=0;desc=""First query at"", db.last;dur=86;desc=""Last query at"", cache.hit;dur=2;desc=""Cache hits"", cache.miss;dur=6;desc=""Cache misses"" | D1_layout;dur=45.0;desc=""D1:layout"", D1_posts;dur=65.0;desc=""D1:posts"", D1_all-tags;dur=21.0;desc=""D1:all-tags"", total;dur=86.0;desc=""total"""
2026-10-05T22:22:43Z,after,curl,/category/technologia,200,MISS,remote-WAW,HAM,263.3,483.2,487.1,219.9,29317,9.0,226.0,0.0,95.0,95.0,2.0,6.0,"rt;dur=0;desc=""Runtime init"", render;dur=95;desc=""Page render"", mw;dur=95;desc=""Total middleware"", db.total;dur=226;desc=""DB total"", db.count;dur=9;desc=""Query count"", db.first;dur=0;desc=""First query at"", db.last;dur=95;desc=""Last query at"", cache.hit;dur=2;desc=""Cache hits"", cache.miss;dur=6;desc=""Cache misses"" | D1_layout;dur=51.0;desc=""D1:layout"", D1_term+posts;dur=95.0;desc=""D1:term+posts"", total;dur=95.0;desc=""total"""
2026-10-05T22:22:43Z,after,curl,/posts/architektura-emdash-typescript-astro,200,MISS,remote-,HAM,144.3,353.9,408.8,209.6,34298,8.0,200.0,0.0,95.0,95.0,6.0,7.0,"rt;dur=0;desc=""Runtime init"", render;dur=95;desc=""Page render"", mw;dur=95;desc=""Total middleware"", db.total;dur=200;desc=""DB total"", db.count;dur=8;desc=""Query count"", db.first;dur=0;desc=""First query at"", db.last;dur=95;desc=""Last query at"", cache.hit;dur=6;desc=""Cache hits"", cache.miss;dur=7;desc=""Cache misses"" | D1_layout;dur=45.0;desc=""D1:layout"", D1_entry+recent;dur=74.0;desc=""D1:entry+recent"", D1_tags;dur=21.0;desc=""D1:tags"", total;dur=95.0;desc=""total"""
2026-10-05T22:22:44Z,after,curl,/posts/,200,MISS,remote-WAW,HAM,107.6,333.9,342.4,226.3,36904,7.0,162.0,0.0,97.0,97.0,2.0,6.0,"rt;dur=0;desc=""Runtime init"", render;dur=97;desc=""Page render"", mw;dur=97;desc=""Total middleware"", db.total;dur=162;desc=""DB total"", db.count;dur=7;desc=""Query count"", db.first;dur=0;desc=""First query at"", db.last;dur=97;desc=""Last query at"", cache.hit;dur=2;desc=""Cache hits"", cache.miss;dur=6;desc=""Cache misses"" | D1_layout;dur=41.0;desc=""D1:layout"", D1_posts;dur=77.0;desc=""D1:posts"", D1_all-tags;dur=20.0;desc=""D1:all-tags"", total;dur=97.0;desc=""total"""
2026-10-05T22:22:44Z,after,browser,/posts/architektura-emdash-typescript-astro,200,MISS,remote-,HAM,111.5,410.4,411.5,298.9,34681,8.0,201.0,0.0,94.0,94.0,6.0,7.0,"rt;dur=0;desc=""Runtime init"", render;dur=94;desc=""Page render"", mw;dur=94;desc=""Total middleware"", db.total;dur=201;desc=""DB total"", db.count;dur=8;desc=""Query count"", db.first;dur=0;desc=""First query at"", db.last;dur=94;desc=""Last query at"", cache.hit;dur=6;desc=""Cache hits"", cache.miss;dur=7;desc=""Cache misses"" | D1_layout;dur=46.0;desc=""D1:layout"", D1_entry+recent;dur=73.0;desc=""D1:entry+recent"", D1_tags;dur=21.0;desc=""D1:tags"", total;dur=94.0;desc=""total"" | cfEdge;dur=170,cfOrigin;dur=0"
2026-10-05T22:22:45Z,after,browser,/,200,MISS,remote-,HAM,88.4,303.2,311.2,214.8,31328,7.0,172.0,0.0,101.0,101.0,2.0,6.0,"rt;dur=0;desc=""Runtime init"", render;dur=101;desc=""Page render"", mw;dur=101;desc=""Total middleware"", db.total;dur=172;desc=""DB total"", db.count;dur=7;desc=""Query count"", db.first;dur=0;desc=""First query at"", db.last;dur=101;desc=""Last query at"", cache.hit;dur=2;desc=""Cache hits"", cache.miss;dur=6;desc=""Cache misses"" | D1_layout;dur=48.0;desc=""D1:layout"", D1_posts;dur=77.0;desc=""D1:posts"", D1_all-tags;dur=24.0;desc=""D1:all-tags"", total;dur=101.0;desc=""total"" | cfEdge;dur=165,cfOrigin;dur=0"
2026-10-05T22:22:46Z,after,browser,/category/technologia,200,MISS,remote-,HAM,98.1,312.4,319.5,214.3,29680,9.0,198.0,0.0,90.0,90.0,2.0,6.0,"rt;dur=0;desc=""Runtime init"", render;dur=90;desc=""Page render"", mw;dur=90;desc=""Total middleware"", db.total;dur=198;desc=""DB total"", db.count;dur=9;desc=""Query count"", db.first;dur=0;desc=""First query at"", db.last;dur=90;desc=""Last query at"", cache.hit;dur=2;desc=""Cache hits"", cache.miss;dur=6;desc=""Cache misses"" | D1_layout;dur=37.0;desc=""D1:layout"", D1_term+posts;dur=90.0;desc=""D1:term+posts"", total;dur=90.0;desc=""total"" | cfEdge;dur=156,cfOrigin;dur=0"
2026-10-05T22:22:46Z,after,browser,/posts/,200,MISS,remote-WAW,HAM,118.0,326.9,331.6,208.9,37275,7.0,160.0,0.0,93.0,93.0,2.0,6.0,"rt;dur=0;desc=""Runtime init"", render;dur=93;desc=""Page render"", mw;dur=93;desc=""Total middleware"", db.total;dur=160;desc=""DB total"", db.count;dur=7;desc=""Query count"", db.first;dur=0;desc=""First query at"", db.last;dur=93;desc=""Last query at"", cache.hit;dur=2;desc=""Cache hits"", cache.miss;dur=6;desc=""Cache misses"" | D1_layout;dur=45.0;desc=""D1:layout"", D1_posts;dur=72.0;desc=""D1:posts"", D1_all-tags;dur=21.0;desc=""D1:all-tags"", total;dur=93.0;desc=""total"" | cfEdge;dur=158,cfOrigin;dur=0"
2026-10-05T22:22:47Z,after,curl,/,200,MISS,remote-WAW,HAM,97.5,309.1,315.8,211.6,30945,7.0,179.0,0.0,105.0,105.0,2.0,6.0,"rt;dur=0;desc=""Runtime init"", render;dur=105;desc=""Page render"", mw;dur=105;desc=""Total middleware"", db.total;dur=179;desc=""DB total"", db.count;dur=7;desc=""Query count"", db.first;dur=0;desc=""First query at"", db.last;dur=105;desc=""Last query at"", cache.hit;dur=2;desc=""Cache hits"", cache.miss;dur=6;desc=""Cache misses"" | D1_layout;dur=45.0;desc=""D1:layout"", D1_posts;dur=84.0;desc=""D1:posts"", D1_all-tags;dur=21.0;desc=""D1:all-tags"", total;dur=105.0;desc=""total"""
2026-10-05T22:22:47Z,after,browser,/category/technologia,200,MISS,remote-WAW,HAM,171.7,407.2,411.6,235.5,29680,9.0,205.0,0.0,91.0,91.0,2.0,6.0,"rt;dur=0;desc=""Runtime init"", render;dur=91;desc=""Page render"", mw;dur=91;desc=""Total middleware"", db.total;dur=205;desc=""DB total"", db.count;dur=9;desc=""Query count"", db.first;dur=0;desc=""First query at"", db.last;dur=91;desc=""Last query at"", cache.hit;dur=2;desc=""Cache hits"", cache.miss;dur=6;desc=""Cache misses"" | D1_layout;dur=42.0;desc=""D1:layout"", D1_term+posts;dur=91.0;desc=""D1:term+posts"", total;dur=91.0;desc=""total"" | cfEdge;dur=181,cfOrigin;dur=0"
2026-10-05T22:22:48Z,after,curl,/posts/architektura-emdash-typescript-astro,200,MISS,remote-WAW,HAM,134.5,363.4,415.3,228.9,34338,8.0,186.0,0.0,89.0,89.0,6.0,7.0,"rt;dur=0;desc=""Runtime init"", render;dur=89;desc=""Page render"", mw;dur=89;desc=""Total middleware"", db.total;dur=186;desc=""DB total"", db.count;dur=8;desc=""Query count"", db.first;dur=0;desc=""First query at"", db.last;dur=89;desc=""Last query at"", cache.hit;dur=6;desc=""Cache hits"", cache.miss;dur=7;desc=""Cache misses"" | D1_layout;dur=43.0;desc=""D1:layout"", D1_entry+recent;dur=71.0;desc=""D1:entry+recent"", D1_tags;dur=18.0;desc=""D1:tags"", total;dur=89.0;desc=""total"""
2026-10-05T22:22:49Z,after,browser,/posts/,200,MISS,remote-WAW,HAM,91.2,307.1,317.1,215.9,37267,7.0,151.0,0.0,92.0,92.0,2.0,6.0,"rt;dur=0;desc=""Runtime init"", render;dur=92;desc=""Page render"", mw;dur=92;desc=""Total middleware"", db.total;dur=151;desc=""DB total"", db.count;dur=7;desc=""Query count"", db.first;dur=0;desc=""First query at"", db.last;dur=92;desc=""Last query at"", cache.hit;dur=2;desc=""Cache hits"", cache.miss;dur=6;desc=""Cache misses"" | D1_layout;dur=34.0;desc=""D1:layout"", D1_posts;dur=71.0;desc=""D1:posts"", D1_all-tags;dur=21.0;desc=""D1:all-tags"", total;dur=92.0;desc=""total"" | cfEdge;dur=171,cfOrigin;dur=0"
2026-10-05T22:22:49Z,after,curl,/category/technologia,200,MISS,remote-WAW,HAM,125.2,418.6,422.9,293.4,29325,9.0,220.0,0.0,97.0,97.0,2.0,6.0,"rt;dur=0;desc=""Runtime init"", render;dur=97;desc=""Page render"", mw;dur=97;desc=""Total middleware"", db.total;dur=220;desc=""DB total"", db.count;dur=9;desc=""Query count"", db.first;dur=0;desc=""First query at"", db.last;dur=97;desc=""Last query at"", cache.hit;dur=2;desc=""Cache hits"", cache.miss;dur=6;desc=""Cache misses"" | D1_layout;dur=45.0;desc=""D1:layout"", D1_term+posts;dur=97.0;desc=""D1:term+posts"", total;dur=97.0;desc=""total"""
2026-10-05T22:22:50Z,after,curl,/,200,MISS,remote-,HAM,95.2,339.4,346.6,244.2,30946,7.0,199.0,0.0,123.0,123.0,2.0,6.0,"rt;dur=0;desc=""Runtime init"", render;dur=123;desc=""Page render"", mw;dur=123;desc=""Total middleware"", db.total;dur=199;desc=""DB total"", db.count;dur=7;desc=""Query count"", db.first;dur=0;desc=""First query at"", db.last;dur=123;desc=""Last query at"", cache.hit;dur=2;desc=""Cache hits"", cache.miss;dur=6;desc=""Cache misses"" | D1_layout;dur=47.0;desc=""D1:layout"", D1_posts;dur=103.0;desc=""D1:posts"", D1_all-tags;dur=20.0;desc=""D1:all-tags"", total;dur=123.0;desc=""total"""
2026-10-05T22:22:50Z,after,browser,/posts/architektura-emdash-typescript-astro,200,MISS,remote-,HAM,94.6,334.0,384.0,239.4,34689,8.0,193.0,0.0,100.0,100.0,6.0,7.0,"rt;dur=0;desc=""Runtime init"", render;dur=100;desc=""Page render"", mw;dur=100;desc=""Total middleware"", db.total;dur=193;desc=""DB total"", db.count;dur=8;desc=""Query count"", db.first;dur=0;desc=""First query at"", db.last;dur=100;desc=""Last query at"", cache.hit;dur=6;desc=""Cache hits"", cache.miss;dur=7;desc=""Cache misses"" | D1_layout;dur=45.0;desc=""D1:layout"", D1_entry+recent;dur=78.0;desc=""D1:entry+recent"", D1_tags;dur=22.0;desc=""D1:tags"", total;dur=100.0;desc=""total"" | cfEdge;dur=188,cfOrigin;dur=0"
2026-10-05T22:22:51Z,after,curl,/posts/,200,MISS,remote-,HAM,147.0,367.6,379.3,220.6,36904,7.0,168.0,0.0,101.0,101.0,2.0,6.0,"rt;dur=0;desc=""Runtime init"", render;dur=101;desc=""Page render"", mw;dur=101;desc=""Total middleware"", db.total;dur=168;desc=""DB total"", db.count;dur=7;desc=""Query count"", db.first;dur=0;desc=""First query at"", db.last;dur=101;desc=""Last query at"", cache.hit;dur=2;desc=""Cache hits"", cache.miss;dur=6;desc=""Cache misses"" | D1_layout;dur=45.0;desc=""D1:layout"", D1_posts;dur=78.0;desc=""D1:posts"", D1_all-tags;dur=23.0;desc=""D1:all-tags"", total;dur=101.0;desc=""total"""
2026-10-05T22:22:52Z,after,browser,/,200,MISS,remote-,HAM,133.1,341.9,346.3,208.8,31320,7.0,153.0,0.0,96.0,96.0,2.0,6.0,"rt;dur=0;desc=""Runtime init"", render;dur=96;desc=""Page render"", mw;dur=96;desc=""Total middleware"", db.total;dur=153;desc=""DB total"", db.count;dur=7;desc=""Query count"", db.first;dur=0;desc=""First query at"", db.last;dur=96;desc=""Last query at"", cache.hit;dur=2;desc=""Cache hits"", cache.miss;dur=6;desc=""Cache misses"" | D1_layout;dur=33.0;desc=""D1:layout"", D1_posts;dur=72.0;desc=""D1:posts"", D1_all-tags;dur=24.0;desc=""D1:all-tags"", total;dur=96.0;desc=""total"" | cfEdge;dur=155,cfOrigin;dur=0"
2026-10-05T22:22:52Z,after,browser,/posts/architektura-emdash-typescript-astro,200,MISS,remote-WAW,HAM,96.7,323.6,508.6,226.9,34693,8.0,193.0,0.0,104.0,104.0,6.0,7.0,"rt;dur=0;desc=""Runtime init"", render;dur=104;desc=""Page render"", mw;dur=104;desc=""Total middleware"", db.total;dur=193;desc=""DB total"", db.count;dur=8;desc=""Query count"", db.first;dur=0;desc=""First query at"", db.last;dur=104;desc=""Last query at"", cache.hit;dur=6;desc=""Cache hits"", cache.miss;dur=7;desc=""Cache misses"" | D1_layout;dur=40.0;desc=""D1:layout"", D1_entry+recent;dur=83.0;desc=""D1:entry+recent"", D1_tags;dur=21.0;desc=""D1:tags"", total;dur=104.0;desc=""total"" | cfEdge;dur=174,cfOrigin;dur=0"
2026-10-05T22:22:53Z,after,browser,/category/technologia,200,MISS,remote-WAW,HAM,127.9,425.5,426.2,297.6,29684,9.0,228.0,0.0,97.0,97.0,2.0,6.0,"rt;dur=0;desc=""Runtime init"", render;dur=97;desc=""Page render"", mw;dur=97;desc=""Total middleware"", db.total;dur=228;desc=""DB total"", db.count;dur=9;desc=""Query count"", db.first;dur=0;desc=""First query at"", db.last;dur=97;desc=""Last query at"", cache.hit;dur=2;desc=""Cache hits"", cache.miss;dur=6;desc=""Cache misses"" | D1_layout;dur=50.0;desc=""D1:layout"", D1_term+posts;dur=97.0;desc=""D1:term+posts"", total;dur=97.0;desc=""total"" | cfEdge;dur=179,cfOrigin;dur=0"
2026-10-05T22:22:54Z,after,curl,/posts/architektura-emdash-typescript-astro,200,MISS,remote-WAW,HAM,377.2,675.6,851.7,298.4,34334,8.0,209.0,0.0,106.0,106.0,6.0,7.0,"rt;dur=0;desc=""Runtime init"", render;dur=106;desc=""Page render"", mw;dur=106;desc=""Total middleware"", db.total;dur=209;desc=""DB total"", db.count;dur=8;desc=""Query count"", db.first;dur=0;desc=""First query at"", db.last;dur=106;desc=""Last query at"", cache.hit;dur=6;desc=""Cache hits"", cache.miss;dur=7;desc=""Cache misses"" | D1_layout;dur=43.0;desc=""D1:layout"", D1_entry+recent;dur=80.0;desc=""D1:entry+recent"", D1_tags;dur=26.0;desc=""D1:tags"", total;dur=106.0;desc=""total"""
2026-10-05T22:22:55Z,after,browser,/posts/,200,MISS,remote-,HAM,312.8,541.4,656.8,228.6,37267,7.0,173.0,0.0,104.0,104.0,2.0,6.0,"rt;dur=0;desc=""Runtime init"", render;dur=104;desc=""Page render"", mw;dur=104;desc=""Total middleware"", db.total;dur=173;desc=""DB total"", db.count;dur=7;desc=""Query count"", db.first;dur=0;desc=""First query at"", db.last;dur=104;desc=""Last query at"", cache.hit;dur=2;desc=""Cache hits"", cache.miss;dur=6;desc=""Cache misses"" | D1_layout;dur=43.0;desc=""D1:layout"", D1_posts;dur=86.0;desc=""D1:posts"", D1_all-tags;dur=18.0;desc=""D1:all-tags"", total;dur=104.0;desc=""total"" | cfEdge;dur=181,cfOrigin;dur=0"
2026-10-05T22:22:56Z,after,curl,/,200,MISS,remote-,HAM,283.7,513.4,519.1,229.7,30945,7.0,187.0,0.0,107.0,107.0,2.0,6.0,"rt;dur=0;desc=""Runtime init"", render;dur=107;desc=""Page render"", mw;dur=107;desc=""Total middleware"", db.total;dur=187;desc=""DB total"", db.count;dur=7;desc=""Query count"", db.first;dur=0;desc=""First query at"", db.last;dur=107;desc=""Last query at"", cache.hit;dur=2;desc=""Cache hits"", cache.miss;dur=6;desc=""Cache misses"" | D1_layout;dur=48.0;desc=""D1:layout"", D1_posts;dur=82.0;desc=""D1:posts"", D1_all-tags;dur=25.0;desc=""D1:all-tags"", total;dur=107.0;desc=""total"""
2026-10-05T22:22:57Z,after,browser,/,200,MISS,remote-WAW,HAM,412.8,750.9,751.9,338.1,31316,7.0,166.0,0.0,91.0,91.0,2.0,6.0,"rt;dur=0;desc=""Runtime init"", render;dur=91;desc=""Page render"", mw;dur=91;desc=""Total middleware"", db.total;dur=166;desc=""DB total"", db.count;dur=7;desc=""Query count"", db.first;dur=0;desc=""First query at"", db.last;dur=91;desc=""Last query at"", cache.hit;dur=2;desc=""Cache hits"", cache.miss;dur=6;desc=""Cache misses"" | D1_layout;dur=48.0;desc=""D1:layout"", D1_posts;dur=72.0;desc=""D1:posts"", D1_all-tags;dur=19.0;desc=""D1:all-tags"", total;dur=91.0;desc=""total"" | cfEdge;dur=167,cfOrigin;dur=0"
2026-10-05T22:22:57Z,after,curl,/posts/,200,MISS,remote-WAW,HAM,303.0,528.7,543.8,225.7,36908,7.0,170.0,0.0,102.0,102.0,2.0,6.0,"rt;dur=0;desc=""Runtime init"", render;dur=102;desc=""Page render"", mw;dur=102;desc=""Total middleware"", db.total;dur=170;desc=""DB total"", db.count;dur=7;desc=""Query count"", db.first;dur=0;desc=""First query at"", db.last;dur=102;desc=""Last query at"", cache.hit;dur=2;desc=""Cache hits"", cache.miss;dur=6;desc=""Cache misses"" | D1_layout;dur=38.0;desc=""D1:layout"", D1_posts;dur=80.0;desc=""D1:posts"", D1_all-tags;dur=22.0;desc=""D1:all-tags"", total;dur=102.0;desc=""total"""
2026-10-05T22:22:58Z,after,curl,/category/technologia,200,MISS,remote-WAW,HAM,147.6,387.9,388.5,240.3,29321,9.0,226.0,0.0,94.0,94.0,2.0,6.0,"rt;dur=0;desc=""Runtime init"", render;dur=94;desc=""Page render"", mw;dur=94;desc=""Total middleware"", db.total;dur=226;desc=""DB total"", db.count;dur=9;desc=""Query count"", db.first;dur=0;desc=""First query at"", db.last;dur=94;desc=""Last query at"", cache.hit;dur=2;desc=""Cache hits"", cache.miss;dur=6;desc=""Cache misses"" | D1_layout;dur=55.0;desc=""D1:layout"", D1_term+posts;dur=94.0;desc=""D1:term+posts"", total;dur=94.0;desc=""total"""
2026-10-05T22:22:59Z,after,browser,/category/technologia,200,MISS,remote-,HAM,91.7,297.6,298.4,205.9,29668,9.0,206.0,0.0,87.0,87.0,2.0,6.0,"rt;dur=0;desc=""Runtime init"", render;dur=87;desc=""Page render"", mw;dur=87;desc=""Total middleware"", db.total;dur=206;desc=""DB total"", db.count;dur=9;desc=""Query count"", db.first;dur=0;desc=""First query at"", db.last;dur=87;desc=""Last query at"", cache.hit;dur=2;desc=""Cache hits"", cache.miss;dur=6;desc=""Cache misses"" | D1_layout;dur=47.0;desc=""D1:layout"", D1_term+posts;dur=87.0;desc=""D1:term+posts"", total;dur=87.0;desc=""total"" | cfEdge;dur=150,cfOrigin;dur=0"
2026-10-05T22:22:59Z,after,curl,/posts/,200,MISS,remote-WAW,HAM,82.7,301.8,322.7,219.1,36908,7.0,172.0,0.0,105.0,105.0,2.0,6.0,"rt;dur=0;desc=""Runtime init"", render;dur=105;desc=""Page render"", mw;dur=105;desc=""Total middleware"", db.total;dur=172;desc=""DB total"", db.count;dur=7;desc=""Query count"", db.first;dur=0;desc=""First query at"", db.last;dur=105;desc=""Last query at"", cache.hit;dur=2;desc=""Cache hits"", cache.miss;dur=6;desc=""Cache misses"" | D1_layout;dur=41.0;desc=""D1:layout"", D1_posts;dur=84.0;desc=""D1:posts"", D1_all-tags;dur=21.0;desc=""D1:all-tags"", total;dur=105.0;desc=""total"""
2026-10-05T22:23:00Z,after,curl,/posts/architektura-emdash-typescript-astro,200,MISS,remote-WAW,HAM,100.7,305.8,410.9,205.1,34318,8.0,187.0,0.0,84.0,84.0,6.0,7.0,"rt;dur=0;desc=""Runtime init"", render;dur=84;desc=""Page render"", mw;dur=84;desc=""Total middleware"", db.total;dur=187;desc=""DB total"", db.count;dur=8;desc=""Query count"", db.first;dur=0;desc=""First query at"", db.last;dur=84;desc=""Last query at"", cache.hit;dur=6;desc=""Cache hits"", cache.miss;dur=7;desc=""Cache misses"" | D1_layout;dur=45.0;desc=""D1:layout"", D1_entry+recent;dur=66.0;desc=""D1:entry+recent"", D1_tags;dur=18.0;desc=""D1:tags"", total;dur=84.0;desc=""total"""
2026-10-05T22:23:01Z,after,curl,/category/technologia,200,MISS,remote-,HAM,160.9,486.7,493.4,325.8,29323,10.0,763.0,0.0,200.0,200.0,2.0,6.0,"rt;dur=0;desc=""Runtime init"", render;dur=200;desc=""Page render"", mw;dur=200;desc=""Total middleware"", db.total;dur=763;desc=""DB total"", db.count;dur=10;desc=""Query count"", db.first;dur=0;desc=""First query at"", db.last;dur=200;desc=""Last query at"", cache.hit;dur=2;desc=""Cache hits"", cache.miss;dur=6;desc=""Cache misses"" | D1_layout;dur=145.0;desc=""D1:layout"", D1_term+posts;dur=200.0;desc=""D1:term+posts"", total;dur=200.0;desc=""total"""
2026-10-05T22:23:01Z,after,curl,/,200,MISS,remote-,HAM,113.9,366.8,373.1,252.9,30941,7.0,156.0,0.0,90.0,90.0,2.0,6.0,"rt;dur=0;desc=""Runtime init"", render;dur=90;desc=""Page render"", mw;dur=90;desc=""Total middleware"", db.total;dur=156;desc=""DB total"", db.count;dur=7;desc=""Query count"", db.first;dur=0;desc=""First query at"", db.last;dur=90;desc=""Last query at"", cache.hit;dur=2;desc=""Cache hits"", cache.miss;dur=6;desc=""Cache misses"" | D1_layout;dur=41.0;desc=""D1:layout"", D1_posts;dur=71.0;desc=""D1:posts"", D1_all-tags;dur=19.0;desc=""D1:all-tags"", total;dur=90.0;desc=""total"""
2026-10-05T22:23:02Z,after,browser,/posts/architektura-emdash-typescript-astro,200,MISS,remote-WAW,HAM,101.2,411.0,411.9,309.8,34685,8.0,188.0,0.0,89.0,89.0,6.0,7.0,"rt;dur=0;desc=""Runtime init"", render;dur=89;desc=""Page render"", mw;dur=89;desc=""Total middleware"", db.total;dur=188;desc=""DB total"", db.count;dur=8;desc=""Query count"", db.first;dur=0;desc=""First query at"", db.last;dur=89;desc=""Last query at"", cache.hit;dur=6;desc=""Cache hits"", cache.miss;dur=7;desc=""Cache misses"" | D1_layout;dur=43.0;desc=""D1:layout"", D1_entry+recent;dur=68.0;desc=""D1:entry+recent"", D1_tags;dur=21.0;desc=""D1:tags"", total;dur=89.0;desc=""total"" | cfEdge;dur=171,cfOrigin;dur=0"
2026-10-05T22:23:02Z,after,browser,/,200,MISS,remote-,HAM,133.4,350.4,356.1,217.0,31316,7.0,164.0,0.0,94.0,94.0,2.0,6.0,"rt;dur=0;desc=""Runtime init"", render;dur=94;desc=""Page render"", mw;dur=94;desc=""Total middleware"", db.total;dur=164;desc=""DB total"", db.count;dur=7;desc=""Query count"", db.first;dur=0;desc=""First query at"", db.last;dur=94;desc=""Last query at"", cache.hit;dur=2;desc=""Cache hits"", cache.miss;dur=6;desc=""Cache misses"" | D1_layout;dur=43.0;desc=""D1:layout"", D1_posts;dur=70.0;desc=""D1:posts"", D1_all-tags;dur=24.0;desc=""D1:all-tags"", total;dur=94.0;desc=""total"" | cfEdge;dur=163,cfOrigin;dur=0"
2026-10-05T22:23:03Z,after,browser,/posts/,200,MISS,remote-,HAM,124.9,332.5,341.4,207.6,37271,7.0,152.0,0.0,91.0,91.0,2.0,6.0,"rt;dur=0;desc=""Runtime init"", render;dur=91;desc=""Page render"", mw;dur=91;desc=""Total middleware"", db.total;dur=152;desc=""DB total"", db.count;dur=7;desc=""Query count"", db.first;dur=0;desc=""First query at"", db.last;dur=91;desc=""Last query at"", cache.hit;dur=2;desc=""Cache hits"", cache.miss;dur=6;desc=""Cache misses"" | D1_layout;dur=37.0;desc=""D1:layout"", D1_posts;dur=70.0;desc=""D1:posts"", D1_all-tags;dur=21.0;desc=""D1:all-tags"", total;dur=91.0;desc=""total"" | cfEdge;dur=157,cfOrigin;dur=0"
2026-10-05T22:23:04Z,after,browser,/posts/,200,MISS,remote-WAW,HAM,180.8,389.2,432.3,208.4,37279,7.0,165.0,0.0,95.0,95.0,2.0,6.0,"rt;dur=0;desc=""Runtime init"", render;dur=95;desc=""Page render"", mw;dur=95;desc=""Total middleware"", db.total;dur=165;desc=""DB total"", db.count;dur=7;desc=""Query count"", db.first;dur=0;desc=""First query at"", db.last;dur=95;desc=""Last query at"", cache.hit;dur=2;desc=""Cache hits"", cache.miss;dur=6;desc=""Cache misses"" | D1_layout;dur=43.0;desc=""D1:layout"", D1_posts;dur=73.0;desc=""D1:posts"", D1_all-tags;dur=22.0;desc=""D1:all-tags"", total;dur=95.0;desc=""total"" | cfEdge;dur=159,cfOrigin;dur=0"
2026-10-05T22:23:04Z,after,browser,/posts/architektura-emdash-typescript-astro,200,MISS,remote-WAW,HAM,103.1,345.9,397.2,242.8,34662,8.0,210.0,0.0,119.0,119.0,6.0,7.0,"rt;dur=0;desc=""Runtime init"", render;dur=119;desc=""Page render"", mw;dur=119;desc=""Total middleware"", db.total;dur=210;desc=""DB total"", db.count;dur=8;desc=""Query count"", db.first;dur=0;desc=""First query at"", db.last;dur=119;desc=""Last query at"", cache.hit;dur=6;desc=""Cache hits"", cache.miss;dur=7;desc=""Cache misses"" | D1_layout;dur=41.0;desc=""D1:layout"", D1_entry+recent;dur=101.0;desc=""D1:entry+recent"", D1_tags;dur=18.0;desc=""D1:tags"", total;dur=119.0;desc=""total"" | cfEdge;dur=187,cfOrigin;dur=0"
2026-10-05T22:23:05Z,after,curl,/posts/,200,MISS,remote-WAW,HAM,109.4,318.0,328.2,208.6,36904,7.0,164.0,0.0,91.0,91.0,2.0,6.0,"rt;dur=0;desc=""Runtime init"", render;dur=91;desc=""Page render"", mw;dur=91;desc=""Total middleware"", db.total;dur=164;desc=""DB total"", db.count;dur=7;desc=""Query count"", db.first;dur=0;desc=""First query at"", db.last;dur=91;desc=""Last query at"", cache.hit;dur=2;desc=""Cache hits"", cache.miss;dur=6;desc=""Cache misses"" | D1_layout;dur=46.0;desc=""D1:layout"", D1_posts;dur=73.0;desc=""D1:posts"", D1_all-tags;dur=18.0;desc=""D1:all-tags"", total;dur=91.0;desc=""total"""
2026-10-05T22:23:05Z,after,curl,/,200,MISS,remote-WAW,HAM,95.4,291.6,300.7,196.2,30957,7.0,157.0,0.0,89.0,89.0,2.0,6.0,"rt;dur=0;desc=""Runtime init"", render;dur=89;desc=""Page render"", mw;dur=89;desc=""Total middleware"", db.total;dur=157;desc=""DB total"", db.count;dur=7;desc=""Query count"", db.first;dur=0;desc=""First query at"", db.last;dur=89;desc=""Last query at"", cache.hit;dur=2;desc=""Cache hits"", cache.miss;dur=6;desc=""Cache misses"" | D1_layout;dur=42.0;desc=""D1:layout"", D1_posts;dur=72.0;desc=""D1:posts"", D1_all-tags;dur=17.0;desc=""D1:all-tags"", total;dur=89.0;desc=""total"""
2026-10-05T22:23:06Z,after,curl,/posts/architektura-emdash-typescript-astro,200,MISS,remote-WAW,HAM,109.6,400.9,401.8,291.3,34314,8.0,233.0,0.0,101.0,101.0,6.0,7.0,"rt;dur=0;desc=""Runtime init"", render;dur=101;desc=""Page render"", mw;dur=101;desc=""Total middleware"", db.total;dur=233;desc=""DB total"", db.count;dur=8;desc=""Query count"", db.first;dur=0;desc=""First query at"", db.last;dur=101;desc=""Last query at"", cache.hit;dur=6;desc=""Cache hits"", cache.miss;dur=7;desc=""Cache misses"" | D1_layout;dur=50.0;desc=""D1:layout"", D1_entry+recent;dur=79.0;desc=""D1:entry+recent"", D1_tags;dur=22.0;desc=""D1:tags"", total;dur=101.0;desc=""total"""
2026-10-05T22:23:07Z,after,curl,/category/technologia,200,MISS,remote-WAW,HAM,310.8,541.7,548.9,230.9,29318,9.0,216.0,0.0,105.0,105.0,2.0,6.0,"rt;dur=0;desc=""Runtime init"", render;dur=105;desc=""Page render"", mw;dur=105;desc=""Total middleware"", db.total;dur=216;desc=""DB total"", db.count;dur=9;desc=""Query count"", db.first;dur=0;desc=""First query at"", db.last;dur=105;desc=""Last query at"", cache.hit;dur=2;desc=""Cache hits"", cache.miss;dur=6;desc=""Cache misses"" | D1_layout;dur=45.0;desc=""D1:layout"", D1_term+posts;dur=105.0;desc=""D1:term+posts"", total;dur=105.0;desc=""total"""
2026-10-05T22:23:07Z,after,browser,/category/technologia,200,MISS,remote-,HAM,137.6,354.2,356.7,216.6,29684,9.0,230.0,0.0,94.0,94.0,2.0,6.0,"rt;dur=0;desc=""Runtime init"", render;dur=94;desc=""Page render"", mw;dur=94;desc=""Total middleware"", db.total;dur=230;desc=""DB total"", db.count;dur=9;desc=""Query count"", db.first;dur=0;desc=""First query at"", db.last;dur=94;desc=""Last query at"", cache.hit;dur=2;desc=""Cache hits"", cache.miss;dur=6;desc=""Cache misses"" | D1_layout;dur=53.0;desc=""D1:layout"", D1_term+posts;dur=94.0;desc=""D1:term+posts"", total;dur=94.0;desc=""total"" | cfEdge;dur=167,cfOrigin;dur=0"
2026-10-05T22:23:08Z,after,browser,/,200,MISS,remote-,HAM,102.1,346.8,348.7,244.7,31324,7.0,186.0,0.0,110.0,110.0,2.0,6.0,"rt;dur=0;desc=""Runtime init"", render;dur=110;desc=""Page render"", mw;dur=110;desc=""Total middleware"", db.total;dur=186;desc=""DB total"", db.count;dur=7;desc=""Query count"", db.first;dur=0;desc=""First query at"", db.last;dur=110;desc=""Last query at"", cache.hit;dur=2;desc=""Cache hits"", cache.miss;dur=6;desc=""Cache misses"" | D1_layout;dur=46.0;desc=""D1:layout"", D1_posts;dur=88.0;desc=""D1:posts"", D1_all-tags;dur=22.0;desc=""D1:all-tags"", total;dur=110.0;desc=""total"" | cfEdge;dur=179,cfOrigin;dur=0"
2026-10-05T22:23:08Z,after,curl,/category/technologia,200,MISS,remote-WAW,HAM,106.0,331.5,339.8,225.5,29313,10.0,252.0,0.0,94.0,94.0,2.0,6.0,"rt;dur=0;desc=""Runtime init"", render;dur=94;desc=""Page render"", mw;dur=94;desc=""Total middleware"", db.total;dur=252;desc=""DB total"", db.count;dur=10;desc=""Query count"", db.first;dur=0;desc=""First query at"", db.last;dur=94;desc=""Last query at"", cache.hit;dur=2;desc=""Cache hits"", cache.miss;dur=6;desc=""Cache misses"" | D1_layout;dur=51.0;desc=""D1:layout"", D1_term+posts;dur=94.0;desc=""D1:term+posts"", total;dur=94.0;desc=""total"""
2026-10-05T22:23:09Z,after,browser,/,200,MISS,remote-,HAM,120.3,413.0,413.8,292.7,31312,7.0,179.0,0.0,106.0,106.0,2.0,6.0,"rt;dur=0;desc=""Runtime init"", render;dur=106;desc=""Page render"", mw;dur=106;desc=""Total middleware"", db.total;dur=179;desc=""DB total"", db.count;dur=7;desc=""Query count"", db.first;dur=0;desc=""First query at"", db.last;dur=106;desc=""Last query at"", cache.hit;dur=2;desc=""Cache hits"", cache.miss;dur=6;desc=""Cache misses"" | D1_layout;dur=44.0;desc=""D1:layout"", D1_posts;dur=87.0;desc=""D1:posts"", D1_all-tags;dur=19.0;desc=""D1:all-tags"", total;dur=106.0;desc=""total"" | cfEdge;dur=194,cfOrigin;dur=0"
2026-10-05T22:23:10Z,after,browser,/posts/,200,MISS,remote-WAW,HAM,91.9,331.2,333.0,239.3,37271,7.0,174.0,0.0,109.0,109.0,2.0,6.0,"rt;dur=0;desc=""Runtime init"", render;dur=109;desc=""Page render"", mw;dur=109;desc=""Total middleware"", db.total;dur=174;desc=""DB total"", db.count;dur=7;desc=""Query count"", db.first;dur=0;desc=""First query at"", db.last;dur=109;desc=""Last query at"", cache.hit;dur=2;desc=""Cache hits"", cache.miss;dur=6;desc=""Cache misses"" | D1_layout;dur=40.0;desc=""D1:layout"", D1_posts;dur=85.0;desc=""D1:posts"", D1_all-tags;dur=24.0;desc=""D1:all-tags"", total;dur=109.0;desc=""total"" | cfEdge;dur=189,cfOrigin;dur=0"
2026-10-05T22:23:11Z,after,browser,/category/technologia,200,MISS,remote-,HAM,424.9,764.5,765.3,339.6,29684,9.0,211.0,0.0,95.0,95.0,2.0,6.0,"rt;dur=0;desc=""Runtime init"", render;dur=95;desc=""Page render"", mw;dur=95;desc=""Total middleware"", db.total;dur=211;desc=""DB total"", db.count;dur=9;desc=""Query count"", db.first;dur=0;desc=""First query at"", db.last;dur=95;desc=""Last query at"", cache.hit;dur=2;desc=""Cache hits"", cache.miss;dur=6;desc=""Cache misses"" | D1_layout;dur=50.0;desc=""D1:layout"", D1_term+posts;dur=95.0;desc=""D1:term+posts"", total;dur=95.0;desc=""total"" | cfEdge;dur=186,cfOrigin;dur=0"
2026-10-05T22:23:11Z,after,curl,/posts/,200,MISS,remote-WAW,HAM,284.6,499.3,505.9,214.7,36896,7.0,156.0,0.0,89.0,89.0,2.0,6.0,"rt;dur=0;desc=""Runtime init"", render;dur=89;desc=""Page render"", mw;dur=89;desc=""Total middleware"", db.total;dur=156;desc=""DB total"", db.count;dur=7;desc=""Query count"", db.first;dur=0;desc=""First query at"", db.last;dur=89;desc=""Last query at"", cache.hit;dur=2;desc=""Cache hits"", cache.miss;dur=6;desc=""Cache misses"" | D1_layout;dur=43.0;desc=""D1:layout"", D1_posts;dur=71.0;desc=""D1:posts"", D1_all-tags;dur=18.0;desc=""D1:all-tags"", total;dur=89.0;desc=""total"""
2026-10-05T22:23:12Z,after,curl,/posts/architektura-emdash-typescript-astro,200,MISS,remote-WAW,HAM,235.3,469.4,603.0,234.1,34314,8.0,221.0,0.0,102.0,102.0,6.0,7.0,"rt;dur=0;desc=""Runtime init"", render;dur=102;desc=""Page render"", mw;dur=102;desc=""Total middleware"", db.total;dur=221;desc=""DB total"", db.count;dur=8;desc=""Query count"", db.first;dur=0;desc=""First query at"", db.last;dur=102;desc=""Last query at"", cache.hit;dur=6;desc=""Cache hits"", cache.miss;dur=7;desc=""Cache misses"" | D1_layout;dur=49.0;desc=""D1:layout"", D1_entry+recent;dur=79.0;desc=""D1:entry+recent"", D1_tags;dur=23.0;desc=""D1:tags"", total;dur=102.0;desc=""total"""
2026-10-05T22:23:13Z,after,curl,/,200,MISS,remote-,HAM,115.0,442.2,443.0,327.2,30961,7.0,179.0,0.0,96.0,96.0,2.0,6.0,"rt;dur=0;desc=""Runtime init"", render;dur=96;desc=""Page render"", mw;dur=96;desc=""Total middleware"", db.total;dur=179;desc=""DB total"", db.count;dur=7;desc=""Query count"", db.first;dur=0;desc=""First query at"", db.last;dur=96;desc=""Last query at"", cache.hit;dur=2;desc=""Cache hits"", cache.miss;dur=6;desc=""Cache misses"" | D1_layout;dur=56.0;desc=""D1:layout"", D1_posts;dur=76.0;desc=""D1:posts"", D1_all-tags;dur=20.0;desc=""D1:all-tags"", total;dur=96.0;desc=""total"""
2026-10-05T22:23:14Z,after,browser,/posts/architektura-emdash-typescript-astro,200,MISS,remote-,HAM,292.5,512.9,641.8,220.4,34677,8.0,192.0,0.0,92.0,92.0,6.0,7.0,"rt;dur=0;desc=""Runtime init"", render;dur=92;desc=""Page render"", mw;dur=92;desc=""Total middleware"", db.total;dur=192;desc=""DB total"", db.count;dur=8;desc=""Query count"", db.first;dur=0;desc=""First query at"", db.last;dur=92;desc=""Last query at"", cache.hit;dur=6;desc=""Cache hits"", cache.miss;dur=7;desc=""Cache misses"" | D1_layout;dur=44.0;desc=""D1:layout"", D1_entry+recent;dur=73.0;desc=""D1:entry+recent"", D1_tags;dur=19.0;desc=""D1:tags"", total;dur=92.0;desc=""total"" | cfEdge;dur=162,cfOrigin;dur=0"
2026-10-05T22:23:15Z,after,browser,/posts/,200,MISS,remote-,HAM,204.5,519.5,580.3,315.0,37267,7.0,171.0,0.0,101.0,101.0,2.0,6.0,"rt;dur=0;desc=""Runtime init"", render;dur=101;desc=""Page render"", mw;dur=101;desc=""Total middleware"", db.total;dur=171;desc=""DB total"", db.count;dur=7;desc=""Query count"", db.first;dur=0;desc=""First query at"", db.last;dur=101;desc=""Last query at"", cache.hit;dur=2;desc=""Cache hits"", cache.miss;dur=6;desc=""Cache misses"" | D1_layout;dur=43.0;desc=""D1:layout"", D1_posts;dur=79.0;desc=""D1:posts"", D1_all-tags;dur=22.0;desc=""D1:all-tags"", total;dur=101.0;desc=""total"" | cfEdge;dur=172,cfOrigin;dur=0"
2026-10-05T22:23:16Z,after,curl,/posts/architektura-emdash-typescript-astro,200,MISS,remote-,HAM,196.2,571.4,685.0,375.2,34314,8.0,247.0,0.0,110.0,110.0,6.0,7.0,"rt;dur=0;desc=""Runtime init"", render;dur=110;desc=""Page render"", mw;dur=110;desc=""Total middleware"", db.total;dur=247;desc=""DB total"", db.count;dur=8;desc=""Query count"", db.first;dur=0;desc=""First query at"", db.last;dur=110;desc=""Last query at"", cache.hit;dur=6;desc=""Cache hits"", cache.miss;dur=7;desc=""Cache misses"" | D1_layout;dur=57.0;desc=""D1:layout"", D1_entry+recent;dur=82.0;desc=""D1:entry+recent"", D1_tags;dur=28.0;desc=""D1:tags"", total;dur=110.0;desc=""total"""
2026-10-05T22:23:16Z,after,curl,/category/technologia,200,MISS,remote-WAW,HAM,184.9,380.9,391.4,196.0,29313,9.0,194.0,0.0,90.0,90.0,2.0,6.0,"rt;dur=0;desc=""Runtime init"", render;dur=90;desc=""Page render"", mw;dur=90;desc=""Total middleware"", db.total;dur=194;desc=""DB total"", db.count;dur=9;desc=""Query count"", db.first;dur=0;desc=""First query at"", db.last;dur=90;desc=""Last query at"", cache.hit;dur=2;desc=""Cache hits"", cache.miss;dur=6;desc=""Cache misses"" | D1_layout;dur=43.0;desc=""D1:layout"", D1_term+posts;dur=90.0;desc=""D1:term+posts"", total;dur=90.0;desc=""total"""
2026-10-05T22:23:17Z,after,curl,/posts/,200,MISS,remote-WAW,HAM,139.0,353.6,396.9,214.6,36896,7.0,169.0,0.0,104.0,104.0,2.0,6.0,"rt;dur=0;desc=""Runtime init"", render;dur=104;desc=""Page render"", mw;dur=104;desc=""Total middleware"", db.total;dur=169;desc=""DB total"", db.count;dur=7;desc=""Query count"", db.first;dur=0;desc=""First query at"", db.last;dur=104;desc=""Last query at"", cache.hit;dur=2;desc=""Cache hits"", cache.miss;dur=6;desc=""Cache misses"" | D1_layout;dur=43.0;desc=""D1:layout"", D1_posts;dur=80.0;desc=""D1:posts"", D1_all-tags;dur=24.0;desc=""D1:all-tags"", total;dur=104.0;desc=""total"""
2026-10-05T22:23:17Z,after,curl,/,200,MISS,remote-,HAM,100.2,319.6,355.6,219.4,30949,7.0,150.0,0.0,88.0,88.0,2.0,6.0,"rt;dur=0;desc=""Runtime init"", render;dur=88;desc=""Page render"", mw;dur=88;desc=""Total middleware"", db.total;dur=150;desc=""DB total"", db.count;dur=7;desc=""Query count"", db.first;dur=0;desc=""First query at"", db.last;dur=88;desc=""Last query at"", cache.hit;dur=2;desc=""Cache hits"", cache.miss;dur=6;desc=""Cache misses"" | D1_layout;dur=41.0;desc=""D1:layout"", D1_posts;dur=71.0;desc=""D1:posts"", D1_all-tags;dur=17.0;desc=""D1:all-tags"", total;dur=88.0;desc=""total"""
2026-10-05T22:23:18Z,after,browser,/category/technologia,200,MISS,remote-,HAM,116.3,381.9,382.6,265.6,29684,9.0,202.0,0.0,97.0,97.0,2.0,6.0,"rt;dur=0;desc=""Runtime init"", render;dur=97;desc=""Page render"", mw;dur=97;desc=""Total middleware"", db.total;dur=202;desc=""DB total"", db.count;dur=9;desc=""Query count"", db.first;dur=0;desc=""First query at"", db.last;dur=97;desc=""Last query at"", cache.hit;dur=2;desc=""Cache hits"", cache.miss;dur=6;desc=""Cache misses"" | D1_layout;dur=36.0;desc=""D1:layout"", D1_term+posts;dur=97.0;desc=""D1:term+posts"", total;dur=97.0;desc=""total"" | cfEdge;dur=161,cfOrigin;dur=0"
2026-10-05T22:23:19Z,after,browser,/,200,MISS,remote-,HAM,93.3,314.7,370.6,221.4,31316,7.0,140.0,0.0,91.0,91.0,2.0,6.0,"rt;dur=0;desc=""Runtime init"", render;dur=91;desc=""Page render"", mw;dur=91;desc=""Total middleware"", db.total;dur=140;desc=""DB total"", db.count;dur=7;desc=""Query count"", db.first;dur=0;desc=""First query at"", db.last;dur=91;desc=""Last query at"", cache.hit;dur=2;desc=""Cache hits"", cache.miss;dur=6;desc=""Cache misses"" | D1_layout;dur=32.0;desc=""D1:layout"", D1_posts;dur=70.0;desc=""D1:posts"", D1_all-tags;dur=21.0;desc=""D1:all-tags"", total;dur=91.0;desc=""total"" | cfEdge;dur=165,cfOrigin;dur=0"
2026-10-05T22:23:19Z,after,browser,/posts/architektura-emdash-typescript-astro,200,MISS,remote-WAW,HAM,89.6,297.7,347.9,208.1,34701,8.0,191.0,0.0,90.0,90.0,6.0,7.0,"rt;dur=0;desc=""Runtime init"", render;dur=90;desc=""Page render"", mw;dur=90;desc=""Total middleware"", db.total;dur=191;desc=""DB total"", db.count;dur=8;desc=""Query count"", db.first;dur=0;desc=""First query at"", db.last;dur=90;desc=""Last query at"", cache.hit;dur=6;desc=""Cache hits"", cache.miss;dur=7;desc=""Cache misses"" | D1_layout;dur=47.0;desc=""D1:layout"", D1_entry+recent;dur=70.0;desc=""D1:entry+recent"", D1_tags;dur=20.0;desc=""D1:tags"", total;dur=90.0;desc=""total"" | cfEdge;dur=165,cfOrigin;dur=0"
2026-10-05T22:23:20Z,after,curl,/posts/architektura-emdash-typescript-astro,200,MISS,remote-WAW,HAM,197.4,409.9,464.1,212.5,34322,8.0,180.0,0.0,89.0,89.0,6.0,7.0,"rt;dur=0;desc=""Runtime init"", render;dur=89;desc=""Page render"", mw;dur=89;desc=""Total middleware"", db.total;dur=180;desc=""DB total"", db.count;dur=8;desc=""Query count"", db.first;dur=0;desc=""First query at"", db.last;dur=89;desc=""Last query at"", cache.hit;dur=6;desc=""Cache hits"", cache.miss;dur=7;desc=""Cache misses"" | D1_layout;dur=39.0;desc=""D1:layout"", D1_entry+recent;dur=68.0;desc=""D1:entry+recent"", D1_tags;dur=21.0;desc=""D1:tags"", total;dur=89.0;desc=""total"""
2026-10-05T22:23:21Z,after,curl,/category/technologia,200,MISS,remote-WAW,HAM,119.6,383.2,385.6,263.6,29310,9.0,283.0,0.0,112.0,112.0,2.0,6.0,"rt;dur=0;desc=""Runtime init"", render;dur=112;desc=""Page render"", mw;dur=112;desc=""Total middleware"", db.total;dur=283;desc=""DB total"", db.count;dur=9;desc=""Query count"", db.first;dur=0;desc=""First query at"", db.last;dur=112;desc=""Last query at"", cache.hit;dur=2;desc=""Cache hits"", cache.miss;dur=6;desc=""Cache misses"" | D1_layout;dur=68.0;desc=""D1:layout"", D1_term+posts;dur=112.0;desc=""D1:term+posts"", total;dur=112.0;desc=""total"""
2026-10-05T22:23:21Z,after,browser,/posts/architektura-emdash-typescript-astro,200,MISS,remote-WAW,HAM,178.7,451.7,513.9,273.0,34689,8.0,195.0,0.0,94.0,94.0,6.0,7.0,"rt;dur=0;desc=""Runtime init"", render;dur=94;desc=""Page render"", mw;dur=94;desc=""Total middleware"", db.total;dur=195;desc=""DB total"", db.count;dur=8;desc=""Query count"", db.first;dur=0;desc=""First query at"", db.last;dur=94;desc=""Last query at"", cache.hit;dur=6;desc=""Cache hits"", cache.miss;dur=7;desc=""Cache misses"" | D1_layout;dur=40.0;desc=""D1:layout"", D1_entry+recent;dur=74.0;desc=""D1:entry+recent"", D1_tags;dur=20.0;desc=""D1:tags"", total;dur=94.0;desc=""total"" | cfEdge;dur=165,cfOrigin;dur=0"
2026-10-05T22:23:22Z,after,browser,/category/technologia,200,MISS,remote-WAW,HAM,179.0,406.1,410.7,227.1,29680,9.0,185.0,0.0,89.0,89.0,2.0,6.0,"rt;dur=0;desc=""Runtime init"", render;dur=89;desc=""Page render"", mw;dur=89;desc=""Total middleware"", db.total;dur=185;desc=""DB total"", db.count;dur=9;desc=""Query count"", db.first;dur=0;desc=""First query at"", db.last;dur=89;desc=""Last query at"", cache.hit;dur=2;desc=""Cache hits"", cache.miss;dur=6;desc=""Cache misses"" | D1_layout;dur=43.0;desc=""D1:layout"", D1_term+posts;dur=89.0;desc=""D1:term+posts"", total;dur=89.0;desc=""total"" | cfEdge;dur=165,cfOrigin;dur=0"
2026-10-05T22:23:23Z,after,curl,/posts/,200,MISS,remote-WAW,HAM,144.1,459.9,470.3,315.8,36908,7.0,175.0,0.0,106.0,106.0,2.0,6.0,"rt;dur=0;desc=""Runtime init"", render;dur=106;desc=""Page render"", mw;dur=106;desc=""Total middleware"", db.total;dur=175;desc=""DB total"", db.count;dur=7;desc=""Query count"", db.first;dur=0;desc=""First query at"", db.last;dur=106;desc=""Last query at"", cache.hit;dur=2;desc=""Cache hits"", cache.miss;dur=6;desc=""Cache misses"" | D1_layout;dur=41.0;desc=""D1:layout"", D1_posts;dur=84.0;desc=""D1:posts"", D1_all-tags;dur=22.0;desc=""D1:all-tags"", total;dur=106.0;desc=""total"""
2026-10-05T22:23:23Z,after,curl,/,200,MISS,remote-,HAM,106.0,403.9,407.9,297.9,30945,7.0,157.0,0.0,94.0,94.0,2.0,6.0,"rt;dur=0;desc=""Runtime init"", render;dur=94;desc=""Page render"", mw;dur=94;desc=""Total middleware"", db.total;dur=157;desc=""DB total"", db.count;dur=7;desc=""Query count"", db.first;dur=0;desc=""First query at"", db.last;dur=94;desc=""Last query at"", cache.hit;dur=2;desc=""Cache hits"", cache.miss;dur=6;desc=""Cache misses"" | D1_layout;dur=37.0;desc=""D1:layout"", D1_posts;dur=74.0;desc=""D1:posts"", D1_all-tags;dur=20.0;desc=""D1:all-tags"", total;dur=94.0;desc=""total"""
2026-10-05T22:23:24Z,after,browser,/posts/,200,MISS,remote-,HAM,117.9,333.7,379.0,215.8,37267,7.0,183.0,0.0,105.0,105.0,2.0,6.0,"rt;dur=0;desc=""Runtime init"", render;dur=105;desc=""Page render"", mw;dur=105;desc=""Total middleware"", db.total;dur=183;desc=""DB total"", db.count;dur=7;desc=""Query count"", db.first;dur=0;desc=""First query at"", db.last;dur=105;desc=""Last query at"", cache.hit;dur=2;desc=""Cache hits"", cache.miss;dur=6;desc=""Cache misses"" | D1_layout;dur=47.0;desc=""D1:layout"", D1_posts;dur=86.0;desc=""D1:posts"", D1_all-tags;dur=19.0;desc=""D1:all-tags"", total;dur=105.0;desc=""total"" | cfEdge;dur=167,cfOrigin;dur=0"
2026-10-05T22:23:25Z,after,browser,/,200,MISS,remote-,HAM,206.2,405.3,461.1,199.1,31312,7.0,142.0,0.0,81.0,81.0,2.0,6.0,"rt;dur=0;desc=""Runtime init"", render;dur=81;desc=""Page render"", mw;dur=81;desc=""Total middleware"", db.total;dur=142;desc=""DB total"", db.count;dur=7;desc=""Query count"", db.first;dur=0;desc=""First query at"", db.last;dur=81;desc=""Last query at"", cache.hit;dur=2;desc=""Cache hits"", cache.miss;dur=6;desc=""Cache misses"" | D1_layout;dur=39.0;desc=""D1:layout"", D1_posts;dur=60.0;desc=""D1:posts"", D1_all-tags;dur=21.0;desc=""D1:all-tags"", total;dur=81.0;desc=""total"" | cfEdge;dur=150,cfOrigin;dur=0"
2026-10-05T22:23:25Z,after,curl,/category/technologia,200,MISS,remote-WAW,HAM,158.9,394.1,399.4,235.2,29314,9.0,259.0,0.0,115.0,115.0,2.0,6.0,"rt;dur=0;desc=""Runtime init"", render;dur=115;desc=""Page render"", mw;dur=115;desc=""Total middleware"", db.total;dur=259;desc=""DB total"", db.count;dur=9;desc=""Query count"", db.first;dur=0;desc=""First query at"", db.last;dur=115;desc=""Last query at"", cache.hit;dur=2;desc=""Cache hits"", cache.miss;dur=6;desc=""Cache misses"" | D1_layout;dur=51.0;desc=""D1:layout"", D1_term+posts;dur=115.0;desc=""D1:term+posts"", total;dur=115.0;desc=""total"""
2026-10-05T22:23:26Z,after,curl,/posts/architektura-emdash-typescript-astro,200,MISS,remote-WAW,HAM,111.5,439.4,442.3,327.9,34330,8.0,203.0,0.0,96.0,96.0,6.0,7.0,"rt;dur=0;desc=""Runtime init"", render;dur=96;desc=""Page render"", mw;dur=96;desc=""Total middleware"", db.total;dur=203;desc=""DB total"", db.count;dur=8;desc=""Query count"", db.first;dur=0;desc=""First query at"", db.last;dur=96;desc=""Last query at"", cache.hit;dur=6;desc=""Cache hits"", cache.miss;dur=7;desc=""Cache misses"" | D1_layout;dur=45.0;desc=""D1:layout"", D1_entry+recent;dur=73.0;desc=""D1:entry+recent"", D1_tags;dur=23.0;desc=""D1:tags"", total;dur=96.0;desc=""total"""
2026-10-05T22:23:26Z,after,browser,/,200,MISS,remote-WAW,HAM,102.7,311.0,318.3,208.3,31320,7.0,163.0,0.0,97.0,97.0,2.0,6.0,"rt;dur=0;desc=""Runtime init"", render;dur=97;desc=""Page render"", mw;dur=97;desc=""Total middleware"", db.total;dur=163;desc=""DB total"", db.count;dur=7;desc=""Query count"", db.first;dur=0;desc=""First query at"", db.last;dur=97;desc=""Last query at"", cache.hit;dur=2;desc=""Cache hits"", cache.miss;dur=6;desc=""Cache misses"" | D1_layout;dur=44.0;desc=""D1:layout"", D1_posts;dur=76.0;desc=""D1:posts"", D1_all-tags;dur=21.0;desc=""D1:all-tags"", total;dur=97.0;desc=""total"" | cfEdge;dur=165,cfOrigin;dur=0"
2026-10-05T22:23:27Z,after,curl,/posts/,200,MISS,remote-WAW,HAM,444.4,649.4,686.8,205.0,36912,7.0,149.0,0.0,85.0,85.0,2.0,6.0,"rt;dur=0;desc=""Runtime init"", render;dur=85;desc=""Page render"", mw;dur=85;desc=""Total middleware"", db.total;dur=149;desc=""DB total"", db.count;dur=7;desc=""Query count"", db.first;dur=0;desc=""First query at"", db.last;dur=85;desc=""Last query at"", cache.hit;dur=2;desc=""Cache hits"", cache.miss;dur=6;desc=""Cache misses"" | D1_layout;dur=40.0;desc=""D1:layout"", D1_posts;dur=64.0;desc=""D1:posts"", D1_all-tags;dur=21.0;desc=""D1:all-tags"", total;dur=85.0;desc=""total"""
2026-10-05T22:23:28Z,after,browser,/posts/,200,MISS,remote-,HAM,238.7,583.9,584.7,345.2,37267,7.0,160.0,0.0,96.0,96.0,2.0,6.0,"rt;dur=0;desc=""Runtime init"", render;dur=96;desc=""Page render"", mw;dur=96;desc=""Total middleware"", db.total;dur=160;desc=""DB total"", db.count;dur=7;desc=""Query count"", db.first;dur=0;desc=""First query at"", db.last;dur=96;desc=""Last query at"", cache.hit;dur=2;desc=""Cache hits"", cache.miss;dur=6;desc=""Cache misses"" | D1_layout;dur=38.0;desc=""D1:layout"", D1_posts;dur=75.0;desc=""D1:posts"", D1_all-tags;dur=21.0;desc=""D1:all-tags"", total;dur=96.0;desc=""total"" | cfEdge;dur=161,cfOrigin;dur=0"
2026-10-05T22:23:29Z,after,curl,/,200,MISS,remote-WAW,HAM,469.5,673.9,813.1,204.4,30937,7.0,165.0,0.0,93.0,93.0,2.0,6.0,"rt;dur=0;desc=""Runtime init"", render;dur=93;desc=""Page render"", mw;dur=93;desc=""Total middleware"", db.total;dur=165;desc=""DB total"", db.count;dur=7;desc=""Query count"", db.first;dur=0;desc=""First query at"", db.last;dur=93;desc=""Last query at"", cache.hit;dur=2;desc=""Cache hits"", cache.miss;dur=6;desc=""Cache misses"" | D1_layout;dur=44.0;desc=""D1:layout"", D1_posts;dur=68.0;desc=""D1:posts"", D1_all-tags;dur=25.0;desc=""D1:all-tags"", total;dur=93.0;desc=""total"""
2026-10-05T22:23:30Z,after,browser,/category/technologia,200,MISS,remote-WAW,HAM,294.1,534.0,631.3,239.9,29685,9.0,219.0,0.0,112.0,112.0,2.0,6.0,"rt;dur=0;desc=""Runtime init"", render;dur=112;desc=""Page render"", mw;dur=112;desc=""Total middleware"", db.total;dur=219;desc=""DB total"", db.count;dur=9;desc=""Query count"", db.first;dur=0;desc=""First query at"", db.last;dur=112;desc=""Last query at"", cache.hit;dur=2;desc=""Cache hits"", cache.miss;dur=6;desc=""Cache misses"" | D1_layout;dur=39.0;desc=""D1:layout"", D1_term+posts;dur=112.0;desc=""D1:term+posts"", total;dur=112.0;desc=""total"" | cfEdge;dur=187,cfOrigin;dur=0"
2026-10-05T22:23:31Z,after,browser,/posts/architektura-emdash-typescript-astro,200,MISS,remote-WAW,HAM,88.8,294.8,461.6,206.0,34693,8.0,190.0,0.0,94.0,94.0,6.0,7.0,"rt;dur=0;desc=""Runtime init"", render;dur=94;desc=""Page render"", mw;dur=94;desc=""Total middleware"", db.total;dur=190;desc=""DB total"", db.count;dur=8;desc=""Query count"", db.first;dur=0;desc=""First query at"", db.last;dur=94;desc=""Last query at"", cache.hit;dur=6;desc=""Cache hits"", cache.miss;dur=7;desc=""Cache misses"" | D1_layout;dur=41.0;desc=""D1:layout"", D1_entry+recent;dur=74.0;desc=""D1:entry+recent"", D1_tags;dur=20.0;desc=""D1:tags"", total;dur=94.0;desc=""total"" | cfEdge;dur=163,cfOrigin;dur=0"
2026-10-05T22:23:32Z,after,curl,/posts/,200,MISS,remote-,HAM,289.7,519.1,536.5,229.4,36896,7.0,173.0,0.0,95.0,95.0,2.0,6.0,"rt;dur=0;desc=""Runtime init"", render;dur=95;desc=""Page render"", mw;dur=95;desc=""Total middleware"", db.total;dur=173;desc=""DB total"", db.count;dur=7;desc=""Query count"", db.first;dur=0;desc=""First query at"", db.last;dur=95;desc=""Last query at"", cache.hit;dur=2;desc=""Cache hits"", cache.miss;dur=6;desc=""Cache misses"" | D1_layout;dur=46.0;desc=""D1:layout"", D1_posts;dur=74.0;desc=""D1:posts"", D1_all-tags;dur=21.0;desc=""D1:all-tags"", total;dur=95.0;desc=""total"""
2026-10-05T22:23:32Z,after,browser,/,200,MISS,remote-WAW,HAM,121.4,374.5,385.6,253.1,31308,7.0,182.0,0.0,107.0,107.0,2.0,6.0,"rt;dur=0;desc=""Runtime init"", render;dur=107;desc=""Page render"", mw;dur=107;desc=""Total middleware"", db.total;dur=182;desc=""DB total"", db.count;dur=7;desc=""Query count"", db.first;dur=0;desc=""First query at"", db.last;dur=107;desc=""Last query at"", cache.hit;dur=2;desc=""Cache hits"", cache.miss;dur=6;desc=""Cache misses"" | D1_layout;dur=45.0;desc=""D1:layout"", D1_posts;dur=87.0;desc=""D1:posts"", D1_all-tags;dur=20.0;desc=""D1:all-tags"", total;dur=107.0;desc=""total"" | cfEdge;dur=178,cfOrigin;dur=0"
2026-10-05T22:23:33Z,after,curl,/,200,MISS,remote-WAW,HAM,114.9,333.1,340.7,218.2,30941,7.0,163.0,0.0,102.0,102.0,2.0,6.0,"rt;dur=0;desc=""Runtime init"", render;dur=102;desc=""Page render"", mw;dur=102;desc=""Total middleware"", db.total;dur=163;desc=""DB total"", db.count;dur=7;desc=""Query count"", db.first;dur=0;desc=""First query at"", db.last;dur=102;desc=""Last query at"", cache.hit;dur=2;desc=""Cache hits"", cache.miss;dur=6;desc=""Cache misses"" | D1_layout;dur=38.0;desc=""D1:layout"", D1_posts;dur=81.0;desc=""D1:posts"", D1_all-tags;dur=21.0;desc=""D1:all-tags"", total;dur=102.0;desc=""total"""
2026-10-05T22:23:33Z,after,curl,/posts/architektura-emdash-typescript-astro,200,MISS,remote-WAW,HAM,93.2,309.9,447.4,216.7,34302,8.0,183.0,0.0,89.0,89.0,6.0,7.0,"rt;dur=0;desc=""Runtime init"", render;dur=89;desc=""Page render"", mw;dur=89;desc=""Total middleware"", db.total;dur=183;desc=""DB total"", db.count;dur=8;desc=""Query count"", db.first;dur=0;desc=""First query at"", db.last;dur=89;desc=""Last query at"", cache.hit;dur=6;desc=""Cache hits"", cache.miss;dur=7;desc=""Cache misses"" | D1_layout;dur=41.0;desc=""D1:layout"", D1_entry+recent;dur=68.0;desc=""D1:entry+recent"", D1_tags;dur=21.0;desc=""D1:tags"", total;dur=89.0;desc=""total"""
2026-10-05T22:23:34Z,after,browser,/category/technologia,200,MISS,remote-,HAM,166.3,364.5,371.7,198.2,29672,9.0,210.0,0.0,88.0,88.0,2.0,6.0,"rt;dur=0;desc=""Runtime init"", render;dur=88;desc=""Page render"", mw;dur=88;desc=""Total middleware"", db.total;dur=210;desc=""DB total"", db.count;dur=9;desc=""Query count"", db.first;dur=0;desc=""First query at"", db.last;dur=88;desc=""Last query at"", cache.hit;dur=2;desc=""Cache hits"", cache.miss;dur=6;desc=""Cache misses"" | D1_layout;dur=49.0;desc=""D1:layout"", D1_term+posts;dur=88.0;desc=""D1:term+posts"", total;dur=88.0;desc=""total"" | cfEdge;dur=153,cfOrigin;dur=0"
2026-10-05T22:23:35Z,after,curl,/category/technologia,200,MISS,remote-WAW,HAM,88.5,290.3,296.5,201.8,29305,9.0,203.0,0.0,90.0,90.0,2.0,6.0,"rt;dur=0;desc=""Runtime init"", render;dur=90;desc=""Page render"", mw;dur=90;desc=""Total middleware"", db.total;dur=203;desc=""DB total"", db.count;dur=9;desc=""Query count"", db.first;dur=0;desc=""First query at"", db.last;dur=90;desc=""Last query at"", cache.hit;dur=2;desc=""Cache hits"", cache.miss;dur=6;desc=""Cache misses"" | D1_layout;dur=46.0;desc=""D1:layout"", D1_term+posts;dur=90.0;desc=""D1:term+posts"", total;dur=90.0;desc=""total"""
2026-10-05T22:23:35Z,after,browser,/posts/architektura-emdash-typescript-astro,200,MISS,remote-WAW,HAM,102.9,320.0,375.2,217.1,34681,9.0,247.0,0.0,101.0,101.0,6.0,7.0,"rt;dur=0;desc=""Runtime init"", render;dur=101;desc=""Page render"", mw;dur=101;desc=""Total middleware"", db.total;dur=247;desc=""DB total"", db.count;dur=9;desc=""Query count"", db.first;dur=0;desc=""First query at"", db.last;dur=101;desc=""Last query at"", cache.hit;dur=6;desc=""Cache hits"", cache.miss;dur=7;desc=""Cache misses"" | D1_layout;dur=50.0;desc=""D1:layout"", D1_entry+recent;dur=79.0;desc=""D1:entry+recent"", D1_tags;dur=22.0;desc=""D1:tags"", total;dur=101.0;desc=""total"" | cfEdge;dur=168,cfOrigin;dur=0"
2026-10-05T22:23:36Z,after,browser,/posts/,200,MISS,remote-WAW,HAM,105.0,437.1,437.9,332.1,37275,7.0,172.0,0.0,102.0,102.0,2.0,6.0,"rt;dur=0;desc=""Runtime init"", render;dur=102;desc=""Page render"", mw;dur=102;desc=""Total middleware"", db.total;dur=172;desc=""DB total"", db.count;dur=7;desc=""Query count"", db.first;dur=0;desc=""First query at"", db.last;dur=102;desc=""Last query at"", cache.hit;dur=2;desc=""Cache hits"", cache.miss;dur=6;desc=""Cache misses"" | D1_layout;dur=44.0;desc=""D1:layout"", D1_posts;dur=74.0;desc=""D1:posts"", D1_all-tags;dur=28.0;desc=""D1:all-tags"", total;dur=102.0;desc=""total"" | cfEdge;dur=183,cfOrigin;dur=0"
2026-10-05T22:23:36Z,after,browser,/category/technologia,200,MISS,remote-,HAM,106.8,299.2,315.9,192.4,29684,9.0,186.0,0.0,86.0,86.0,2.0,6.0,"rt;dur=0;desc=""Runtime init"", render;dur=86;desc=""Page render"", mw;dur=86;desc=""Total middleware"", db.total;dur=186;desc=""DB total"", db.count;dur=9;desc=""Query count"", db.first;dur=0;desc=""First query at"", db.last;dur=86;desc=""Last query at"", cache.hit;dur=2;desc=""Cache hits"", cache.miss;dur=6;desc=""Cache misses"" | D1_layout;dur=43.0;desc=""D1:layout"", D1_term+posts;dur=86.0;desc=""D1:term+posts"", total;dur=86.0;desc=""total"" | cfEdge;dur=152,cfOrigin;dur=0"
2026-10-05T22:23:37Z,after,browser,/,200,MISS,remote-WAW,HAM,86.0,289.2,296.7,203.2,31308,7.0,170.0,0.0,100.0,100.0,2.0,6.0,"rt;dur=0;desc=""Runtime init"", render;dur=100;desc=""Page render"", mw;dur=100;desc=""Total middleware"", db.total;dur=170;desc=""DB total"", db.count;dur=7;desc=""Query count"", db.first;dur=0;desc=""First query at"", db.last;dur=100;desc=""Last query at"", cache.hit;dur=2;desc=""Cache hits"", cache.miss;dur=6;desc=""Cache misses"" | D1_layout;dur=42.0;desc=""D1:layout"", D1_posts;dur=75.0;desc=""D1:posts"", D1_all-tags;dur=25.0;desc=""D1:all-tags"", total;dur=100.0;desc=""total"" | cfEdge;dur=160,cfOrigin;dur=0"
2026-10-05T22:23:38Z,after,browser,/posts/,200,MISS,remote-,HAM,111.4,405.3,417.0,293.9,37271,7.0,140.0,0.0,82.0,82.0,2.0,6.0,"rt;dur=0;desc=""Runtime init"", render;dur=82;desc=""Page render"", mw;dur=82;desc=""Total middleware"", db.total;dur=140;desc=""DB total"", db.count;dur=7;desc=""Query count"", db.first;dur=0;desc=""First query at"", db.last;dur=82;desc=""Last query at"", cache.hit;dur=2;desc=""Cache hits"", cache.miss;dur=6;desc=""Cache misses"" | D1_layout;dur=36.0;desc=""D1:layout"", D1_posts;dur=65.0;desc=""D1:posts"", D1_all-tags;dur=17.0;desc=""D1:all-tags"", total;dur=82.0;desc=""total"" | cfEdge;dur=152,cfOrigin;dur=0"
2026-10-05T22:23:38Z,after,curl,/posts/architektura-emdash-typescript-astro,200,MISS,remote-WAW,HAM,285.4,488.2,680.4,202.8,34314,8.0,165.0,0.0,84.0,84.0,6.0,7.0,"rt;dur=0;desc=""Runtime init"", render;dur=84;desc=""Page render"", mw;dur=84;desc=""Total middleware"", db.total;dur=165;desc=""DB total"", db.count;dur=8;desc=""Query count"", db.first;dur=0;desc=""First query at"", db.last;dur=84;desc=""Last query at"", cache.hit;dur=6;desc=""Cache hits"", cache.miss;dur=7;desc=""Cache misses"" | D1_layout;dur=37.0;desc=""D1:layout"", D1_entry+recent;dur=66.0;desc=""D1:entry+recent"", D1_tags;dur=18.0;desc=""D1:tags"", total;dur=84.0;desc=""total"""
2026-10-05T22:23:40Z,after,curl,/posts/,200,MISS,remote-WAW,HAM,310.7,931.7,942.3,621.0,36904,7.0,167.0,0.0,98.0,98.0,2.0,6.0,"rt;dur=0;desc=""Runtime init"", render;dur=98;desc=""Page render"", mw;dur=98;desc=""Total middleware"", db.total;dur=167;desc=""DB total"", db.count;dur=7;desc=""Query count"", db.first;dur=0;desc=""First query at"", db.last;dur=98;desc=""Last query at"", cache.hit;dur=2;desc=""Cache hits"", cache.miss;dur=6;desc=""Cache misses"" | D1_layout;dur=41.0;desc=""D1:layout"", D1_posts;dur=79.0;desc=""D1:posts"", D1_all-tags;dur=19.0;desc=""D1:all-tags"", total;dur=98.0;desc=""total"""
2026-10-05T22:23:40Z,after,curl,/category/technologia,200,MISS,remote-,HAM,187.3,408.0,409.7,220.7,29313,9.0,210.0,0.0,95.0,95.0,2.0,6.0,"rt;dur=0;desc=""Runtime init"", render;dur=95;desc=""Page render"", mw;dur=95;desc=""Total middleware"", db.total;dur=210;desc=""DB total"", db.count;dur=9;desc=""Query count"", db.first;dur=0;desc=""First query at"", db.last;dur=95;desc=""Last query at"", cache.hit;dur=2;desc=""Cache hits"", cache.miss;dur=6;desc=""Cache misses"" | D1_layout;dur=45.0;desc=""D1:layout"", D1_term+posts;dur=95.0;desc=""D1:term+posts"", total;dur=95.0;desc=""total"""
2026-10-05T22:23:41Z,after,browser,/posts/architektura-emdash-typescript-astro,200,MISS,remote-WAW,HAM,157.8,393.4,462.2,235.6,34681,8.0,250.0,0.0,103.0,103.0,6.0,7.0,"rt;dur=0;desc=""Runtime init"", render;dur=103;desc=""Page render"", mw;dur=103;desc=""Total middleware"", db.total;dur=250;desc=""DB total"", db.count;dur=8;desc=""Query count"", db.first;dur=0;desc=""First query at"", db.last;dur=103;desc=""Last query at"", cache.hit;dur=6;desc=""Cache hits"", cache.miss;dur=7;desc=""Cache misses"" | D1_layout;dur=67.0;desc=""D1:layout"", D1_entry+recent;dur=85.0;desc=""D1:entry+recent"", D1_tags;dur=18.0;desc=""D1:tags"", total;dur=103.0;desc=""total"" | cfEdge;dur=173,cfOrigin;dur=0"
2026-10-05T22:23:42Z,after,curl,/,200,MISS,remote-WAW,HAM,89.6,299.6,338.7,210.0,30949,7.0,154.0,0.0,92.0,92.0,2.0,6.0,"rt;dur=0;desc=""Runtime init"", render;dur=92;desc=""Page render"", mw;dur=92;desc=""Total middleware"", db.total;dur=154;desc=""DB total"", db.count;dur=7;desc=""Query count"", db.first;dur=0;desc=""First query at"", db.last;dur=92;desc=""Last query at"", cache.hit;dur=2;desc=""Cache hits"", cache.miss;dur=6;desc=""Cache misses"" | D1_layout;dur=38.0;desc=""D1:layout"", D1_posts;dur=71.0;desc=""D1:posts"", D1_all-tags;dur=21.0;desc=""D1:all-tags"", total;dur=92.0;desc=""total"""
2026-10-05T22:23:42Z,after,curl,/posts/architektura-emdash-typescript-astro,200,MISS,remote-WAW,HAM,90.0,372.6,375.1,282.6,34326,9.0,252.0,0.0,93.0,93.0,6.0,7.0,"rt;dur=0;desc=""Runtime init"", render;dur=93;desc=""Page render"", mw;dur=93;desc=""Total middleware"", db.total;dur=252;desc=""DB total"", db.count;dur=9;desc=""Query count"", db.first;dur=0;desc=""First query at"", db.last;dur=93;desc=""Last query at"", cache.hit;dur=6;desc=""Cache hits"", cache.miss;dur=7;desc=""Cache misses"" | D1_layout;dur=57.0;desc=""D1:layout"", D1_entry+recent;dur=76.0;desc=""D1:entry+recent"", D1_tags;dur=17.0;desc=""D1:tags"", total;dur=93.0;desc=""total"""
2026-10-05T22:23:43Z,after,curl,/category/technologia,200,MISS,remote-WAW,HAM,145.5,385.2,388.1,239.7,29309,9.0,193.0,0.0,82.0,82.0,2.0,6.0,"rt;dur=0;desc=""Runtime init"", render;dur=82;desc=""Page render"", mw;dur=82;desc=""Total middleware"", db.total;dur=193;desc=""DB total"", db.count;dur=9;desc=""Query count"", db.first;dur=0;desc=""First query at"", db.last;dur=82;desc=""Last query at"", cache.hit;dur=2;desc=""Cache hits"", cache.miss;dur=6;desc=""Cache misses"" | D1_layout;dur=44.0;desc=""D1:layout"", D1_term+posts;dur=82.0;desc=""D1:term+posts"", total;dur=82.0;desc=""total"""
2026-10-05T22:23:43Z,after,browser,/posts/architektura-emdash-typescript-astro,200,MISS,remote-WAW,HAM,214.0,507.1,510.8,293.1,34681,8.0,200.0,0.0,94.0,94.0,6.0,7.0,"rt;dur=0;desc=""Runtime init"", render;dur=94;desc=""Page render"", mw;dur=94;desc=""Total middleware"", db.total;dur=200;desc=""DB total"", db.count;dur=8;desc=""Query count"", db.first;dur=0;desc=""First query at"", db.last;dur=94;desc=""Last query at"", cache.hit;dur=6;desc=""Cache hits"", cache.miss;dur=7;desc=""Cache misses"" | D1_layout;dur=52.0;desc=""D1:layout"", D1_entry+recent;dur=75.0;desc=""D1:entry+recent"", D1_tags;dur=19.0;desc=""D1:tags"", total;dur=94.0;desc=""total"" | cfEdge;dur=169,cfOrigin;dur=0"
2026-10-05T22:23:44Z,after,curl,/posts/,200,MISS,remote-,HAM,209.5,413.3,505.9,203.8,36916,7.0,135.0,0.0,82.0,82.0,2.0,6.0,"rt;dur=0;desc=""Runtime init"", render;dur=82;desc=""Page render"", mw;dur=82;desc=""Total middleware"", db.total;dur=135;desc=""DB total"", db.count;dur=7;desc=""Query count"", db.first;dur=0;desc=""First query at"", db.last;dur=82;desc=""Last query at"", cache.hit;dur=2;desc=""Cache hits"", cache.miss;dur=6;desc=""Cache misses"" | D1_layout;dur=30.0;desc=""D1:layout"", D1_posts;dur=64.0;desc=""D1:posts"", D1_all-tags;dur=18.0;desc=""D1:all-tags"", total;dur=82.0;desc=""total"""
2026-10-05T22:23:45Z,after,curl,/,200,MISS,remote-,HAM,195.8,470.1,471.0,274.3,30949,7.0,169.0,0.0,99.0,99.0,2.0,6.0,"rt;dur=0;desc=""Runtime init"", render;dur=99;desc=""Page render"", mw;dur=99;desc=""Total middleware"", db.total;dur=169;desc=""DB total"", db.count;dur=7;desc=""Query count"", db.first;dur=0;desc=""First query at"", db.last;dur=99;desc=""Last query at"", cache.hit;dur=2;desc=""Cache hits"", cache.miss;dur=6;desc=""Cache misses"" | D1_layout;dur=46.0;desc=""D1:layout"", D1_posts;dur=78.0;desc=""D1:posts"", D1_all-tags;dur=21.0;desc=""D1:all-tags"", total;dur=99.0;desc=""total"""
2026-10-05T22:23:46Z,after,browser,/category/technologia,200,MISS,remote-,HAM,294.2,635.6,639.6,341.4,29685,9.0,228.0,0.0,104.0,104.0,2.0,6.0,"rt;dur=0;desc=""Runtime init"", render;dur=104;desc=""Page render"", mw;dur=104;desc=""Total middleware"", db.total;dur=228;desc=""DB total"", db.count;dur=9;desc=""Query count"", db.first;dur=0;desc=""First query at"", db.last;dur=104;desc=""Last query at"", cache.hit;dur=2;desc=""Cache hits"", cache.miss;dur=6;desc=""Cache misses"" | D1_layout;dur=39.0;desc=""D1:layout"", D1_term+posts;dur=104.0;desc=""D1:term+posts"", total;dur=104.0;desc=""total"" | cfEdge;dur=169,cfOrigin;dur=0"
2026-10-05T22:23:46Z,after,browser,/,200,MISS,remote-,HAM,100.5,314.4,460.3,213.9,31308,7.0,167.0,0.0,98.0,98.0,2.0,6.0,"rt;dur=0;desc=""Runtime init"", render;dur=98;desc=""Page render"", mw;dur=98;desc=""Total middleware"", db.total;dur=167;desc=""DB total"", db.count;dur=7;desc=""Query count"", db.first;dur=0;desc=""First query at"", db.last;dur=98;desc=""Last query at"", cache.hit;dur=2;desc=""Cache hits"", cache.miss;dur=6;desc=""Cache misses"" | D1_layout;dur=41.0;desc=""D1:layout"", D1_posts;dur=81.0;desc=""D1:posts"", D1_all-tags;dur=17.0;desc=""D1:all-tags"", total;dur=98.0;desc=""total"" | cfEdge;dur=163,cfOrigin;dur=0"
2026-10-05T22:23:47Z,after,browser,/posts/,200,MISS,remote-,HAM,294.6,495.3,509.1,200.7,37275,7.0,154.0,0.0,91.0,91.0,2.0,6.0,"rt;dur=0;desc=""Runtime init"", render;dur=91;desc=""Page render"", mw;dur=91;desc=""Total middleware"", db.total;dur=154;desc=""DB total"", db.count;dur=7;desc=""Query count"", db.first;dur=0;desc=""First query at"", db.last;dur=91;desc=""Last query at"", cache.hit;dur=2;desc=""Cache hits"", cache.miss;dur=6;desc=""Cache misses"" | D1_layout;dur=44.0;desc=""D1:layout"", D1_posts;dur=70.0;desc=""D1:posts"", D1_all-tags;dur=21.0;desc=""D1:all-tags"", total;dur=91.0;desc=""total"" | cfEdge;dur=158,cfOrigin;dur=0"
2026-10-05T22:23:48Z,after,browser,/posts/architektura-emdash-typescript-astro,200,MISS,remote-WAW,HAM,317.0,598.5,604.5,281.5,34685,8.0,206.0,0.0,96.0,96.0,6.0,7.0,"rt;dur=0;desc=""Runtime init"", render;dur=96;desc=""Page render"", mw;dur=96;desc=""Total middleware"", db.total;dur=206;desc=""DB total"", db.count;dur=8;desc=""Query count"", db.first;dur=0;desc=""First query at"", db.last;dur=96;desc=""Last query at"", cache.hit;dur=6;desc=""Cache hits"", cache.miss;dur=7;desc=""Cache misses"" | D1_layout;dur=47.0;desc=""D1:layout"", D1_entry+recent;dur=73.0;desc=""D1:entry+recent"", D1_tags;dur=23.0;desc=""D1:tags"", total;dur=96.0;desc=""total"" | cfEdge;dur=171,cfOrigin;dur=0"
2026-10-05T22:23:49Z,after,curl,/posts/architektura-emdash-typescript-astro,200,MISS,remote-WAW,HAM,157.5,502.1,640.9,344.6,34302,8.0,211.0,0.0,105.0,105.0,6.0,7.0,"rt;dur=0;desc=""Runtime init"", render;dur=105;desc=""Page render"", mw;dur=105;desc=""Total middleware"", db.total;dur=211;desc=""DB total"", db.count;dur=8;desc=""Query count"", db.first;dur=0;desc=""First query at"", db.last;dur=105;desc=""Last query at"", cache.hit;dur=6;desc=""Cache hits"", cache.miss;dur=7;desc=""Cache misses"" | D1_layout;dur=48.0;desc=""D1:layout"", D1_entry+recent;dur=88.0;desc=""D1:entry+recent"", D1_tags;dur=17.0;desc=""D1:tags"", total;dur=105.0;desc=""total"""
2026-10-05T22:23:49Z,after,browser,/posts/,200,MISS,remote-,HAM,91.7,304.8,312.2,213.1,37275,7.0,169.0,0.0,100.0,100.0,2.0,6.0,"rt;dur=0;desc=""Runtime init"", render;dur=100;desc=""Page render"", mw;dur=100;desc=""Total middleware"", db.total;dur=169;desc=""DB total"", db.count;dur=7;desc=""Query count"", db.first;dur=0;desc=""First query at"", db.last;dur=100;desc=""Last query at"", cache.hit;dur=2;desc=""Cache hits"", cache.miss;dur=6;desc=""Cache misses"" | D1_layout;dur=41.0;desc=""D1:layout"", D1_posts;dur=79.0;desc=""D1:posts"", D1_all-tags;dur=21.0;desc=""D1:all-tags"", total;dur=100.0;desc=""total"" | cfEdge;dur=165,cfOrigin;dur=0"
2026-10-05T22:23:50Z,after,browser,/category/technologia,200,MISS,remote-WAW,HAM,87.7,286.7,290.3,199.0,29680,9.0,199.0,0.0,92.0,92.0,2.0,6.0,"rt;dur=0;desc=""Runtime init"", render;dur=92;desc=""Page render"", mw;dur=92;desc=""Total middleware"", db.total;dur=199;desc=""DB total"", db.count;dur=9;desc=""Query count"", db.first;dur=0;desc=""First query at"", db.last;dur=92;desc=""Last query at"", cache.hit;dur=2;desc=""Cache hits"", cache.miss;dur=6;desc=""Cache misses"" | D1_layout;dur=37.0;desc=""D1:layout"", D1_term+posts;dur=92.0;desc=""D1:term+posts"", total;dur=92.0;desc=""total"" | cfEdge;dur=158,cfOrigin;dur=0"
2026-10-05T22:23:51Z,after,curl,/category/technologia,200,MISS,remote-WAW,HAM,88.7,316.1,331.5,227.4,29318,9.0,272.0,0.0,119.0,119.0,2.0,6.0,"rt;dur=0;desc=""Runtime init"", render;dur=119;desc=""Page render"", mw;dur=119;desc=""Total middleware"", db.total;dur=272;desc=""DB total"", db.count;dur=9;desc=""Query count"", db.first;dur=0;desc=""First query at"", db.last;dur=119;desc=""Last query at"", cache.hit;dur=2;desc=""Cache hits"", cache.miss;dur=6;desc=""Cache misses"" | D1_layout;dur=63.0;desc=""D1:layout"", D1_term+posts;dur=119.0;desc=""D1:term+posts"", total;dur=119.0;desc=""total"""
2026-10-05T22:23:51Z,after,curl,/posts/,200,MISS,remote-WAW,HAM,88.8,304.1,309.4,215.3,36900,7.0,174.0,0.0,105.0,105.0,2.0,6.0,"rt;dur=0;desc=""Runtime init"", render;dur=105;desc=""Page render"", mw;dur=105;desc=""Total middleware"", db.total;dur=174;desc=""DB total"", db.count;dur=7;desc=""Query count"", db.first;dur=0;desc=""First query at"", db.last;dur=105;desc=""Last query at"", cache.hit;dur=2;desc=""Cache hits"", cache.miss;dur=6;desc=""Cache misses"" | D1_layout;dur=41.0;desc=""D1:layout"", D1_posts;dur=84.0;desc=""D1:posts"", D1_all-tags;dur=21.0;desc=""D1:all-tags"", total;dur=105.0;desc=""total"""
2026-10-05T22:23:52Z,after,browser,/,200,MISS,remote-,HAM,189.1,482.4,489.4,293.3,31320,7.0,164.0,0.0,97.0,97.0,2.0,6.0,"rt;dur=0;desc=""Runtime init"", render;dur=97;desc=""Page render"", mw;dur=97;desc=""Total middleware"", db.total;dur=164;desc=""DB total"", db.count;dur=7;desc=""Query count"", db.first;dur=0;desc=""First query at"", db.last;dur=97;desc=""Last query at"", cache.hit;dur=2;desc=""Cache hits"", cache.miss;dur=6;desc=""Cache misses"" | D1_layout;dur=44.0;desc=""D1:layout"", D1_posts;dur=72.0;desc=""D1:posts"", D1_all-tags;dur=25.0;desc=""D1:all-tags"", total;dur=97.0;desc=""total"" | cfEdge;dur=159,cfOrigin;dur=0"
2026-10-05T22:23:52Z,after,curl,/,200,MISS,remote-WAW,HAM,113.0,353.8,354.2,240.8,30949,7.0,163.0,0.0,92.0,92.0,2.0,6.0,"rt;dur=0;desc=""Runtime init"", render;dur=92;desc=""Page render"", mw;dur=92;desc=""Total middleware"", db.total;dur=163;desc=""DB total"", db.count;dur=7;desc=""Query count"", db.first;dur=0;desc=""First query at"", db.last;dur=92;desc=""Last query at"", cache.hit;dur=2;desc=""Cache hits"", cache.miss;dur=6;desc=""Cache misses"" | D1_layout;dur=43.0;desc=""D1:layout"", D1_posts;dur=71.0;desc=""D1:posts"", D1_all-tags;dur=21.0;desc=""D1:all-tags"", total;dur=92.0;desc=""total"""
2026-10-05T22:23:53Z,after,browser,/posts/,200,MISS,remote-,HAM,86.6,318.1,325.5,231.5,37271,7.0,183.0,0.0,111.0,111.0,2.0,6.0,"rt;dur=0;desc=""Runtime init"", render;dur=111;desc=""Page render"", mw;dur=111;desc=""Total middleware"", db.total;dur=183;desc=""DB total"", db.count;dur=7;desc=""Query count"", db.first;dur=0;desc=""First query at"", db.last;dur=111;desc=""Last query at"", cache.hit;dur=2;desc=""Cache hits"", cache.miss;dur=6;desc=""Cache misses"" | D1_layout;dur=46.0;desc=""D1:layout"", D1_posts;dur=90.0;desc=""D1:posts"", D1_all-tags;dur=21.0;desc=""D1:all-tags"", total;dur=111.0;desc=""total"" | cfEdge;dur=176,cfOrigin;dur=0"
2026-10-05T22:23:54Z,after,curl,/,200,MISS,remote-WAW,HAM,91.4,288.8,295.9,197.4,30957,7.0,151.0,0.0,89.0,89.0,2.0,6.0,"rt;dur=0;desc=""Runtime init"", render;dur=89;desc=""Page render"", mw;dur=89;desc=""Total middleware"", db.total;dur=151;desc=""DB total"", db.count;dur=7;desc=""Query count"", db.first;dur=0;desc=""First query at"", db.last;dur=89;desc=""Last query at"", cache.hit;dur=2;desc=""Cache hits"", cache.miss;dur=6;desc=""Cache misses"" | D1_layout;dur=38.0;desc=""D1:layout"", D1_posts;dur=68.0;desc=""D1:posts"", D1_all-tags;dur=21.0;desc=""D1:all-tags"", total;dur=89.0;desc=""total"""
2026-10-05T22:23:54Z,after,curl,/category/technologia,200,MISS,remote-WAW,HAM,85.8,280.3,289.0,194.5,29313,9.0,225.0,0.0,89.0,89.0,2.0,6.0,"rt;dur=0;desc=""Runtime init"", render;dur=89;desc=""Page render"", mw;dur=89;desc=""Total middleware"", db.total;dur=225;desc=""DB total"", db.count;dur=9;desc=""Query count"", db.first;dur=0;desc=""First query at"", db.last;dur=89;desc=""Last query at"", cache.hit;dur=2;desc=""Cache hits"", cache.miss;dur=6;desc=""Cache misses"" | D1_layout;dur=55.0;desc=""D1:layout"", D1_term+posts;dur=89.0;desc=""D1:term+posts"", total;dur=89.0;desc=""total"""
2026-10-05T22:23:55Z,after,curl,/posts/architektura-emdash-typescript-astro,200,MISS,remote-WAW,HAM,85.6,295.0,408.5,209.4,34318,8.0,196.0,0.0,93.0,93.0,6.0,7.0,"rt;dur=0;desc=""Runtime init"", render;dur=93;desc=""Page render"", mw;dur=93;desc=""Total middleware"", db.total;dur=196;desc=""DB total"", db.count;dur=8;desc=""Query count"", db.first;dur=0;desc=""First query at"", db.last;dur=93;desc=""Last query at"", cache.hit;dur=6;desc=""Cache hits"", cache.miss;dur=7;desc=""Cache misses"" | D1_layout;dur=47.0;desc=""D1:layout"", D1_entry+recent;dur=76.0;desc=""D1:entry+recent"", D1_tags;dur=17.0;desc=""D1:tags"", total;dur=93.0;desc=""total"""
2026-10-05T22:23:55Z,after,browser,/,200,MISS,remote-,HAM,122.6,331.0,339.5,208.4,31304,7.0,174.0,0.0,102.0,102.0,2.0,6.0,"rt;dur=0;desc=""Runtime init"", render;dur=102;desc=""Page render"", mw;dur=102;desc=""Total middleware"", db.total;dur=174;desc=""DB total"", db.count;dur=7;desc=""Query count"", db.first;dur=0;desc=""First query at"", db.last;dur=102;desc=""Last query at"", cache.hit;dur=2;desc=""Cache hits"", cache.miss;dur=6;desc=""Cache misses"" | D1_layout;dur=45.0;desc=""D1:layout"", D1_posts;dur=81.0;desc=""D1:posts"", D1_all-tags;dur=21.0;desc=""D1:all-tags"", total;dur=102.0;desc=""total"" | cfEdge;dur=168,cfOrigin;dur=0"
2026-10-05T22:23:56Z,after,browser,/category/technologia,200,MISS,remote-,HAM,86.9,275.3,277.6,188.4,29672,9.0,218.0,0.0,89.0,89.0,2.0,6.0,"rt;dur=0;desc=""Runtime init"", render;dur=89;desc=""Page render"", mw;dur=89;desc=""Total middleware"", db.total;dur=218;desc=""DB total"", db.count;dur=9;desc=""Query count"", db.first;dur=0;desc=""First query at"", db.last;dur=89;desc=""Last query at"", cache.hit;dur=2;desc=""Cache hits"", cache.miss;dur=6;desc=""Cache misses"" | D1_layout;dur=47.0;desc=""D1:layout"", D1_term+posts;dur=89.0;desc=""D1:term+posts"", total;dur=89.0;desc=""total"" | cfEdge;dur=153,cfOrigin;dur=0"
2026-10-05T22:23:56Z,after,browser,/posts/architektura-emdash-typescript-astro,200,MISS,remote-WAW,HAM,81.1,282.9,324.8,201.8,34693,8.0,199.0,0.0,97.0,97.0,6.0,7.0,"rt;dur=0;desc=""Runtime init"", render;dur=97;desc=""Page render"", mw;dur=97;desc=""Total middleware"", db.total;dur=199;desc=""DB total"", db.count;dur=8;desc=""Query count"", db.first;dur=0;desc=""First query at"", db.last;dur=97;desc=""Last query at"", cache.hit;dur=6;desc=""Cache hits"", cache.miss;dur=7;desc=""Cache misses"" | D1_layout;dur=47.0;desc=""D1:layout"", D1_entry+recent;dur=77.0;desc=""D1:entry+recent"", D1_tags;dur=20.0;desc=""D1:tags"", total;dur=97.0;desc=""total"" | cfEdge;dur=163,cfOrigin;dur=0"
2026-10-05T22:23:57Z,after,curl,/posts/,200,MISS,remote-WAW,HAM,91.5,313.7,317.6,222.2,36908,7.0,162.0,0.0,101.0,101.0,2.0,6.0,"rt;dur=0;desc=""Runtime init"", render;dur=101;desc=""Page render"", mw;dur=101;desc=""Total middleware"", db.total;dur=162;desc=""DB total"", db.count;dur=7;desc=""Query count"", db.first;dur=0;desc=""First query at"", db.last;dur=101;desc=""Last query at"", cache.hit;dur=2;desc=""Cache hits"", cache.miss;dur=6;desc=""Cache misses"" | D1_layout;dur=42.0;desc=""D1:layout"", D1_posts;dur=84.0;desc=""D1:posts"", D1_all-tags;dur=17.0;desc=""D1:all-tags"", total;dur=101.0;desc=""total"""
2026-10-05T22:23:57Z,after,browser,/posts/,200,MISS,remote-WAW,HAM,78.7,287.2,298.2,208.5,37271,7.0,160.0,0.0,103.0,103.0,2.0,6.0,"rt;dur=0;desc=""Runtime init"", render;dur=103;desc=""Page render"", mw;dur=103;desc=""Total middleware"", db.total;dur=160;desc=""DB total"", db.count;dur=7;desc=""Query count"", db.first;dur=0;desc=""First query at"", db.last;dur=103;desc=""Last query at"", cache.hit;dur=2;desc=""Cache hits"", cache.miss;dur=6;desc=""Cache misses"" | D1_layout;dur=40.0;desc=""D1:layout"", D1_posts;dur=82.0;desc=""D1:posts"", D1_all-tags;dur=21.0;desc=""D1:all-tags"", total;dur=103.0;desc=""total"" | cfEdge;dur=169,cfOrigin;dur=0"
2026-10-05T22:23:58Z,after,browser,/,200,MISS,remote-WAW,HAM,183.1,415.9,431.6,232.8,31308,7.0,179.0,0.0,116.0,116.0,2.0,6.0,"rt;dur=0;desc=""Runtime init"", render;dur=116;desc=""Page render"", mw;dur=116;desc=""Total middleware"", db.total;dur=179;desc=""DB total"", db.count;dur=7;desc=""Query count"", db.first;dur=0;desc=""First query at"", db.last;dur=116;desc=""Last query at"", cache.hit;dur=2;desc=""Cache hits"", cache.miss;dur=6;desc=""Cache misses"" | D1_layout;dur=40.0;desc=""D1:layout"", D1_posts;dur=90.0;desc=""D1:posts"", D1_all-tags;dur=26.0;desc=""D1:all-tags"", total;dur=116.0;desc=""total"" | cfEdge;dur=183,cfOrigin;dur=0"
2026-10-05T22:23:59Z,after,curl,/posts/,200,MISS,remote-,HAM,116.1,323.3,333.3,207.2,36904,7.0,153.0,0.0,88.0,88.0,2.0,6.0,"rt;dur=0;desc=""Runtime init"", render;dur=88;desc=""Page render"", mw;dur=88;desc=""Total middleware"", db.total;dur=153;desc=""DB total"", db.count;dur=7;desc=""Query count"", db.first;dur=0;desc=""First query at"", db.last;dur=88;desc=""Last query at"", cache.hit;dur=2;desc=""Cache hits"", cache.miss;dur=6;desc=""Cache misses"" | D1_layout;dur=40.0;desc=""D1:layout"", D1_posts;dur=69.0;desc=""D1:posts"", D1_all-tags;dur=19.0;desc=""D1:all-tags"", total;dur=88.0;desc=""total"""
2026-10-05T22:24:00Z,after,browser,/posts/architektura-emdash-typescript-astro,200,MISS,remote-WAW,HAM,95.2,520.8,635.3,425.6,34673,8.0,199.0,0.0,97.0,97.0,6.0,7.0,"rt;dur=0;desc=""Runtime init"", render;dur=97;desc=""Page render"", mw;dur=97;desc=""Total middleware"", db.total;dur=199;desc=""DB total"", db.count;dur=8;desc=""Query count"", db.first;dur=0;desc=""First query at"", db.last;dur=97;desc=""Last query at"", cache.hit;dur=6;desc=""Cache hits"", cache.miss;dur=7;desc=""Cache misses"" | D1_layout;dur=49.0;desc=""D1:layout"", D1_entry+recent;dur=79.0;desc=""D1:entry+recent"", D1_tags;dur=18.0;desc=""D1:tags"", total;dur=97.0;desc=""total"" | cfEdge;dur=165,cfOrigin;dur=0"
2026-10-05T22:24:00Z,after,browser,/category/technologia,200,MISS,remote-,HAM,323.3,699.7,704.5,376.4,29677,9.0,381.0,0.0,254.0,254.0,2.0,6.0,"rt;dur=0;desc=""Runtime init"", render;dur=254;desc=""Page render"", mw;dur=254;desc=""Total middleware"", db.total;dur=381;desc=""DB total"", db.count;dur=9;desc=""Query count"", db.first;dur=0;desc=""First query at"", db.last;dur=254;desc=""Last query at"", cache.hit;dur=2;desc=""Cache hits"", cache.miss;dur=6;desc=""Cache misses"" | D1_layout;dur=59.0;desc=""D1:layout"", D1_term+posts;dur=254.0;desc=""D1:term+posts"", total;dur=254.0;desc=""total"" | cfEdge;dur=314,cfOrigin;dur=0"
2026-10-05T22:24:01Z,after,curl,/category/technologia,200,MISS,remote-WAW,HAM,78.4,290.2,292.6,211.8,29313,9.0,214.0,0.0,96.0,96.0,2.0,6.0,"rt;dur=0;desc=""Runtime init"", render;dur=96;desc=""Page render"", mw;dur=96;desc=""Total middleware"", db.total;dur=214;desc=""DB total"", db.count;dur=9;desc=""Query count"", db.first;dur=0;desc=""First query at"", db.last;dur=96;desc=""Last query at"", cache.hit;dur=2;desc=""Cache hits"", cache.miss;dur=6;desc=""Cache misses"" | D1_layout;dur=48.0;desc=""D1:layout"", D1_term+posts;dur=96.0;desc=""D1:term+posts"", total;dur=96.0;desc=""total"""
2026-10-05T22:24:02Z,after,curl,/,200,MISS,remote-WAW,HAM,479.2,675.3,683.7,196.1,30937,7.0,170.0,0.0,95.0,95.0,2.0,6.0,"rt;dur=0;desc=""Runtime init"", render;dur=95;desc=""Page render"", mw;dur=95;desc=""Total middleware"", db.total;dur=170;desc=""DB total"", db.count;dur=7;desc=""Query count"", db.first;dur=0;desc=""First query at"", db.last;dur=95;desc=""Last query at"", cache.hit;dur=2;desc=""Cache hits"", cache.miss;dur=6;desc=""Cache misses"" | D1_layout;dur=53.0;desc=""D1:layout"", D1_posts;dur=74.0;desc=""D1:posts"", D1_all-tags;dur=21.0;desc=""D1:all-tags"", total;dur=95.0;desc=""total"""
2026-10-05T22:24:03Z,after,curl,/posts/architektura-emdash-typescript-astro,200,MISS,remote-,HAM,276.1,679.6,733.7,403.5,34302,8.0,190.0,0.0,98.0,98.0,6.0,7.0,"rt;dur=0;desc=""Runtime init"", render;dur=98;desc=""Page render"", mw;dur=98;desc=""Total middleware"", db.total;dur=190;desc=""DB total"", db.count;dur=8;desc=""Query count"", db.first;dur=0;desc=""First query at"", db.last;dur=98;desc=""Last query at"", cache.hit;dur=6;desc=""Cache hits"", cache.miss;dur=7;desc=""Cache misses"" | D1_layout;dur=37.0;desc=""D1:layout"", D1_entry+recent;dur=67.0;desc=""D1:entry+recent"", D1_tags;dur=31.0;desc=""D1:tags"", total;dur=98.0;desc=""total"""
2026-10-05T22:24:04Z,after,browser,/posts/,200,MISS,remote-,HAM,184.6,432.9,441.2,248.3,37276,7.0,203.0,0.0,123.0,123.0,2.0,6.0,"rt;dur=0;desc=""Runtime init"", render;dur=123;desc=""Page render"", mw;dur=123;desc=""Total middleware"", db.total;dur=203;desc=""DB total"", db.count;dur=7;desc=""Query count"", db.first;dur=0;desc=""First query at"", db.last;dur=123;desc=""Last query at"", cache.hit;dur=2;desc=""Cache hits"", cache.miss;dur=6;desc=""Cache misses"" | D1_layout;dur=51.0;desc=""D1:layout"", D1_posts;dur=102.0;desc=""D1:posts"", D1_all-tags;dur=21.0;desc=""D1:all-tags"", total;dur=123.0;desc=""total"" | cfEdge;dur=193,cfOrigin;dur=0"
2026-10-05T22:24:04Z,after,curl,/,200,MISS,remote-WAW,HAM,414.8,744.0,744.6,329.2,30949,7.0,147.0,0.0,90.0,90.0,2.0,6.0,"rt;dur=0;desc=""Runtime init"", render;dur=90;desc=""Page render"", mw;dur=90;desc=""Total middleware"", db.total;dur=147;desc=""DB total"", db.count;dur=7;desc=""Query count"", db.first;dur=0;desc=""First query at"", db.last;dur=90;desc=""Last query at"", cache.hit;dur=2;desc=""Cache hits"", cache.miss;dur=6;desc=""Cache misses"" | D1_layout;dur=36.0;desc=""D1:layout"", D1_posts;dur=69.0;desc=""D1:posts"", D1_all-tags;dur=21.0;desc=""D1:all-tags"", total;dur=90.0;desc=""total"""
2026-10-05T22:24:06Z,after,browser,/,200,MISS,remote-,HAM,999.7,1215.6,1238.4,215.9,31324,8.0,187.0,0.0,97.0,97.0,2.0,6.0,"rt;dur=0;desc=""Runtime init"", render;dur=97;desc=""Page render"", mw;dur=97;desc=""Total middleware"", db.total;dur=187;desc=""DB total"", db.count;dur=8;desc=""Query count"", db.first;dur=0;desc=""First query at"", db.last;dur=97;desc=""Last query at"", cache.hit;dur=2;desc=""Cache hits"", cache.miss;dur=6;desc=""Cache misses"" | D1_layout;dur=34.0;desc=""D1:layout"", D1_posts;dur=74.0;desc=""D1:posts"", D1_all-tags;dur=23.0;desc=""D1:all-tags"", total;dur=97.0;desc=""total"" | cfEdge;dur=175,cfOrigin;dur=0"
2026-10-05T22:24:07Z,after,browser,/posts/architektura-emdash-typescript-astro,200,MISS,remote-,HAM,154.5,389.1,438.8,234.6,34677,8.0,210.0,0.0,97.0,97.0,6.0,7.0,"rt;dur=0;desc=""Runtime init"", render;dur=97;desc=""Page render"", mw;dur=97;desc=""Total middleware"", db.total;dur=210;desc=""DB total"", db.count;dur=8;desc=""Query count"", db.first;dur=0;desc=""First query at"", db.last;dur=97;desc=""Last query at"", cache.hit;dur=6;desc=""Cache hits"", cache.miss;dur=7;desc=""Cache misses"" | D1_layout;dur=53.0;desc=""D1:layout"", D1_entry+recent;dur=77.0;desc=""D1:entry+recent"", D1_tags;dur=20.0;desc=""D1:tags"", total;dur=97.0;desc=""total"" | cfEdge;dur=170,cfOrigin;dur=0"
2026-10-05T22:24:07Z,after,curl,/posts/architektura-emdash-typescript-astro,200,MISS,remote-WAW,HAM,323.4,524.9,564.8,201.5,34330,8.0,181.0,0.0,87.0,87.0,6.0,7.0,"rt;dur=0;desc=""Runtime init"", render;dur=87;desc=""Page render"", mw;dur=87;desc=""Total middleware"", db.total;dur=181;desc=""DB total"", db.count;dur=8;desc=""Query count"", db.first;dur=0;desc=""First query at"", db.last;dur=87;desc=""Last query at"", cache.hit;dur=6;desc=""Cache hits"", cache.miss;dur=7;desc=""Cache misses"" | D1_layout;dur=40.0;desc=""D1:layout"", D1_entry+recent;dur=68.0;desc=""D1:entry+recent"", D1_tags;dur=19.0;desc=""D1:tags"", total;dur=87.0;desc=""total"""
2026-10-05T22:24:09Z,after,curl,/posts/,200,MISS,remote-WAW,HAM,1210.3,1457.8,1465.7,247.5,36912,7.0,157.0,0.0,93.0,93.0,2.0,6.0,"rt;dur=0;desc=""Runtime init"", render;dur=93;desc=""Page render"", mw;dur=93;desc=""Total middleware"", db.total;dur=157;desc=""DB total"", db.count;dur=7;desc=""Query count"", db.first;dur=0;desc=""First query at"", db.last;dur=93;desc=""Last query at"", cache.hit;dur=2;desc=""Cache hits"", cache.miss;dur=6;desc=""Cache misses"" | D1_layout;dur=38.0;desc=""D1:layout"", D1_posts;dur=71.0;desc=""D1:posts"", D1_all-tags;dur=22.0;desc=""D1:all-tags"", total;dur=93.0;desc=""total"""
2026-10-05T22:24:14Z,after,browser,/category/technologia,200,MISS,remote-WAW,HAM,2778.3,4261.6,4269.2,1483.3,29680,9.0,230.0,0.0,99.0,99.0,2.0,6.0,"rt;dur=0;desc=""Runtime init"", render;dur=99;desc=""Page render"", mw;dur=99;desc=""Total middleware"", db.total;dur=230;desc=""DB total"", db.count;dur=9;desc=""Query count"", db.first;dur=0;desc=""First query at"", db.last;dur=99;desc=""Last query at"", cache.hit;dur=2;desc=""Cache hits"", cache.miss;dur=6;desc=""Cache misses"" | D1_layout;dur=52.0;desc=""D1:layout"", D1_term+posts;dur=99.0;desc=""D1:term+posts"", total;dur=99.0;desc=""total"" | cfEdge;dur=173,cfOrigin;dur=0"
2026-10-05T22:24:18Z,after,curl,/category/technologia,200,MISS,remote-,HAM,2360.4,3947.5,3955.3,1587.1,29317,10.0,245.0,0.0,93.0,93.0,2.0,6.0,"rt;dur=0;desc=""Runtime init"", render;dur=93;desc=""Page render"", mw;dur=93;desc=""Total middleware"", db.total;dur=245;desc=""DB total"", db.count;dur=10;desc=""Query count"", db.first;dur=0;desc=""First query at"", db.last;dur=93;desc=""Last query at"", cache.hit;dur=2;desc=""Cache hits"", cache.miss;dur=6;desc=""Cache misses"" | D1_layout;dur=48.0;desc=""D1:layout"", D1_term+posts;dur=93.0;desc=""D1:term+posts"", total;dur=93.0;desc=""total"""
2026-10-05T22:24:19Z,after,curl,/posts/architektura-emdash-typescript-astro,200,MISS,remote-WAW,HAM,659.5,965.9,969.5,306.4,34314,8.0,215.0,0.0,97.0,97.0,6.0,7.0,"rt;dur=0;desc=""Runtime init"", render;dur=97;desc=""Page render"", mw;dur=97;desc=""Total middleware"", db.total;dur=215;desc=""DB total"", db.count;dur=8;desc=""Query count"", db.first;dur=0;desc=""First query at"", db.last;dur=97;desc=""Last query at"", cache.hit;dur=6;desc=""Cache hits"", cache.miss;dur=7;desc=""Cache misses"" | D1_layout;dur=58.0;desc=""D1:layout"", D1_entry+recent;dur=79.0;desc=""D1:entry+recent"", D1_tags;dur=18.0;desc=""D1:tags"", total;dur=97.0;desc=""total"""
2026-10-05T22:24:20Z,after,browser,/posts/,200,MISS,remote-,HAM,150.5,809.8,811.9,659.3,37268,7.0,380.0,0.0,306.0,306.0,2.0,6.0,"rt;dur=0;desc=""Runtime init"", render;dur=306;desc=""Page render"", mw;dur=306;desc=""Total middleware"", db.total;dur=380;desc=""DB total"", db.count;dur=7;desc=""Query count"", db.first;dur=0;desc=""First query at"", db.last;dur=306;desc=""Last query at"", cache.hit;dur=2;desc=""Cache hits"", cache.miss;dur=6;desc=""Cache misses"" | D1_layout;dur=47.0;desc=""D1:layout"", D1_posts;dur=284.0;desc=""D1:posts"", D1_all-tags;dur=22.0;desc=""D1:all-tags"", total;dur=306.0;desc=""total"" | cfEdge;dur=376,cfOrigin;dur=0"
2026-10-05T22:24:21Z,after,curl,/posts/,200,MISS,remote-WAW,HAM,305.1,649.7,650.4,344.6,36901,7.0,264.0,0.0,187.0,187.0,2.0,6.0,"rt;dur=0;desc=""Runtime init"", render;dur=187;desc=""Page render"", mw;dur=187;desc=""Total middleware"", db.total;dur=264;desc=""DB total"", db.count;dur=7;desc=""Query count"", db.first;dur=0;desc=""First query at"", db.last;dur=187;desc=""Last query at"", cache.hit;dur=2;desc=""Cache hits"", cache.miss;dur=6;desc=""Cache misses"" | D1_layout;dur=50.0;desc=""D1:layout"", D1_posts;dur=169.0;desc=""D1:posts"", D1_all-tags;dur=18.0;desc=""D1:all-tags"", total;dur=187.0;desc=""total"""
2026-10-05T22:24:22Z,after,curl,/category/technologia,200,MISS,remote-WAW,HAM,304.2,502.4,503.5,198.2,29317,9.0,175.0,0.0,87.0,87.0,2.0,6.0,"rt;dur=0;desc=""Runtime init"", render;dur=87;desc=""Page render"", mw;dur=87;desc=""Total middleware"", db.total;dur=175;desc=""DB total"", db.count;dur=9;desc=""Query count"", db.first;dur=0;desc=""First query at"", db.last;dur=87;desc=""Last query at"", cache.hit;dur=2;desc=""Cache hits"", cache.miss;dur=6;desc=""Cache misses"" | D1_layout;dur=30.0;desc=""D1:layout"", D1_term+posts;dur=87.0;desc=""D1:term+posts"", total;dur=87.0;desc=""total"""
2026-10-05T22:24:22Z,after,curl,/,200,MISS,remote-WAW,HAM,141.4,345.3,355.0,203.9,30957,7.0,159.0,0.0,87.0,87.0,2.0,6.0,"rt;dur=0;desc=""Runtime init"", render;dur=87;desc=""Page render"", mw;dur=87;desc=""Total middleware"", db.total;dur=159;desc=""DB total"", db.count;dur=7;desc=""Query count"", db.first;dur=0;desc=""First query at"", db.last;dur=87;desc=""Last query at"", cache.hit;dur=2;desc=""Cache hits"", cache.miss;dur=6;desc=""Cache misses"" | D1_layout;dur=46.0;desc=""D1:layout"", D1_posts;dur=68.0;desc=""D1:posts"", D1_all-tags;dur=19.0;desc=""D1:all-tags"", total;dur=87.0;desc=""total"""
2026-10-05T22:24:23Z,after,browser,/category/technologia,200,MISS,remote-,HAM,120.4,344.0,350.4,223.6,29681,9.0,222.0,0.0,107.0,107.0,2.0,6.0,"rt;dur=0;desc=""Runtime init"", render;dur=107;desc=""Page render"", mw;dur=107;desc=""Total middleware"", db.total;dur=222;desc=""DB total"", db.count;dur=9;desc=""Query count"", db.first;dur=0;desc=""First query at"", db.last;dur=107;desc=""Last query at"", cache.hit;dur=2;desc=""Cache hits"", cache.miss;dur=6;desc=""Cache misses"" | D1_layout;dur=41.0;desc=""D1:layout"", D1_term+posts;dur=107.0;desc=""D1:term+posts"", total;dur=107.0;desc=""total"" | cfEdge;dur=181,cfOrigin;dur=0"
2026-10-05T22:24:24Z,after,browser,/posts/architektura-emdash-typescript-astro,200,MISS,remote-WAW,HAM,83.4,299.6,495.9,216.2,34685,8.0,215.0,0.0,97.0,97.0,6.0,7.0,"rt;dur=0;desc=""Runtime init"", render;dur=97;desc=""Page render"", mw;dur=97;desc=""Total middleware"", db.total;dur=215;desc=""DB total"", db.count;dur=8;desc=""Query count"", db.first;dur=0;desc=""First query at"", db.last;dur=97;desc=""Last query at"", cache.hit;dur=6;desc=""Cache hits"", cache.miss;dur=7;desc=""Cache misses"" | D1_layout;dur=58.0;desc=""D1:layout"", D1_entry+recent;dur=80.0;desc=""D1:entry+recent"", D1_tags;dur=17.0;desc=""D1:tags"", total;dur=97.0;desc=""total"" | cfEdge;dur=176,cfOrigin;dur=0"
2026-10-05T22:24:24Z,after,browser,/,200,MISS,remote-WAW,HAM,80.1,368.8,373.6,288.7,31322,7.0,332.0,0.0,184.0,184.0,2.0,6.0,"rt;dur=0;desc=""Runtime init"", render;dur=184;desc=""Page render"", mw;dur=184;desc=""Total middleware"", db.total;dur=332;desc=""DB total"", db.count;dur=7;desc=""Query count"", db.first;dur=0;desc=""First query at"", db.last;dur=184;desc=""Last query at"", cache.hit;dur=2;desc=""Cache hits"", cache.miss;dur=6;desc=""Cache misses"" | D1_layout;dur=127.0;desc=""D1:layout"", D1_posts;dur=163.0;desc=""D1:posts"", D1_all-tags;dur=21.0;desc=""D1:all-tags"", total;dur=184.0;desc=""total"" | cfEdge;dur=250,cfOrigin;dur=0"
2026-10-05T22:24:25Z,after,curl,/posts/,200,MISS,remote-WAW,HAM,495.2,759.8,760.5,264.6,36908,7.0,150.0,0.0,88.0,88.0,2.0,6.0,"rt;dur=0;desc=""Runtime init"", render;dur=88;desc=""Page render"", mw;dur=88;desc=""Total middleware"", db.total;dur=150;desc=""DB total"", db.count;dur=7;desc=""Query count"", db.first;dur=0;desc=""First query at"", db.last;dur=88;desc=""Last query at"", cache.hit;dur=2;desc=""Cache hits"", cache.miss;dur=6;desc=""Cache misses"" | D1_layout;dur=36.0;desc=""D1:layout"", D1_posts;dur=67.0;desc=""D1:posts"", D1_all-tags;dur=21.0;desc=""D1:all-tags"", total;dur=88.0;desc=""total"""
2026-10-05T22:24:26Z,after,curl,/category/technologia,200,MISS,remote-WAW,HAM,82.3,286.5,292.0,204.2,29313,9.0,213.0,0.0,89.0,89.0,2.0,6.0,"rt;dur=0;desc=""Runtime init"", render;dur=89;desc=""Page render"", mw;dur=89;desc=""Total middleware"", db.total;dur=213;desc=""DB total"", db.count;dur=9;desc=""Query count"", db.first;dur=0;desc=""First query at"", db.last;dur=89;desc=""Last query at"", cache.hit;dur=2;desc=""Cache hits"", cache.miss;dur=6;desc=""Cache misses"" | D1_layout;dur=49.0;desc=""D1:layout"", D1_term+posts;dur=89.0;desc=""D1:term+posts"", total;dur=89.0;desc=""total"""
2026-10-05T22:24:26Z,after,browser,/posts/,200,MISS,remote-WAW,HAM,97.0,308.8,345.9,211.8,37267,7.0,170.0,0.0,102.0,102.0,2.0,6.0,"rt;dur=0;desc=""Runtime init"", render;dur=102;desc=""Page render"", mw;dur=102;desc=""Total middleware"", db.total;dur=170;desc=""DB total"", db.count;dur=7;desc=""Query count"", db.first;dur=0;desc=""First query at"", db.last;dur=102;desc=""Last query at"", cache.hit;dur=2;desc=""Cache hits"", cache.miss;dur=6;desc=""Cache misses"" | D1_layout;dur=46.0;desc=""D1:layout"", D1_posts;dur=78.0;desc=""D1:posts"", D1_all-tags;dur=24.0;desc=""D1:all-tags"", total;dur=102.0;desc=""total"" | cfEdge;dur=164,cfOrigin;dur=0"
2026-10-05T22:24:27Z,after,curl,/,200,MISS,remote-WAW,HAM,89.4,324.3,350.2,234.9,30961,7.0,159.0,0.0,90.0,90.0,2.0,6.0,"rt;dur=0;desc=""Runtime init"", render;dur=90;desc=""Page render"", mw;dur=90;desc=""Total middleware"", db.total;dur=159;desc=""DB total"", db.count;dur=7;desc=""Query count"", db.first;dur=0;desc=""First query at"", db.last;dur=90;desc=""Last query at"", cache.hit;dur=2;desc=""Cache hits"", cache.miss;dur=6;desc=""Cache misses"" | D1_layout;dur=44.0;desc=""D1:layout"", D1_posts;dur=68.0;desc=""D1:posts"", D1_all-tags;dur=22.0;desc=""D1:all-tags"", total;dur=90.0;desc=""total"""
2026-10-05T22:24:27Z,after,browser,/,200,MISS,remote-,HAM,84.9,355.4,369.4,270.5,31316,7.0,153.0,0.0,86.0,86.0,2.0,6.0,"rt;dur=0;desc=""Runtime init"", render;dur=86;desc=""Page render"", mw;dur=86;desc=""Total middleware"", db.total;dur=153;desc=""DB total"", db.count;dur=7;desc=""Query count"", db.first;dur=0;desc=""First query at"", db.last;dur=86;desc=""Last query at"", cache.hit;dur=2;desc=""Cache hits"", cache.miss;dur=6;desc=""Cache misses"" | D1_layout;dur=41.0;desc=""D1:layout"", D1_posts;dur=64.0;desc=""D1:posts"", D1_all-tags;dur=22.0;desc=""D1:all-tags"", total;dur=86.0;desc=""total"" | cfEdge;dur=156,cfOrigin;dur=0"
2026-10-05T22:24:28Z,after,browser,/posts/architektura-emdash-typescript-astro,200,MISS,remote-WAW,HAM,161.1,355.2,398.8,194.1,34673,8.0,188.0,0.0,86.0,86.0,6.0,7.0,"rt;dur=0;desc=""Runtime init"", render;dur=86;desc=""Page render"", mw;dur=86;desc=""Total middleware"", db.total;dur=188;desc=""DB total"", db.count;dur=8;desc=""Query count"", db.first;dur=0;desc=""First query at"", db.last;dur=86;desc=""Last query at"", cache.hit;dur=6;desc=""Cache hits"", cache.miss;dur=7;desc=""Cache misses"" | D1_layout;dur=44.0;desc=""D1:layout"", D1_entry+recent;dur=65.0;desc=""D1:entry+recent"", D1_tags;dur=21.0;desc=""D1:tags"", total;dur=86.0;desc=""total"" | cfEdge;dur=157,cfOrigin;dur=0"
2026-10-05T22:24:29Z,after,curl,/posts/architektura-emdash-typescript-astro,200,MISS,remote-WAW,HAM,86.2,284.2,327.9,198.0,34322,8.0,172.0,0.0,79.0,79.0,6.0,7.0,"rt;dur=0;desc=""Runtime init"", render;dur=79;desc=""Page render"", mw;dur=79;desc=""Total middleware"", db.total;dur=172;desc=""DB total"", db.count;dur=8;desc=""Query count"", db.first;dur=0;desc=""First query at"", db.last;dur=79;desc=""Last query at"", cache.hit;dur=6;desc=""Cache hits"", cache.miss;dur=7;desc=""Cache misses"" | D1_layout;dur=41.0;desc=""D1:layout"", D1_entry+recent;dur=63.0;desc=""D1:entry+recent"", D1_tags;dur=16.0;desc=""D1:tags"", total;dur=79.0;desc=""total"""
2026-10-05T22:24:30Z,after,browser,/category/technologia,200,MISS,remote-,HAM,1011.4,1250.1,1253.6,238.7,29684,9.0,200.0,0.0,81.0,81.0,2.0,6.0,"rt;dur=0;desc=""Runtime init"", render;dur=81;desc=""Page render"", mw;dur=81;desc=""Total middleware"", db.total;dur=200;desc=""DB total"", db.count;dur=9;desc=""Query count"", db.first;dur=0;desc=""First query at"", db.last;dur=81;desc=""Last query at"", cache.hit;dur=2;desc=""Cache hits"", cache.miss;dur=6;desc=""Cache misses"" | D1_layout;dur=46.0;desc=""D1:layout"", D1_term+posts;dur=81.0;desc=""D1:term+posts"", total;dur=81.0;desc=""total"" | cfEdge;dur=151,cfOrigin;dur=0"
2026-10-05T22:24:31Z,after,curl,/category/technologia,200,MISS,remote-WAW,HAM,142.5,356.4,357.1,213.9,29305,9.0,227.0,0.0,93.0,93.0,2.0,6.0,"rt;dur=0;desc=""Runtime init"", render;dur=93;desc=""Page render"", mw;dur=93;desc=""Total middleware"", db.total;dur=227;desc=""DB total"", db.count;dur=9;desc=""Query count"", db.first;dur=0;desc=""First query at"", db.last;dur=93;desc=""Last query at"", cache.hit;dur=2;desc=""Cache hits"", cache.miss;dur=6;desc=""Cache misses"" | D1_layout;dur=53.0;desc=""D1:layout"", D1_term+posts;dur=93.0;desc=""D1:term+posts"", total;dur=93.0;desc=""total"""
2026-10-05T22:24:31Z,after,browser,/category/technologia,200,MISS,remote-WAW,HAM,118.9,329.6,338.3,210.7,29676,9.0,200.0,0.0,89.0,89.0,2.0,6.0,"rt;dur=0;desc=""Runtime init"", render;dur=89;desc=""Page render"", mw;dur=89;desc=""Total middleware"", db.total;dur=200;desc=""DB total"", db.count;dur=9;desc=""Query count"", db.first;dur=0;desc=""First query at"", db.last;dur=89;desc=""Last query at"", cache.hit;dur=2;desc=""Cache hits"", cache.miss;dur=6;desc=""Cache misses"" | D1_layout;dur=47.0;desc=""D1:layout"", D1_term+posts;dur=89.0;desc=""D1:term+posts"", total;dur=89.0;desc=""total"" | cfEdge;dur=166,cfOrigin;dur=0"
2026-10-05T22:24:32Z,after,curl,/posts/,200,MISS,remote-,HAM,83.6,302.3,311.2,218.7,36904,7.0,175.0,0.0,103.0,103.0,2.0,6.0,"rt;dur=0;desc=""Runtime init"", render;dur=103;desc=""Page render"", mw;dur=103;desc=""Total middleware"", db.total;dur=175;desc=""DB total"", db.count;dur=7;desc=""Query count"", db.first;dur=0;desc=""First query at"", db.last;dur=103;desc=""Last query at"", cache.hit;dur=2;desc=""Cache hits"", cache.miss;dur=6;desc=""Cache misses"" | D1_layout;dur=46.0;desc=""D1:layout"", D1_posts;dur=82.0;desc=""D1:posts"", D1_all-tags;dur=21.0;desc=""D1:all-tags"", total;dur=103.0;desc=""total"""
2026-10-05T22:24:32Z,after,browser,/posts/architektura-emdash-typescript-astro,200,MISS,remote-WAW,HAM,73.6,285.2,335.7,211.6,34685,8.0,199.0,0.0,100.0,100.0,6.0,7.0,"rt;dur=0;desc=""Runtime init"", render;dur=100;desc=""Page render"", mw;dur=100;desc=""Total middleware"", db.total;dur=199;desc=""DB total"", db.count;dur=8;desc=""Query count"", db.first;dur=0;desc=""First query at"", db.last;dur=100;desc=""Last query at"", cache.hit;dur=6;desc=""Cache hits"", cache.miss;dur=7;desc=""Cache misses"" | D1_layout;dur=44.0;desc=""D1:layout"", D1_entry+recent;dur=82.0;desc=""D1:entry+recent"", D1_tags;dur=18.0;desc=""D1:tags"", total;dur=100.0;desc=""total"" | cfEdge;dur=174,cfOrigin;dur=0"
2026-10-05T22:24:33Z,after,curl,/,200,MISS,remote-WAW,HAM,78.4,432.4,434.6,354.0,30945,7.0,162.0,0.0,97.0,97.0,2.0,6.0,"rt;dur=0;desc=""Runtime init"", render;dur=97;desc=""Page render"", mw;dur=97;desc=""Total middleware"", db.total;dur=162;desc=""DB total"", db.count;dur=7;desc=""Query count"", db.first;dur=0;desc=""First query at"", db.last;dur=97;desc=""Last query at"", cache.hit;dur=2;desc=""Cache hits"", cache.miss;dur=6;desc=""Cache misses"" | D1_layout;dur=47.0;desc=""D1:layout"", D1_posts;dur=77.0;desc=""D1:posts"", D1_all-tags;dur=20.0;desc=""D1:all-tags"", total;dur=97.0;desc=""total"""
2026-10-05T22:24:34Z,after,browser,/posts/,200,MISS,remote-,HAM,114.5,321.9,325.6,207.4,37271,7.0,168.0,0.0,95.0,95.0,2.0,6.0,"rt;dur=0;desc=""Runtime init"", render;dur=95;desc=""Page render"", mw;dur=95;desc=""Total middleware"", db.total;dur=168;desc=""DB total"", db.count;dur=7;desc=""Query count"", db.first;dur=0;desc=""First query at"", db.last;dur=95;desc=""Last query at"", cache.hit;dur=2;desc=""Cache hits"", cache.miss;dur=6;desc=""Cache misses"" | D1_layout;dur=44.0;desc=""D1:layout"", D1_posts;dur=71.0;desc=""D1:posts"", D1_all-tags;dur=24.0;desc=""D1:all-tags"", total;dur=95.0;desc=""total"" | cfEdge;dur=162,cfOrigin;dur=0"
2026-10-05T22:24:35Z,after,curl,/posts/architektura-emdash-typescript-astro,200,MISS,remote-WAW,HAM,442.5,651.0,787.3,208.5,34306,8.0,195.0,0.0,97.0,97.0,6.0,7.0,"rt;dur=0;desc=""Runtime init"", render;dur=97;desc=""Page render"", mw;dur=97;desc=""Total middleware"", db.total;dur=195;desc=""DB total"", db.count;dur=8;desc=""Query count"", db.first;dur=0;desc=""First query at"", db.last;dur=97;desc=""Last query at"", cache.hit;dur=6;desc=""Cache hits"", cache.miss;dur=7;desc=""Cache misses"" | D1_layout;dur=42.0;desc=""D1:layout"", D1_entry+recent;dur=74.0;desc=""D1:entry+recent"", D1_tags;dur=23.0;desc=""D1:tags"", total;dur=97.0;desc=""total"""
2026-10-05T22:24:36Z,after,browser,/,200,MISS,remote-WAW,HAM,700.7,1000.2,1001.6,299.5,31308,7.0,168.0,0.0,99.0,99.0,2.0,6.0,"rt;dur=0;desc=""Runtime init"", render;dur=99;desc=""Page render"", mw;dur=99;desc=""Total middleware"", db.total;dur=168;desc=""DB total"", db.count;dur=7;desc=""Query count"", db.first;dur=0;desc=""First query at"", db.last;dur=99;desc=""Last query at"", cache.hit;dur=2;desc=""Cache hits"", cache.miss;dur=6;desc=""Cache misses"" | D1_layout;dur=43.0;desc=""D1:layout"", D1_posts;dur=75.0;desc=""D1:posts"", D1_all-tags;dur=24.0;desc=""D1:all-tags"", total;dur=99.0;desc=""total"" | cfEdge;dur=176,cfOrigin;dur=0"
2026-10-05T22:24:37Z,after,curl,/posts/,200,MISS,remote-WAW,HAM,292.7,638.3,641.8,345.6,36900,7.0,150.0,0.0,89.0,89.0,2.0,6.0,"rt;dur=0;desc=""Runtime init"", render;dur=89;desc=""Page render"", mw;dur=89;desc=""Total middleware"", db.total;dur=150;desc=""DB total"", db.count;dur=7;desc=""Query count"", db.first;dur=0;desc=""First query at"", db.last;dur=89;desc=""Last query at"", cache.hit;dur=2;desc=""Cache hits"", cache.miss;dur=6;desc=""Cache misses"" | D1_layout;dur=36.0;desc=""D1:layout"", D1_posts;dur=69.0;desc=""D1:posts"", D1_all-tags;dur=20.0;desc=""D1:all-tags"", total;dur=89.0;desc=""total"""
2026-10-05T22:24:37Z,after,browser,/posts/,200,MISS,remote-,HAM,291.7,499.8,506.3,208.1,37259,8.0,194.0,0.0,86.0,86.0,2.0,6.0,"rt;dur=0;desc=""Runtime init"", render;dur=86;desc=""Page render"", mw;dur=86;desc=""Total middleware"", db.total;dur=194;desc=""DB total"", db.count;dur=8;desc=""Query count"", db.first;dur=0;desc=""First query at"", db.last;dur=86;desc=""Last query at"", cache.hit;dur=2;desc=""Cache hits"", cache.miss;dur=6;desc=""Cache misses"" | D1_layout;dur=47.0;desc=""D1:layout"", D1_posts;dur=69.0;desc=""D1:posts"", D1_all-tags;dur=17.0;desc=""D1:all-tags"", total;dur=86.0;desc=""total"" | cfEdge;dur=160,cfOrigin;dur=0"
2026-10-05T22:24:38Z,after,browser,/posts/architektura-emdash-typescript-astro,200,MISS,remote-,HAM,249.2,462.2,594.7,213.0,34677,8.0,196.0,0.0,93.0,93.0,6.0,7.0,"rt;dur=0;desc=""Runtime init"", render;dur=93;desc=""Page render"", mw;dur=93;desc=""Total middleware"", db.total;dur=196;desc=""DB total"", db.count;dur=8;desc=""Query count"", db.first;dur=0;desc=""First query at"", db.last;dur=93;desc=""Last query at"", cache.hit;dur=6;desc=""Cache hits"", cache.miss;dur=7;desc=""Cache misses"" | D1_layout;dur=37.0;desc=""D1:layout"", D1_entry+recent;dur=71.0;desc=""D1:entry+recent"", D1_tags;dur=22.0;desc=""D1:tags"", total;dur=93.0;desc=""total"" | cfEdge;dur=166,cfOrigin;dur=0"
2026-10-05T22:24:39Z,after,curl,/,200,MISS,remote-WAW,HAM,80.7,300.3,305.3,219.6,30949,7.0,183.0,0.0,113.0,113.0,2.0,6.0,"rt;dur=0;desc=""Runtime init"", render;dur=113;desc=""Page render"", mw;dur=113;desc=""Total middleware"", db.total;dur=183;desc=""DB total"", db.count;dur=7;desc=""Query count"", db.first;dur=0;desc=""First query at"", db.last;dur=113;desc=""Last query at"", cache.hit;dur=2;desc=""Cache hits"", cache.miss;dur=6;desc=""Cache misses"" | D1_layout;dur=42.0;desc=""D1:layout"", D1_posts;dur=92.0;desc=""D1:posts"", D1_all-tags;dur=21.0;desc=""D1:all-tags"", total;dur=113.0;desc=""total"""
2026-10-05T22:24:39Z,after,browser,/category/technologia,200,MISS,remote-,HAM,97.6,302.8,310.3,205.2,29688,9.0,215.0,0.0,94.0,94.0,2.0,6.0,"rt;dur=0;desc=""Runtime init"", render;dur=94;desc=""Page render"", mw;dur=94;desc=""Total middleware"", db.total;dur=215;desc=""DB total"", db.count;dur=9;desc=""Query count"", db.first;dur=0;desc=""First query at"", db.last;dur=94;desc=""Last query at"", cache.hit;dur=2;desc=""Cache hits"", cache.miss;dur=6;desc=""Cache misses"" | D1_layout;dur=49.0;desc=""D1:layout"", D1_term+posts;dur=94.0;desc=""D1:term+posts"", total;dur=94.0;desc=""total"" | cfEdge;dur=162,cfOrigin;dur=0"
2026-10-05T22:24:40Z,after,browser,/,200,MISS,remote-WAW,HAM,85.6,292.6,301.6,207.0,31308,7.0,171.0,0.0,107.0,107.0,2.0,6.0,"rt;dur=0;desc=""Runtime init"", render;dur=107;desc=""Page render"", mw;dur=107;desc=""Total middleware"", db.total;dur=171;desc=""DB total"", db.count;dur=7;desc=""Query count"", db.first;dur=0;desc=""First query at"", db.last;dur=107;desc=""Last query at"", cache.hit;dur=2;desc=""Cache hits"", cache.miss;dur=6;desc=""Cache misses"" | D1_layout;dur=37.0;desc=""D1:layout"", D1_posts;dur=83.0;desc=""D1:posts"", D1_all-tags;dur=24.0;desc=""D1:all-tags"", total;dur=107.0;desc=""total"" | cfEdge;dur=170,cfOrigin;dur=0"
2026-10-05T22:24:40Z,after,curl,/posts/architektura-emdash-typescript-astro,200,MISS,remote-WAW,HAM,147.6,361.8,410.7,214.2,34338,8.0,167.0,0.0,81.0,81.0,6.0,7.0,"rt;dur=0;desc=""Runtime init"", render;dur=81;desc=""Page render"", mw;dur=81;desc=""Total middleware"", db.total;dur=167;desc=""DB total"", db.count;dur=8;desc=""Query count"", db.first;dur=0;desc=""First query at"", db.last;dur=81;desc=""Last query at"", cache.hit;dur=6;desc=""Cache hits"", cache.miss;dur=7;desc=""Cache misses"" | D1_layout;dur=37.0;desc=""D1:layout"", D1_entry+recent;dur=63.0;desc=""D1:entry+recent"", D1_tags;dur=18.0;desc=""D1:tags"", total;dur=81.0;desc=""total"""
2026-10-05T22:24:41Z,after,curl,/category/technologia,200,MISS,remote-WAW,HAM,188.6,384.1,397.0,195.5,29317,9.0,200.0,0.0,85.0,85.0,2.0,6.0,"rt;dur=0;desc=""Runtime init"", render;dur=85;desc=""Page render"", mw;dur=85;desc=""Total middleware"", db.total;dur=200;desc=""DB total"", db.count;dur=9;desc=""Query count"", db.first;dur=0;desc=""First query at"", db.last;dur=85;desc=""Last query at"", cache.hit;dur=2;desc=""Cache hits"", cache.miss;dur=6;desc=""Cache misses"" | D1_layout;dur=50.0;desc=""D1:layout"", D1_term+posts;dur=85.0;desc=""D1:term+posts"", total;dur=85.0;desc=""total"""
2026-10-05T22:24:42Z,after,curl,/posts/architektura-emdash-typescript-astro,200,MISS,remote-,HAM,86.6,288.1,414.2,201.5,34322,8.0,213.0,0.0,98.0,98.0,6.0,7.0,"rt;dur=0;desc=""Runtime init"", render;dur=98;desc=""Page render"", mw;dur=98;desc=""Total middleware"", db.total;dur=213;desc=""DB total"", db.count;dur=8;desc=""Query count"", db.first;dur=0;desc=""First query at"", db.last;dur=98;desc=""Last query at"", cache.hit;dur=6;desc=""Cache hits"", cache.miss;dur=7;desc=""Cache misses"" | D1_layout;dur=49.0;desc=""D1:layout"", D1_entry+recent;dur=77.0;desc=""D1:entry+recent"", D1_tags;dur=21.0;desc=""D1:tags"", total;dur=98.0;desc=""total"""
2026-10-05T22:24:42Z,after,curl,/category/technologia,200,MISS,remote-WAW,HAM,87.9,413.9,415.6,326.0,29309,9.0,215.0,0.0,92.0,92.0,2.0,6.0,"rt;dur=0;desc=""Runtime init"", render;dur=92;desc=""Page render"", mw;dur=92;desc=""Total middleware"", db.total;dur=215;desc=""DB total"", db.count;dur=9;desc=""Query count"", db.first;dur=0;desc=""First query at"", db.last;dur=92;desc=""Last query at"", cache.hit;dur=2;desc=""Cache hits"", cache.miss;dur=6;desc=""Cache misses"" | D1_layout;dur=50.0;desc=""D1:layout"", D1_term+posts;dur=92.0;desc=""D1:term+posts"", total;dur=92.0;desc=""total"""
2026-10-05T22:24:43Z,after,browser,/posts/architektura-emdash-typescript-astro,200,MISS,remote-,HAM,89.8,358.2,399.6,268.4,34690,8.0,250.0,0.0,124.0,124.0,6.0,7.0,"rt;dur=0;desc=""Runtime init"", render;dur=124;desc=""Page render"", mw;dur=124;desc=""Total middleware"", db.total;dur=250;desc=""DB total"", db.count;dur=8;desc=""Query count"", db.first;dur=0;desc=""First query at"", db.last;dur=124;desc=""Last query at"", cache.hit;dur=6;desc=""Cache hits"", cache.miss;dur=7;desc=""Cache misses"" | D1_layout;dur=49.0;desc=""D1:layout"", D1_entry+recent;dur=105.0;desc=""D1:entry+recent"", D1_tags;dur=19.0;desc=""D1:tags"", total;dur=124.0;desc=""total"" | cfEdge;dur=224,cfOrigin;dur=0"
2026-10-05T22:24:44Z,after,browser,/,200,MISS,remote-,HAM,184.7,381.8,426.9,197.1,31320,7.0,148.0,0.0,87.0,87.0,2.0,6.0,"rt;dur=0;desc=""Runtime init"", render;dur=87;desc=""Page render"", mw;dur=87;desc=""Total middleware"", db.total;dur=148;desc=""DB total"", db.count;dur=7;desc=""Query count"", db.first;dur=0;desc=""First query at"", db.last;dur=87;desc=""Last query at"", cache.hit;dur=2;desc=""Cache hits"", cache.miss;dur=6;desc=""Cache misses"" | D1_layout;dur=38.0;desc=""D1:layout"", D1_posts;dur=65.0;desc=""D1:posts"", D1_all-tags;dur=22.0;desc=""D1:all-tags"", total;dur=87.0;desc=""total"" | cfEdge;dur=152,cfOrigin;dur=0"
2026-10-05T22:24:45Z,after,browser,/posts/,200,MISS,remote-WAW,HAM,210.2,627.6,640.0,417.4,37264,7.0,364.0,0.0,302.0,302.0,2.0,6.0,"rt;dur=0;desc=""Runtime init"", render;dur=302;desc=""Page render"", mw;dur=302;desc=""Total middleware"", db.total;dur=364;desc=""DB total"", db.count;dur=7;desc=""Query count"", db.first;dur=0;desc=""First query at"", db.last;dur=302;desc=""Last query at"", cache.hit;dur=2;desc=""Cache hits"", cache.miss;dur=6;desc=""Cache misses"" | D1_layout;dur=39.0;desc=""D1:layout"", D1_posts;dur=284.0;desc=""D1:posts"", D1_all-tags;dur=18.0;desc=""D1:all-tags"", total;dur=302.0;desc=""total"" | cfEdge;dur=374,cfOrigin;dur=0"
2026-10-05T22:24:46Z,after,curl,/,200,MISS,remote-WAW,HAM,1086.6,1497.6,1538.3,411.0,30945,7.0,201.0,0.0,111.0,111.0,2.0,6.0,"rt;dur=0;desc=""Runtime init"", render;dur=111;desc=""Page render"", mw;dur=111;desc=""Total middleware"", db.total;dur=201;desc=""DB total"", db.count;dur=7;desc=""Query count"", db.first;dur=0;desc=""First query at"", db.last;dur=111;desc=""Last query at"", cache.hit;dur=2;desc=""Cache hits"", cache.miss;dur=6;desc=""Cache misses"" | D1_layout;dur=55.0;desc=""D1:layout"", D1_posts;dur=91.0;desc=""D1:posts"", D1_all-tags;dur=20.0;desc=""D1:all-tags"", total;dur=111.0;desc=""total"""
2026-10-05T22:24:47Z,after,browser,/category/technologia,200,MISS,remote-,HAM,98.2,301.3,308.3,203.1,29680,9.0,212.0,0.0,89.0,89.0,2.0,6.0,"rt;dur=0;desc=""Runtime init"", render;dur=89;desc=""Page render"", mw;dur=89;desc=""Total middleware"", db.total;dur=212;desc=""DB total"", db.count;dur=9;desc=""Query count"", db.first;dur=0;desc=""First query at"", db.last;dur=89;desc=""Last query at"", cache.hit;dur=2;desc=""Cache hits"", cache.miss;dur=6;desc=""Cache misses"" | D1_layout;dur=48.0;desc=""D1:layout"", D1_term+posts;dur=89.0;desc=""D1:term+posts"", total;dur=89.0;desc=""total"" | cfEdge;dur=162,cfOrigin;dur=0"
2026-10-05T22:24:47Z,after,curl,/posts/,200,MISS,remote-WAW,HAM,88.9,282.7,288.8,193.8,36904,7.0,146.0,0.0,83.0,83.0,2.0,6.0,"rt;dur=0;desc=""Runtime init"", render;dur=83;desc=""Page render"", mw;dur=83;desc=""Total middleware"", db.total;dur=146;desc=""DB total"", db.count;dur=7;desc=""Query count"", db.first;dur=0;desc=""First query at"", db.last;dur=83;desc=""Last query at"", cache.hit;dur=2;desc=""Cache hits"", cache.miss;dur=6;desc=""Cache misses"" | D1_layout;dur=38.0;desc=""D1:layout"", D1_posts;dur=66.0;desc=""D1:posts"", D1_all-tags;dur=17.0;desc=""D1:all-tags"", total;dur=83.0;desc=""total"""
2026-10-05T22:24:48Z,after,browser,/category/technologia,200,MISS,remote-,HAM,103.8,311.0,326.0,207.2,29684,9.0,192.0,0.0,89.0,89.0,2.0,6.0,"rt;dur=0;desc=""Runtime init"", render;dur=89;desc=""Page render"", mw;dur=89;desc=""Total middleware"", db.total;dur=192;desc=""DB total"", db.count;dur=9;desc=""Query count"", db.first;dur=0;desc=""First query at"", db.last;dur=89;desc=""Last query at"", cache.hit;dur=2;desc=""Cache hits"", cache.miss;dur=6;desc=""Cache misses"" | D1_layout;dur=47.0;desc=""D1:layout"", D1_term+posts;dur=89.0;desc=""D1:term+posts"", total;dur=89.0;desc=""total"" | cfEdge;dur=161,cfOrigin;dur=0"
2026-10-05T22:24:49Z,after,curl,/category/technologia,200,MISS,remote-WAW,HAM,99.7,313.5,320.5,213.8,29310,9.0,212.0,0.0,102.0,102.0,2.0,6.0,"rt;dur=0;desc=""Runtime init"", render;dur=102;desc=""Page render"", mw;dur=102;desc=""Total middleware"", db.total;dur=212;desc=""DB total"", db.count;dur=9;desc=""Query count"", db.first;dur=0;desc=""First query at"", db.last;dur=102;desc=""Last query at"", cache.hit;dur=2;desc=""Cache hits"", cache.miss;dur=6;desc=""Cache misses"" | D1_layout;dur=43.0;desc=""D1:layout"", D1_term+posts;dur=102.0;desc=""D1:term+posts"", total;dur=102.0;desc=""total"""
2026-10-05T22:24:49Z,after,browser,/posts/architektura-emdash-typescript-astro,200,MISS,remote-,HAM,91.3,339.5,442.3,248.2,34677,8.0,191.0,0.0,90.0,90.0,6.0,7.0,"rt;dur=0;desc=""Runtime init"", render;dur=90;desc=""Page render"", mw;dur=90;desc=""Total middleware"", db.total;dur=191;desc=""DB total"", db.count;dur=8;desc=""Query count"", db.first;dur=0;desc=""First query at"", db.last;dur=90;desc=""Last query at"", cache.hit;dur=6;desc=""Cache hits"", cache.miss;dur=7;desc=""Cache misses"" | D1_layout;dur=49.0;desc=""D1:layout"", D1_entry+recent;dur=72.0;desc=""D1:entry+recent"", D1_tags;dur=18.0;desc=""D1:tags"", total;dur=90.0;desc=""total"" | cfEdge;dur=163,cfOrigin;dur=0"
2026-10-05T22:24:50Z,after,browser,/,200,MISS,remote-WAW,HAM,298.0,569.5,621.7,271.5,31324,7.0,192.0,0.0,117.0,117.0,2.0,6.0,"rt;dur=0;desc=""Runtime init"", render;dur=117;desc=""Page render"", mw;dur=117;desc=""Total middleware"", db.total;dur=192;desc=""DB total"", db.count;dur=7;desc=""Query count"", db.first;dur=0;desc=""First query at"", db.last;dur=117;desc=""Last query at"", cache.hit;dur=2;desc=""Cache hits"", cache.miss;dur=6;desc=""Cache misses"" | D1_layout;dur=44.0;desc=""D1:layout"", D1_posts;dur=95.0;desc=""D1:posts"", D1_all-tags;dur=22.0;desc=""D1:all-tags"", total;dur=117.0;desc=""total"" | cfEdge;dur=181,cfOrigin;dur=0"
2026-10-05T22:24:51Z,after,curl,/,200,MISS,remote-,HAM,359.7,657.9,658.3,298.2,30945,7.0,176.0,0.0,97.0,97.0,2.0,6.0,"rt;dur=0;desc=""Runtime init"", render;dur=97;desc=""Page render"", mw;dur=97;desc=""Total middleware"", db.total;dur=176;desc=""DB total"", db.count;dur=7;desc=""Query count"", db.first;dur=0;desc=""First query at"", db.last;dur=97;desc=""Last query at"", cache.hit;dur=2;desc=""Cache hits"", cache.miss;dur=6;desc=""Cache misses"" | D1_layout;dur=46.0;desc=""D1:layout"", D1_posts;dur=76.0;desc=""D1:posts"", D1_all-tags;dur=21.0;desc=""D1:all-tags"", total;dur=97.0;desc=""total"""
2026-10-05T22:24:52Z,after,browser,/posts/,200,MISS,remote-WAW,HAM,299.4,530.2,546.4,230.8,37267,7.0,186.0,0.0,115.0,115.0,2.0,6.0,"rt;dur=0;desc=""Runtime init"", render;dur=115;desc=""Page render"", mw;dur=115;desc=""Total middleware"", db.total;dur=186;desc=""DB total"", db.count;dur=7;desc=""Query count"", db.first;dur=0;desc=""First query at"", db.last;dur=115;desc=""Last query at"", cache.hit;dur=2;desc=""Cache hits"", cache.miss;dur=6;desc=""Cache misses"" | D1_layout;dur=44.0;desc=""D1:layout"", D1_posts;dur=94.0;desc=""D1:posts"", D1_all-tags;dur=21.0;desc=""D1:all-tags"", total;dur=115.0;desc=""total"" | cfEdge;dur=178,cfOrigin;dur=0"
2026-10-05T22:24:52Z,after,curl,/posts/,200,MISS,remote-WAW,HAM,129.0,383.5,384.8,254.5,36908,7.0,150.0,0.0,83.0,83.0,2.0,6.0,"rt;dur=0;desc=""Runtime init"", render;dur=83;desc=""Page render"", mw;dur=83;desc=""Total middleware"", db.total;dur=150;desc=""DB total"", db.count;dur=7;desc=""Query count"", db.first;dur=0;desc=""First query at"", db.last;dur=83;desc=""Last query at"", cache.hit;dur=2;desc=""Cache hits"", cache.miss;dur=6;desc=""Cache misses"" | D1_layout;dur=43.0;desc=""D1:layout"", D1_posts;dur=61.0;desc=""D1:posts"", D1_all-tags;dur=22.0;desc=""D1:all-tags"", total;dur=83.0;desc=""total"""
2026-10-05T22:24:53Z,after,curl,/posts/architektura-emdash-typescript-astro,200,MISS,remote-,HAM,288.8,497.1,581.1,208.3,34322,8.0,187.0,0.0,91.0,91.0,6.0,7.0,"rt;dur=0;desc=""Runtime init"", render;dur=91;desc=""Page render"", mw;dur=91;desc=""Total middleware"", db.total;dur=187;desc=""DB total"", db.count;dur=8;desc=""Query count"", db.first;dur=0;desc=""First query at"", db.last;dur=91;desc=""Last query at"", cache.hit;dur=6;desc=""Cache hits"", cache.miss;dur=7;desc=""Cache misses"" | D1_layout;dur=40.0;desc=""D1:layout"", D1_entry+recent;dur=74.0;desc=""D1:entry+recent"", D1_tags;dur=17.0;desc=""D1:tags"", total;dur=91.0;desc=""total"""
2026-10-05T22:24:54Z,after,browser,/,200,MISS,remote-WAW,HAM,363.4,708.7,710.8,345.3,31312,7.0,171.0,0.0,100.0,100.0,2.0,6.0,"rt;dur=0;desc=""Runtime init"", render;dur=100;desc=""Page render"", mw;dur=100;desc=""Total middleware"", db.total;dur=171;desc=""DB total"", db.count;dur=7;desc=""Query count"", db.first;dur=0;desc=""First query at"", db.last;dur=100;desc=""Last query at"", cache.hit;dur=2;desc=""Cache hits"", cache.miss;dur=6;desc=""Cache misses"" | D1_layout;dur=43.0;desc=""D1:layout"", D1_posts;dur=79.0;desc=""D1:posts"", D1_all-tags;dur=21.0;desc=""D1:all-tags"", total;dur=100.0;desc=""total"" | cfEdge;dur=166,cfOrigin;dur=0"
2026-10-05T22:24:55Z,after,curl,/posts/,200,MISS,remote-WAW,HAM,315.8,742.8,763.9,427.0,36901,8.0,400.0,0.0,311.0,311.0,2.0,6.0,"rt;dur=0;desc=""Runtime init"", render;dur=311;desc=""Page render"", mw;dur=311;desc=""Total middleware"", db.total;dur=400;desc=""DB total"", db.count;dur=8;desc=""Query count"", db.first;dur=0;desc=""First query at"", db.last;dur=311;desc=""Last query at"", cache.hit;dur=2;desc=""Cache hits"", cache.miss;dur=6;desc=""Cache misses"" | D1_layout;dur=41.0;desc=""D1:layout"", D1_posts;dur=292.0;desc=""D1:posts"", D1_all-tags;dur=19.0;desc=""D1:all-tags"", total;dur=311.0;desc=""total"""
2026-10-05T22:24:56Z,after,curl,/posts/architektura-emdash-typescript-astro,200,MISS,remote-,HAM,179.7,391.5,442.0,211.8,34322,8.0,192.0,0.0,96.0,96.0,6.0,7.0,"rt;dur=0;desc=""Runtime init"", render;dur=96;desc=""Page render"", mw;dur=96;desc=""Total middleware"", db.total;dur=192;desc=""DB total"", db.count;dur=8;desc=""Query count"", db.first;dur=0;desc=""First query at"", db.last;dur=96;desc=""Last query at"", cache.hit;dur=6;desc=""Cache hits"", cache.miss;dur=7;desc=""Cache misses"" | D1_layout;dur=42.0;desc=""D1:layout"", D1_entry+recent;dur=75.0;desc=""D1:entry+recent"", D1_tags;dur=21.0;desc=""D1:tags"", total;dur=96.0;desc=""total"""
2026-10-05T22:24:56Z,after,curl,/,200,MISS,remote-,HAM,119.8,339.1,340.6,219.3,30945,7.0,147.0,0.0,87.0,87.0,2.0,6.0,"rt;dur=0;desc=""Runtime init"", render;dur=87;desc=""Page render"", mw;dur=87;desc=""Total middleware"", db.total;dur=147;desc=""DB total"", db.count;dur=7;desc=""Query count"", db.first;dur=0;desc=""First query at"", db.last;dur=87;desc=""Last query at"", cache.hit;dur=2;desc=""Cache hits"", cache.miss;dur=6;desc=""Cache misses"" | D1_layout;dur=39.0;desc=""D1:layout"", D1_posts;dur=65.0;desc=""D1:posts"", D1_all-tags;dur=22.0;desc=""D1:all-tags"", total;dur=87.0;desc=""total"""
2026-10-05T22:24:57Z,after,browser,/posts/,200,MISS,remote-WAW,HAM,98.9,349.6,350.7,250.7,37271,7.0,202.0,0.0,103.0,103.0,2.0,6.0,"rt;dur=0;desc=""Runtime init"", render;dur=103;desc=""Page render"", mw;dur=103;desc=""Total middleware"", db.total;dur=202;desc=""DB total"", db.count;dur=7;desc=""Query count"", db.first;dur=0;desc=""First query at"", db.last;dur=103;desc=""Last query at"", cache.hit;dur=2;desc=""Cache hits"", cache.miss;dur=6;desc=""Cache misses"" | D1_layout;dur=57.0;desc=""D1:layout"", D1_posts;dur=82.0;desc=""D1:posts"", D1_all-tags;dur=21.0;desc=""D1:all-tags"", total;dur=103.0;desc=""total"" | cfEdge;dur=169,cfOrigin;dur=0"
2026-10-05T22:24:57Z,after,browser,/category/technologia,200,MISS,remote-WAW,HAM,84.3,296.1,301.6,211.8,29680,9.0,228.0,0.0,96.0,96.0,2.0,6.0,"rt;dur=0;desc=""Runtime init"", render;dur=96;desc=""Page render"", mw;dur=96;desc=""Total middleware"", db.total;dur=228;desc=""DB total"", db.count;dur=9;desc=""Query count"", db.first;dur=0;desc=""First query at"", db.last;dur=96;desc=""Last query at"", cache.hit;dur=2;desc=""Cache hits"", cache.miss;dur=6;desc=""Cache misses"" | D1_layout;dur=51.0;desc=""D1:layout"", D1_term+posts;dur=96.0;desc=""D1:term+posts"", total;dur=96.0;desc=""total"" | cfEdge;dur=159,cfOrigin;dur=0"
2026-10-05T22:24:58Z,after,curl,/category/technologia,200,MISS,remote-WAW,HAM,166.8,345.9,441.6,179.1,29309,9.0,172.0,0.0,72.0,72.0,2.0,6.0,"rt;dur=0;desc=""Runtime init"", render;dur=72;desc=""Page render"", mw;dur=72;desc=""Total middleware"", db.total;dur=172;desc=""DB total"", db.count;dur=9;desc=""Query count"", db.first;dur=0;desc=""First query at"", db.last;dur=72;desc=""Last query at"", cache.hit;dur=2;desc=""Cache hits"", cache.miss;dur=6;desc=""Cache misses"" | D1_layout;dur=39.0;desc=""D1:layout"", D1_term+posts;dur=72.0;desc=""D1:term+posts"", total;dur=72.0;desc=""total"""
2026-10-05T22:24:59Z,after,browser,/posts/architektura-emdash-typescript-astro,200,MISS,remote-,HAM,96.6,328.3,380.0,231.7,34673,8.0,213.0,0.0,115.0,115.0,6.0,7.0,"rt;dur=0;desc=""Runtime init"", render;dur=115;desc=""Page render"", mw;dur=115;desc=""Total middleware"", db.total;dur=213;desc=""DB total"", db.count;dur=8;desc=""Query count"", db.first;dur=0;desc=""First query at"", db.last;dur=115;desc=""Last query at"", cache.hit;dur=6;desc=""Cache hits"", cache.miss;dur=7;desc=""Cache misses"" | D1_layout;dur=48.0;desc=""D1:layout"", D1_entry+recent;dur=94.0;desc=""D1:entry+recent"", D1_tags;dur=21.0;desc=""D1:tags"", total;dur=115.0;desc=""total"" | cfEdge;dur=182,cfOrigin;dur=0"
2026-10-05T22:24:59Z,after,curl,/,200,MISS,remote-WAW,HAM,105.7,392.6,398.8,286.9,30957,7.0,158.0,0.0,96.0,96.0,2.0,6.0,"rt;dur=0;desc=""Runtime init"", render;dur=96;desc=""Page render"", mw;dur=96;desc=""Total middleware"", db.total;dur=158;desc=""DB total"", db.count;dur=7;desc=""Query count"", db.first;dur=0;desc=""First query at"", db.last;dur=96;desc=""Last query at"", cache.hit;dur=2;desc=""Cache hits"", cache.miss;dur=6;desc=""Cache misses"" | D1_layout;dur=38.0;desc=""D1:layout"", D1_posts;dur=73.0;desc=""D1:posts"", D1_all-tags;dur=23.0;desc=""D1:all-tags"", total;dur=96.0;desc=""total"""
2026-10-05T22:25:00Z,after,browser,/posts/architektura-emdash-typescript-astro,200,MISS,remote-WAW,HAM,225.7,455.8,506.3,230.1,34681,8.0,210.0,0.0,116.0,116.0,6.0,7.0,"rt;dur=0;desc=""Runtime init"", render;dur=116;desc=""Page render"", mw;dur=116;desc=""Total middleware"", db.total;dur=210;desc=""DB total"", db.count;dur=8;desc=""Query count"", db.first;dur=0;desc=""First query at"", db.last;dur=116;desc=""Last query at"", cache.hit;dur=6;desc=""Cache hits"", cache.miss;dur=7;desc=""Cache misses"" | D1_layout;dur=42.0;desc=""D1:layout"", D1_entry+recent;dur=92.0;desc=""D1:entry+recent"", D1_tags;dur=24.0;desc=""D1:tags"", total;dur=116.0;desc=""total"" | cfEdge;dur=183,cfOrigin;dur=0"
2026-10-05T22:25:01Z,after,curl,/category/technologia,200,MISS,remote-WAW,HAM,96.8,309.9,400.0,213.1,29313,9.0,229.0,0.0,94.0,94.0,2.0,6.0,"rt;dur=0;desc=""Runtime init"", render;dur=94;desc=""Page render"", mw;dur=94;desc=""Total middleware"", db.total;dur=229;desc=""DB total"", db.count;dur=9;desc=""Query count"", db.first;dur=0;desc=""First query at"", db.last;dur=94;desc=""Last query at"", cache.hit;dur=2;desc=""Cache hits"", cache.miss;dur=6;desc=""Cache misses"" | D1_layout;dur=54.0;desc=""D1:layout"", D1_term+posts;dur=94.0;desc=""D1:term+posts"", total;dur=94.0;desc=""total"""
2026-10-05T22:25:01Z,after,browser,/category/technologia,200,MISS,remote-WAW,HAM,106.0,452.2,457.4,346.2,29677,9.0,324.0,0.0,225.0,225.0,2.0,6.0,"rt;dur=0;desc=""Runtime init"", render;dur=225;desc=""Page render"", mw;dur=225;desc=""Total middleware"", db.total;dur=324;desc=""DB total"", db.count;dur=9;desc=""Query count"", db.first;dur=0;desc=""First query at"", db.last;dur=225;desc=""Last query at"", cache.hit;dur=2;desc=""Cache hits"", cache.miss;dur=6;desc=""Cache misses"" | D1_layout;dur=41.0;desc=""D1:layout"", D1_term+posts;dur=225.0;desc=""D1:term+posts"", total;dur=225.0;desc=""total"" | cfEdge;dur=296,cfOrigin;dur=0"
2026-10-05T22:25:02Z,after,browser,/posts/,200,MISS,remote-WAW,HAM,203.6,432.8,453.8,229.2,37275,7.0,182.0,0.0,117.0,117.0,2.0,6.0,"rt;dur=0;desc=""Runtime init"", render;dur=117;desc=""Page render"", mw;dur=117;desc=""Total middleware"", db.total;dur=182;desc=""DB total"", db.count;dur=7;desc=""Query count"", db.first;dur=0;desc=""First query at"", db.last;dur=117;desc=""Last query at"", cache.hit;dur=2;desc=""Cache hits"", cache.miss;dur=6;desc=""Cache misses"" | D1_layout;dur=38.0;desc=""D1:layout"", D1_posts;dur=91.0;desc=""D1:posts"", D1_all-tags;dur=26.0;desc=""D1:all-tags"", total;dur=117.0;desc=""total"" | cfEdge;dur=180,cfOrigin;dur=0"
2026-10-05T22:25:03Z,after,browser,/,200,MISS,remote-WAW,HAM,98.0,321.5,326.7,223.5,31324,7.0,166.0,0.0,106.0,106.0,2.0,6.0,"rt;dur=0;desc=""Runtime init"", render;dur=106;desc=""Page render"", mw;dur=106;desc=""Total middleware"", db.total;dur=166;desc=""DB total"", db.count;dur=7;desc=""Query count"", db.first;dur=0;desc=""First query at"", db.last;dur=106;desc=""Last query at"", cache.hit;dur=2;desc=""Cache hits"", cache.miss;dur=6;desc=""Cache misses"" | D1_layout;dur=36.0;desc=""D1:layout"", D1_posts;dur=84.0;desc=""D1:posts"", D1_all-tags;dur=22.0;desc=""D1:all-tags"", total;dur=106.0;desc=""total"" | cfEdge;dur=168,cfOrigin;dur=0"
2026-10-05T22:25:03Z,after,curl,/posts/,200,MISS,remote-WAW,HAM,103.5,302.1,346.0,198.6,36912,7.0,173.0,0.0,90.0,90.0,2.0,6.0,"rt;dur=0;desc=""Runtime init"", render;dur=90;desc=""Page render"", mw;dur=90;desc=""Total middleware"", db.total;dur=173;desc=""DB total"", db.count;dur=7;desc=""Query count"", db.first;dur=0;desc=""First query at"", db.last;dur=90;desc=""Last query at"", cache.hit;dur=2;desc=""Cache hits"", cache.miss;dur=6;desc=""Cache misses"" | D1_layout;dur=55.0;desc=""D1:layout"", D1_posts;dur=73.0;desc=""D1:posts"", D1_all-tags;dur=17.0;desc=""D1:all-tags"", total;dur=90.0;desc=""total"""
2026-10-05T22:25:04Z,after,curl,/posts/architektura-emdash-typescript-astro,200,MISS,remote-,HAM,93.7,309.3,415.8,215.6,34310,8.0,181.0,0.0,88.0,88.0,6.0,7.0,"rt;dur=0;desc=""Runtime init"", render;dur=88;desc=""Page render"", mw;dur=88;desc=""Total middleware"", db.total;dur=181;desc=""DB total"", db.count;dur=8;desc=""Query count"", db.first;dur=0;desc=""First query at"", db.last;dur=88;desc=""Last query at"", cache.hit;dur=6;desc=""Cache hits"", cache.miss;dur=7;desc=""Cache misses"" | D1_layout;dur=44.0;desc=""D1:layout"", D1_entry+recent;dur=70.0;desc=""D1:entry+recent"", D1_tags;dur=18.0;desc=""D1:tags"", total;dur=88.0;desc=""total"""
2026-10-05T22:25:05Z,after,curl,/,200,MISS,remote-WAW,HAM,120.5,338.5,379.3,218.0,30949,7.0,158.0,0.0,101.0,101.0,2.0,6.0,"rt;dur=0;desc=""Runtime init"", render;dur=101;desc=""Page render"", mw;dur=101;desc=""Total middleware"", db.total;dur=158;desc=""DB total"", db.count;dur=7;desc=""Query count"", db.first;dur=0;desc=""First query at"", db.last;dur=101;desc=""Last query at"", cache.hit;dur=2;desc=""Cache hits"", cache.miss;dur=6;desc=""Cache misses"" | D1_layout;dur=33.0;desc=""D1:layout"", D1_posts;dur=84.0;desc=""D1:posts"", D1_all-tags;dur=17.0;desc=""D1:all-tags"", total;dur=101.0;desc=""total"""
2026-10-05T22:25:05Z,after,browser,/posts/architektura-emdash-typescript-astro,200,MISS,remote-,HAM,108.1,354.1,489.5,246.0,34710,8.0,240.0,0.0,124.0,124.0,6.0,7.0,"rt;dur=0;desc=""Runtime init"", render;dur=124;desc=""Page render"", mw;dur=124;desc=""Total middleware"", db.total;dur=240;desc=""DB total"", db.count;dur=8;desc=""Query count"", db.first;dur=0;desc=""First query at"", db.last;dur=124;desc=""Last query at"", cache.hit;dur=6;desc=""Cache hits"", cache.miss;dur=7;desc=""Cache misses"" | D1_layout;dur=52.0;desc=""D1:layout"", D1_entry+recent;dur=102.0;desc=""D1:entry+recent"", D1_tags;dur=22.0;desc=""D1:tags"", total;dur=124.0;desc=""total"" | cfEdge;dur=193,cfOrigin;dur=0"
2026-10-05T22:25:06Z,after,browser,/category/technologia,200,MISS,remote-WAW,HAM,128.0,347.8,348.9,219.8,29684,9.0,212.0,0.0,89.0,89.0,2.0,6.0,"rt;dur=0;desc=""Runtime init"", render;dur=89;desc=""Page render"", mw;dur=89;desc=""Total middleware"", db.total;dur=212;desc=""DB total"", db.count;dur=9;desc=""Query count"", db.first;dur=0;desc=""First query at"", db.last;dur=89;desc=""Last query at"", cache.hit;dur=2;desc=""Cache hits"", cache.miss;dur=6;desc=""Cache misses"" | D1_layout;dur=50.0;desc=""D1:layout"", D1_term+posts;dur=89.0;desc=""D1:term+posts"", total;dur=89.0;desc=""total"" | cfEdge;dur=150,cfOrigin;dur=0"
2026-10-05T22:25:07Z,after,browser,/posts/,200,MISS,remote-WAW,HAM,236.6,502.5,506.5,265.9,37279,7.0,169.0,0.0,95.0,95.0,2.0,6.0,"rt;dur=0;desc=""Runtime init"", render;dur=95;desc=""Page render"", mw;dur=95;desc=""Total middleware"", db.total;dur=169;desc=""DB total"", db.count;dur=7;desc=""Query count"", db.first;dur=0;desc=""First query at"", db.last;dur=95;desc=""Last query at"", cache.hit;dur=2;desc=""Cache hits"", cache.miss;dur=6;desc=""Cache misses"" | D1_layout;dur=48.0;desc=""D1:layout"", D1_posts;dur=75.0;desc=""D1:posts"", D1_all-tags;dur=20.0;desc=""D1:all-tags"", total;dur=95.0;desc=""total"" | cfEdge;dur=169,cfOrigin;dur=0"
2026-10-05T22:25:07Z,after,curl,/posts/architektura-emdash-typescript-astro,200,MISS,remote-,HAM,105.2,302.6,454.0,197.4,34302,8.0,188.0,0.0,90.0,90.0,6.0,7.0,"rt;dur=0;desc=""Runtime init"", render;dur=90;desc=""Page render"", mw;dur=90;desc=""Total middleware"", db.total;dur=188;desc=""DB total"", db.count;dur=8;desc=""Query count"", db.first;dur=0;desc=""First query at"", db.last;dur=90;desc=""Last query at"", cache.hit;dur=6;desc=""Cache hits"", cache.miss;dur=7;desc=""Cache misses"" | D1_layout;dur=41.0;desc=""D1:layout"", D1_entry+recent;dur=72.0;desc=""D1:entry+recent"", D1_tags;dur=18.0;desc=""D1:tags"", total;dur=90.0;desc=""total"""
2026-10-05T22:25:08Z,after,browser,/,200,MISS,remote-WAW,HAM,297.0,501.4,515.5,204.4,31328,8.0,172.0,0.0,81.0,81.0,2.0,6.0,"rt;dur=0;desc=""Runtime init"", render;dur=81;desc=""Page render"", mw;dur=81;desc=""Total middleware"", db.total;dur=172;desc=""DB total"", db.count;dur=8;desc=""Query count"", db.first;dur=0;desc=""First query at"", db.last;dur=81;desc=""Last query at"", cache.hit;dur=2;desc=""Cache hits"", cache.miss;dur=6;desc=""Cache misses"" | D1_layout;dur=50.0;desc=""D1:layout"", D1_posts;dur=64.0;desc=""D1:posts"", D1_all-tags;dur=17.0;desc=""D1:all-tags"", total;dur=81.0;desc=""total"" | cfEdge;dur=160,cfOrigin;dur=0"
2026-10-05T22:25:09Z,after,curl,/posts/,200,MISS,remote-WAW,HAM,452.9,939.0,945.1,486.1,36901,7.0,384.0,0.0,316.0,316.0,2.0,6.0,"rt;dur=0;desc=""Runtime init"", render;dur=316;desc=""Page render"", mw;dur=316;desc=""Total middleware"", db.total;dur=384;desc=""DB total"", db.count;dur=7;desc=""Query count"", db.first;dur=0;desc=""First query at"", db.last;dur=316;desc=""Last query at"", cache.hit;dur=2;desc=""Cache hits"", cache.miss;dur=6;desc=""Cache misses"" | D1_layout;dur=46.0;desc=""D1:layout"", D1_posts;dur=292.0;desc=""D1:posts"", D1_all-tags;dur=24.0;desc=""D1:all-tags"", total;dur=316.0;desc=""total"""
2026-10-05T22:25:10Z,after,curl,/category/technologia,200,MISS,remote-WAW,HAM,272.2,480.6,524.6,208.4,29309,9.0,197.0,0.0,85.0,85.0,2.0,6.0,"rt;dur=0;desc=""Runtime init"", render;dur=85;desc=""Page render"", mw;dur=85;desc=""Total middleware"", db.total;dur=197;desc=""DB total"", db.count;dur=9;desc=""Query count"", db.first;dur=0;desc=""First query at"", db.last;dur=85;desc=""Last query at"", cache.hit;dur=2;desc=""Cache hits"", cache.miss;dur=6;desc=""Cache misses"" | D1_layout;dur=45.0;desc=""D1:layout"", D1_term+posts;dur=85.0;desc=""D1:term+posts"", total;dur=85.0;desc=""total"""
2026-10-05T22:25:11Z,after,curl,/category/technologia,200,MISS,remote-,HAM,225.2,428.0,435.1,202.8,29329,9.0,181.0,0.0,87.0,87.0,2.0,6.0,"rt;dur=0;desc=""Runtime init"", render;dur=87;desc=""Page render"", mw;dur=87;desc=""Total middleware"", db.total;dur=181;desc=""DB total"", db.count;dur=9;desc=""Query count"", db.first;dur=0;desc=""First query at"", db.last;dur=87;desc=""Last query at"", cache.hit;dur=2;desc=""Cache hits"", cache.miss;dur=6;desc=""Cache misses"" | D1_layout;dur=42.0;desc=""D1:layout"", D1_term+posts;dur=87.0;desc=""D1:term+posts"", total;dur=87.0;desc=""total"""
2026-10-05T22:25:11Z,after,browser,/posts/,200,MISS,remote-WAW,HAM,160.3,416.2,417.8,255.9,37283,7.0,204.0,0.0,107.0,107.0,2.0,6.0,"rt;dur=0;desc=""Runtime init"", render;dur=107;desc=""Page render"", mw;dur=107;desc=""Total middleware"", db.total;dur=204;desc=""DB total"", db.count;dur=7;desc=""Query count"", db.first;dur=0;desc=""First query at"", db.last;dur=107;desc=""Last query at"", cache.hit;dur=2;desc=""Cache hits"", cache.miss;dur=6;desc=""Cache misses"" | D1_layout;dur=53.0;desc=""D1:layout"", D1_posts;dur=90.0;desc=""D1:posts"", D1_all-tags;dur=17.0;desc=""D1:all-tags"", total;dur=107.0;desc=""total"" | cfEdge;dur=173,cfOrigin;dur=0"
2026-10-05T22:25:12Z,after,browser,/category/technologia,200,MISS,remote-WAW,HAM,105.4,332.0,335.5,226.6,29688,9.0,205.0,0.0,94.0,94.0,2.0,6.0,"rt;dur=0;desc=""Runtime init"", render;dur=94;desc=""Page render"", mw;dur=94;desc=""Total middleware"", db.total;dur=205;desc=""DB total"", db.count;dur=9;desc=""Query count"", db.first;dur=0;desc=""First query at"", db.last;dur=94;desc=""Last query at"", cache.hit;dur=2;desc=""Cache hits"", cache.miss;dur=6;desc=""Cache misses"" | D1_layout;dur=42.0;desc=""D1:layout"", D1_term+posts;dur=94.0;desc=""D1:term+posts"", total;dur=94.0;desc=""total"" | cfEdge;dur=177,cfOrigin;dur=0"
2026-10-05T22:25:12Z,after,curl,/posts/,200,MISS,remote-WAW,HAM,90.8,321.5,329.7,230.7,36920,7.0,169.0,0.0,103.0,103.0,2.0,6.0,"rt;dur=0;desc=""Runtime init"", render;dur=103;desc=""Page render"", mw;dur=103;desc=""Total middleware"", db.total;dur=169;desc=""DB total"", db.count;dur=7;desc=""Query count"", db.first;dur=0;desc=""First query at"", db.last;dur=103;desc=""Last query at"", cache.hit;dur=2;desc=""Cache hits"", cache.miss;dur=6;desc=""Cache misses"" | D1_layout;dur=40.0;desc=""D1:layout"", D1_posts;dur=82.0;desc=""D1:posts"", D1_all-tags;dur=21.0;desc=""D1:all-tags"", total;dur=103.0;desc=""total"""
2026-10-05T22:25:13Z,after,browser,/posts/architektura-emdash-typescript-astro,200,MISS,remote-WAW,HAM,116.0,330.3,382.1,214.3,34685,8.0,182.0,0.0,93.0,93.0,6.0,7.0,"rt;dur=0;desc=""Runtime init"", render;dur=93;desc=""Page render"", mw;dur=93;desc=""Total middleware"", db.total;dur=182;desc=""DB total"", db.count;dur=8;desc=""Query count"", db.first;dur=0;desc=""First query at"", db.last;dur=93;desc=""Last query at"", cache.hit;dur=6;desc=""Cache hits"", cache.miss;dur=7;desc=""Cache misses"" | D1_layout;dur=44.0;desc=""D1:layout"", D1_entry+recent;dur=72.0;desc=""D1:entry+recent"", D1_tags;dur=21.0;desc=""D1:tags"", total;dur=93.0;desc=""total"" | cfEdge;dur=167,cfOrigin;dur=0"
2026-10-05T22:25:14Z,after,curl,/posts/architektura-emdash-typescript-astro,200,MISS,remote-WAW,HAM,194.3,406.0,457.4,211.7,34310,8.0,185.0,0.0,90.0,90.0,6.0,7.0,"rt;dur=0;desc=""Runtime init"", render;dur=90;desc=""Page render"", mw;dur=90;desc=""Total middleware"", db.total;dur=185;desc=""DB total"", db.count;dur=8;desc=""Query count"", db.first;dur=0;desc=""First query at"", db.last;dur=90;desc=""Last query at"", cache.hit;dur=6;desc=""Cache hits"", cache.miss;dur=7;desc=""Cache misses"" | D1_layout;dur=39.0;desc=""D1:layout"", D1_entry+recent;dur=73.0;desc=""D1:entry+recent"", D1_tags;dur=17.0;desc=""D1:tags"", total;dur=90.0;desc=""total"""
2026-10-05T22:25:14Z,after,browser,/,200,MISS,remote-WAW,HAM,84.9,282.9,288.3,198.0,31320,7.0,169.0,0.0,93.0,93.0,2.0,6.0,"rt;dur=0;desc=""Runtime init"", render;dur=93;desc=""Page render"", mw;dur=93;desc=""Total middleware"", db.total;dur=169;desc=""DB total"", db.count;dur=7;desc=""Query count"", db.first;dur=0;desc=""First query at"", db.last;dur=93;desc=""Last query at"", cache.hit;dur=2;desc=""Cache hits"", cache.miss;dur=6;desc=""Cache misses"" | D1_layout;dur=44.0;desc=""D1:layout"", D1_posts;dur=72.0;desc=""D1:posts"", D1_all-tags;dur=21.0;desc=""D1:all-tags"", total;dur=93.0;desc=""total"" | cfEdge;dur=156,cfOrigin;dur=0"
2026-10-05T22:25:15Z,after,curl,/,200,MISS,remote-,HAM,83.3,290.7,300.8,207.4,30957,7.0,169.0,0.0,100.0,100.0,2.0,6.0,"rt;dur=0;desc=""Runtime init"", render;dur=100;desc=""Page render"", mw;dur=100;desc=""Total middleware"", db.total;dur=169;desc=""DB total"", db.count;dur=7;desc=""Query count"", db.first;dur=0;desc=""First query at"", db.last;dur=100;desc=""Last query at"", cache.hit;dur=2;desc=""Cache hits"", cache.miss;dur=6;desc=""Cache misses"" | D1_layout;dur=44.0;desc=""D1:layout"", D1_posts;dur=80.0;desc=""D1:posts"", D1_all-tags;dur=20.0;desc=""D1:all-tags"", total;dur=100.0;desc=""total"""
2026-10-05T22:25:15Z,after,browser,/posts/,200,MISS,remote-,HAM,113.6,336.5,345.6,222.9,37271,7.0,202.0,0.0,110.0,110.0,2.0,6.0,"rt;dur=0;desc=""Runtime init"", render;dur=110;desc=""Page render"", mw;dur=110;desc=""Total middleware"", db.total;dur=202;desc=""DB total"", db.count;dur=7;desc=""Query count"", db.first;dur=0;desc=""First query at"", db.last;dur=110;desc=""Last query at"", cache.hit;dur=2;desc=""Cache hits"", cache.miss;dur=6;desc=""Cache misses"" | D1_layout;dur=57.0;desc=""D1:layout"", D1_posts;dur=92.0;desc=""D1:posts"", D1_all-tags;dur=18.0;desc=""D1:all-tags"", total;dur=110.0;desc=""total"" | cfEdge;dur=172,cfOrigin;dur=0"
2026-10-05T22:25:16Z,after,browser,/,200,MISS,remote-WAW,HAM,103.3,300.7,307.6,197.4,31316,7.0,150.0,0.0,91.0,91.0,2.0,6.0,"rt;dur=0;desc=""Runtime init"", render;dur=91;desc=""Page render"", mw;dur=91;desc=""Total middleware"", db.total;dur=150;desc=""DB total"", db.count;dur=7;desc=""Query count"", db.first;dur=0;desc=""First query at"", db.last;dur=91;desc=""Last query at"", cache.hit;dur=2;desc=""Cache hits"", cache.miss;dur=6;desc=""Cache misses"" | D1_layout;dur=36.0;desc=""D1:layout"", D1_posts;dur=74.0;desc=""D1:posts"", D1_all-tags;dur=17.0;desc=""D1:all-tags"", total;dur=91.0;desc=""total"" | cfEdge;dur=153,cfOrigin;dur=0"
2026-10-05T22:25:16Z,after,curl,/,200,MISS,remote-WAW,HAM,99.9,322.5,328.8,222.6,30941,7.0,163.0,0.0,97.0,97.0,2.0,6.0,"rt;dur=0;desc=""Runtime init"", render;dur=97;desc=""Page render"", mw;dur=97;desc=""Total middleware"", db.total;dur=163;desc=""DB total"", db.count;dur=7;desc=""Query count"", db.first;dur=0;desc=""First query at"", db.last;dur=97;desc=""Last query at"", cache.hit;dur=2;desc=""Cache hits"", cache.miss;dur=6;desc=""Cache misses"" | D1_layout;dur=39.0;desc=""D1:layout"", D1_posts;dur=76.0;desc=""D1:posts"", D1_all-tags;dur=21.0;desc=""D1:all-tags"", total;dur=97.0;desc=""total"""
2026-10-05T22:25:17Z,after,curl,/posts/architektura-emdash-typescript-astro,200,MISS,remote-WAW,HAM,87.6,274.7,408.4,187.1,34306,8.0,175.0,0.0,83.0,83.0,6.0,7.0,"rt;dur=0;desc=""Runtime init"", render;dur=83;desc=""Page render"", mw;dur=83;desc=""Total middleware"", db.total;dur=175;desc=""DB total"", db.count;dur=8;desc=""Query count"", db.first;dur=0;desc=""First query at"", db.last;dur=83;desc=""Last query at"", cache.hit;dur=6;desc=""Cache hits"", cache.miss;dur=7;desc=""Cache misses"" | D1_layout;dur=38.0;desc=""D1:layout"", D1_entry+recent;dur=66.0;desc=""D1:entry+recent"", D1_tags;dur=17.0;desc=""D1:tags"", total;dur=83.0;desc=""total"""
2026-10-05T22:25:18Z,after,curl,/category/technologia,200,MISS,remote-,HAM,108.7,326.9,337.0,218.2,29313,9.0,216.0,0.0,94.0,94.0,2.0,6.0,"rt;dur=0;desc=""Runtime init"", render;dur=94;desc=""Page render"", mw;dur=94;desc=""Total middleware"", db.total;dur=216;desc=""DB total"", db.count;dur=9;desc=""Query count"", db.first;dur=0;desc=""First query at"", db.last;dur=94;desc=""Last query at"", cache.hit;dur=2;desc=""Cache hits"", cache.miss;dur=6;desc=""Cache misses"" | D1_layout;dur=45.0;desc=""D1:layout"", D1_term+posts;dur=94.0;desc=""D1:term+posts"", total;dur=94.0;desc=""total"""
2026-10-05T22:25:18Z,after,browser,/category/technologia,200,MISS,remote-WAW,HAM,107.8,310.8,317.7,203.0,29680,9.0,200.0,0.0,88.0,88.0,2.0,6.0,"rt;dur=0;desc=""Runtime init"", render;dur=88;desc=""Page render"", mw;dur=88;desc=""Total middleware"", db.total;dur=200;desc=""DB total"", db.count;dur=9;desc=""Query count"", db.first;dur=0;desc=""First query at"", db.last;dur=88;desc=""Last query at"", cache.hit;dur=2;desc=""Cache hits"", cache.miss;dur=6;desc=""Cache misses"" | D1_layout;dur=38.0;desc=""D1:layout"", D1_term+posts;dur=88.0;desc=""D1:term+posts"", total;dur=88.0;desc=""total"" | cfEdge;dur=157,cfOrigin;dur=0"
2026-10-05T22:25:19Z,after,browser,/posts/architektura-emdash-typescript-astro,200,MISS,remote-WAW,HAM,125.3,425.3,472.4,300.0,34685,8.0,178.0,0.0,94.0,94.0,6.0,7.0,"rt;dur=0;desc=""Runtime init"", render;dur=94;desc=""Page render"", mw;dur=94;desc=""Total middleware"", db.total;dur=178;desc=""DB total"", db.count;dur=8;desc=""Query count"", db.first;dur=0;desc=""First query at"", db.last;dur=94;desc=""Last query at"", cache.hit;dur=6;desc=""Cache hits"", cache.miss;dur=7;desc=""Cache misses"" | D1_layout;dur=40.0;desc=""D1:layout"", D1_entry+recent;dur=72.0;desc=""D1:entry+recent"", D1_tags;dur=22.0;desc=""D1:tags"", total;dur=94.0;desc=""total"" | cfEdge;dur=166,cfOrigin;dur=0"
2026-10-05T22:25:19Z,after,curl,/posts/,200,MISS,remote-,HAM,121.4,346.1,354.2,224.7,36900,7.0,176.0,0.0,109.0,109.0,2.0,6.0,"rt;dur=0;desc=""Runtime init"", render;dur=109;desc=""Page render"", mw;dur=109;desc=""Total middleware"", db.total;dur=176;desc=""DB total"", db.count;dur=7;desc=""Query count"", db.first;dur=0;desc=""First query at"", db.last;dur=109;desc=""Last query at"", cache.hit;dur=2;desc=""Cache hits"", cache.miss;dur=6;desc=""Cache misses"" | D1_layout;dur=42.0;desc=""D1:layout"", D1_posts;dur=90.0;desc=""D1:posts"", D1_all-tags;dur=19.0;desc=""D1:all-tags"", total;dur=109.0;desc=""total"""
2026-10-05T22:25:20Z,after,browser,/,200,MISS,remote-WAW,HAM,91.5,306.8,310.4,215.3,31308,7.0,188.0,0.0,100.0,100.0,2.0,6.0,"rt;dur=0;desc=""Runtime init"", render;dur=100;desc=""Page render"", mw;dur=100;desc=""Total middleware"", db.total;dur=188;desc=""DB total"", db.count;dur=7;desc=""Query count"", db.first;dur=0;desc=""First query at"", db.last;dur=100;desc=""Last query at"", cache.hit;dur=2;desc=""Cache hits"", cache.miss;dur=6;desc=""Cache misses"" | D1_layout;dur=51.0;desc=""D1:layout"", D1_posts;dur=78.0;desc=""D1:posts"", D1_all-tags;dur=22.0;desc=""D1:all-tags"", total;dur=100.0;desc=""total"" | cfEdge;dur=171,cfOrigin;dur=0"
2026-10-05T22:25:20Z,after,curl,/,200,MISS,remote-WAW,HAM,78.4,270.8,277.5,192.4,30949,7.0,140.0,0.0,84.0,84.0,2.0,6.0,"rt;dur=0;desc=""Runtime init"", render;dur=84;desc=""Page render"", mw;dur=84;desc=""Total middleware"", db.total;dur=140;desc=""DB total"", db.count;dur=7;desc=""Query count"", db.first;dur=0;desc=""First query at"", db.last;dur=84;desc=""Last query at"", cache.hit;dur=2;desc=""Cache hits"", cache.miss;dur=6;desc=""Cache misses"" | D1_layout;dur=37.0;desc=""D1:layout"", D1_posts;dur=66.0;desc=""D1:posts"", D1_all-tags;dur=18.0;desc=""D1:all-tags"", total;dur=84.0;desc=""total"""
2026-10-05T22:25:21Z,after,curl,/category/technologia,200,MISS,remote-WAW,HAM,82.6,280.4,283.4,197.8,29305,9.0,188.0,0.0,89.0,89.0,2.0,6.0,"rt;dur=0;desc=""Runtime init"", render;dur=89;desc=""Page render"", mw;dur=89;desc=""Total middleware"", db.total;dur=188;desc=""DB total"", db.count;dur=9;desc=""Query count"", db.first;dur=0;desc=""First query at"", db.last;dur=89;desc=""Last query at"", cache.hit;dur=2;desc=""Cache hits"", cache.miss;dur=6;desc=""Cache misses"" | D1_layout;dur=38.0;desc=""D1:layout"", D1_term+posts;dur=89.0;desc=""D1:term+posts"", total;dur=89.0;desc=""total"""
2026-10-05T22:25:22Z,after,browser,/posts/architektura-emdash-typescript-astro,200,MISS,remote-WAW,HAM,83.3,292.9,349.0,209.6,34685,8.0,202.0,0.0,100.0,100.0,6.0,7.0,"rt;dur=0;desc=""Runtime init"", render;dur=100;desc=""Page render"", mw;dur=100;desc=""Total middleware"", db.total;dur=202;desc=""DB total"", db.count;dur=8;desc=""Query count"", db.first;dur=0;desc=""First query at"", db.last;dur=100;desc=""Last query at"", cache.hit;dur=6;desc=""Cache hits"", cache.miss;dur=7;desc=""Cache misses"" | D1_layout;dur=47.0;desc=""D1:layout"", D1_entry+recent;dur=76.0;desc=""D1:entry+recent"", D1_tags;dur=24.0;desc=""D1:tags"", total;dur=100.0;desc=""total"" | cfEdge;dur=170,cfOrigin;dur=0"
2026-10-05T22:25:22Z,after,curl,/posts/architektura-emdash-typescript-astro,200,MISS,remote-WAW,HAM,78.7,326.9,328.4,248.2,34306,8.0,178.0,0.0,87.0,87.0,6.0,7.0,"rt;dur=0;desc=""Runtime init"", render;dur=87;desc=""Page render"", mw;dur=87;desc=""Total middleware"", db.total;dur=178;desc=""DB total"", db.count;dur=8;desc=""Query count"", db.first;dur=0;desc=""First query at"", db.last;dur=87;desc=""Last query at"", cache.hit;dur=6;desc=""Cache hits"", cache.miss;dur=7;desc=""Cache misses"" | D1_layout;dur=44.0;desc=""D1:layout"", D1_entry+recent;dur=70.0;desc=""D1:entry+recent"", D1_tags;dur=17.0;desc=""D1:tags"", total;dur=87.0;desc=""total"""
2026-10-05T22:25:23Z,after,browser,/category/technologia,200,MISS,remote-WAW,HAM,294.8,621.7,623.1,326.9,29684,9.0,191.0,0.0,83.0,83.0,2.0,6.0,"rt;dur=0;desc=""Runtime init"", render;dur=83;desc=""Page render"", mw;dur=83;desc=""Total middleware"", db.total;dur=191;desc=""DB total"", db.count;dur=9;desc=""Query count"", db.first;dur=0;desc=""First query at"", db.last;dur=83;desc=""Last query at"", cache.hit;dur=2;desc=""Cache hits"", cache.miss;dur=6;desc=""Cache misses"" | D1_layout;dur=41.0;desc=""D1:layout"", D1_term+posts;dur=83.0;desc=""D1:term+posts"", total;dur=83.0;desc=""total"" | cfEdge;dur=155,cfOrigin;dur=0"
2026-10-05T22:25:24Z,after,browser,/posts/,200,MISS,remote-WAW,HAM,297.7,638.3,640.5,340.6,37268,7.0,201.0,0.0,136.0,136.0,2.0,6.0,"rt;dur=0;desc=""Runtime init"", render;dur=136;desc=""Page render"", mw;dur=136;desc=""Total middleware"", db.total;dur=201;desc=""DB total"", db.count;dur=7;desc=""Query count"", db.first;dur=0;desc=""First query at"", db.last;dur=136;desc=""Last query at"", cache.hit;dur=2;desc=""Cache hits"", cache.miss;dur=6;desc=""Cache misses"" | D1_layout;dur=42.0;desc=""D1:layout"", D1_posts;dur=116.0;desc=""D1:posts"", D1_all-tags;dur=20.0;desc=""D1:all-tags"", total;dur=136.0;desc=""total"" | cfEdge;dur=210,cfOrigin;dur=0"
2026-10-05T22:25:25Z,after,curl,/posts/,200,MISS,remote-WAW,HAM,199.7,471.3,471.9,271.6,36896,7.0,161.0,0.0,103.0,103.0,2.0,6.0,"rt;dur=0;desc=""Runtime init"", render;dur=103;desc=""Page render"", mw;dur=103;desc=""Total middleware"", db.total;dur=161;desc=""DB total"", db.count;dur=7;desc=""Query count"", db.first;dur=0;desc=""First query at"", db.last;dur=103;desc=""Last query at"", cache.hit;dur=2;desc=""Cache hits"", cache.miss;dur=6;desc=""Cache misses"" | D1_layout;dur=35.0;desc=""D1:layout"", D1_posts;dur=85.0;desc=""D1:posts"", D1_all-tags;dur=18.0;desc=""D1:all-tags"", total;dur=103.0;desc=""total"""
2026-10-05T22:27:07Z,after,browser,/posts/architektura-emdash-typescript-astro,200,MISS,remote-WAW,HAM,2181.7,3741.4,3843.1,1559.7,34678,9.0,324.0,0.0,140.0,140.0,6.0,7.0,"rt;dur=0;desc=""Runtime init"", render;dur=140;desc=""Page render"", mw;dur=140;desc=""Total middleware"", db.total;dur=324;desc=""DB total"", db.count;dur=9;desc=""Query count"", db.first;dur=0;desc=""First query at"", db.last;dur=140;desc=""Last query at"", cache.hit;dur=6;desc=""Cache hits"", cache.miss;dur=7;desc=""Cache misses"" | D1_layout;dur=56.0;desc=""D1:layout"", D1_entry+recent;dur=118.0;desc=""D1:entry+recent"", D1_tags;dur=22.0;desc=""D1:tags"", total;dur=140.0;desc=""total"" | cfEdge;dur=221,cfOrigin;dur=0"
2026-10-05T22:27:08Z,after,browser,/,200,MISS,remote-WAW,HAM,464.8,709.3,715.3,244.5,31304,8.0,198.0,0.0,93.0,93.0,2.0,6.0,"rt;dur=0;desc=""Runtime init"", render;dur=93;desc=""Page render"", mw;dur=93;desc=""Total middleware"", db.total;dur=198;desc=""DB total"", db.count;dur=8;desc=""Query count"", db.first;dur=0;desc=""First query at"", db.last;dur=93;desc=""Last query at"", cache.hit;dur=2;desc=""Cache hits"", cache.miss;dur=6;desc=""Cache misses"" | D1_layout;dur=45.0;desc=""D1:layout"", D1_posts;dur=70.0;desc=""D1:posts"", D1_all-tags;dur=23.0;desc=""D1:all-tags"", total;dur=93.0;desc=""total"" | cfEdge;dur=168,cfOrigin;dur=0"
2026-10-05T22:27:10Z,after,curl,/category/technologia,200,MISS,remote-,HAM,1213.8,1865.1,1866.0,651.3,29309,9.0,198.0,0.0,90.0,90.0,2.0,6.0,"rt;dur=0;desc=""Runtime init"", render;dur=90;desc=""Page render"", mw;dur=90;desc=""Total middleware"", db.total;dur=198;desc=""DB total"", db.count;dur=9;desc=""Query count"", db.first;dur=0;desc=""First query at"", db.last;dur=90;desc=""Last query at"", cache.hit;dur=2;desc=""Cache hits"", cache.miss;dur=6;desc=""Cache misses"" | D1_layout;dur=43.0;desc=""D1:layout"", D1_term+posts;dur=90.0;desc=""D1:term+posts"", total;dur=90.0;desc=""total"""
2026-10-05T22:27:12Z,after,curl,/,200,MISS,remote-WAW,HAM,1194.3,2078.4,2086.4,884.1,30938,7.0,281.0,0.0,189.0,189.0,2.0,6.0,"rt;dur=0;desc=""Runtime init"", render;dur=189;desc=""Page render"", mw;dur=189;desc=""Total middleware"", db.total;dur=281;desc=""DB total"", db.count;dur=7;desc=""Query count"", db.first;dur=0;desc=""First query at"", db.last;dur=189;desc=""Last query at"", cache.hit;dur=2;desc=""Cache hits"", cache.miss;dur=6;desc=""Cache misses"" | D1_layout;dur=54.0;desc=""D1:layout"", D1_posts;dur=168.0;desc=""D1:posts"", D1_all-tags;dur=21.0;desc=""D1:all-tags"", total;dur=189.0;desc=""total"""
2026-10-05T22:27:14Z,after,browser,/posts/,200,MISS,remote-WAW,HAM,1112.9,1701.9,1747.5,589.0,37271,7.0,179.0,0.0,106.0,106.0,2.0,6.0,"rt;dur=0;desc=""Runtime init"", render;dur=106;desc=""Page render"", mw;dur=106;desc=""Total middleware"", db.total;dur=179;desc=""DB total"", db.count;dur=7;desc=""Query count"", db.first;dur=0;desc=""First query at"", db.last;dur=106;desc=""Last query at"", cache.hit;dur=2;desc=""Cache hits"", cache.miss;dur=6;desc=""Cache misses"" | D1_layout;dur=46.0;desc=""D1:layout"", D1_posts;dur=84.0;desc=""D1:posts"", D1_all-tags;dur=22.0;desc=""D1:all-tags"", total;dur=106.0;desc=""total"" | cfEdge;dur=181,cfOrigin;dur=0"
2026-10-05T22:27:16Z,after,curl,/posts/architektura-emdash-typescript-astro,200,MISS,remote-WAW,HAM,901.4,2280.5,2286.8,1379.1,34315,18.0,510.0,0.0,321.0,212.0,6.0,7.0,"setup;dur=39;desc=""Setup probe"", rt;dur=70;desc=""Runtime init"", rt.db;dur=18;desc=""DB init + migration policy"", rt.secrets;dur=0;desc=""Validate encryption key"", rt.plugins;dur=21;desc=""Plugin states"", rt.seedcheck;dur=21;desc=""Auto-seed gate"", rt.site;dur=21;desc=""Site info options"", rt.sandbox;dur=0;desc=""Sandboxed plugins"", rt.hooks;dur=31;desc=""Exclusive hook resolution"", rt.cron;dur=0;desc=""Cron init (recovery deferred post-response)"", render;dur=212;desc=""Page render"", mw;dur=321;desc=""Total middleware"", db.total;dur=510;desc=""DB total"", db.count;dur=18;desc=""Query count"", db.first;dur=0;desc=""First query at"", db.last;dur=321;desc=""Last query at"", cache.hit;dur=6;desc=""Cache hits"", cache.miss;dur=7;desc=""Cache misses"" | D1_layout;dur=69.0;desc=""D1:layout"", D1_entry+recent;dur=151.0;desc=""D1:entry+recent"", D1_tags;dur=17.0;desc=""D1:tags"", total;dur=190.0;desc=""total"""
2026-10-05T22:27:18Z,after,curl,/posts/,200,MISS,remote-WAW,HAM,606.6,1088.6,1092.1,482.0,36916,7.0,223.0,0.0,111.0,111.0,2.0,6.0,"rt;dur=0;desc=""Runtime init"", render;dur=111;desc=""Page render"", mw;dur=111;desc=""Total middleware"", db.total;dur=223;desc=""DB total"", db.count;dur=7;desc=""Query count"", db.first;dur=0;desc=""First query at"", db.last;dur=111;desc=""Last query at"", cache.hit;dur=2;desc=""Cache hits"", cache.miss;dur=6;desc=""Cache misses"" | D1_layout;dur=73.0;desc=""D1:layout"", D1_posts;dur=91.0;desc=""D1:posts"", D1_all-tags;dur=20.0;desc=""D1:all-tags"", total;dur=111.0;desc=""total"""
2026-10-05T22:27:19Z,after,browser,/category/technologia,200,MISS,remote-,HAM,721.8,1244.7,1245.1,522.9,29672,9.0,231.0,0.0,99.0,99.0,2.0,6.0,"rt;dur=0;desc=""Runtime init"", render;dur=99;desc=""Page render"", mw;dur=99;desc=""Total middleware"", db.total;dur=231;desc=""DB total"", db.count;dur=9;desc=""Query count"", db.first;dur=0;desc=""First query at"", db.last;dur=99;desc=""Last query at"", cache.hit;dur=2;desc=""Cache hits"", cache.miss;dur=6;desc=""Cache misses"" | D1_layout;dur=45.0;desc=""D1:layout"", D1_term+posts;dur=99.0;desc=""D1:term+posts"", total;dur=99.0;desc=""total"" | cfEdge;dur=168,cfOrigin;dur=0"
2026-10-05T22:27:21Z,after,browser,/posts/architektura-emdash-typescript-astro,200,MISS,remote-WAW,HAM,1369.8,1706.3,1883.8,336.5,34685,8.0,186.0,0.0,82.0,82.0,6.0,7.0,"rt;dur=0;desc=""Runtime init"", render;dur=82;desc=""Page render"", mw;dur=82;desc=""Total middleware"", db.total;dur=186;desc=""DB total"", db.count;dur=8;desc=""Query count"", db.first;dur=0;desc=""First query at"", db.last;dur=82;desc=""Last query at"", cache.hit;dur=6;desc=""Cache hits"", cache.miss;dur=7;desc=""Cache misses"" | D1_layout;dur=48.0;desc=""D1:layout"", D1_entry+recent;dur=65.0;desc=""D1:entry+recent"", D1_tags;dur=17.0;desc=""D1:tags"", total;dur=82.0;desc=""total"" | cfEdge;dur=154,cfOrigin;dur=0"
2026-10-05T22:27:22Z,after,browser,/,200,MISS,remote-,HAM,427.1,648.4,662.6,221.3,31320,7.0,179.0,0.0,101.0,101.0,2.0,6.0,"rt;dur=0;desc=""Runtime init"", render;dur=101;desc=""Page render"", mw;dur=101;desc=""Total middleware"", db.total;dur=179;desc=""DB total"", db.count;dur=7;desc=""Query count"", db.first;dur=0;desc=""First query at"", db.last;dur=101;desc=""Last query at"", cache.hit;dur=2;desc=""Cache hits"", cache.miss;dur=6;desc=""Cache misses"" | D1_layout;dur=47.0;desc=""D1:layout"", D1_posts;dur=81.0;desc=""D1:posts"", D1_all-tags;dur=20.0;desc=""D1:all-tags"", total;dur=101.0;desc=""total"" | cfEdge;dur=170,cfOrigin;dur=0"
2026-10-05T22:27:23Z,after,curl,/category/technologia,200,MISS,remote-WAW,HAM,420.5,715.4,806.1,294.9,29314,9.0,223.0,0.0,109.0,109.0,2.0,6.0,"rt;dur=0;desc=""Runtime init"", render;dur=109;desc=""Page render"", mw;dur=109;desc=""Total middleware"", db.total;dur=223;desc=""DB total"", db.count;dur=9;desc=""Query count"", db.first;dur=0;desc=""First query at"", db.last;dur=109;desc=""Last query at"", cache.hit;dur=2;desc=""Cache hits"", cache.miss;dur=6;desc=""Cache misses"" | D1_layout;dur=46.0;desc=""D1:layout"", D1_term+posts;dur=109.0;desc=""D1:term+posts"", total;dur=109.0;desc=""total"""
2026-10-05T22:27:24Z,after,curl,/posts/,200,MISS,remote-WAW,HAM,300.6,834.8,845.4,534.2,36897,7.0,368.0,0.0,296.0,296.0,2.0,6.0,"rt;dur=0;desc=""Runtime init"", render;dur=296;desc=""Page render"", mw;dur=296;desc=""Total middleware"", db.total;dur=368;desc=""DB total"", db.count;dur=7;desc=""Query count"", db.first;dur=0;desc=""First query at"", db.last;dur=296;desc=""Last query at"", cache.hit;dur=2;desc=""Cache hits"", cache.miss;dur=6;desc=""Cache misses"" | D1_layout;dur=47.0;desc=""D1:layout"", D1_posts;dur=271.0;desc=""D1:posts"", D1_all-tags;dur=25.0;desc=""D1:all-tags"", total;dur=296.0;desc=""total"""
2026-10-05T22:27:26Z,after,curl,/posts/architektura-emdash-typescript-astro,200,MISS,remote-WAW,HAM,515.7,869.9,936.4,354.2,34314,8.0,217.0,0.0,96.0,96.0,6.0,7.0,"rt;dur=0;desc=""Runtime init"", render;dur=96;desc=""Page render"", mw;dur=96;desc=""Total middleware"", db.total;dur=217;desc=""DB total"", db.count;dur=8;desc=""Query count"", db.first;dur=0;desc=""First query at"", db.last;dur=96;desc=""Last query at"", cache.hit;dur=6;desc=""Cache hits"", cache.miss;dur=7;desc=""Cache misses"" | D1_layout;dur=53.0;desc=""D1:layout"", D1_entry+recent;dur=78.0;desc=""D1:entry+recent"", D1_tags;dur=18.0;desc=""D1:tags"", total;dur=96.0;desc=""total"""
2026-10-05T22:27:27Z,after,browser,/category/technologia,200,MISS,remote-WAW,HAM,483.8,921.7,925.3,437.9,29677,9.0,234.0,0.0,109.0,109.0,2.0,6.0,"rt;dur=0;desc=""Runtime init"", render;dur=109;desc=""Page render"", mw;dur=109;desc=""Total middleware"", db.total;dur=234;desc=""DB total"", db.count;dur=9;desc=""Query count"", db.first;dur=0;desc=""First query at"", db.last;dur=109;desc=""Last query at"", cache.hit;dur=2;desc=""Cache hits"", cache.miss;dur=6;desc=""Cache misses"" | D1_layout;dur=50.0;desc=""D1:layout"", D1_term+posts;dur=109.0;desc=""D1:term+posts"", total;dur=109.0;desc=""total"" | cfEdge;dur=175,cfOrigin;dur=0"
2026-10-05T22:27:28Z,after,curl,/,200,MISS,remote-WAW,HAM,284.6,646.5,652.5,361.9,30953,7.0,176.0,0.0,101.0,101.0,2.0,6.0,"rt;dur=0;desc=""Runtime init"", render;dur=101;desc=""Page render"", mw;dur=101;desc=""Total middleware"", db.total;dur=176;desc=""DB total"", db.count;dur=7;desc=""Query count"", db.first;dur=0;desc=""First query at"", db.last;dur=101;desc=""Last query at"", cache.hit;dur=2;desc=""Cache hits"", cache.miss;dur=6;desc=""Cache misses"" | D1_layout;dur=47.0;desc=""D1:layout"", D1_posts;dur=80.0;desc=""D1:posts"", D1_all-tags;dur=21.0;desc=""D1:all-tags"", total;dur=101.0;desc=""total"""
2026-10-05T22:27:29Z,after,browser,/posts/,200,MISS,remote-WAW,HAM,391.0,746.3,749.0,355.3,37263,7.0,170.0,0.0,102.0,102.0,2.0,6.0,"rt;dur=0;desc=""Runtime init"", render;dur=102;desc=""Page render"", mw;dur=102;desc=""Total middleware"", db.total;dur=170;desc=""DB total"", db.count;dur=7;desc=""Query count"", db.first;dur=0;desc=""First query at"", db.last;dur=102;desc=""Last query at"", cache.hit;dur=2;desc=""Cache hits"", cache.miss;dur=6;desc=""Cache misses"" | D1_layout;dur=44.0;desc=""D1:layout"", D1_posts;dur=83.0;desc=""D1:posts"", D1_all-tags;dur=19.0;desc=""D1:all-tags"", total;dur=102.0;desc=""total"" | cfEdge;dur=172,cfOrigin;dur=0"
2026-10-05T22:27:30Z,after,curl,/,200,MISS,remote-WAW,HAM,475.7,886.6,903.8,410.9,30941,7.0,191.0,0.0,115.0,115.0,2.0,6.0,"rt;dur=0;desc=""Runtime init"", render;dur=115;desc=""Page render"", mw;dur=115;desc=""Total middleware"", db.total;dur=191;desc=""DB total"", db.count;dur=7;desc=""Query count"", db.first;dur=0;desc=""First query at"", db.last;dur=115;desc=""Last query at"", cache.hit;dur=2;desc=""Cache hits"", cache.miss;dur=6;desc=""Cache misses"" | D1_layout;dur=49.0;desc=""D1:layout"", D1_posts;dur=96.0;desc=""D1:posts"", D1_all-tags;dur=19.0;desc=""D1:all-tags"", total;dur=115.0;desc=""total"""
2026-10-05T22:27:30Z,after,curl,/posts/,200,MISS,remote-WAW,HAM,277.5,599.7,611.3,322.2,36916,7.0,160.0,0.0,97.0,97.0,2.0,6.0,"rt;dur=0;desc=""Runtime init"", render;dur=97;desc=""Page render"", mw;dur=97;desc=""Total middleware"", db.total;dur=160;desc=""DB total"", db.count;dur=7;desc=""Query count"", db.first;dur=0;desc=""First query at"", db.last;dur=97;desc=""Last query at"", cache.hit;dur=2;desc=""Cache hits"", cache.miss;dur=6;desc=""Cache misses"" | D1_layout;dur=38.0;desc=""D1:layout"", D1_posts;dur=75.0;desc=""D1:posts"", D1_all-tags;dur=22.0;desc=""D1:all-tags"", total;dur=97.0;desc=""total"""
2026-10-05T22:27:31Z,after,browser,/category/technologia,200,MISS,remote-WAW,HAM,216.7,510.1,516.3,293.4,29688,9.0,225.0,0.0,97.0,97.0,2.0,6.0,"rt;dur=0;desc=""Runtime init"", render;dur=97;desc=""Page render"", mw;dur=97;desc=""Total middleware"", db.total;dur=225;desc=""DB total"", db.count;dur=9;desc=""Query count"", db.first;dur=0;desc=""First query at"", db.last;dur=97;desc=""Last query at"", cache.hit;dur=2;desc=""Cache hits"", cache.miss;dur=6;desc=""Cache misses"" | D1_layout;dur=52.0;desc=""D1:layout"", D1_term+posts;dur=97.0;desc=""D1:term+posts"", total;dur=97.0;desc=""total"" | cfEdge;dur=166,cfOrigin;dur=0"
2026-10-05T22:27:33Z,after,browser,/,200,MISS,remote-WAW,HAM,752.4,1070.7,1080.7,318.3,31308,7.0,152.0,0.0,88.0,88.0,2.0,6.0,"rt;dur=0;desc=""Runtime init"", render;dur=88;desc=""Page render"", mw;dur=88;desc=""Total middleware"", db.total;dur=152;desc=""DB total"", db.count;dur=7;desc=""Query count"", db.first;dur=0;desc=""First query at"", db.last;dur=88;desc=""Last query at"", cache.hit;dur=2;desc=""Cache hits"", cache.miss;dur=6;desc=""Cache misses"" | D1_layout;dur=39.0;desc=""D1:layout"", D1_posts;dur=70.0;desc=""D1:posts"", D1_all-tags;dur=18.0;desc=""D1:all-tags"", total;dur=88.0;desc=""total"" | cfEdge;dur=190,cfOrigin;dur=0"
2026-10-05T22:27:33Z,after,browser,/posts/,200,MISS,remote-WAW,HAM,272.0,612.4,624.1,340.4,37275,7.0,171.0,0.0,99.0,99.0,2.0,6.0,"rt;dur=0;desc=""Runtime init"", render;dur=99;desc=""Page render"", mw;dur=99;desc=""Total middleware"", db.total;dur=171;desc=""DB total"", db.count;dur=7;desc=""Query count"", db.first;dur=0;desc=""First query at"", db.last;dur=99;desc=""Last query at"", cache.hit;dur=2;desc=""Cache hits"", cache.miss;dur=6;desc=""Cache misses"" | D1_layout;dur=43.0;desc=""D1:layout"", D1_posts;dur=77.0;desc=""D1:posts"", D1_all-tags;dur=22.0;desc=""D1:all-tags"", total;dur=99.0;desc=""total"" | cfEdge;dur=171,cfOrigin;dur=0"
2026-10-05T22:27:34Z,after,browser,/posts/architektura-emdash-typescript-astro,200,MISS,remote-WAW,HAM,265.1,673.9,705.0,408.8,34693,8.0,213.0,0.0,110.0,110.0,6.0,7.0,"rt;dur=0;desc=""Runtime init"", render;dur=110;desc=""Page render"", mw;dur=110;desc=""Total middleware"", db.total;dur=213;desc=""DB total"", db.count;dur=8;desc=""Query count"", db.first;dur=0;desc=""First query at"", db.last;dur=110;desc=""Last query at"", cache.hit;dur=6;desc=""Cache hits"", cache.miss;dur=7;desc=""Cache misses"" | D1_layout;dur=43.0;desc=""D1:layout"", D1_entry+recent;dur=88.0;desc=""D1:entry+recent"", D1_tags;dur=22.0;desc=""D1:tags"", total;dur=110.0;desc=""total"" | cfEdge;dur=196,cfOrigin;dur=0"
2026-10-05T22:27:35Z,after,curl,/category/technologia,200,MISS,remote-WAW,HAM,258.5,608.4,615.7,349.9,29314,10.0,235.0,0.0,114.0,114.0,2.0,6.0,"rt;dur=0;desc=""Runtime init"", render;dur=114;desc=""Page render"", mw;dur=114;desc=""Total middleware"", db.total;dur=235;desc=""DB total"", db.count;dur=10;desc=""Query count"", db.first;dur=0;desc=""First query at"", db.last;dur=114;desc=""Last query at"", cache.hit;dur=2;desc=""Cache hits"", cache.miss;dur=6;desc=""Cache misses"" | D1_layout;dur=44.0;desc=""D1:layout"", D1_term+posts;dur=114.0;desc=""D1:term+posts"", total;dur=114.0;desc=""total"""
2026-10-05T22:27:36Z,after,curl,/posts/architektura-emdash-typescript-astro,200,MISS,remote-WAW,HAM,284.7,630.3,630.9,345.6,34318,8.0,206.0,0.0,104.0,104.0,6.0,7.0,"rt;dur=0;desc=""Runtime init"", render;dur=104;desc=""Page render"", mw;dur=104;desc=""Total middleware"", db.total;dur=206;desc=""DB total"", db.count;dur=8;desc=""Query count"", db.first;dur=0;desc=""First query at"", db.last;dur=104;desc=""Last query at"", cache.hit;dur=6;desc=""Cache hits"", cache.miss;dur=7;desc=""Cache misses"" | D1_layout;dur=42.0;desc=""D1:layout"", D1_entry+recent;dur=83.0;desc=""D1:entry+recent"", D1_tags;dur=21.0;desc=""D1:tags"", total;dur=104.0;desc=""total"""
2026-10-05T22:27:37Z,after,curl,/posts/,200,MISS,remote-WAW,HAM,305.0,521.6,544.2,216.6,36904,7.0,174.0,0.0,104.0,104.0,2.0,6.0,"rt;dur=0;desc=""Runtime init"", render;dur=104;desc=""Page render"", mw;dur=104;desc=""Total middleware"", db.total;dur=174;desc=""DB total"", db.count;dur=7;desc=""Query count"", db.first;dur=0;desc=""First query at"", db.last;dur=104;desc=""Last query at"", cache.hit;dur=2;desc=""Cache hits"", cache.miss;dur=6;desc=""Cache misses"" | D1_layout;dur=46.0;desc=""D1:layout"", D1_posts;dur=83.0;desc=""D1:posts"", D1_all-tags;dur=21.0;desc=""D1:all-tags"", total;dur=104.0;desc=""total"""
2026-10-05T22:27:38Z,after,curl,/category/technologia,200,MISS,remote-WAW,HAM,222.2,565.8,567.7,343.6,29322,9.0,226.0,0.0,101.0,101.0,2.0,6.0,"rt;dur=0;desc=""Runtime init"", render;dur=101;desc=""Page render"", mw;dur=101;desc=""Total middleware"", db.total;dur=226;desc=""DB total"", db.count;dur=9;desc=""Query count"", db.first;dur=0;desc=""First query at"", db.last;dur=101;desc=""Last query at"", cache.hit;dur=2;desc=""Cache hits"", cache.miss;dur=6;desc=""Cache misses"" | D1_layout;dur=52.0;desc=""D1:layout"", D1_term+posts;dur=101.0;desc=""D1:term+posts"", total;dur=101.0;desc=""total"""
2026-10-05T22:27:38Z,after,browser,/posts/architektura-emdash-typescript-astro,200,MISS,remote-WAW,HAM,292.9,523.9,637.2,231.0,34669,9.0,256.0,0.0,101.0,101.0,6.0,7.0,"rt;dur=0;desc=""Runtime init"", render;dur=101;desc=""Page render"", mw;dur=101;desc=""Total middleware"", db.total;dur=256;desc=""DB total"", db.count;dur=9;desc=""Query count"", db.first;dur=0;desc=""First query at"", db.last;dur=101;desc=""Last query at"", cache.hit;dur=6;desc=""Cache hits"", cache.miss;dur=7;desc=""Cache misses"" | D1_layout;dur=51.0;desc=""D1:layout"", D1_entry+recent;dur=83.0;desc=""D1:entry+recent"", D1_tags;dur=18.0;desc=""D1:tags"", total;dur=101.0;desc=""total"" | cfEdge;dur=176,cfOrigin;dur=0"
2026-10-05T22:27:39Z,after,curl,/posts/architektura-emdash-typescript-astro,200,MISS,remote-WAW,HAM,113.0,472.2,473.2,359.2,34306,8.0,211.0,0.0,113.0,113.0,6.0,7.0,"rt;dur=0;desc=""Runtime init"", render;dur=113;desc=""Page render"", mw;dur=113;desc=""Total middleware"", db.total;dur=211;desc=""DB total"", db.count;dur=8;desc=""Query count"", db.first;dur=0;desc=""First query at"", db.last;dur=113;desc=""Last query at"", cache.hit;dur=6;desc=""Cache hits"", cache.miss;dur=7;desc=""Cache misses"" | D1_layout;dur=41.0;desc=""D1:layout"", D1_entry+recent;dur=82.0;desc=""D1:entry+recent"", D1_tags;dur=31.0;desc=""D1:tags"", total;dur=113.0;desc=""total"""
2026-10-05T22:27:40Z,after,browser,/category/technologia,200,MISS,remote-WAW,HAM,175.4,399.1,420.8,223.7,29672,10.0,248.0,0.0,94.0,94.0,2.0,6.0,"rt;dur=0;desc=""Runtime init"", render;dur=94;desc=""Page render"", mw;dur=94;desc=""Total middleware"", db.total;dur=248;desc=""DB total"", db.count;dur=10;desc=""Query count"", db.first;dur=0;desc=""First query at"", db.last;dur=94;desc=""Last query at"", cache.hit;dur=2;desc=""Cache hits"", cache.miss;dur=6;desc=""Cache misses"" | D1_layout;dur=40.0;desc=""D1:layout"", D1_term+posts;dur=94.0;desc=""D1:term+posts"", total;dur=94.0;desc=""total"" | cfEdge;dur=167,cfOrigin;dur=0"
2026-10-05T22:27:40Z,after,browser,/posts/,200,MISS,remote-WAW,HAM,89.7,322.5,328.6,232.8,37275,7.0,191.0,0.0,108.0,108.0,2.0,6.0,"rt;dur=0;desc=""Runtime init"", render;dur=108;desc=""Page render"", mw;dur=108;desc=""Total middleware"", db.total;dur=191;desc=""DB total"", db.count;dur=7;desc=""Query count"", db.first;dur=0;desc=""First query at"", db.last;dur=108;desc=""Last query at"", cache.hit;dur=2;desc=""Cache hits"", cache.miss;dur=6;desc=""Cache misses"" | D1_layout;dur=55.0;desc=""D1:layout"", D1_posts;dur=87.0;desc=""D1:posts"", D1_all-tags;dur=21.0;desc=""D1:all-tags"", total;dur=108.0;desc=""total"" | cfEdge;dur=179,cfOrigin;dur=0"
2026-10-05T22:27:41Z,after,browser,/,200,MISS,remote-WAW,HAM,87.9,308.6,313.0,220.7,31332,7.0,165.0,0.0,103.0,103.0,2.0,6.0,"rt;dur=0;desc=""Runtime init"", render;dur=103;desc=""Page render"", mw;dur=103;desc=""Total middleware"", db.total;dur=165;desc=""DB total"", db.count;dur=7;desc=""Query count"", db.first;dur=0;desc=""First query at"", db.last;dur=103;desc=""Last query at"", cache.hit;dur=2;desc=""Cache hits"", cache.miss;dur=6;desc=""Cache misses"" | D1_layout;dur=34.0;desc=""D1:layout"", D1_posts;dur=81.0;desc=""D1:posts"", D1_all-tags;dur=22.0;desc=""D1:all-tags"", total;dur=103.0;desc=""total"" | cfEdge;dur=172,cfOrigin;dur=0"
2026-10-05T22:27:42Z,after,curl,/,200,MISS,remote-WAW,HAM,124.0,328.4,420.0,204.4,30949,7.0,168.0,0.0,92.0,92.0,2.0,6.0,"rt;dur=0;desc=""Runtime init"", render;dur=92;desc=""Page render"", mw;dur=92;desc=""Total middleware"", db.total;dur=168;desc=""DB total"", db.count;dur=7;desc=""Query count"", db.first;dur=0;desc=""First query at"", db.last;dur=92;desc=""Last query at"", cache.hit;dur=2;desc=""Cache hits"", cache.miss;dur=6;desc=""Cache misses"" | D1_layout;dur=49.0;desc=""D1:layout"", D1_posts;dur=70.0;desc=""D1:posts"", D1_all-tags;dur=22.0;desc=""D1:all-tags"", total;dur=92.0;desc=""total"""
2026-10-05T22:27:42Z,after,curl,/posts/,200,MISS,remote-WAW,HAM,111.1,346.0,354.8,234.9,36912,7.0,178.0,0.0,101.0,101.0,2.0,6.0,"rt;dur=0;desc=""Runtime init"", render;dur=101;desc=""Page render"", mw;dur=101;desc=""Total middleware"", db.total;dur=178;desc=""DB total"", db.count;dur=7;desc=""Query count"", db.first;dur=0;desc=""First query at"", db.last;dur=101;desc=""Last query at"", cache.hit;dur=2;desc=""Cache hits"", cache.miss;dur=6;desc=""Cache misses"" | D1_layout;dur=46.0;desc=""D1:layout"", D1_posts;dur=75.0;desc=""D1:posts"", D1_all-tags;dur=26.0;desc=""D1:all-tags"", total;dur=101.0;desc=""total"""
2026-10-05T22:27:43Z,after,browser,/posts/,200,MISS,remote-WAW,HAM,85.5,299.6,309.4,214.1,37267,7.0,188.0,0.0,101.0,101.0,2.0,6.0,"rt;dur=0;desc=""Runtime init"", render;dur=101;desc=""Page render"", mw;dur=101;desc=""Total middleware"", db.total;dur=188;desc=""DB total"", db.count;dur=7;desc=""Query count"", db.first;dur=0;desc=""First query at"", db.last;dur=101;desc=""Last query at"", cache.hit;dur=2;desc=""Cache hits"", cache.miss;dur=6;desc=""Cache misses"" | D1_layout;dur=53.0;desc=""D1:layout"", D1_posts;dur=82.0;desc=""D1:posts"", D1_all-tags;dur=19.0;desc=""D1:all-tags"", total;dur=101.0;desc=""total"" | cfEdge;dur=166,cfOrigin;dur=0"
2026-10-05T22:27:43Z,after,curl,/,200,MISS,remote-WAW,HAM,91.6,316.3,318.2,224.7,30953,7.0,161.0,0.0,93.0,93.0,2.0,6.0,"rt;dur=0;desc=""Runtime init"", render;dur=93;desc=""Page render"", mw;dur=93;desc=""Total middleware"", db.total;dur=161;desc=""DB total"", db.count;dur=7;desc=""Query count"", db.first;dur=0;desc=""First query at"", db.last;dur=93;desc=""Last query at"", cache.hit;dur=2;desc=""Cache hits"", cache.miss;dur=6;desc=""Cache misses"" | D1_layout;dur=50.0;desc=""D1:layout"", D1_posts;dur=70.0;desc=""D1:posts"", D1_all-tags;dur=23.0;desc=""D1:all-tags"", total;dur=93.0;desc=""total"""
2026-10-05T22:27:44Z,after,curl,/posts/architektura-emdash-typescript-astro,200,MISS,remote-WAW,HAM,189.5,392.2,447.7,202.7,34310,8.0,188.0,0.0,89.0,89.0,6.0,7.0,"rt;dur=0;desc=""Runtime init"", render;dur=89;desc=""Page render"", mw;dur=89;desc=""Total middleware"", db.total;dur=188;desc=""DB total"", db.count;dur=8;desc=""Query count"", db.first;dur=0;desc=""First query at"", db.last;dur=89;desc=""Last query at"", cache.hit;dur=6;desc=""Cache hits"", cache.miss;dur=7;desc=""Cache misses"" | D1_layout;dur=41.0;desc=""D1:layout"", D1_entry+recent;dur=71.0;desc=""D1:entry+recent"", D1_tags;dur=18.0;desc=""D1:tags"", total;dur=89.0;desc=""total"""
2026-10-05T22:27:45Z,after,browser,/posts/architektura-emdash-typescript-astro,200,MISS,remote-WAW,HAM,163.6,398.7,450.3,235.1,34685,8.0,215.0,0.0,107.0,107.0,6.0,7.0,"rt;dur=0;desc=""Runtime init"", render;dur=107;desc=""Page render"", mw;dur=107;desc=""Total middleware"", db.total;dur=215;desc=""DB total"", db.count;dur=8;desc=""Query count"", db.first;dur=0;desc=""First query at"", db.last;dur=107;desc=""Last query at"", cache.hit;dur=6;desc=""Cache hits"", cache.miss;dur=7;desc=""Cache misses"" | D1_layout;dur=46.0;desc=""D1:layout"", D1_entry+recent;dur=80.0;desc=""D1:entry+recent"", D1_tags;dur=27.0;desc=""D1:tags"", total;dur=107.0;desc=""total"" | cfEdge;dur=182,cfOrigin;dur=0"
2026-10-05T22:27:45Z,after,curl,/category/technologia,200,MISS,remote-WAW,HAM,103.0,293.5,300.4,190.5,29313,9.0,189.0,0.0,80.0,80.0,2.0,6.0,"rt;dur=0;desc=""Runtime init"", render;dur=80;desc=""Page render"", mw;dur=80;desc=""Total middleware"", db.total;dur=189;desc=""DB total"", db.count;dur=9;desc=""Query count"", db.first;dur=0;desc=""First query at"", db.last;dur=80;desc=""Last query at"", cache.hit;dur=2;desc=""Cache hits"", cache.miss;dur=6;desc=""Cache misses"" | D1_layout;dur=42.0;desc=""D1:layout"", D1_term+posts;dur=80.0;desc=""D1:term+posts"", total;dur=80.0;desc=""total"""
2026-10-05T22:27:46Z,after,browser,/,200,MISS,remote-WAW,HAM,91.6,300.8,305.4,209.2,31312,7.0,163.0,0.0,98.0,98.0,2.0,6.0,"rt;dur=0;desc=""Runtime init"", render;dur=98;desc=""Page render"", mw;dur=98;desc=""Total middleware"", db.total;dur=163;desc=""DB total"", db.count;dur=7;desc=""Query count"", db.first;dur=0;desc=""First query at"", db.last;dur=98;desc=""Last query at"", cache.hit;dur=2;desc=""Cache hits"", cache.miss;dur=6;desc=""Cache misses"" | D1_layout;dur=34.0;desc=""D1:layout"", D1_posts;dur=77.0;desc=""D1:posts"", D1_all-tags;dur=21.0;desc=""D1:all-tags"", total;dur=98.0;desc=""total"" | cfEdge;dur=163,cfOrigin;dur=0"
2026-10-05T22:27:46Z,after,browser,/category/technologia,200,MISS,remote-WAW,HAM,113.9,406.3,410.9,292.4,29680,10.0,239.0,0.0,93.0,93.0,2.0,6.0,"rt;dur=0;desc=""Runtime init"", render;dur=93;desc=""Page render"", mw;dur=93;desc=""Total middleware"", db.total;dur=239;desc=""DB total"", db.count;dur=10;desc=""Query count"", db.first;dur=0;desc=""First query at"", db.last;dur=93;desc=""Last query at"", cache.hit;dur=2;desc=""Cache hits"", cache.miss;dur=6;desc=""Cache misses"" | D1_layout;dur=47.0;desc=""D1:layout"", D1_term+posts;dur=93.0;desc=""D1:term+posts"", total;dur=93.0;desc=""total"" | cfEdge;dur=164,cfOrigin;dur=0"
2026-10-05T22:27:47Z,after,curl,/posts/,200,MISS,remote-WAW,HAM,113.9,334.0,341.4,220.1,36904,7.0,183.0,0.0,112.0,112.0,2.0,6.0,"rt;dur=0;desc=""Runtime init"", render;dur=112;desc=""Page render"", mw;dur=112;desc=""Total middleware"", db.total;dur=183;desc=""DB total"", db.count;dur=7;desc=""Query count"", db.first;dur=0;desc=""First query at"", db.last;dur=112;desc=""Last query at"", cache.hit;dur=2;desc=""Cache hits"", cache.miss;dur=6;desc=""Cache misses"" | D1_layout;dur=45.0;desc=""D1:layout"", D1_posts;dur=91.0;desc=""D1:posts"", D1_all-tags;dur=21.0;desc=""D1:all-tags"", total;dur=112.0;desc=""total"""
2026-10-05T22:27:48Z,after,curl,/posts/architektura-emdash-typescript-astro,200,MISS,remote-WAW,HAM,103.0,345.9,387.8,242.9,34298,8.0,214.0,0.0,119.0,119.0,6.0,7.0,"rt;dur=0;desc=""Runtime init"", render;dur=119;desc=""Page render"", mw;dur=119;desc=""Total middleware"", db.total;dur=214;desc=""DB total"", db.count;dur=8;desc=""Query count"", db.first;dur=0;desc=""First query at"", db.last;dur=119;desc=""Last query at"", cache.hit;dur=6;desc=""Cache hits"", cache.miss;dur=7;desc=""Cache misses"" | D1_layout;dur=46.0;desc=""D1:layout"", D1_entry+recent;dur=96.0;desc=""D1:entry+recent"", D1_tags;dur=23.0;desc=""D1:tags"", total;dur=119.0;desc=""total"""
2026-10-05T22:27:48Z,after,browser,/posts/,200,MISS,remote-WAW,HAM,211.2,425.0,447.4,213.8,37271,7.0,149.0,0.0,84.0,84.0,2.0,6.0,"rt;dur=0;desc=""Runtime init"", render;dur=84;desc=""Page render"", mw;dur=84;desc=""Total middleware"", db.total;dur=149;desc=""DB total"", db.count;dur=7;desc=""Query count"", db.first;dur=0;desc=""First query at"", db.last;dur=84;desc=""Last query at"", cache.hit;dur=2;desc=""Cache hits"", cache.miss;dur=6;desc=""Cache misses"" | D1_layout;dur=34.0;desc=""D1:layout"", D1_posts;dur=65.0;desc=""D1:posts"", D1_all-tags;dur=19.0;desc=""D1:all-tags"", total;dur=84.0;desc=""total"" | cfEdge;dur=149,cfOrigin;dur=0"
2026-10-05T22:27:49Z,after,curl,/category/technologia,200,MISS,remote-WAW,HAM,124.7,350.6,358.9,225.9,29313,9.0,213.0,0.0,98.0,98.0,2.0,6.0,"rt;dur=0;desc=""Runtime init"", render;dur=98;desc=""Page render"", mw;dur=98;desc=""Total middleware"", db.total;dur=213;desc=""DB total"", db.count;dur=9;desc=""Query count"", db.first;dur=0;desc=""First query at"", db.last;dur=98;desc=""Last query at"", cache.hit;dur=2;desc=""Cache hits"", cache.miss;dur=6;desc=""Cache misses"" | D1_layout;dur=49.0;desc=""D1:layout"", D1_term+posts;dur=98.0;desc=""D1:term+posts"", total;dur=98.0;desc=""total"""
2026-10-05T22:27:49Z,after,browser,/category/technologia,200,MISS,remote-WAW,HAM,98.7,333.0,338.8,234.3,29677,9.0,229.0,0.0,100.0,100.0,2.0,6.0,"rt;dur=0;desc=""Runtime init"", render;dur=100;desc=""Page render"", mw;dur=100;desc=""Total middleware"", db.total;dur=229;desc=""DB total"", db.count;dur=9;desc=""Query count"", db.first;dur=0;desc=""First query at"", db.last;dur=100;desc=""Last query at"", cache.hit;dur=2;desc=""Cache hits"", cache.miss;dur=6;desc=""Cache misses"" | D1_layout;dur=51.0;desc=""D1:layout"", D1_term+posts;dur=100.0;desc=""D1:term+posts"", total;dur=100.0;desc=""total"" | cfEdge;dur=183,cfOrigin;dur=0"
2026-10-05T22:27:50Z,after,browser,/,200,MISS,remote-WAW,HAM,94.3,316.9,324.7,222.6,31316,7.0,169.0,0.0,91.0,91.0,2.0,6.0,"rt;dur=0;desc=""Runtime init"", render;dur=91;desc=""Page render"", mw;dur=91;desc=""Total middleware"", db.total;dur=169;desc=""DB total"", db.count;dur=7;desc=""Query count"", db.first;dur=0;desc=""First query at"", db.last;dur=91;desc=""Last query at"", cache.hit;dur=2;desc=""Cache hits"", cache.miss;dur=6;desc=""Cache misses"" | D1_layout;dur=51.0;desc=""D1:layout"", D1_posts;dur=72.0;desc=""D1:posts"", D1_all-tags;dur=19.0;desc=""D1:all-tags"", total;dur=91.0;desc=""total"" | cfEdge;dur=166,cfOrigin;dur=0"
2026-10-05T22:27:51Z,after,browser,/posts/architektura-emdash-typescript-astro,200,MISS,remote-WAW,HAM,83.8,591.6,592.0,507.8,34702,8.0,402.0,0.0,294.0,294.0,6.0,7.0,"rt;dur=0;desc=""Runtime init"", render;dur=294;desc=""Page render"", mw;dur=294;desc=""Total middleware"", db.total;dur=402;desc=""DB total"", db.count;dur=8;desc=""Query count"", db.first;dur=0;desc=""First query at"", db.last;dur=294;desc=""Last query at"", cache.hit;dur=6;desc=""Cache hits"", cache.miss;dur=7;desc=""Cache misses"" | D1_layout;dur=50.0;desc=""D1:layout"", D1_entry+recent;dur=272.0;desc=""D1:entry+recent"", D1_tags;dur=22.0;desc=""D1:tags"", total;dur=294.0;desc=""total"" | cfEdge;dur=370,cfOrigin;dur=0"
2026-10-05T22:27:52Z,after,curl,/,200,MISS,remote-WAW,HAM,332.5,859.1,860.2,526.6,30946,7.0,391.0,0.0,316.0,316.0,2.0,6.0,"rt;dur=0;desc=""Runtime init"", render;dur=316;desc=""Page render"", mw;dur=316;desc=""Total middleware"", db.total;dur=391;desc=""DB total"", db.count;dur=7;desc=""Query count"", db.first;dur=0;desc=""First query at"", db.last;dur=316;desc=""Last query at"", cache.hit;dur=2;desc=""Cache hits"", cache.miss;dur=6;desc=""Cache misses"" | D1_layout;dur=46.0;desc=""D1:layout"", D1_posts;dur=296.0;desc=""D1:posts"", D1_all-tags;dur=20.0;desc=""D1:all-tags"", total;dur=316.0;desc=""total"""
2026-10-05T22:27:53Z,after,browser,/category/technologia,200,MISS,remote-WAW,HAM,297.3,518.2,522.6,220.9,29680,9.0,200.0,0.0,88.0,88.0,2.0,6.0,"rt;dur=0;desc=""Runtime init"", render;dur=88;desc=""Page render"", mw;dur=88;desc=""Total middleware"", db.total;dur=200;desc=""DB total"", db.count;dur=9;desc=""Query count"", db.first;dur=0;desc=""First query at"", db.last;dur=88;desc=""Last query at"", cache.hit;dur=2;desc=""Cache hits"", cache.miss;dur=6;desc=""Cache misses"" | D1_layout;dur=43.0;desc=""D1:layout"", D1_term+posts;dur=88.0;desc=""D1:term+posts"", total;dur=88.0;desc=""total"" | cfEdge;dur=161,cfOrigin;dur=0"
2026-10-05T22:27:53Z,after,curl,/category/technologia,200,MISS,remote-WAW,HAM,242.1,581.3,584.1,339.2,29309,9.0,216.0,0.0,97.0,97.0,2.0,6.0,"rt;dur=0;desc=""Runtime init"", render;dur=97;desc=""Page render"", mw;dur=97;desc=""Total middleware"", db.total;dur=216;desc=""DB total"", db.count;dur=9;desc=""Query count"", db.first;dur=0;desc=""First query at"", db.last;dur=97;desc=""Last query at"", cache.hit;dur=2;desc=""Cache hits"", cache.miss;dur=6;desc=""Cache misses"" | D1_layout;dur=47.0;desc=""D1:layout"", D1_term+posts;dur=97.0;desc=""D1:term+posts"", total;dur=97.0;desc=""total"""
2026-10-05T22:27:54Z,after,browser,/posts/,200,MISS,remote-WAW,HAM,303.1,641.0,645.3,337.9,37267,7.0,179.0,0.0,105.0,105.0,2.0,6.0,"rt;dur=0;desc=""Runtime init"", render;dur=105;desc=""Page render"", mw;dur=105;desc=""Total middleware"", db.total;dur=179;desc=""DB total"", db.count;dur=7;desc=""Query count"", db.first;dur=0;desc=""First query at"", db.last;dur=105;desc=""Last query at"", cache.hit;dur=2;desc=""Cache hits"", cache.miss;dur=6;desc=""Cache misses"" | D1_layout;dur=45.0;desc=""D1:layout"", D1_posts;dur=85.0;desc=""D1:posts"", D1_all-tags;dur=20.0;desc=""D1:all-tags"", total;dur=105.0;desc=""total"" | cfEdge;dur=175,cfOrigin;dur=0"
2026-10-05T22:27:55Z,after,curl,/posts/architektura-emdash-typescript-astro,200,MISS,remote-WAW,HAM,85.8,313.6,469.0,227.8,34326,8.0,200.0,0.0,98.0,98.0,6.0,7.0,"rt;dur=0;desc=""Runtime init"", render;dur=98;desc=""Page render"", mw;dur=98;desc=""Total middleware"", db.total;dur=200;desc=""DB total"", db.count;dur=8;desc=""Query count"", db.first;dur=0;desc=""First query at"", db.last;dur=98;desc=""Last query at"", cache.hit;dur=6;desc=""Cache hits"", cache.miss;dur=7;desc=""Cache misses"" | D1_layout;dur=44.0;desc=""D1:layout"", D1_entry+recent;dur=77.0;desc=""D1:entry+recent"", D1_tags;dur=21.0;desc=""D1:tags"", total;dur=98.0;desc=""total"""
2026-10-05T22:27:56Z,after,curl,/,200,MISS,remote-WAW,HAM,294.9,526.7,543.1,231.8,30950,7.0,202.0,0.0,122.0,122.0,2.0,6.0,"rt;dur=0;desc=""Runtime init"", render;dur=122;desc=""Page render"", mw;dur=122;desc=""Total middleware"", db.total;dur=202;desc=""DB total"", db.count;dur=7;desc=""Query count"", db.first;dur=0;desc=""First query at"", db.last;dur=122;desc=""Last query at"", cache.hit;dur=2;desc=""Cache hits"", cache.miss;dur=6;desc=""Cache misses"" | D1_layout;dur=50.0;desc=""D1:layout"", D1_posts;dur=102.0;desc=""D1:posts"", D1_all-tags;dur=20.0;desc=""D1:all-tags"", total;dur=122.0;desc=""total"""
2026-10-05T22:27:56Z,after,curl,/posts/,200,MISS,remote-WAW,HAM,200.5,443.2,452.4,242.7,36916,7.0,175.0,0.0,104.0,104.0,2.0,6.0,"rt;dur=0;desc=""Runtime init"", render;dur=104;desc=""Page render"", mw;dur=104;desc=""Total middleware"", db.total;dur=175;desc=""DB total"", db.count;dur=7;desc=""Query count"", db.first;dur=0;desc=""First query at"", db.last;dur=104;desc=""Last query at"", cache.hit;dur=2;desc=""Cache hits"", cache.miss;dur=6;desc=""Cache misses"" | D1_layout;dur=44.0;desc=""D1:layout"", D1_posts;dur=74.0;desc=""D1:posts"", D1_all-tags;dur=30.0;desc=""D1:all-tags"", total;dur=104.0;desc=""total"""
2026-10-05T22:27:57Z,after,browser,/,200,MISS,remote-WAW,HAM,213.3,727.2,731.0,513.9,31313,7.0,391.0,0.0,314.0,314.0,2.0,6.0,"rt;dur=0;desc=""Runtime init"", render;dur=314;desc=""Page render"", mw;dur=314;desc=""Total middleware"", db.total;dur=391;desc=""DB total"", db.count;dur=7;desc=""Query count"", db.first;dur=0;desc=""First query at"", db.last;dur=314;desc=""Last query at"", cache.hit;dur=2;desc=""Cache hits"", cache.miss;dur=6;desc=""Cache misses"" | D1_layout;dur=50.0;desc=""D1:layout"", D1_posts;dur=293.0;desc=""D1:posts"", D1_all-tags;dur=21.0;desc=""D1:all-tags"", total;dur=314.0;desc=""total"" | cfEdge;dur=386,cfOrigin;dur=0"
2026-10-05T22:27:58Z,after,browser,/posts/architektura-emdash-typescript-astro,200,MISS,remote-WAW,HAM,98.2,322.2,370.5,224.0,34685,8.0,215.0,0.0,103.0,103.0,6.0,7.0,"rt;dur=0;desc=""Runtime init"", render;dur=103;desc=""Page render"", mw;dur=103;desc=""Total middleware"", db.total;dur=215;desc=""DB total"", db.count;dur=8;desc=""Query count"", db.first;dur=0;desc=""First query at"", db.last;dur=103;desc=""Last query at"", cache.hit;dur=6;desc=""Cache hits"", cache.miss;dur=7;desc=""Cache misses"" | D1_layout;dur=48.0;desc=""D1:layout"", D1_entry+recent;dur=81.0;desc=""D1:entry+recent"", D1_tags;dur=22.0;desc=""D1:tags"", total;dur=103.0;desc=""total"" | cfEdge;dur=173,cfOrigin;dur=0"
2026-10-05T22:27:59Z,after,browser,/posts/architektura-emdash-typescript-astro,200,MISS,remote-WAW,HAM,92.5,316.1,368.8,223.6,34689,8.0,202.0,0.0,98.0,98.0,6.0,7.0,"rt;dur=0;desc=""Runtime init"", render;dur=98;desc=""Page render"", mw;dur=98;desc=""Total middleware"", db.total;dur=202;desc=""DB total"", db.count;dur=8;desc=""Query count"", db.first;dur=0;desc=""First query at"", db.last;dur=98;desc=""Last query at"", cache.hit;dur=6;desc=""Cache hits"", cache.miss;dur=7;desc=""Cache misses"" | D1_layout;dur=44.0;desc=""D1:layout"", D1_entry+recent;dur=76.0;desc=""D1:entry+recent"", D1_tags;dur=22.0;desc=""D1:tags"", total;dur=98.0;desc=""total"" | cfEdge;dur=169,cfOrigin;dur=0"
2026-10-05T22:27:59Z,after,browser,/posts/,200,MISS,remote-WAW,HAM,183.5,417.6,437.0,234.1,37275,7.0,181.0,0.0,117.0,117.0,2.0,6.0,"rt;dur=0;desc=""Runtime init"", render;dur=117;desc=""Page render"", mw;dur=117;desc=""Total middleware"", db.total;dur=181;desc=""DB total"", db.count;dur=7;desc=""Query count"", db.first;dur=0;desc=""First query at"", db.last;dur=117;desc=""Last query at"", cache.hit;dur=2;desc=""Cache hits"", cache.miss;dur=6;desc=""Cache misses"" | D1_layout;dur=40.0;desc=""D1:layout"", D1_posts;dur=93.0;desc=""D1:posts"", D1_all-tags;dur=24.0;desc=""D1:all-tags"", total;dur=117.0;desc=""total"" | cfEdge;dur=188,cfOrigin;dur=0"
2026-10-05T22:28:00Z,after,browser,/category/technologia,200,MISS,remote-WAW,HAM,112.2,333.3,337.9,221.1,29676,9.0,188.0,0.0,93.0,93.0,2.0,6.0,"rt;dur=0;desc=""Runtime init"", render;dur=93;desc=""Page render"", mw;dur=93;desc=""Total middleware"", db.total;dur=188;desc=""DB total"", db.count;dur=9;desc=""Query count"", db.first;dur=0;desc=""First query at"", db.last;dur=93;desc=""Last query at"", cache.hit;dur=2;desc=""Cache hits"", cache.miss;dur=6;desc=""Cache misses"" | D1_layout;dur=36.0;desc=""D1:layout"", D1_term+posts;dur=93.0;desc=""D1:term+posts"", total;dur=93.0;desc=""total"" | cfEdge;dur=172,cfOrigin;dur=0"
2026-10-05T22:28:00Z,after,curl,/category/technologia,200,MISS,remote-WAW,HAM,91.6,366.7,371.9,275.1,29321,9.0,197.0,0.0,91.0,91.0,2.0,6.0,"rt;dur=0;desc=""Runtime init"", render;dur=91;desc=""Page render"", mw;dur=91;desc=""Total middleware"", db.total;dur=197;desc=""DB total"", db.count;dur=9;desc=""Query count"", db.first;dur=0;desc=""First query at"", db.last;dur=91;desc=""Last query at"", cache.hit;dur=2;desc=""Cache hits"", cache.miss;dur=6;desc=""Cache misses"" | D1_layout;dur=34.0;desc=""D1:layout"", D1_term+posts;dur=91.0;desc=""D1:term+posts"", total;dur=91.0;desc=""total"""
2026-10-05T22:28:01Z,after,browser,/,200,MISS,remote-WAW,HAM,118.5,425.2,425.9,306.7,31312,7.0,186.0,0.0,107.0,107.0,2.0,6.0,"rt;dur=0;desc=""Runtime init"", render;dur=107;desc=""Page render"", mw;dur=107;desc=""Total middleware"", db.total;dur=186;desc=""DB total"", db.count;dur=7;desc=""Query count"", db.first;dur=0;desc=""First query at"", db.last;dur=107;desc=""Last query at"", cache.hit;dur=2;desc=""Cache hits"", cache.miss;dur=6;desc=""Cache misses"" | D1_layout;dur=49.0;desc=""D1:layout"", D1_posts;dur=86.0;desc=""D1:posts"", D1_all-tags;dur=21.0;desc=""D1:all-tags"", total;dur=107.0;desc=""total"" | cfEdge;dur=175,cfOrigin;dur=0"
2026-10-05T22:28:02Z,after,curl,/,200,MISS,remote-WAW,HAM,106.0,516.6,567.4,410.6,30949,7.0,173.0,0.0,105.0,105.0,2.0,6.0,"rt;dur=0;desc=""Runtime init"", render;dur=105;desc=""Page render"", mw;dur=105;desc=""Total middleware"", db.total;dur=173;desc=""DB total"", db.count;dur=7;desc=""Query count"", db.first;dur=0;desc=""First query at"", db.last;dur=105;desc=""Last query at"", cache.hit;dur=2;desc=""Cache hits"", cache.miss;dur=6;desc=""Cache misses"" | D1_layout;dur=44.0;desc=""D1:layout"", D1_posts;dur=85.0;desc=""D1:posts"", D1_all-tags;dur=20.0;desc=""D1:all-tags"", total;dur=105.0;desc=""total"""
2026-10-05T22:28:02Z,after,curl,/posts/architektura-emdash-typescript-astro,200,MISS,remote-WAW,HAM,95.4,314.1,359.1,218.7,34314,8.0,202.0,0.0,99.0,99.0,6.0,7.0,"rt;dur=0;desc=""Runtime init"", render;dur=99;desc=""Page render"", mw;dur=99;desc=""Total middleware"", db.total;dur=202;desc=""DB total"", db.count;dur=8;desc=""Query count"", db.first;dur=0;desc=""First query at"", db.last;dur=99;desc=""Last query at"", cache.hit;dur=6;desc=""Cache hits"", cache.miss;dur=7;desc=""Cache misses"" | D1_layout;dur=45.0;desc=""D1:layout"", D1_entry+recent;dur=75.0;desc=""D1:entry+recent"", D1_tags;dur=24.0;desc=""D1:tags"", total;dur=99.0;desc=""total"""
2026-10-05T22:28:03Z,after,curl,/posts/,200,MISS,remote-WAW,HAM,108.9,318.2,323.1,209.3,36908,7.0,173.0,0.0,95.0,95.0,2.0,6.0,"rt;dur=0;desc=""Runtime init"", render;dur=95;desc=""Page render"", mw;dur=95;desc=""Total middleware"", db.total;dur=173;desc=""DB total"", db.count;dur=7;desc=""Query count"", db.first;dur=0;desc=""First query at"", db.last;dur=95;desc=""Last query at"", cache.hit;dur=2;desc=""Cache hits"", cache.miss;dur=6;desc=""Cache misses"" | D1_layout;dur=51.0;desc=""D1:layout"", D1_posts;dur=74.0;desc=""D1:posts"", D1_all-tags;dur=21.0;desc=""D1:all-tags"", total;dur=95.0;desc=""total"""
2026-10-05T22:28:04Z,after,browser,/posts/architektura-emdash-typescript-astro,200,MISS,remote-WAW,HAM,97.1,445.8,499.1,348.7,34706,8.0,307.0,0.0,229.0,229.0,6.0,7.0,"rt;dur=0;desc=""Runtime init"", render;dur=229;desc=""Page render"", mw;dur=229;desc=""Total middleware"", db.total;dur=307;desc=""DB total"", db.count;dur=8;desc=""Query count"", db.first;dur=0;desc=""First query at"", db.last;dur=229;desc=""Last query at"", cache.hit;dur=6;desc=""Cache hits"", cache.miss;dur=7;desc=""Cache misses"" | D1_layout;dur=37.0;desc=""D1:layout"", D1_entry+recent;dur=208.0;desc=""D1:entry+recent"", D1_tags;dur=21.0;desc=""D1:tags"", total;dur=229.0;desc=""total"" | cfEdge;dur=304,cfOrigin;dur=0"
2026-10-05T22:28:05Z,after,curl,/posts/architektura-emdash-typescript-astro,200,MISS,remote-WAW,HAM,277.9,511.8,719.1,233.9,34322,8.0,199.0,0.0,102.0,102.0,6.0,7.0,"rt;dur=0;desc=""Runtime init"", render;dur=102;desc=""Page render"", mw;dur=102;desc=""Total middleware"", db.total;dur=199;desc=""DB total"", db.count;dur=8;desc=""Query count"", db.first;dur=0;desc=""First query at"", db.last;dur=102;desc=""Last query at"", cache.hit;dur=6;desc=""Cache hits"", cache.miss;dur=7;desc=""Cache misses"" | D1_layout;dur=40.0;desc=""D1:layout"", D1_entry+recent;dur=82.0;desc=""D1:entry+recent"", D1_tags;dur=20.0;desc=""D1:tags"", total;dur=102.0;desc=""total"""
2026-10-05T22:28:05Z,after,curl,/,200,MISS,remote-WAW,HAM,290.3,503.3,510.5,213.0,30949,7.0,156.0,0.0,94.0,94.0,2.0,6.0,"rt;dur=0;desc=""Runtime init"", render;dur=94;desc=""Page render"", mw;dur=94;desc=""Total middleware"", db.total;dur=156;desc=""DB total"", db.count;dur=7;desc=""Query count"", db.first;dur=0;desc=""First query at"", db.last;dur=94;desc=""Last query at"", cache.hit;dur=2;desc=""Cache hits"", cache.miss;dur=6;desc=""Cache misses"" | D1_layout;dur=38.0;desc=""D1:layout"", D1_posts;dur=77.0;desc=""D1:posts"", D1_all-tags;dur=17.0;desc=""D1:all-tags"", total;dur=94.0;desc=""total"""
2026-10-05T22:28:07Z,after,curl,/category/technologia,200,MISS,remote-WAW,HAM,682.3,1218.4,1229.4,536.1,29325,9.0,187.0,0.0,87.0,87.0,2.0,6.0,"rt;dur=0;desc=""Runtime init"", render;dur=87;desc=""Page render"", mw;dur=87;desc=""Total middleware"", db.total;dur=187;desc=""DB total"", db.count;dur=9;desc=""Query count"", db.first;dur=0;desc=""First query at"", db.last;dur=87;desc=""Last query at"", cache.hit;dur=2;desc=""Cache hits"", cache.miss;dur=6;desc=""Cache misses"" | D1_layout;dur=42.0;desc=""D1:layout"", D1_term+posts;dur=87.0;desc=""D1:term+posts"", total;dur=87.0;desc=""total"""
2026-10-05T22:28:08Z,after,browser,/category/technologia,200,MISS,remote-WAW,HAM,306.0,525.4,528.4,219.4,29672,9.0,186.0,0.0,80.0,80.0,2.0,6.0,"rt;dur=0;desc=""Runtime init"", render;dur=80;desc=""Page render"", mw;dur=80;desc=""Total middleware"", db.total;dur=186;desc=""DB total"", db.count;dur=9;desc=""Query count"", db.first;dur=0;desc=""First query at"", db.last;dur=80;desc=""Last query at"", cache.hit;dur=2;desc=""Cache hits"", cache.miss;dur=6;desc=""Cache misses"" | D1_layout;dur=42.0;desc=""D1:layout"", D1_term+posts;dur=80.0;desc=""D1:term+posts"", total;dur=80.0;desc=""total"" | cfEdge;dur=153,cfOrigin;dur=0"
2026-10-05T22:28:09Z,after,curl,/posts/,200,MISS,remote-WAW,HAM,620.1,828.3,840.7,208.2,36896,8.0,188.0,0.0,94.0,94.0,2.0,6.0,"rt;dur=0;desc=""Runtime init"", render;dur=94;desc=""Page render"", mw;dur=94;desc=""Total middleware"", db.total;dur=188;desc=""DB total"", db.count;dur=8;desc=""Query count"", db.first;dur=0;desc=""First query at"", db.last;dur=94;desc=""Last query at"", cache.hit;dur=2;desc=""Cache hits"", cache.miss;dur=6;desc=""Cache misses"" | D1_layout;dur=41.0;desc=""D1:layout"", D1_posts;dur=73.0;desc=""D1:posts"", D1_all-tags;dur=21.0;desc=""D1:all-tags"", total;dur=94.0;desc=""total"""
2026-10-05T22:28:09Z,after,browser,/posts/,200,MISS,remote-WAW,HAM,170.0,400.7,402.7,230.7,37259,7.0,148.0,0.0,83.0,83.0,2.0,6.0,"rt;dur=0;desc=""Runtime init"", render;dur=83;desc=""Page render"", mw;dur=83;desc=""Total middleware"", db.total;dur=148;desc=""DB total"", db.count;dur=7;desc=""Query count"", db.first;dur=0;desc=""First query at"", db.last;dur=83;desc=""Last query at"", cache.hit;dur=2;desc=""Cache hits"", cache.miss;dur=6;desc=""Cache misses"" | D1_layout;dur=39.0;desc=""D1:layout"", D1_posts;dur=63.0;desc=""D1:posts"", D1_all-tags;dur=20.0;desc=""D1:all-tags"", total;dur=83.0;desc=""total"" | cfEdge;dur=152,cfOrigin;dur=0"
2026-10-05T22:28:10Z,after,browser,/,200,MISS,remote-WAW,HAM,492.7,715.1,726.4,222.4,31332,7.0,183.0,0.0,111.0,111.0,2.0,6.0,"rt;dur=0;desc=""Runtime init"", render;dur=111;desc=""Page render"", mw;dur=111;desc=""Total middleware"", db.total;dur=183;desc=""DB total"", db.count;dur=7;desc=""Query count"", db.first;dur=0;desc=""First query at"", db.last;dur=111;desc=""Last query at"", cache.hit;dur=2;desc=""Cache hits"", cache.miss;dur=6;desc=""Cache misses"" | D1_layout;dur=47.0;desc=""D1:layout"", D1_posts;dur=89.0;desc=""D1:posts"", D1_all-tags;dur=22.0;desc=""D1:all-tags"", total;dur=111.0;desc=""total"" | cfEdge;dur=174,cfOrigin;dur=0"
2026-10-05T22:28:11Z,after,curl,/category/technologia,200,MISS,remote-WAW,HAM,215.8,421.4,423.1,205.6,29313,9.0,213.0,0.0,87.0,87.0,2.0,6.0,"rt;dur=0;desc=""Runtime init"", render;dur=87;desc=""Page render"", mw;dur=87;desc=""Total middleware"", db.total;dur=213;desc=""DB total"", db.count;dur=9;desc=""Query count"", db.first;dur=0;desc=""First query at"", db.last;dur=87;desc=""Last query at"", cache.hit;dur=2;desc=""Cache hits"", cache.miss;dur=6;desc=""Cache misses"" | D1_layout;dur=51.0;desc=""D1:layout"", D1_term+posts;dur=87.0;desc=""D1:term+posts"", total;dur=87.0;desc=""total"""
2026-10-05T22:28:12Z,after,browser,/,200,MISS,remote-WAW,HAM,89.5,426.0,430.0,336.5,31324,7.0,197.0,0.0,104.0,104.0,2.0,6.0,"rt;dur=0;desc=""Runtime init"", render;dur=104;desc=""Page render"", mw;dur=104;desc=""Total middleware"", db.total;dur=197;desc=""DB total"", db.count;dur=7;desc=""Query count"", db.first;dur=0;desc=""First query at"", db.last;dur=104;desc=""Last query at"", cache.hit;dur=2;desc=""Cache hits"", cache.miss;dur=6;desc=""Cache misses"" | D1_layout;dur=55.0;desc=""D1:layout"", D1_posts;dur=87.0;desc=""D1:posts"", D1_all-tags;dur=17.0;desc=""D1:all-tags"", total;dur=104.0;desc=""total"" | cfEdge;dur=176,cfOrigin;dur=0"
2026-10-05T22:28:13Z,after,curl,/posts/,200,MISS,remote-WAW,HAM,306.6,833.0,834.9,526.4,36909,8.0,379.0,0.0,275.0,275.0,2.0,6.0,"rt;dur=0;desc=""Runtime init"", render;dur=275;desc=""Page render"", mw;dur=275;desc=""Total middleware"", db.total;dur=379;desc=""DB total"", db.count;dur=8;desc=""Query count"", db.first;dur=0;desc=""First query at"", db.last;dur=275;desc=""Last query at"", cache.hit;dur=2;desc=""Cache hits"", cache.miss;dur=6;desc=""Cache misses"" | D1_layout;dur=48.0;desc=""D1:layout"", D1_posts;dur=253.0;desc=""D1:posts"", D1_all-tags;dur=22.0;desc=""D1:all-tags"", total;dur=275.0;desc=""total"""
2026-10-05T22:28:14Z,after,curl,/posts/architektura-emdash-typescript-astro,200,MISS,remote-WAW,HAM,260.9,490.0,633.1,229.1,34314,8.0,192.0,0.0,102.0,102.0,6.0,7.0,"rt;dur=0;desc=""Runtime init"", render;dur=102;desc=""Page render"", mw;dur=102;desc=""Total middleware"", db.total;dur=192;desc=""DB total"", db.count;dur=8;desc=""Query count"", db.first;dur=0;desc=""First query at"", db.last;dur=102;desc=""Last query at"", cache.hit;dur=6;desc=""Cache hits"", cache.miss;dur=7;desc=""Cache misses"" | D1_layout;dur=36.0;desc=""D1:layout"", D1_entry+recent;dur=82.0;desc=""D1:entry+recent"", D1_tags;dur=20.0;desc=""D1:tags"", total;dur=102.0;desc=""total"""
2026-10-05T22:28:14Z,after,browser,/posts/,200,MISS,remote-WAW,HAM,102.2,331.4,340.1,229.2,37279,7.0,183.0,0.0,118.0,118.0,2.0,6.0,"rt;dur=0;desc=""Runtime init"", render;dur=118;desc=""Page render"", mw;dur=118;desc=""Total middleware"", db.total;dur=183;desc=""DB total"", db.count;dur=7;desc=""Query count"", db.first;dur=0;desc=""First query at"", db.last;dur=118;desc=""Last query at"", cache.hit;dur=2;desc=""Cache hits"", cache.miss;dur=6;desc=""Cache misses"" | D1_layout;dur=41.0;desc=""D1:layout"", D1_posts;dur=97.0;desc=""D1:posts"", D1_all-tags;dur=21.0;desc=""D1:all-tags"", total;dur=118.0;desc=""total"" | cfEdge;dur=181,cfOrigin;dur=0"
2026-10-05T22:28:15Z,after,browser,/category/technologia,200,MISS,remote-WAW,HAM,92.0,301.6,302.3,209.6,29676,9.0,187.0,0.0,80.0,80.0,2.0,6.0,"rt;dur=0;desc=""Runtime init"", render;dur=80;desc=""Page render"", mw;dur=80;desc=""Total middleware"", db.total;dur=187;desc=""DB total"", db.count;dur=9;desc=""Query count"", db.first;dur=0;desc=""First query at"", db.last;dur=80;desc=""Last query at"", cache.hit;dur=2;desc=""Cache hits"", cache.miss;dur=6;desc=""Cache misses"" | D1_layout;dur=46.0;desc=""D1:layout"", D1_term+posts;dur=80.0;desc=""D1:term+posts"", total;dur=80.0;desc=""total"" | cfEdge;dur=138,cfOrigin;dur=0"
2026-10-05T22:28:15Z,after,browser,/posts/architektura-emdash-typescript-astro,200,MISS,remote-WAW,HAM,118.5,332.5,385.0,214.0,34673,8.0,213.0,0.0,98.0,98.0,6.0,7.0,"rt;dur=0;desc=""Runtime init"", render;dur=98;desc=""Page render"", mw;dur=98;desc=""Total middleware"", db.total;dur=213;desc=""DB total"", db.count;dur=8;desc=""Query count"", db.first;dur=0;desc=""First query at"", db.last;dur=98;desc=""Last query at"", cache.hit;dur=6;desc=""Cache hits"", cache.miss;dur=7;desc=""Cache misses"" | D1_layout;dur=51.0;desc=""D1:layout"", D1_entry+recent;dur=77.0;desc=""D1:entry+recent"", D1_tags;dur=21.0;desc=""D1:tags"", total;dur=98.0;desc=""total"" | cfEdge;dur=167,cfOrigin;dur=0"
2026-10-05T22:28:16Z,after,curl,/,200,MISS,remote-WAW,HAM,179.9,657.9,663.3,478.0,30942,7.0,379.0,0.0,309.0,309.0,2.0,6.0,"rt;dur=0;desc=""Runtime init"", render;dur=309;desc=""Page render"", mw;dur=309;desc=""Total middleware"", db.total;dur=379;desc=""DB total"", db.count;dur=7;desc=""Query count"", db.first;dur=0;desc=""First query at"", db.last;dur=309;desc=""Last query at"", cache.hit;dur=2;desc=""Cache hits"", cache.miss;dur=6;desc=""Cache misses"" | D1_layout;dur=44.0;desc=""D1:layout"", D1_posts;dur=291.0;desc=""D1:posts"", D1_all-tags;dur=18.0;desc=""D1:all-tags"", total;dur=309.0;desc=""total"""
2026-10-05T22:28:17Z,after,curl,/posts/architektura-emdash-typescript-astro,200,MISS,remote-WAW,HAM,113.1,339.3,400.1,226.2,34306,9.0,274.0,0.0,100.0,100.0,6.0,7.0,"rt;dur=0;desc=""Runtime init"", render;dur=100;desc=""Page render"", mw;dur=100;desc=""Total middleware"", db.total;dur=274;desc=""DB total"", db.count;dur=9;desc=""Query count"", db.first;dur=0;desc=""First query at"", db.last;dur=100;desc=""Last query at"", cache.hit;dur=6;desc=""Cache hits"", cache.miss;dur=7;desc=""Cache misses"" | D1_layout;dur=60.0;desc=""D1:layout"", D1_entry+recent;dur=80.0;desc=""D1:entry+recent"", D1_tags;dur=20.0;desc=""D1:tags"", total;dur=100.0;desc=""total"""
2026-10-05T22:28:18Z,after,curl,/,200,MISS,remote-WAW,HAM,246.4,445.0,456.5,198.6,30961,7.0,145.0,0.0,87.0,87.0,2.0,6.0,"rt;dur=0;desc=""Runtime init"", render;dur=87;desc=""Page render"", mw;dur=87;desc=""Total middleware"", db.total;dur=145;desc=""DB total"", db.count;dur=7;desc=""Query count"", db.first;dur=0;desc=""First query at"", db.last;dur=87;desc=""Last query at"", cache.hit;dur=2;desc=""Cache hits"", cache.miss;dur=6;desc=""Cache misses"" | D1_layout;dur=40.0;desc=""D1:layout"", D1_posts;dur=66.0;desc=""D1:posts"", D1_all-tags;dur=21.0;desc=""D1:all-tags"", total;dur=87.0;desc=""total"""
2026-10-05T22:28:18Z,after,browser,/category/technologia,200,MISS,remote-WAW,HAM,255.9,560.8,562.1,304.9,29672,9.0,230.0,0.0,97.0,97.0,2.0,6.0,"rt;dur=0;desc=""Runtime init"", render;dur=97;desc=""Page render"", mw;dur=97;desc=""Total middleware"", db.total;dur=230;desc=""DB total"", db.count;dur=9;desc=""Query count"", db.first;dur=0;desc=""First query at"", db.last;dur=97;desc=""Last query at"", cache.hit;dur=2;desc=""Cache hits"", cache.miss;dur=6;desc=""Cache misses"" | D1_layout;dur=54.0;desc=""D1:layout"", D1_term+posts;dur=97.0;desc=""D1:term+posts"", total;dur=97.0;desc=""total"" | cfEdge;dur=158,cfOrigin;dur=0"
2026-10-05T22:28:19Z,after,browser,/posts/architektura-emdash-typescript-astro,200,MISS,remote-WAW,HAM,92.8,286.0,333.0,193.2,34681,8.0,171.0,0.0,74.0,74.0,6.0,7.0,"rt;dur=0;desc=""Runtime init"", render;dur=74;desc=""Page render"", mw;dur=74;desc=""Total middleware"", db.total;dur=171;desc=""DB total"", db.count;dur=8;desc=""Query count"", db.first;dur=0;desc=""First query at"", db.last;dur=74;desc=""Last query at"", cache.hit;dur=6;desc=""Cache hits"", cache.miss;dur=7;desc=""Cache misses"" | D1_layout;dur=45.0;desc=""D1:layout"", D1_entry+recent;dur=56.0;desc=""D1:entry+recent"", D1_tags;dur=18.0;desc=""D1:tags"", total;dur=74.0;desc=""total"" | cfEdge;dur=141,cfOrigin;dur=0"
2026-10-05T22:28:19Z,after,curl,/category/technologia,200,MISS,remote-WAW,HAM,86.2,284.9,292.2,198.7,29309,9.0,196.0,0.0,83.0,83.0,2.0,6.0,"rt;dur=0;desc=""Runtime init"", render;dur=83;desc=""Page render"", mw;dur=83;desc=""Total middleware"", db.total;dur=196;desc=""DB total"", db.count;dur=9;desc=""Query count"", db.first;dur=0;desc=""First query at"", db.last;dur=83;desc=""Last query at"", cache.hit;dur=2;desc=""Cache hits"", cache.miss;dur=6;desc=""Cache misses"" | D1_layout;dur=45.0;desc=""D1:layout"", D1_term+posts;dur=83.0;desc=""D1:term+posts"", total;dur=83.0;desc=""total"""
2026-10-05T22:28:20Z,after,browser,/,200,MISS,remote-WAW,HAM,95.7,437.3,519.6,341.6,31309,7.0,293.0,0.0,224.0,224.0,2.0,6.0,"rt;dur=0;desc=""Runtime init"", render;dur=224;desc=""Page render"", mw;dur=224;desc=""Total middleware"", db.total;dur=293;desc=""DB total"", db.count;dur=7;desc=""Query count"", db.first;dur=0;desc=""First query at"", db.last;dur=224;desc=""Last query at"", cache.hit;dur=2;desc=""Cache hits"", cache.miss;dur=6;desc=""Cache misses"" | D1_layout;dur=44.0;desc=""D1:layout"", D1_posts;dur=207.0;desc=""D1:posts"", D1_all-tags;dur=17.0;desc=""D1:all-tags"", total;dur=224.0;desc=""total"" | cfEdge;dur=295,cfOrigin;dur=0"
2026-10-05T22:28:21Z,after,browser,/posts/,200,MISS,remote-WAW,HAM,257.0,520.1,522.1,263.1,37263,7.0,150.0,0.0,88.0,88.0,2.0,6.0,"rt;dur=0;desc=""Runtime init"", render;dur=88;desc=""Page render"", mw;dur=88;desc=""Total middleware"", db.total;dur=150;desc=""DB total"", db.count;dur=7;desc=""Query count"", db.first;dur=0;desc=""First query at"", db.last;dur=88;desc=""Last query at"", cache.hit;dur=2;desc=""Cache hits"", cache.miss;dur=6;desc=""Cache misses"" | D1_layout;dur=40.0;desc=""D1:layout"", D1_posts;dur=66.0;desc=""D1:posts"", D1_all-tags;dur=22.0;desc=""D1:all-tags"", total;dur=88.0;desc=""total"" | cfEdge;dur=162,cfOrigin;dur=0"
2026-10-05T22:28:22Z,after,curl,/posts/,200,MISS,remote-WAW,HAM,91.3,311.1,320.7,219.8,36900,7.0,160.0,0.0,101.0,101.0,2.0,6.0,"rt;dur=0;desc=""Runtime init"", render;dur=101;desc=""Page render"", mw;dur=101;desc=""Total middleware"", db.total;dur=160;desc=""DB total"", db.count;dur=7;desc=""Query count"", db.first;dur=0;desc=""First query at"", db.last;dur=101;desc=""Last query at"", cache.hit;dur=2;desc=""Cache hits"", cache.miss;dur=6;desc=""Cache misses"" | D1_layout;dur=41.0;desc=""D1:layout"", D1_posts;dur=84.0;desc=""D1:posts"", D1_all-tags;dur=17.0;desc=""D1:all-tags"", total;dur=101.0;desc=""total"""
2026-10-05T22:28:22Z,after,browser,/posts/,200,MISS,remote-WAW,HAM,149.1,381.6,387.7,232.5,37271,7.0,184.0,0.0,103.0,103.0,2.0,6.0,"rt;dur=0;desc=""Runtime init"", render;dur=103;desc=""Page render"", mw;dur=103;desc=""Total middleware"", db.total;dur=184;desc=""DB total"", db.count;dur=7;desc=""Query count"", db.first;dur=0;desc=""First query at"", db.last;dur=103;desc=""Last query at"", cache.hit;dur=2;desc=""Cache hits"", cache.miss;dur=6;desc=""Cache misses"" | D1_layout;dur=46.0;desc=""D1:layout"", D1_posts;dur=85.0;desc=""D1:posts"", D1_all-tags;dur=18.0;desc=""D1:all-tags"", total;dur=103.0;desc=""total"" | cfEdge;dur=175,cfOrigin;dur=0"
2026-10-05T22:28:23Z,after,curl,/category/technologia,200,MISS,remote-WAW,HAM,171.4,371.6,379.7,200.2,29321,9.0,217.0,0.0,94.0,94.0,2.0,6.0,"rt;dur=0;desc=""Runtime init"", render;dur=94;desc=""Page render"", mw;dur=94;desc=""Total middleware"", db.total;dur=217;desc=""DB total"", db.count;dur=9;desc=""Query count"", db.first;dur=0;desc=""First query at"", db.last;dur=94;desc=""Last query at"", cache.hit;dur=2;desc=""Cache hits"", cache.miss;dur=6;desc=""Cache misses"" | D1_layout;dur=49.0;desc=""D1:layout"", D1_term+posts;dur=94.0;desc=""D1:term+posts"", total;dur=94.0;desc=""total"""
2026-10-05T22:28:23Z,after,browser,/posts/architektura-emdash-typescript-astro,200,MISS,remote-WAW,HAM,146.4,347.5,471.8,201.1,34681,8.0,184.0,0.0,90.0,90.0,6.0,7.0,"rt;dur=0;desc=""Runtime init"", render;dur=90;desc=""Page render"", mw;dur=90;desc=""Total middleware"", db.total;dur=184;desc=""DB total"", db.count;dur=8;desc=""Query count"", db.first;dur=0;desc=""First query at"", db.last;dur=90;desc=""Last query at"", cache.hit;dur=6;desc=""Cache hits"", cache.miss;dur=7;desc=""Cache misses"" | D1_layout;dur=39.0;desc=""D1:layout"", D1_entry+recent;dur=65.0;desc=""D1:entry+recent"", D1_tags;dur=25.0;desc=""D1:tags"", total;dur=90.0;desc=""total"" | cfEdge;dur=154,cfOrigin;dur=0"
2026-10-05T22:28:24Z,after,curl,/posts/,200,MISS,remote-WAW,HAM,103.8,407.6,410.5,303.8,36908,7.0,172.0,0.0,106.0,106.0,2.0,6.0,"rt;dur=0;desc=""Runtime init"", render;dur=106;desc=""Page render"", mw;dur=106;desc=""Total middleware"", db.total;dur=172;desc=""DB total"", db.count;dur=7;desc=""Query count"", db.first;dur=0;desc=""First query at"", db.last;dur=106;desc=""Last query at"", cache.hit;dur=2;desc=""Cache hits"", cache.miss;dur=6;desc=""Cache misses"" | D1_layout;dur=42.0;desc=""D1:layout"", D1_posts;dur=85.0;desc=""D1:posts"", D1_all-tags;dur=21.0;desc=""D1:all-tags"", total;dur=106.0;desc=""total"""
2026-10-05T22:28:25Z,after,browser,/category/technologia,200,MISS,remote-WAW,HAM,288.6,497.2,515.1,208.6,29688,9.0,206.0,0.0,91.0,91.0,2.0,6.0,"rt;dur=0;desc=""Runtime init"", render;dur=91;desc=""Page render"", mw;dur=91;desc=""Total middleware"", db.total;dur=206;desc=""DB total"", db.count;dur=9;desc=""Query count"", db.first;dur=0;desc=""First query at"", db.last;dur=91;desc=""Last query at"", cache.hit;dur=2;desc=""Cache hits"", cache.miss;dur=6;desc=""Cache misses"" | D1_layout;dur=44.0;desc=""D1:layout"", D1_term+posts;dur=91.0;desc=""D1:term+posts"", total;dur=91.0;desc=""total"" | cfEdge;dur=157,cfOrigin;dur=0"
2026-10-05T22:28:26Z,after,browser,/,200,MISS,remote-WAW,HAM,403.8,788.0,798.4,384.2,31317,7.0,354.0,0.0,275.0,275.0,2.0,6.0,"rt;dur=0;desc=""Runtime init"", render;dur=275;desc=""Page render"", mw;dur=275;desc=""Total middleware"", db.total;dur=354;desc=""DB total"", db.count;dur=7;desc=""Query count"", db.first;dur=0;desc=""First query at"", db.last;dur=275;desc=""Last query at"", cache.hit;dur=2;desc=""Cache hits"", cache.miss;dur=6;desc=""Cache misses"" | D1_layout;dur=47.0;desc=""D1:layout"", D1_posts;dur=257.0;desc=""D1:posts"", D1_all-tags;dur=18.0;desc=""D1:all-tags"", total;dur=275.0;desc=""total"" | cfEdge;dur=339,cfOrigin;dur=0"
2026-10-05T22:28:27Z,after,curl,/,200,MISS,remote-WAW,HAM,232.0,755.6,759.4,523.6,30942,7.0,335.0,0.0,273.0,273.0,2.0,6.0,"rt;dur=0;desc=""Runtime init"", render;dur=273;desc=""Page render"", mw;dur=273;desc=""Total middleware"", db.total;dur=335;desc=""DB total"", db.count;dur=7;desc=""Query count"", db.first;dur=0;desc=""First query at"", db.last;dur=273;desc=""Last query at"", cache.hit;dur=2;desc=""Cache hits"", cache.miss;dur=6;desc=""Cache misses"" | D1_layout;dur=43.0;desc=""D1:layout"", D1_posts;dur=253.0;desc=""D1:posts"", D1_all-tags;dur=20.0;desc=""D1:all-tags"", total;dur=273.0;desc=""total"""
2026-10-05T22:28:28Z,after,curl,/posts/architektura-emdash-typescript-astro,200,MISS,remote-WAW,HAM,313.1,793.2,794.7,480.1,34330,8.0,194.0,0.0,99.0,99.0,6.0,7.0,"rt;dur=0;desc=""Runtime init"", render;dur=99;desc=""Page render"", mw;dur=99;desc=""Total middleware"", db.total;dur=194;desc=""DB total"", db.count;dur=8;desc=""Query count"", db.first;dur=0;desc=""First query at"", db.last;dur=99;desc=""Last query at"", cache.hit;dur=6;desc=""Cache hits"", cache.miss;dur=7;desc=""Cache misses"" | D1_layout;dur=41.0;desc=""D1:layout"", D1_entry+recent;dur=77.0;desc=""D1:entry+recent"", D1_tags;dur=22.0;desc=""D1:tags"", total;dur=99.0;desc=""total"""
2026-10-05T22:28:29Z,after,curl,/category/technologia,200,MISS,remote-WAW,HAM,312.0,522.4,540.4,210.4,29309,9.0,188.0,0.0,84.0,84.0,2.0,6.0,"rt;dur=0;desc=""Runtime init"", render;dur=84;desc=""Page render"", mw;dur=84;desc=""Total middleware"", db.total;dur=188;desc=""DB total"", db.count;dur=9;desc=""Query count"", db.first;dur=0;desc=""First query at"", db.last;dur=84;desc=""Last query at"", cache.hit;dur=2;desc=""Cache hits"", cache.miss;dur=6;desc=""Cache misses"" | D1_layout;dur=41.0;desc=""D1:layout"", D1_term+posts;dur=84.0;desc=""D1:term+posts"", total;dur=84.0;desc=""total"""
2026-10-05T22:28:29Z,after,browser,/posts/,200,MISS,remote-WAW,HAM,169.9,426.6,427.6,256.7,37263,7.0,175.0,0.0,115.0,115.0,2.0,6.0,"rt;dur=0;desc=""Runtime init"", render;dur=115;desc=""Page render"", mw;dur=115;desc=""Total middleware"", db.total;dur=175;desc=""DB total"", db.count;dur=7;desc=""Query count"", db.first;dur=0;desc=""First query at"", db.last;dur=115;desc=""Last query at"", cache.hit;dur=2;desc=""Cache hits"", cache.miss;dur=6;desc=""Cache misses"" | D1_layout;dur=37.0;desc=""D1:layout"", D1_posts;dur=94.0;desc=""D1:posts"", D1_all-tags;dur=21.0;desc=""D1:all-tags"", total;dur=115.0;desc=""total"" | cfEdge;dur=186,cfOrigin;dur=0"
2026-10-05T22:28:30Z,after,browser,/,200,MISS,remote-WAW,HAM,100.9,318.2,323.8,217.3,31316,7.0,157.0,0.0,94.0,94.0,2.0,6.0,"rt;dur=0;desc=""Runtime init"", render;dur=94;desc=""Page render"", mw;dur=94;desc=""Total middleware"", db.total;dur=157;desc=""DB total"", db.count;dur=7;desc=""Query count"", db.first;dur=0;desc=""First query at"", db.last;dur=94;desc=""Last query at"", cache.hit;dur=2;desc=""Cache hits"", cache.miss;dur=6;desc=""Cache misses"" | D1_layout;dur=43.0;desc=""D1:layout"", D1_posts;dur=73.0;desc=""D1:posts"", D1_all-tags;dur=21.0;desc=""D1:all-tags"", total;dur=94.0;desc=""total"" | cfEdge;dur=163,cfOrigin;dur=0"
2026-10-05T22:28:31Z,after,curl,/,200,MISS,remote-WAW,HAM,292.0,508.7,515.9,216.7,30969,7.0,167.0,0.0,91.0,91.0,2.0,6.0,"rt;dur=0;desc=""Runtime init"", render;dur=91;desc=""Page render"", mw;dur=91;desc=""Total middleware"", db.total;dur=167;desc=""DB total"", db.count;dur=7;desc=""Query count"", db.first;dur=0;desc=""First query at"", db.last;dur=91;desc=""Last query at"", cache.hit;dur=2;desc=""Cache hits"", cache.miss;dur=6;desc=""Cache misses"" | D1_layout;dur=46.0;desc=""D1:layout"", D1_posts;dur=71.0;desc=""D1:posts"", D1_all-tags;dur=20.0;desc=""D1:all-tags"", total;dur=91.0;desc=""total"""
2026-10-05T22:28:31Z,after,browser,/category/technologia,200,MISS,remote-WAW,HAM,144.7,470.5,476.1,325.8,29700,9.0,216.0,0.0,96.0,96.0,2.0,6.0,"rt;dur=0;desc=""Runtime init"", render;dur=96;desc=""Page render"", mw;dur=96;desc=""Total middleware"", db.total;dur=216;desc=""DB total"", db.count;dur=9;desc=""Query count"", db.first;dur=0;desc=""First query at"", db.last;dur=96;desc=""Last query at"", cache.hit;dur=2;desc=""Cache hits"", cache.miss;dur=6;desc=""Cache misses"" | D1_layout;dur=49.0;desc=""D1:layout"", D1_term+posts;dur=96.0;desc=""D1:term+posts"", total;dur=96.0;desc=""total"" | cfEdge;dur=170,cfOrigin;dur=0"
2026-10-05T22:28:32Z,after,curl,/posts/,200,MISS,remote-WAW,HAM,84.8,298.8,306.1,214.0,36908,7.0,164.0,0.0,89.0,89.0,2.0,6.0,"rt;dur=0;desc=""Runtime init"", render;dur=89;desc=""Page render"", mw;dur=89;desc=""Total middleware"", db.total;dur=164;desc=""DB total"", db.count;dur=7;desc=""Query count"", db.first;dur=0;desc=""First query at"", db.last;dur=89;desc=""Last query at"", cache.hit;dur=2;desc=""Cache hits"", cache.miss;dur=6;desc=""Cache misses"" | D1_layout;dur=45.0;desc=""D1:layout"", D1_posts;dur=72.0;desc=""D1:posts"", D1_all-tags;dur=17.0;desc=""D1:all-tags"", total;dur=89.0;desc=""total"""
2026-10-05T22:28:32Z,after,browser,/posts/architektura-emdash-typescript-astro,200,MISS,remote-WAW,HAM,91.1,305.4,409.5,214.3,34677,8.0,193.0,0.0,100.0,100.0,6.0,7.0,"rt;dur=0;desc=""Runtime init"", render;dur=100;desc=""Page render"", mw;dur=100;desc=""Total middleware"", db.total;dur=193;desc=""DB total"", db.count;dur=8;desc=""Query count"", db.first;dur=0;desc=""First query at"", db.last;dur=100;desc=""Last query at"", cache.hit;dur=6;desc=""Cache hits"", cache.miss;dur=7;desc=""Cache misses"" | D1_layout;dur=45.0;desc=""D1:layout"", D1_entry+recent;dur=82.0;desc=""D1:entry+recent"", D1_tags;dur=18.0;desc=""D1:tags"", total;dur=100.0;desc=""total"" | cfEdge;dur=167,cfOrigin;dur=0"
2026-10-05T22:28:33Z,after,curl,/posts/architektura-emdash-typescript-astro,200,MISS,remote-WAW,HAM,115.5,377.4,456.1,261.9,34342,8.0,200.0,0.0,111.0,111.0,6.0,7.0,"rt;dur=0;desc=""Runtime init"", render;dur=111;desc=""Page render"", mw;dur=111;desc=""Total middleware"", db.total;dur=200;desc=""DB total"", db.count;dur=8;desc=""Query count"", db.first;dur=0;desc=""First query at"", db.last;dur=111;desc=""Last query at"", cache.hit;dur=6;desc=""Cache hits"", cache.miss;dur=7;desc=""Cache misses"" | D1_layout;dur=41.0;desc=""D1:layout"", D1_entry+recent;dur=90.0;desc=""D1:entry+recent"", D1_tags;dur=21.0;desc=""D1:tags"", total;dur=111.0;desc=""total"""
2026-10-05T22:28:34Z,after,curl,/category/technologia,200,MISS,remote-WAW,HAM,152.0,374.4,381.9,222.4,29305,9.0,214.0,0.0,90.0,90.0,2.0,6.0,"rt;dur=0;desc=""Runtime init"", render;dur=90;desc=""Page render"", mw;dur=90;desc=""Total middleware"", db.total;dur=214;desc=""DB total"", db.count;dur=9;desc=""Query count"", db.first;dur=0;desc=""First query at"", db.last;dur=90;desc=""Last query at"", cache.hit;dur=2;desc=""Cache hits"", cache.miss;dur=6;desc=""Cache misses"" | D1_layout;dur=49.0;desc=""D1:layout"", D1_term+posts;dur=90.0;desc=""D1:term+posts"", total;dur=90.0;desc=""total"""
2026-10-05T22:28:34Z,after,browser,/,200,MISS,remote-WAW,HAM,167.1,383.5,392.1,216.4,31308,7.0,171.0,0.0,99.0,99.0,2.0,6.0,"rt;dur=0;desc=""Runtime init"", render;dur=99;desc=""Page render"", mw;dur=99;desc=""Total middleware"", db.total;dur=171;desc=""DB total"", db.count;dur=7;desc=""Query count"", db.first;dur=0;desc=""First query at"", db.last;dur=99;desc=""Last query at"", cache.hit;dur=2;desc=""Cache hits"", cache.miss;dur=6;desc=""Cache misses"" | D1_layout;dur=45.0;desc=""D1:layout"", D1_posts;dur=81.0;desc=""D1:posts"", D1_all-tags;dur=18.0;desc=""D1:all-tags"", total;dur=99.0;desc=""total"" | cfEdge;dur=163,cfOrigin;dur=0"
2026-10-05T22:28:35Z,after,curl,/posts/architektura-emdash-typescript-astro,200,MISS,remote-WAW,HAM,101.6,323.0,372.6,221.4,34314,8.0,186.0,0.0,82.0,82.0,6.0,7.0,"rt;dur=0;desc=""Runtime init"", render;dur=82;desc=""Page render"", mw;dur=82;desc=""Total middleware"", db.total;dur=186;desc=""DB total"", db.count;dur=8;desc=""Query count"", db.first;dur=0;desc=""First query at"", db.last;dur=82;desc=""Last query at"", cache.hit;dur=6;desc=""Cache hits"", cache.miss;dur=7;desc=""Cache misses"" | D1_layout;dur=48.0;desc=""D1:layout"", D1_entry+recent;dur=63.0;desc=""D1:entry+recent"", D1_tags;dur=19.0;desc=""D1:tags"", total;dur=82.0;desc=""total"""
2026-10-05T22:28:36Z,after,browser,/category/technologia,200,MISS,remote-WAW,HAM,104.8,336.1,345.4,231.3,29689,9.0,217.0,0.0,109.0,109.0,2.0,6.0,"rt;dur=0;desc=""Runtime init"", render;dur=109;desc=""Page render"", mw;dur=109;desc=""Total middleware"", db.total;dur=217;desc=""DB total"", db.count;dur=9;desc=""Query count"", db.first;dur=0;desc=""First query at"", db.last;dur=109;desc=""Last query at"", cache.hit;dur=2;desc=""Cache hits"", cache.miss;dur=6;desc=""Cache misses"" | D1_layout;dur=47.0;desc=""D1:layout"", D1_term+posts;dur=109.0;desc=""D1:term+posts"", total;dur=109.0;desc=""total"" | cfEdge;dur=185,cfOrigin;dur=0"
2026-10-05T22:28:36Z,after,curl,/,200,MISS,remote-WAW,HAM,109.5,402.3,404.7,292.8,30961,7.0,164.0,0.0,102.0,102.0,2.0,6.0,"rt;dur=0;desc=""Runtime init"", render;dur=102;desc=""Page render"", mw;dur=102;desc=""Total middleware"", db.total;dur=164;desc=""DB total"", db.count;dur=7;desc=""Query count"", db.first;dur=0;desc=""First query at"", db.last;dur=102;desc=""Last query at"", cache.hit;dur=2;desc=""Cache hits"", cache.miss;dur=6;desc=""Cache misses"" | D1_layout;dur=42.0;desc=""D1:layout"", D1_posts;dur=81.0;desc=""D1:posts"", D1_all-tags;dur=21.0;desc=""D1:all-tags"", total;dur=102.0;desc=""total"""
2026-10-05T22:28:37Z,after,browser,/posts/,200,MISS,remote-WAW,HAM,107.0,335.2,342.5,228.2,37271,7.0,164.0,0.0,99.0,99.0,2.0,6.0,"rt;dur=0;desc=""Runtime init"", render;dur=99;desc=""Page render"", mw;dur=99;desc=""Total middleware"", db.total;dur=164;desc=""DB total"", db.count;dur=7;desc=""Query count"", db.first;dur=0;desc=""First query at"", db.last;dur=99;desc=""Last query at"", cache.hit;dur=2;desc=""Cache hits"", cache.miss;dur=6;desc=""Cache misses"" | D1_layout;dur=38.0;desc=""D1:layout"", D1_posts;dur=77.0;desc=""D1:posts"", D1_all-tags;dur=22.0;desc=""D1:all-tags"", total;dur=99.0;desc=""total"" | cfEdge;dur=183,cfOrigin;dur=0"
2026-10-05T22:28:37Z,after,browser,/posts/architektura-emdash-typescript-astro,200,MISS,remote-WAW,HAM,84.1,309.4,371.5,225.3,34685,8.0,202.0,0.0,105.0,105.0,6.0,7.0,"rt;dur=0;desc=""Runtime init"", render;dur=105;desc=""Page render"", mw;dur=105;desc=""Total middleware"", db.total;dur=202;desc=""DB total"", db.count;dur=8;desc=""Query count"", db.first;dur=0;desc=""First query at"", db.last;dur=105;desc=""Last query at"", cache.hit;dur=6;desc=""Cache hits"", cache.miss;dur=7;desc=""Cache misses"" | D1_layout;dur=45.0;desc=""D1:layout"", D1_entry+recent;dur=84.0;desc=""D1:entry+recent"", D1_tags;dur=21.0;desc=""D1:tags"", total;dur=105.0;desc=""total"" | cfEdge;dur=171,cfOrigin;dur=0"
2026-10-05T22:28:38Z,after,curl,/posts/,200,MISS,remote-WAW,HAM,84.9,317.6,324.5,232.7,36900,7.0,206.0,0.0,117.0,117.0,2.0,6.0,"rt;dur=0;desc=""Runtime init"", render;dur=117;desc=""Page render"", mw;dur=117;desc=""Total middleware"", db.total;dur=206;desc=""DB total"", db.count;dur=7;desc=""Query count"", db.first;dur=0;desc=""First query at"", db.last;dur=117;desc=""Last query at"", cache.hit;dur=2;desc=""Cache hits"", cache.miss;dur=6;desc=""Cache misses"" | D1_layout;dur=54.0;desc=""D1:layout"", D1_posts;dur=95.0;desc=""D1:posts"", D1_all-tags;dur=22.0;desc=""D1:all-tags"", total;dur=117.0;desc=""total"""
2026-10-05T22:28:39Z,after,browser,/posts/,200,MISS,remote-WAW,HAM,178.6,555.4,562.5,376.8,37276,7.0,315.0,0.0,257.0,257.0,2.0,6.0,"rt;dur=0;desc=""Runtime init"", render;dur=257;desc=""Page render"", mw;dur=257;desc=""Total middleware"", db.total;dur=315;desc=""DB total"", db.count;dur=7;desc=""Query count"", db.first;dur=0;desc=""First query at"", db.last;dur=257;desc=""Last query at"", cache.hit;dur=2;desc=""Cache hits"", cache.miss;dur=6;desc=""Cache misses"" | D1_layout;dur=41.0;desc=""D1:layout"", D1_posts;dur=238.0;desc=""D1:posts"", D1_all-tags;dur=19.0;desc=""D1:all-tags"", total;dur=257.0;desc=""total"" | cfEdge;dur=329,cfOrigin;dur=0"
2026-10-05T22:28:39Z,after,browser,/,200,MISS,remote-WAW,HAM,94.1,301.6,309.5,207.5,31312,7.0,131.0,0.0,81.0,81.0,2.0,6.0,"rt;dur=0;desc=""Runtime init"", render;dur=81;desc=""Page render"", mw;dur=81;desc=""Total middleware"", db.total;dur=131;desc=""DB total"", db.count;dur=7;desc=""Query count"", db.first;dur=0;desc=""First query at"", db.last;dur=81;desc=""Last query at"", cache.hit;dur=2;desc=""Cache hits"", cache.miss;dur=6;desc=""Cache misses"" | D1_layout;dur=29.0;desc=""D1:layout"", D1_posts;dur=61.0;desc=""D1:posts"", D1_all-tags;dur=20.0;desc=""D1:all-tags"", total;dur=81.0;desc=""total"" | cfEdge;dur=146,cfOrigin;dur=0"
2026-10-05T22:28:40Z,after,browser,/posts/architektura-emdash-typescript-astro,200,MISS,remote-WAW,HAM,107.3,426.4,551.3,319.1,34681,9.0,309.0,0.0,171.0,171.0,6.0,7.0,"rt;dur=0;desc=""Runtime init"", render;dur=171;desc=""Page render"", mw;dur=171;desc=""Total middleware"", db.total;dur=309;desc=""DB total"", db.count;dur=9;desc=""Query count"", db.first;dur=0;desc=""First query at"", db.last;dur=171;desc=""Last query at"", cache.hit;dur=6;desc=""Cache hits"", cache.miss;dur=7;desc=""Cache misses"" | D1_layout;dur=45.0;desc=""D1:layout"", D1_entry+recent;dur=76.0;desc=""D1:entry+recent"", D1_tags;dur=95.0;desc=""D1:tags"", total;dur=171.0;desc=""total"" | cfEdge;dur=253,cfOrigin;dur=0"
2026-10-05T22:28:41Z,after,curl,/posts/,200,MISS,remote-WAW,HAM,176.3,391.6,398.2,215.3,36896,7.0,158.0,0.0,100.0,100.0,2.0,6.0,"rt;dur=0;desc=""Runtime init"", render;dur=100;desc=""Page render"", mw;dur=100;desc=""Total middleware"", db.total;dur=158;desc=""DB total"", db.count;dur=7;desc=""Query count"", db.first;dur=0;desc=""First query at"", db.last;dur=100;desc=""Last query at"", cache.hit;dur=2;desc=""Cache hits"", cache.miss;dur=6;desc=""Cache misses"" | D1_layout;dur=40.0;desc=""D1:layout"", D1_posts;dur=82.0;desc=""D1:posts"", D1_all-tags;dur=18.0;desc=""D1:all-tags"", total;dur=100.0;desc=""total"""
2026-10-05T22:28:42Z,after,curl,/posts/architektura-emdash-typescript-astro,200,MISS,remote-WAW,HAM,279.1,783.5,784.9,504.4,34338,8.0,223.0,0.0,118.0,118.0,6.0,7.0,"rt;dur=0;desc=""Runtime init"", render;dur=118;desc=""Page render"", mw;dur=118;desc=""Total middleware"", db.total;dur=223;desc=""DB total"", db.count;dur=8;desc=""Query count"", db.first;dur=0;desc=""First query at"", db.last;dur=118;desc=""Last query at"", cache.hit;dur=6;desc=""Cache hits"", cache.miss;dur=7;desc=""Cache misses"" | D1_layout;dur=47.0;desc=""D1:layout"", D1_entry+recent;dur=98.0;desc=""D1:entry+recent"", D1_tags;dur=20.0;desc=""D1:tags"", total;dur=118.0;desc=""total"""
2026-10-05T22:28:42Z,after,curl,/,200,MISS,remote-WAW,HAM,164.9,502.9,519.7,338.0,30961,7.0,141.0,0.0,82.0,82.0,2.0,6.0,"rt;dur=0;desc=""Runtime init"", render;dur=82;desc=""Page render"", mw;dur=82;desc=""Total middleware"", db.total;dur=141;desc=""DB total"", db.count;dur=7;desc=""Query count"", db.first;dur=0;desc=""First query at"", db.last;dur=82;desc=""Last query at"", cache.hit;dur=2;desc=""Cache hits"", cache.miss;dur=6;desc=""Cache misses"" | D1_layout;dur=41.0;desc=""D1:layout"", D1_posts;dur=64.0;desc=""D1:posts"", D1_all-tags;dur=18.0;desc=""D1:all-tags"", total;dur=82.0;desc=""total"""
2026-10-05T22:28:43Z,after,browser,/category/technologia,200,MISS,remote-WAW,HAM,165.3,427.7,428.5,262.4,29700,9.0,223.0,0.0,96.0,96.0,2.0,6.0,"rt;dur=0;desc=""Runtime init"", render;dur=96;desc=""Page render"", mw;dur=96;desc=""Total middleware"", db.total;dur=223;desc=""DB total"", db.count;dur=9;desc=""Query count"", db.first;dur=0;desc=""First query at"", db.last;dur=96;desc=""Last query at"", cache.hit;dur=2;desc=""Cache hits"", cache.miss;dur=6;desc=""Cache misses"" | D1_layout;dur=50.0;desc=""D1:layout"", D1_term+posts;dur=96.0;desc=""D1:term+posts"", total;dur=96.0;desc=""total"" | cfEdge;dur=178,cfOrigin;dur=0"
2026-10-05T22:28:44Z,after,curl,/category/technologia,200,MISS,remote-WAW,HAM,201.9,509.1,518.3,307.2,29309,10.0,236.0,0.0,96.0,96.0,2.0,6.0,"rt;dur=0;desc=""Runtime init"", render;dur=96;desc=""Page render"", mw;dur=96;desc=""Total middleware"", db.total;dur=236;desc=""DB total"", db.count;dur=10;desc=""Query count"", db.first;dur=0;desc=""First query at"", db.last;dur=96;desc=""Last query at"", cache.hit;dur=2;desc=""Cache hits"", cache.miss;dur=6;desc=""Cache misses"" | D1_layout;dur=51.0;desc=""D1:layout"", D1_term+posts;dur=96.0;desc=""D1:term+posts"", total;dur=96.0;desc=""total"""
2026-10-05T22:28:45Z,after,browser,/category/technologia,200,MISS,remote-WAW,HAM,450.0,792.2,793.5,342.2,29676,9.0,226.0,0.0,92.0,92.0,2.0,6.0,"rt;dur=0;desc=""Runtime init"", render;dur=92;desc=""Page render"", mw;dur=92;desc=""Total middleware"", db.total;dur=226;desc=""DB total"", db.count;dur=9;desc=""Query count"", db.first;dur=0;desc=""First query at"", db.last;dur=92;desc=""Last query at"", cache.hit;dur=2;desc=""Cache hits"", cache.miss;dur=6;desc=""Cache misses"" | D1_layout;dur=54.0;desc=""D1:layout"", D1_term+posts;dur=92.0;desc=""D1:term+posts"", total;dur=92.0;desc=""total"" | cfEdge;dur=157,cfOrigin;dur=0"
2026-10-05T22:28:45Z,after,curl,/,200,MISS,remote-WAW,HAM,300.7,509.6,516.6,208.9,30937,7.0,154.0,0.0,93.0,93.0,2.0,6.0,"rt;dur=0;desc=""Runtime init"", render;dur=93;desc=""Page render"", mw;dur=93;desc=""Total middleware"", db.total;dur=154;desc=""DB total"", db.count;dur=7;desc=""Query count"", db.first;dur=0;desc=""First query at"", db.last;dur=93;desc=""Last query at"", cache.hit;dur=2;desc=""Cache hits"", cache.miss;dur=6;desc=""Cache misses"" | D1_layout;dur=36.0;desc=""D1:layout"", D1_posts;dur=70.0;desc=""D1:posts"", D1_all-tags;dur=23.0;desc=""D1:all-tags"", total;dur=93.0;desc=""total"""
2026-10-05T22:28:46Z,after,curl,/category/technologia,200,MISS,remote-WAW,HAM,172.0,430.4,431.1,258.4,29309,9.0,190.0,0.0,81.0,81.0,2.0,6.0,"rt;dur=0;desc=""Runtime init"", render;dur=81;desc=""Page render"", mw;dur=81;desc=""Total middleware"", db.total;dur=190;desc=""DB total"", db.count;dur=9;desc=""Query count"", db.first;dur=0;desc=""First query at"", db.last;dur=81;desc=""Last query at"", cache.hit;dur=2;desc=""Cache hits"", cache.miss;dur=6;desc=""Cache misses"" | D1_layout;dur=45.0;desc=""D1:layout"", D1_term+posts;dur=81.0;desc=""D1:term+posts"", total;dur=81.0;desc=""total"""
2026-10-05T22:28:47Z,after,browser,/posts/,200,MISS,remote-WAW,HAM,94.9,334.3,343.9,239.4,37268,7.0,203.0,0.0,126.0,126.0,2.0,6.0,"rt;dur=0;desc=""Runtime init"", render;dur=126;desc=""Page render"", mw;dur=126;desc=""Total middleware"", db.total;dur=203;desc=""DB total"", db.count;dur=7;desc=""Query count"", db.first;dur=0;desc=""First query at"", db.last;dur=126;desc=""Last query at"", cache.hit;dur=2;desc=""Cache hits"", cache.miss;dur=6;desc=""Cache misses"" | D1_layout;dur=47.0;desc=""D1:layout"", D1_posts;dur=104.0;desc=""D1:posts"", D1_all-tags;dur=22.0;desc=""D1:all-tags"", total;dur=126.0;desc=""total"" | cfEdge;dur=195,cfOrigin;dur=0"
2026-10-05T22:28:47Z,after,curl,/posts/,200,MISS,remote-WAW,HAM,102.9,337.5,346.1,234.6,36908,8.0,190.0,0.0,105.0,105.0,2.0,6.0,"rt;dur=0;desc=""Runtime init"", render;dur=105;desc=""Page render"", mw;dur=105;desc=""Total middleware"", db.total;dur=190;desc=""DB total"", db.count;dur=8;desc=""Query count"", db.first;dur=0;desc=""First query at"", db.last;dur=105;desc=""Last query at"", cache.hit;dur=2;desc=""Cache hits"", cache.miss;dur=6;desc=""Cache misses"" | D1_layout;dur=38.0;desc=""D1:layout"", D1_posts;dur=84.0;desc=""D1:posts"", D1_all-tags;dur=21.0;desc=""D1:all-tags"", total;dur=105.0;desc=""total"""
2026-10-05T22:28:48Z,after,browser,/,200,MISS,remote-WAW,HAM,99.7,316.2,320.8,216.5,31316,7.0,167.0,0.0,97.0,97.0,2.0,6.0,"rt;dur=0;desc=""Runtime init"", render;dur=97;desc=""Page render"", mw;dur=97;desc=""Total middleware"", db.total;dur=167;desc=""DB total"", db.count;dur=7;desc=""Query count"", db.first;dur=0;desc=""First query at"", db.last;dur=97;desc=""Last query at"", cache.hit;dur=2;desc=""Cache hits"", cache.miss;dur=6;desc=""Cache misses"" | D1_layout;dur=44.0;desc=""D1:layout"", D1_posts;dur=80.0;desc=""D1:posts"", D1_all-tags;dur=17.0;desc=""D1:all-tags"", total;dur=97.0;desc=""total"" | cfEdge;dur=169,cfOrigin;dur=0"
2026-10-05T22:28:48Z,after,browser,/posts/architektura-emdash-typescript-astro,200,MISS,remote-WAW,HAM,92.5,339.1,382.5,246.6,34678,8.0,249.0,0.0,129.0,129.0,6.0,7.0,"rt;dur=0;desc=""Runtime init"", render;dur=129;desc=""Page render"", mw;dur=129;desc=""Total middleware"", db.total;dur=249;desc=""DB total"", db.count;dur=8;desc=""Query count"", db.first;dur=0;desc=""First query at"", db.last;dur=129;desc=""Last query at"", cache.hit;dur=6;desc=""Cache hits"", cache.miss;dur=7;desc=""Cache misses"" | D1_layout;dur=51.0;desc=""D1:layout"", D1_entry+recent;dur=111.0;desc=""D1:entry+recent"", D1_tags;dur=18.0;desc=""D1:tags"", total;dur=129.0;desc=""total"" | cfEdge;dur=200,cfOrigin;dur=0"
2026-10-05T22:28:49Z,after,curl,/posts/architektura-emdash-typescript-astro,200,MISS,remote-WAW,HAM,173.1,534.0,632.4,360.9,34319,8.0,331.0,0.0,241.0,241.0,6.0,7.0,"rt;dur=0;desc=""Runtime init"", render;dur=241;desc=""Page render"", mw;dur=241;desc=""Total middleware"", db.total;dur=331;desc=""DB total"", db.count;dur=8;desc=""Query count"", db.first;dur=0;desc=""First query at"", db.last;dur=241;desc=""Last query at"", cache.hit;dur=6;desc=""Cache hits"", cache.miss;dur=7;desc=""Cache misses"" | D1_layout;dur=46.0;desc=""D1:layout"", D1_entry+recent;dur=223.0;desc=""D1:entry+recent"", D1_tags;dur=18.0;desc=""D1:tags"", total;dur=241.0;desc=""total"""
2026-10-05T22:28:50Z,after,browser,/category/technologia,200,MISS,remote-WAW,HAM,96.5,297.4,299.8,200.9,29684,9.0,197.0,0.0,82.0,82.0,2.0,6.0,"rt;dur=0;desc=""Runtime init"", render;dur=82;desc=""Page render"", mw;dur=82;desc=""Total middleware"", db.total;dur=197;desc=""DB total"", db.count;dur=9;desc=""Query count"", db.first;dur=0;desc=""First query at"", db.last;dur=82;desc=""Last query at"", cache.hit;dur=2;desc=""Cache hits"", cache.miss;dur=6;desc=""Cache misses"" | D1_layout;dur=45.0;desc=""D1:layout"", D1_term+posts;dur=82.0;desc=""D1:term+posts"", total;dur=82.0;desc=""total"" | cfEdge;dur=150,cfOrigin;dur=0"
2026-10-05T22:28:50Z,after,curl,/category/technologia,200,MISS,remote-WAW,HAM,84.1,311.9,317.4,227.8,29314,9.0,263.0,0.0,102.0,102.0,2.0,6.0,"rt;dur=0;desc=""Runtime init"", render;dur=102;desc=""Page render"", mw;dur=102;desc=""Total middleware"", db.total;dur=263;desc=""DB total"", db.count;dur=9;desc=""Query count"", db.first;dur=0;desc=""First query at"", db.last;dur=102;desc=""Last query at"", cache.hit;dur=2;desc=""Cache hits"", cache.miss;dur=6;desc=""Cache misses"" | D1_layout;dur=61.0;desc=""D1:layout"", D1_term+posts;dur=102.0;desc=""D1:term+posts"", total;dur=102.0;desc=""total"""
2026-10-05T22:28:51Z,after,curl,/posts/architektura-emdash-typescript-astro,200,MISS,remote-WAW,HAM,94.2,315.3,487.8,221.1,34314,8.0,193.0,0.0,96.0,96.0,6.0,7.0,"rt;dur=0;desc=""Runtime init"", render;dur=96;desc=""Page render"", mw;dur=96;desc=""Total middleware"", db.total;dur=193;desc=""DB total"", db.count;dur=8;desc=""Query count"", db.first;dur=0;desc=""First query at"", db.last;dur=96;desc=""Last query at"", cache.hit;dur=6;desc=""Cache hits"", cache.miss;dur=7;desc=""Cache misses"" | D1_layout;dur=42.0;desc=""D1:layout"", D1_entry+recent;dur=75.0;desc=""D1:entry+recent"", D1_tags;dur=21.0;desc=""D1:tags"", total;dur=96.0;desc=""total"""
2026-10-05T22:28:52Z,after,curl,/,200,MISS,remote-WAW,HAM,157.0,397.8,410.5,240.8,30945,7.0,171.0,0.0,112.0,112.0,2.0,6.0,"rt;dur=0;desc=""Runtime init"", render;dur=112;desc=""Page render"", mw;dur=112;desc=""Total middleware"", db.total;dur=171;desc=""DB total"", db.count;dur=7;desc=""Query count"", db.first;dur=0;desc=""First query at"", db.last;dur=112;desc=""Last query at"", cache.hit;dur=2;desc=""Cache hits"", cache.miss;dur=6;desc=""Cache misses"" | D1_layout;dur=36.0;desc=""D1:layout"", D1_posts;dur=91.0;desc=""D1:posts"", D1_all-tags;dur=21.0;desc=""D1:all-tags"", total;dur=112.0;desc=""total"""
2026-10-05T22:28:53Z,after,browser,/posts/architektura-emdash-typescript-astro,200,MISS,remote-WAW,HAM,293.2,636.1,687.6,342.9,34693,8.0,189.0,0.0,92.0,92.0,6.0,7.0,"rt;dur=0;desc=""Runtime init"", render;dur=92;desc=""Page render"", mw;dur=92;desc=""Total middleware"", db.total;dur=189;desc=""DB total"", db.count;dur=8;desc=""Query count"", db.first;dur=0;desc=""First query at"", db.last;dur=92;desc=""Last query at"", cache.hit;dur=6;desc=""Cache hits"", cache.miss;dur=7;desc=""Cache misses"" | D1_layout;dur=43.0;desc=""D1:layout"", D1_entry+recent;dur=72.0;desc=""D1:entry+recent"", D1_tags;dur=20.0;desc=""D1:tags"", total;dur=92.0;desc=""total"" | cfEdge;dur=172,cfOrigin;dur=0"
2026-10-05T22:28:53Z,after,curl,/posts/,200,MISS,remote-WAW,HAM,220.1,662.7,682.1,442.6,36913,7.0,381.0,0.0,303.0,303.0,2.0,6.0,"rt;dur=0;desc=""Runtime init"", render;dur=303;desc=""Page render"", mw;dur=303;desc=""Total middleware"", db.total;dur=381;desc=""DB total"", db.count;dur=7;desc=""Query count"", db.first;dur=0;desc=""First query at"", db.last;dur=303;desc=""Last query at"", cache.hit;dur=2;desc=""Cache hits"", cache.miss;dur=6;desc=""Cache misses"" | D1_layout;dur=50.0;desc=""D1:layout"", D1_posts;dur=281.0;desc=""D1:posts"", D1_all-tags;dur=22.0;desc=""D1:all-tags"", total;dur=303.0;desc=""total"""
2026-10-05T22:28:54Z,after,browser,/,200,MISS,remote-WAW,HAM,109.2,354.2,358.0,245.0,31320,7.0,164.0,0.0,94.0,94.0,2.0,6.0,"rt;dur=0;desc=""Runtime init"", render;dur=94;desc=""Page render"", mw;dur=94;desc=""Total middleware"", db.total;dur=164;desc=""DB total"", db.count;dur=7;desc=""Query count"", db.first;dur=0;desc=""First query at"", db.last;dur=94;desc=""Last query at"", cache.hit;dur=2;desc=""Cache hits"", cache.miss;dur=6;desc=""Cache misses"" | D1_layout;dur=44.0;desc=""D1:layout"", D1_posts;dur=73.0;desc=""D1:posts"", D1_all-tags;dur=21.0;desc=""D1:all-tags"", total;dur=94.0;desc=""total"" | cfEdge;dur=162,cfOrigin;dur=0"
2026-10-05T22:28:55Z,after,browser,/posts/,200,MISS,remote-WAW,HAM,90.8,376.6,386.6,285.8,37271,7.0,159.0,0.0,91.0,91.0,2.0,6.0,"rt;dur=0;desc=""Runtime init"", render;dur=91;desc=""Page render"", mw;dur=91;desc=""Total middleware"", db.total;dur=159;desc=""DB total"", db.count;dur=7;desc=""Query count"", db.first;dur=0;desc=""First query at"", db.last;dur=91;desc=""Last query at"", cache.hit;dur=2;desc=""Cache hits"", cache.miss;dur=6;desc=""Cache misses"" | D1_layout;dur=43.0;desc=""D1:layout"", D1_posts;dur=72.0;desc=""D1:posts"", D1_all-tags;dur=19.0;desc=""D1:all-tags"", total;dur=91.0;desc=""total"" | cfEdge;dur=155,cfOrigin;dur=0"
2026-10-05T22:28:57Z,after,curl,/posts/architektura-emdash-typescript-astro,200,MISS,remote-WAW,HAM,753.7,1659.0,1678.0,905.3,34319,8.0,411.0,0.0,319.0,319.0,6.0,7.0,"rt;dur=0;desc=""Runtime init"", render;dur=319;desc=""Page render"", mw;dur=319;desc=""Total middleware"", db.total;dur=411;desc=""DB total"", db.count;dur=8;desc=""Query count"", db.first;dur=0;desc=""First query at"", db.last;dur=319;desc=""Last query at"", cache.hit;dur=6;desc=""Cache hits"", cache.miss;dur=7;desc=""Cache misses"" | D1_layout;dur=41.0;desc=""D1:layout"", D1_entry+recent;dur=295.0;desc=""D1:entry+recent"", D1_tags;dur=24.0;desc=""D1:tags"", total;dur=319.0;desc=""total"""
2026-10-05T22:29:01Z,after,curl,/posts/,200,MISS,remote-WAW,HAM,2384.5,3955.3,3965.2,1570.8,36908,7.0,176.0,0.0,109.0,109.0,2.0,6.0,"rt;dur=0;desc=""Runtime init"", render;dur=109;desc=""Page render"", mw;dur=109;desc=""Total middleware"", db.total;dur=176;desc=""DB total"", db.count;dur=7;desc=""Query count"", db.first;dur=0;desc=""First query at"", db.last;dur=109;desc=""Last query at"", cache.hit;dur=2;desc=""Cache hits"", cache.miss;dur=6;desc=""Cache misses"" | D1_layout;dur=46.0;desc=""D1:layout"", D1_posts;dur=88.0;desc=""D1:posts"", D1_all-tags;dur=21.0;desc=""D1:all-tags"", total;dur=109.0;desc=""total"""
2026-10-05T22:29:05Z,after,curl,/category/technologia,200,MISS,remote-WAW,HAM,2659.6,4259.9,4262.2,1600.3,29318,9.0,224.0,0.0,101.0,101.0,2.0,6.0,"rt;dur=0;desc=""Runtime init"", render;dur=101;desc=""Page render"", mw;dur=101;desc=""Total middleware"", db.total;dur=224;desc=""DB total"", db.count;dur=9;desc=""Query count"", db.first;dur=0;desc=""First query at"", db.last;dur=101;desc=""Last query at"", cache.hit;dur=2;desc=""Cache hits"", cache.miss;dur=6;desc=""Cache misses"" | D1_layout;dur=51.0;desc=""D1:layout"", D1_term+posts;dur=101.0;desc=""D1:term+posts"", total;dur=101.0;desc=""total"""
2026-10-05T22:29:08Z,after,browser,/category/technologia,200,MISS,remote-WAW,HAM,1928.2,2880.3,2888.3,952.1,29676,9.0,210.0,0.0,92.0,92.0,2.0,6.0,"rt;dur=0;desc=""Runtime init"", render;dur=92;desc=""Page render"", mw;dur=92;desc=""Total middleware"", db.total;dur=210;desc=""DB total"", db.count;dur=9;desc=""Query count"", db.first;dur=0;desc=""First query at"", db.last;dur=92;desc=""Last query at"", cache.hit;dur=2;desc=""Cache hits"", cache.miss;dur=6;desc=""Cache misses"" | D1_layout;dur=46.0;desc=""D1:layout"", D1_term+posts;dur=92.0;desc=""D1:term+posts"", total;dur=92.0;desc=""total"" | cfEdge;dur=158,cfOrigin;dur=0"
2026-10-05T22:29:12Z,after,browser,/posts/,200,MISS,remote-WAW,HAM,2136.2,3167.3,3220.4,1031.1,37287,7.0,151.0,0.0,86.0,86.0,2.0,6.0,"rt;dur=0;desc=""Runtime init"", render;dur=86;desc=""Page render"", mw;dur=86;desc=""Total middleware"", db.total;dur=151;desc=""DB total"", db.count;dur=7;desc=""Query count"", db.first;dur=0;desc=""First query at"", db.last;dur=86;desc=""Last query at"", cache.hit;dur=2;desc=""Cache hits"", cache.miss;dur=6;desc=""Cache misses"" | D1_layout;dur=40.0;desc=""D1:layout"", D1_posts;dur=65.0;desc=""D1:posts"", D1_all-tags;dur=21.0;desc=""D1:all-tags"", total;dur=86.0;desc=""total"" | cfEdge;dur=157,cfOrigin;dur=0"
2026-10-05T22:29:16Z,after,browser,/,200,MISS,remote-WAW,HAM,1967.9,3545.9,3549.5,1578.0,31304,7.0,158.0,0.0,95.0,95.0,2.0,6.0,"rt;dur=0;desc=""Runtime init"", render;dur=95;desc=""Page render"", mw;dur=95;desc=""Total middleware"", db.total;dur=158;desc=""DB total"", db.count;dur=7;desc=""Query count"", db.first;dur=0;desc=""First query at"", db.last;dur=95;desc=""Last query at"", cache.hit;dur=2;desc=""Cache hits"", cache.miss;dur=6;desc=""Cache misses"" | D1_layout;dur=40.0;desc=""D1:layout"", D1_posts;dur=73.0;desc=""D1:posts"", D1_all-tags;dur=22.0;desc=""D1:all-tags"", total;dur=95.0;desc=""total"" | cfEdge;dur=169,cfOrigin;dur=0"
2026-10-05T22:29:19Z,after,curl,/,200,MISS,remote-WAW,HAM,2353.9,3509.4,3523.4,1155.5,30937,8.0,218.0,0.0,101.0,101.0,2.0,6.0,"rt;dur=0;desc=""Runtime init"", render;dur=101;desc=""Page render"", mw;dur=101;desc=""Total middleware"", db.total;dur=218;desc=""DB total"", db.count;dur=8;desc=""Query count"", db.first;dur=0;desc=""First query at"", db.last;dur=101;desc=""Last query at"", cache.hit;dur=2;desc=""Cache hits"", cache.miss;dur=6;desc=""Cache misses"" | D1_layout;dur=48.0;desc=""D1:layout"", D1_posts;dur=80.0;desc=""D1:posts"", D1_all-tags;dur=21.0;desc=""D1:all-tags"", total;dur=101.0;desc=""total"""
2026-10-05T22:29:23Z,after,browser,/posts/architektura-emdash-typescript-astro,200,MISS,remote-WAW,HAM,2101.4,3140.2,3188.4,1038.8,34705,9.0,276.0,0.0,108.0,108.0,6.0,7.0,"rt;dur=0;desc=""Runtime init"", render;dur=108;desc=""Page render"", mw;dur=108;desc=""Total middleware"", db.total;dur=276;desc=""DB total"", db.count;dur=9;desc=""Query count"", db.first;dur=0;desc=""First query at"", db.last;dur=108;desc=""Last query at"", cache.hit;dur=6;desc=""Cache hits"", cache.miss;dur=7;desc=""Cache misses"" | D1_layout;dur=51.0;desc=""D1:layout"", D1_entry+recent;dur=84.0;desc=""D1:entry+recent"", D1_tags;dur=24.0;desc=""D1:tags"", total;dur=108.0;desc=""total"" | cfEdge;dur=183,cfOrigin;dur=0"
2026-10-05T22:29:27Z,after,browser,/category/technologia,200,MISS,remote-WAW,HAM,2862.3,3917.7,3928.0,1055.4,29676,9.0,227.0,0.0,95.0,95.0,2.0,6.0,"rt;dur=0;desc=""Runtime init"", render;dur=95;desc=""Page render"", mw;dur=95;desc=""Total middleware"", db.total;dur=227;desc=""DB total"", db.count;dur=9;desc=""Query count"", db.first;dur=0;desc=""First query at"", db.last;dur=95;desc=""Last query at"", cache.hit;dur=2;desc=""Cache hits"", cache.miss;dur=6;desc=""Cache misses"" | D1_layout;dur=49.0;desc=""D1:layout"", D1_term+posts;dur=95.0;desc=""D1:term+posts"", total;dur=95.0;desc=""total"" | cfEdge;dur=162,cfOrigin;dur=0"
2026-10-05T22:29:28Z,after,curl,/,200,MISS,remote-WAW,HAM,359.9,574.7,583.1,214.8,30945,7.0,172.0,0.0,101.0,101.0,2.0,6.0,"rt;dur=0;desc=""Runtime init"", render;dur=101;desc=""Page render"", mw;dur=101;desc=""Total middleware"", db.total;dur=172;desc=""DB total"", db.count;dur=7;desc=""Query count"", db.first;dur=0;desc=""First query at"", db.last;dur=101;desc=""Last query at"", cache.hit;dur=2;desc=""Cache hits"", cache.miss;dur=6;desc=""Cache misses"" | D1_layout;dur=42.0;desc=""D1:layout"", D1_posts;dur=82.0;desc=""D1:posts"", D1_all-tags;dur=19.0;desc=""D1:all-tags"", total;dur=101.0;desc=""total"""
2026-10-05T22:29:29Z,after,browser,/posts/architektura-emdash-typescript-astro,200,MISS,remote-WAW,HAM,92.3,300.3,475.6,208.0,34709,8.0,195.0,0.0,94.0,94.0,6.0,7.0,"rt;dur=0;desc=""Runtime init"", render;dur=94;desc=""Page render"", mw;dur=94;desc=""Total middleware"", db.total;dur=195;desc=""DB total"", db.count;dur=8;desc=""Query count"", db.first;dur=0;desc=""First query at"", db.last;dur=94;desc=""Last query at"", cache.hit;dur=6;desc=""Cache hits"", cache.miss;dur=7;desc=""Cache misses"" | D1_layout;dur=43.0;desc=""D1:layout"", D1_entry+recent;dur=74.0;desc=""D1:entry+recent"", D1_tags;dur=20.0;desc=""D1:tags"", total;dur=94.0;desc=""total"" | cfEdge;dur=162,cfOrigin;dur=0"
2026-10-05T22:29:29Z,after,curl,/posts/,200,MISS,remote-WAW,HAM,189.4,411.5,424.2,222.1,36904,8.0,181.0,0.0,98.0,98.0,2.0,6.0,"rt;dur=0;desc=""Runtime init"", render;dur=98;desc=""Page render"", mw;dur=98;desc=""Total middleware"", db.total;dur=181;desc=""DB total"", db.count;dur=8;desc=""Query count"", db.first;dur=0;desc=""First query at"", db.last;dur=98;desc=""Last query at"", cache.hit;dur=2;desc=""Cache hits"", cache.miss;dur=6;desc=""Cache misses"" | D1_layout;dur=41.0;desc=""D1:layout"", D1_posts;dur=75.0;desc=""D1:posts"", D1_all-tags;dur=23.0;desc=""D1:all-tags"", total;dur=98.0;desc=""total"""
2026-10-05T22:29:30Z,after,browser,/,200,MISS,remote-WAW,HAM,169.7,406.1,414.3,236.4,31312,7.0,181.0,0.0,106.0,106.0,2.0,6.0,"rt;dur=0;desc=""Runtime init"", render;dur=106;desc=""Page render"", mw;dur=106;desc=""Total middleware"", db.total;dur=181;desc=""DB total"", db.count;dur=7;desc=""Query count"", db.first;dur=0;desc=""First query at"", db.last;dur=106;desc=""Last query at"", cache.hit;dur=2;desc=""Cache hits"", cache.miss;dur=6;desc=""Cache misses"" | D1_layout;dur=45.0;desc=""D1:layout"", D1_posts;dur=85.0;desc=""D1:posts"", D1_all-tags;dur=21.0;desc=""D1:all-tags"", total;dur=106.0;desc=""total"" | cfEdge;dur=181,cfOrigin;dur=0"
2026-10-05T22:29:31Z,after,curl,/posts/architektura-emdash-typescript-astro,200,MISS,remote-WAW,HAM,173.3,373.9,570.8,200.6,34330,8.0,175.0,0.0,83.0,83.0,6.0,7.0,"rt;dur=0;desc=""Runtime init"", render;dur=83;desc=""Page render"", mw;dur=83;desc=""Total middleware"", db.total;dur=175;desc=""DB total"", db.count;dur=8;desc=""Query count"", db.first;dur=0;desc=""First query at"", db.last;dur=83;desc=""Last query at"", cache.hit;dur=6;desc=""Cache hits"", cache.miss;dur=7;desc=""Cache misses"" | D1_layout;dur=37.0;desc=""D1:layout"", D1_entry+recent;dur=65.0;desc=""D1:entry+recent"", D1_tags;dur=18.0;desc=""D1:tags"", total;dur=83.0;desc=""total"""
2026-10-05T22:29:31Z,after,curl,/category/technologia,200,MISS,remote-WAW,HAM,128.4,336.1,387.7,207.7,29305,9.0,198.0,0.0,90.0,90.0,2.0,6.0,"rt;dur=0;desc=""Runtime init"", render;dur=90;desc=""Page render"", mw;dur=90;desc=""Total middleware"", db.total;dur=198;desc=""DB total"", db.count;dur=9;desc=""Query count"", db.first;dur=0;desc=""First query at"", db.last;dur=90;desc=""Last query at"", cache.hit;dur=2;desc=""Cache hits"", cache.miss;dur=6;desc=""Cache misses"" | D1_layout;dur=38.0;desc=""D1:layout"", D1_term+posts;dur=90.0;desc=""D1:term+posts"", total;dur=90.0;desc=""total"""
2026-10-05T22:29:32Z,after,browser,/posts/,200,MISS,remote-WAW,HAM,86.1,375.9,376.7,289.8,37271,7.0,165.0,0.0,91.0,91.0,2.0,6.0,"rt;dur=0;desc=""Runtime init"", render;dur=91;desc=""Page render"", mw;dur=91;desc=""Total middleware"", db.total;dur=165;desc=""DB total"", db.count;dur=7;desc=""Query count"", db.first;dur=0;desc=""First query at"", db.last;dur=91;desc=""Last query at"", cache.hit;dur=2;desc=""Cache hits"", cache.miss;dur=6;desc=""Cache misses"" | D1_layout;dur=43.0;desc=""D1:layout"", D1_posts;dur=72.0;desc=""D1:posts"", D1_all-tags;dur=19.0;desc=""D1:all-tags"", total;dur=91.0;desc=""total"" | cfEdge;dur=155,cfOrigin;dur=0"
2026-10-05T22:29:33Z,after,curl,/posts/,200,MISS,remote-WAW,HAM,298.7,538.9,638.2,240.2,36904,7.0,190.0,0.0,115.0,115.0,2.0,6.0,"rt;dur=0;desc=""Runtime init"", render;dur=115;desc=""Page render"", mw;dur=115;desc=""Total middleware"", db.total;dur=190;desc=""DB total"", db.count;dur=7;desc=""Query count"", db.first;dur=0;desc=""First query at"", db.last;dur=115;desc=""Last query at"", cache.hit;dur=2;desc=""Cache hits"", cache.miss;dur=6;desc=""Cache misses"" | D1_layout;dur=50.0;desc=""D1:layout"", D1_posts;dur=96.0;desc=""D1:posts"", D1_all-tags;dur=19.0;desc=""D1:all-tags"", total;dur=115.0;desc=""total"""
2026-10-05T22:29:34Z,after,curl,/posts/architektura-emdash-typescript-astro,200,MISS,remote-WAW,HAM,290.3,644.4,646.0,354.1,34314,8.0,189.0,0.0,102.0,102.0,6.0,7.0,"rt;dur=0;desc=""Runtime init"", render;dur=102;desc=""Page render"", mw;dur=102;desc=""Total middleware"", db.total;dur=189;desc=""DB total"", db.count;dur=8;desc=""Query count"", db.first;dur=0;desc=""First query at"", db.last;dur=102;desc=""Last query at"", cache.hit;dur=6;desc=""Cache hits"", cache.miss;dur=7;desc=""Cache misses"" | D1_layout;dur=38.0;desc=""D1:layout"", D1_entry+recent;dur=83.0;desc=""D1:entry+recent"", D1_tags;dur=19.0;desc=""D1:tags"", total;dur=102.0;desc=""total"""
2026-10-05T22:29:34Z,after,browser,/category/technologia,200,MISS,remote-WAW,HAM,222.3,472.1,473.5,249.8,29672,9.0,219.0,0.0,96.0,96.0,2.0,6.0,"rt;dur=0;desc=""Runtime init"", render;dur=96;desc=""Page render"", mw;dur=96;desc=""Total middleware"", db.total;dur=219;desc=""DB total"", db.count;dur=9;desc=""Query count"", db.first;dur=0;desc=""First query at"", db.last;dur=96;desc=""Last query at"", cache.hit;dur=2;desc=""Cache hits"", cache.miss;dur=6;desc=""Cache misses"" | D1_layout;dur=46.0;desc=""D1:layout"", D1_term+posts;dur=96.0;desc=""D1:term+posts"", total;dur=96.0;desc=""total"" | cfEdge;dur=165,cfOrigin;dur=0"
2026-10-05T22:29:35Z,after,curl,/,200,MISS,remote-WAW,HAM,295.5,605.7,612.5,310.2,30949,7.0,199.0,0.0,117.0,117.0,2.0,6.0,"rt;dur=0;desc=""Runtime init"", render;dur=117;desc=""Page render"", mw;dur=117;desc=""Total middleware"", db.total;dur=199;desc=""DB total"", db.count;dur=7;desc=""Query count"", db.first;dur=0;desc=""First query at"", db.last;dur=117;desc=""Last query at"", cache.hit;dur=2;desc=""Cache hits"", cache.miss;dur=6;desc=""Cache misses"" | D1_layout;dur=54.0;desc=""D1:layout"", D1_posts;dur=93.0;desc=""D1:posts"", D1_all-tags;dur=24.0;desc=""D1:all-tags"", total;dur=117.0;desc=""total"""
2026-10-05T22:29:36Z,after,browser,/posts/architektura-emdash-typescript-astro,200,MISS,remote-WAW,HAM,337.2,687.7,709.4,350.5,34697,8.0,201.0,0.0,96.0,96.0,6.0,7.0,"rt;dur=0;desc=""Runtime init"", render;dur=96;desc=""Page render"", mw;dur=96;desc=""Total middleware"", db.total;dur=201;desc=""DB total"", db.count;dur=8;desc=""Query count"", db.first;dur=0;desc=""First query at"", db.last;dur=96;desc=""Last query at"", cache.hit;dur=6;desc=""Cache hits"", cache.miss;dur=7;desc=""Cache misses"" | D1_layout;dur=44.0;desc=""D1:layout"", D1_entry+recent;dur=76.0;desc=""D1:entry+recent"", D1_tags;dur=20.0;desc=""D1:tags"", total;dur=96.0;desc=""total"" | cfEdge;dur=174,cfOrigin;dur=0"
2026-10-05T22:29:37Z,after,browser,/,200,MISS,remote-WAW,HAM,272.2,484.3,492.6,212.1,31312,7.0,184.0,0.0,108.0,108.0,2.0,6.0,"rt;dur=0;desc=""Runtime init"", render;dur=108;desc=""Page render"", mw;dur=108;desc=""Total middleware"", db.total;dur=184;desc=""DB total"", db.count;dur=7;desc=""Query count"", db.first;dur=0;desc=""First query at"", db.last;dur=108;desc=""Last query at"", cache.hit;dur=2;desc=""Cache hits"", cache.miss;dur=6;desc=""Cache misses"" | D1_layout;dur=50.0;desc=""D1:layout"", D1_posts;dur=87.0;desc=""D1:posts"", D1_all-tags;dur=21.0;desc=""D1:all-tags"", total;dur=108.0;desc=""total"" | cfEdge;dur=172,cfOrigin;dur=0"
2026-10-05T22:29:38Z,after,curl,/category/technologia,200,MISS,remote-WAW,HAM,87.8,389.5,390.1,301.7,29321,9.0,211.0,0.0,92.0,92.0,2.0,6.0,"rt;dur=0;desc=""Runtime init"", render;dur=92;desc=""Page render"", mw;dur=92;desc=""Total middleware"", db.total;dur=211;desc=""DB total"", db.count;dur=9;desc=""Query count"", db.first;dur=0;desc=""First query at"", db.last;dur=92;desc=""Last query at"", cache.hit;dur=2;desc=""Cache hits"", cache.miss;dur=6;desc=""Cache misses"" | D1_layout;dur=48.0;desc=""D1:layout"", D1_term+posts;dur=92.0;desc=""D1:term+posts"", total;dur=92.0;desc=""total"""
2026-10-05T22:29:38Z,after,browser,/posts/,200,MISS,remote-WAW,HAM,89.2,308.7,317.4,219.5,37267,7.0,182.0,0.0,106.0,106.0,2.0,6.0,"rt;dur=0;desc=""Runtime init"", render;dur=106;desc=""Page render"", mw;dur=106;desc=""Total middleware"", db.total;dur=182;desc=""DB total"", db.count;dur=7;desc=""Query count"", db.first;dur=0;desc=""First query at"", db.last;dur=106;desc=""Last query at"", cache.hit;dur=2;desc=""Cache hits"", cache.miss;dur=6;desc=""Cache misses"" | D1_layout;dur=46.0;desc=""D1:layout"", D1_posts;dur=87.0;desc=""D1:posts"", D1_all-tags;dur=19.0;desc=""D1:all-tags"", total;dur=106.0;desc=""total"" | cfEdge;dur=171,cfOrigin;dur=0"
2026-10-05T22:29:39Z,after,curl,/,200,MISS,remote-WAW,HAM,113.8,407.8,415.3,294.0,30949,7.0,181.0,0.0,112.0,112.0,2.0,6.0,"rt;dur=0;desc=""Runtime init"", render;dur=112;desc=""Page render"", mw;dur=112;desc=""Total middleware"", db.total;dur=181;desc=""DB total"", db.count;dur=7;desc=""Query count"", db.first;dur=0;desc=""First query at"", db.last;dur=112;desc=""Last query at"", cache.hit;dur=2;desc=""Cache hits"", cache.miss;dur=6;desc=""Cache misses"" | D1_layout;dur=35.0;desc=""D1:layout"", D1_posts;dur=82.0;desc=""D1:posts"", D1_all-tags;dur=30.0;desc=""D1:all-tags"", total;dur=112.0;desc=""total"""
2026-10-05T22:29:39Z,after,curl,/posts/architektura-emdash-typescript-astro,200,MISS,remote-WAW,HAM,208.1,432.3,488.0,224.2,34342,8.0,183.0,0.0,99.0,99.0,6.0,7.0,"rt;dur=0;desc=""Runtime init"", render;dur=99;desc=""Page render"", mw;dur=99;desc=""Total middleware"", db.total;dur=183;desc=""DB total"", db.count;dur=8;desc=""Query count"", db.first;dur=0;desc=""First query at"", db.last;dur=99;desc=""Last query at"", cache.hit;dur=6;desc=""Cache hits"", cache.miss;dur=7;desc=""Cache misses"" | D1_layout;dur=34.0;desc=""D1:layout"", D1_entry+recent;dur=81.0;desc=""D1:entry+recent"", D1_tags;dur=18.0;desc=""D1:tags"", total;dur=99.0;desc=""total"""
2026-10-05T22:29:40Z,after,browser,/category/technologia,200,MISS,remote-WAW,HAM,87.8,298.4,305.2,210.6,29677,9.0,229.0,0.0,105.0,105.0,2.0,6.0,"rt;dur=0;desc=""Runtime init"", render;dur=105;desc=""Page render"", mw;dur=105;desc=""Total middleware"", db.total;dur=229;desc=""DB total"", db.count;dur=9;desc=""Query count"", db.first;dur=0;desc=""First query at"", db.last;dur=105;desc=""Last query at"", cache.hit;dur=2;desc=""Cache hits"", cache.miss;dur=6;desc=""Cache misses"" | D1_layout;dur=44.0;desc=""D1:layout"", D1_term+posts;dur=105.0;desc=""D1:term+posts"", total;dur=105.0;desc=""total"" | cfEdge;dur=174,cfOrigin;dur=0"
2026-10-05T22:29:41Z,after,browser,/posts/architektura-emdash-typescript-astro,200,MISS,remote-WAW,HAM,90.3,521.4,587.8,431.1,34678,8.0,413.0,0.0,302.0,302.0,6.0,7.0,"rt;dur=0;desc=""Runtime init"", render;dur=302;desc=""Page render"", mw;dur=302;desc=""Total middleware"", db.total;dur=413;desc=""DB total"", db.count;dur=8;desc=""Query count"", db.first;dur=0;desc=""First query at"", db.last;dur=302;desc=""Last query at"", cache.hit;dur=6;desc=""Cache hits"", cache.miss;dur=7;desc=""Cache misses"" | D1_layout;dur=52.0;desc=""D1:layout"", D1_entry+recent;dur=280.0;desc=""D1:entry+recent"", D1_tags;dur=22.0;desc=""D1:tags"", total;dur=302.0;desc=""total"" | cfEdge;dur=379,cfOrigin;dur=0"
2026-10-05T22:29:41Z,after,curl,/posts/,200,MISS,remote-WAW,HAM,187.7,408.1,418.6,220.4,36912,7.0,173.0,0.0,102.0,102.0,2.0,6.0,"rt;dur=0;desc=""Runtime init"", render;dur=102;desc=""Page render"", mw;dur=102;desc=""Total middleware"", db.total;dur=173;desc=""DB total"", db.count;dur=7;desc=""Query count"", db.first;dur=0;desc=""First query at"", db.last;dur=102;desc=""Last query at"", cache.hit;dur=2;desc=""Cache hits"", cache.miss;dur=6;desc=""Cache misses"" | D1_layout;dur=44.0;desc=""D1:layout"", D1_posts;dur=82.0;desc=""D1:posts"", D1_all-tags;dur=20.0;desc=""D1:all-tags"", total;dur=102.0;desc=""total"""
2026-10-05T22:29:42Z,after,browser,/,200,MISS,remote-WAW,HAM,173.1,391.7,403.5,218.6,31312,7.0,167.0,0.0,98.0,98.0,2.0,6.0,"rt;dur=0;desc=""Runtime init"", render;dur=98;desc=""Page render"", mw;dur=98;desc=""Total middleware"", db.total;dur=167;desc=""DB total"", db.count;dur=7;desc=""Query count"", db.first;dur=0;desc=""First query at"", db.last;dur=98;desc=""Last query at"", cache.hit;dur=2;desc=""Cache hits"", cache.miss;dur=6;desc=""Cache misses"" | D1_layout;dur=40.0;desc=""D1:layout"", D1_posts;dur=81.0;desc=""D1:posts"", D1_all-tags;dur=17.0;desc=""D1:all-tags"", total;dur=98.0;desc=""total"" | cfEdge;dur=169,cfOrigin;dur=0"
2026-10-05T22:29:43Z,after,browser,/posts/,200,MISS,remote-WAW,HAM,111.7,380.5,474.5,268.8,37283,7.0,148.0,0.0,89.0,89.0,2.0,6.0,"rt;dur=0;desc=""Runtime init"", render;dur=89;desc=""Page render"", mw;dur=89;desc=""Total middleware"", db.total;dur=148;desc=""DB total"", db.count;dur=7;desc=""Query count"", db.first;dur=0;desc=""First query at"", db.last;dur=89;desc=""Last query at"", cache.hit;dur=2;desc=""Cache hits"", cache.miss;dur=6;desc=""Cache misses"" | D1_layout;dur=35.0;desc=""D1:layout"", D1_posts;dur=68.0;desc=""D1:posts"", D1_all-tags;dur=21.0;desc=""D1:all-tags"", total;dur=89.0;desc=""total"" | cfEdge;dur=173,cfOrigin;dur=0"
2026-10-05T22:29:43Z,after,curl,/category/technologia,200,MISS,remote-WAW,HAM,100.1,305.5,313.6,205.4,29313,9.0,222.0,0.0,93.0,93.0,2.0,6.0,"rt;dur=0;desc=""Runtime init"", render;dur=93;desc=""Page render"", mw;dur=93;desc=""Total middleware"", db.total;dur=222;desc=""DB total"", db.count;dur=9;desc=""Query count"", db.first;dur=0;desc=""First query at"", db.last;dur=93;desc=""Last query at"", cache.hit;dur=2;desc=""Cache hits"", cache.miss;dur=6;desc=""Cache misses"" | D1_layout;dur=51.0;desc=""D1:layout"", D1_term+posts;dur=93.0;desc=""D1:term+posts"", total;dur=93.0;desc=""total"""
2026-10-05T22:29:44Z,after,browser,/posts/,200,MISS,remote-WAW,HAM,93.3,538.5,546.9,445.2,37280,7.0,400.0,0.0,333.0,333.0,2.0,6.0,"rt;dur=0;desc=""Runtime init"", render;dur=333;desc=""Page render"", mw;dur=333;desc=""Total middleware"", db.total;dur=400;desc=""DB total"", db.count;dur=7;desc=""Query count"", db.first;dur=0;desc=""First query at"", db.last;dur=333;desc=""Last query at"", cache.hit;dur=2;desc=""Cache hits"", cache.miss;dur=6;desc=""Cache misses"" | D1_layout;dur=47.0;desc=""D1:layout"", D1_posts;dur=316.0;desc=""D1:posts"", D1_all-tags;dur=17.0;desc=""D1:all-tags"", total;dur=333.0;desc=""total"" | cfEdge;dur=402,cfOrigin;dur=0"
2026-10-05T22:29:45Z,after,curl,/posts/,200,MISS,remote-WAW,HAM,179.0,410.1,419.2,231.1,36896,7.0,170.0,0.0,111.0,111.0,2.0,6.0,"rt;dur=0;desc=""Runtime init"", render;dur=111;desc=""Page render"", mw;dur=111;desc=""Total middleware"", db.total;dur=170;desc=""DB total"", db.count;dur=7;desc=""Query count"", db.first;dur=0;desc=""First query at"", db.last;dur=111;desc=""Last query at"", cache.hit;dur=2;desc=""Cache hits"", cache.miss;dur=6;desc=""Cache misses"" | D1_layout;dur=35.0;desc=""D1:layout"", D1_posts;dur=93.0;desc=""D1:posts"", D1_all-tags;dur=18.0;desc=""D1:all-tags"", total;dur=111.0;desc=""total"""
2026-10-05T22:29:45Z,after,browser,/,200,MISS,remote-WAW,HAM,96.0,375.6,377.5,279.6,31316,7.0,157.0,0.0,85.0,85.0,2.0,6.0,"rt;dur=0;desc=""Runtime init"", render;dur=85;desc=""Page render"", mw;dur=85;desc=""Total middleware"", db.total;dur=157;desc=""DB total"", db.count;dur=7;desc=""Query count"", db.first;dur=0;desc=""First query at"", db.last;dur=85;desc=""Last query at"", cache.hit;dur=2;desc=""Cache hits"", cache.miss;dur=6;desc=""Cache misses"" | D1_layout;dur=47.0;desc=""D1:layout"", D1_posts;dur=65.0;desc=""D1:posts"", D1_all-tags;dur=20.0;desc=""D1:all-tags"", total;dur=85.0;desc=""total"" | cfEdge;dur=159,cfOrigin;dur=0"
2026-10-05T22:29:46Z,after,curl,/posts/architektura-emdash-typescript-astro,200,MISS,remote-WAW,HAM,94.1,314.8,352.3,220.7,34318,8.0,217.0,0.0,98.0,98.0,6.0,7.0,"rt;dur=0;desc=""Runtime init"", render;dur=98;desc=""Page render"", mw;dur=98;desc=""Total middleware"", db.total;dur=217;desc=""DB total"", db.count;dur=8;desc=""Query count"", db.first;dur=0;desc=""First query at"", db.last;dur=98;desc=""Last query at"", cache.hit;dur=6;desc=""Cache hits"", cache.miss;dur=7;desc=""Cache misses"" | D1_layout;dur=51.0;desc=""D1:layout"", D1_entry+recent;dur=77.0;desc=""D1:entry+recent"", D1_tags;dur=21.0;desc=""D1:tags"", total;dur=98.0;desc=""total"""
2026-10-05T22:29:47Z,after,browser,/category/technologia,200,MISS,remote-WAW,HAM,246.6,462.6,470.3,216.0,29676,9.0,197.0,0.0,92.0,92.0,2.0,6.0,"rt;dur=0;desc=""Runtime init"", render;dur=92;desc=""Page render"", mw;dur=92;desc=""Total middleware"", db.total;dur=197;desc=""DB total"", db.count;dur=9;desc=""Query count"", db.first;dur=0;desc=""First query at"", db.last;dur=92;desc=""Last query at"", cache.hit;dur=2;desc=""Cache hits"", cache.miss;dur=6;desc=""Cache misses"" | D1_layout;dur=37.0;desc=""D1:layout"", D1_term+posts;dur=92.0;desc=""D1:term+posts"", total;dur=92.0;desc=""total"" | cfEdge;dur=162,cfOrigin;dur=0"
2026-10-05T22:29:47Z,after,browser,/posts/architektura-emdash-typescript-astro,200,MISS,remote-WAW,HAM,138.8,377.9,422.4,239.1,34710,8.0,224.0,0.0,120.0,120.0,6.0,7.0,"rt;dur=0;desc=""Runtime init"", render;dur=120;desc=""Page render"", mw;dur=120;desc=""Total middleware"", db.total;dur=224;desc=""DB total"", db.count;dur=8;desc=""Query count"", db.first;dur=0;desc=""First query at"", db.last;dur=120;desc=""Last query at"", cache.hit;dur=6;desc=""Cache hits"", cache.miss;dur=7;desc=""Cache misses"" | D1_layout;dur=48.0;desc=""D1:layout"", D1_entry+recent;dur=102.0;desc=""D1:entry+recent"", D1_tags;dur=18.0;desc=""D1:tags"", total;dur=120.0;desc=""total"" | cfEdge;dur=190,cfOrigin;dur=0"
2026-10-05T22:29:48Z,after,curl,/,200,MISS,remote-WAW,HAM,93.6,584.3,585.2,490.7,30946,7.0,396.0,0.0,327.0,327.0,2.0,6.0,"rt;dur=0;desc=""Runtime init"", render;dur=327;desc=""Page render"", mw;dur=327;desc=""Total middleware"", db.total;dur=396;desc=""DB total"", db.count;dur=7;desc=""Query count"", db.first;dur=0;desc=""First query at"", db.last;dur=327;desc=""Last query at"", cache.hit;dur=2;desc=""Cache hits"", cache.miss;dur=6;desc=""Cache misses"" | D1_layout;dur=42.0;desc=""D1:layout"", D1_posts;dur=308.0;desc=""D1:posts"", D1_all-tags;dur=19.0;desc=""D1:all-tags"", total;dur=327.0;desc=""total"""
2026-10-05T22:29:49Z,after,curl,/category/technologia,200,MISS,remote-WAW,HAM,383.5,680.0,682.9,296.5,29317,9.0,224.0,0.0,95.0,95.0,2.0,6.0,"rt;dur=0;desc=""Runtime init"", render;dur=95;desc=""Page render"", mw;dur=95;desc=""Total middleware"", db.total;dur=224;desc=""DB total"", db.count;dur=9;desc=""Query count"", db.first;dur=0;desc=""First query at"", db.last;dur=95;desc=""Last query at"", cache.hit;dur=2;desc=""Cache hits"", cache.miss;dur=6;desc=""Cache misses"" | D1_layout;dur=50.0;desc=""D1:layout"", D1_term+posts;dur=95.0;desc=""D1:term+posts"", total;dur=95.0;desc=""total"""
2026-10-05T22:29:50Z,after,browser,/posts/architektura-emdash-typescript-astro,200,MISS,remote-WAW,HAM,286.3,527.8,571.2,241.5,34673,9.0,259.0,0.0,121.0,121.0,6.0,7.0,"rt;dur=0;desc=""Runtime init"", render;dur=121;desc=""Page render"", mw;dur=121;desc=""Total middleware"", db.total;dur=259;desc=""DB total"", db.count;dur=9;desc=""Query count"", db.first;dur=0;desc=""First query at"", db.last;dur=121;desc=""Last query at"", cache.hit;dur=6;desc=""Cache hits"", cache.miss;dur=7;desc=""Cache misses"" | D1_layout;dur=45.0;desc=""D1:layout"", D1_entry+recent;dur=90.0;desc=""D1:entry+recent"", D1_tags;dur=31.0;desc=""D1:tags"", total;dur=121.0;desc=""total"" | cfEdge;dur=191,cfOrigin;dur=0"
2026-10-05T22:29:51Z,after,browser,/posts/,200,MISS,remote-WAW,HAM,197.4,429.5,438.6,232.1,37275,7.0,156.0,0.0,87.0,87.0,2.0,6.0,"rt;dur=0;desc=""Runtime init"", render;dur=87;desc=""Page render"", mw;dur=87;desc=""Total middleware"", db.total;dur=156;desc=""DB total"", db.count;dur=7;desc=""Query count"", db.first;dur=0;desc=""First query at"", db.last;dur=87;desc=""Last query at"", cache.hit;dur=2;desc=""Cache hits"", cache.miss;dur=6;desc=""Cache misses"" | D1_layout;dur=40.0;desc=""D1:layout"", D1_posts;dur=66.0;desc=""D1:posts"", D1_all-tags;dur=21.0;desc=""D1:all-tags"", total;dur=87.0;desc=""total"" | cfEdge;dur=170,cfOrigin;dur=0"
2026-10-05T22:29:51Z,after,curl,/,200,MISS,remote-WAW,HAM,123.6,385.4,387.4,261.8,30953,7.0,178.0,0.0,107.0,107.0,2.0,6.0,"rt;dur=0;desc=""Runtime init"", render;dur=107;desc=""Page render"", mw;dur=107;desc=""Total middleware"", db.total;dur=178;desc=""DB total"", db.count;dur=7;desc=""Query count"", db.first;dur=0;desc=""First query at"", db.last;dur=107;desc=""Last query at"", cache.hit;dur=2;desc=""Cache hits"", cache.miss;dur=6;desc=""Cache misses"" | D1_layout;dur=45.0;desc=""D1:layout"", D1_posts;dur=84.0;desc=""D1:posts"", D1_all-tags;dur=23.0;desc=""D1:all-tags"", total;dur=107.0;desc=""total"""
2026-10-05T22:29:52Z,after,curl,/posts/,200,MISS,remote-WAW,HAM,204.9,475.0,476.0,270.1,36908,7.0,161.0,0.0,91.0,91.0,2.0,6.0,"rt;dur=0;desc=""Runtime init"", render;dur=91;desc=""Page render"", mw;dur=91;desc=""Total middleware"", db.total;dur=161;desc=""DB total"", db.count;dur=7;desc=""Query count"", db.first;dur=0;desc=""First query at"", db.last;dur=91;desc=""Last query at"", cache.hit;dur=2;desc=""Cache hits"", cache.miss;dur=6;desc=""Cache misses"" | D1_layout;dur=43.0;desc=""D1:layout"", D1_posts;dur=70.0;desc=""D1:posts"", D1_all-tags;dur=21.0;desc=""D1:all-tags"", total;dur=91.0;desc=""total"""
2026-10-05T22:29:53Z,after,curl,/posts/architektura-emdash-typescript-astro,200,MISS,remote-WAW,HAM,295.6,510.5,647.0,214.9,34310,8.0,196.0,0.0,99.0,99.0,6.0,7.0,"rt;dur=0;desc=""Runtime init"", render;dur=99;desc=""Page render"", mw;dur=99;desc=""Total middleware"", db.total;dur=196;desc=""DB total"", db.count;dur=8;desc=""Query count"", db.first;dur=0;desc=""First query at"", db.last;dur=99;desc=""Last query at"", cache.hit;dur=6;desc=""Cache hits"", cache.miss;dur=7;desc=""Cache misses"" | D1_layout;dur=42.0;desc=""D1:layout"", D1_entry+recent;dur=83.0;desc=""D1:entry+recent"", D1_tags;dur=16.0;desc=""D1:tags"", total;dur=99.0;desc=""total"""
2026-10-05T22:29:53Z,after,curl,/category/technologia,200,MISS,remote-WAW,HAM,104.4,321.0,326.7,216.6,29301,10.0,248.0,0.0,90.0,90.0,2.0,6.0,"rt;dur=0;desc=""Runtime init"", render;dur=90;desc=""Page render"", mw;dur=90;desc=""Total middleware"", db.total;dur=248;desc=""DB total"", db.count;dur=10;desc=""Query count"", db.first;dur=0;desc=""First query at"", db.last;dur=90;desc=""Last query at"", cache.hit;dur=2;desc=""Cache hits"", cache.miss;dur=6;desc=""Cache misses"" | D1_layout;dur=45.0;desc=""D1:layout"", D1_term+posts;dur=90.0;desc=""D1:term+posts"", total;dur=90.0;desc=""total"""
2026-10-05T22:29:54Z,after,browser,/category/technologia,200,MISS,remote-WAW,HAM,99.9,309.6,323.3,209.7,29680,9.0,241.0,0.0,95.0,95.0,2.0,6.0,"rt;dur=0;desc=""Runtime init"", render;dur=95;desc=""Page render"", mw;dur=95;desc=""Total middleware"", db.total;dur=241;desc=""DB total"", db.count;dur=9;desc=""Query count"", db.first;dur=0;desc=""First query at"", db.last;dur=95;desc=""Last query at"", cache.hit;dur=2;desc=""Cache hits"", cache.miss;dur=6;desc=""Cache misses"" | D1_layout;dur=53.0;desc=""D1:layout"", D1_term+posts;dur=95.0;desc=""D1:term+posts"", total;dur=95.0;desc=""total"" | cfEdge;dur=161,cfOrigin;dur=0"
2026-10-05T22:29:55Z,after,browser,/,200,MISS,remote-WAW,HAM,96.8,541.4,548.2,444.6,31313,7.0,388.0,0.0,314.0,314.0,2.0,6.0,"rt;dur=0;desc=""Runtime init"", render;dur=314;desc=""Page render"", mw;dur=314;desc=""Total middleware"", db.total;dur=388;desc=""DB total"", db.count;dur=7;desc=""Query count"", db.first;dur=0;desc=""First query at"", db.last;dur=314;desc=""Last query at"", cache.hit;dur=2;desc=""Cache hits"", cache.miss;dur=6;desc=""Cache misses"" | D1_layout;dur=47.0;desc=""D1:layout"", D1_posts;dur=298.0;desc=""D1:posts"", D1_all-tags;dur=16.0;desc=""D1:all-tags"", total;dur=314.0;desc=""total"" | cfEdge;dur=390,cfOrigin;dur=0"
2026-10-05T22:29:55Z,after,curl,/posts/architektura-emdash-typescript-astro,200,MISS,remote-WAW,HAM,144.4,390.7,501.0,246.3,34315,8.0,222.0,0.0,121.0,121.0,6.0,7.0,"rt;dur=0;desc=""Runtime init"", render;dur=121;desc=""Page render"", mw;dur=121;desc=""Total middleware"", db.total;dur=222;desc=""DB total"", db.count;dur=8;desc=""Query count"", db.first;dur=0;desc=""First query at"", db.last;dur=121;desc=""Last query at"", cache.hit;dur=6;desc=""Cache hits"", cache.miss;dur=7;desc=""Cache misses"" | D1_layout;dur=44.0;desc=""D1:layout"", D1_entry+recent;dur=104.0;desc=""D1:entry+recent"", D1_tags;dur=17.0;desc=""D1:tags"", total;dur=121.0;desc=""total"""
2026-10-05T22:29:56Z,after,curl,/,200,MISS,remote-WAW,HAM,127.1,328.5,335.1,201.4,30945,7.0,164.0,0.0,96.0,96.0,2.0,6.0,"rt;dur=0;desc=""Runtime init"", render;dur=96;desc=""Page render"", mw;dur=96;desc=""Total middleware"", db.total;dur=164;desc=""DB total"", db.count;dur=7;desc=""Query count"", db.first;dur=0;desc=""First query at"", db.last;dur=96;desc=""Last query at"", cache.hit;dur=2;desc=""Cache hits"", cache.miss;dur=6;desc=""Cache misses"" | D1_layout;dur=42.0;desc=""D1:layout"", D1_posts;dur=65.0;desc=""D1:posts"", D1_all-tags;dur=31.0;desc=""D1:all-tags"", total;dur=96.0;desc=""total"""
2026-10-05T22:29:56Z,after,curl,/category/technologia,200,MISS,remote-WAW,HAM,89.5,342.9,349.8,253.4,29309,9.0,175.0,0.0,73.0,73.0,2.0,6.0,"rt;dur=0;desc=""Runtime init"", render;dur=73;desc=""Page render"", mw;dur=73;desc=""Total middleware"", db.total;dur=175;desc=""DB total"", db.count;dur=9;desc=""Query count"", db.first;dur=0;desc=""First query at"", db.last;dur=73;desc=""Last query at"", cache.hit;dur=2;desc=""Cache hits"", cache.miss;dur=6;desc=""Cache misses"" | D1_layout;dur=40.0;desc=""D1:layout"", D1_term+posts;dur=73.0;desc=""D1:term+posts"", total;dur=73.0;desc=""total"""
2026-10-05T22:29:57Z,after,browser,/category/technologia,200,MISS,remote-WAW,HAM,91.3,306.8,312.7,215.5,29680,9.0,218.0,0.0,95.0,95.0,2.0,6.0,"rt;dur=0;desc=""Runtime init"", render;dur=95;desc=""Page render"", mw;dur=95;desc=""Total middleware"", db.total;dur=218;desc=""DB total"", db.count;dur=9;desc=""Query count"", db.first;dur=0;desc=""First query at"", db.last;dur=95;desc=""Last query at"", cache.hit;dur=2;desc=""Cache hits"", cache.miss;dur=6;desc=""Cache misses"" | D1_layout;dur=51.0;desc=""D1:layout"", D1_term+posts;dur=95.0;desc=""D1:term+posts"", total;dur=95.0;desc=""total"" | cfEdge;dur=163,cfOrigin;dur=0"
2026-10-05T22:29:58Z,after,browser,/,200,MISS,remote-WAW,HAM,181.4,436.1,443.1,254.7,31324,7.0,165.0,0.0,96.0,96.0,2.0,6.0,"rt;dur=0;desc=""Runtime init"", render;dur=96;desc=""Page render"", mw;dur=96;desc=""Total middleware"", db.total;dur=165;desc=""DB total"", db.count;dur=7;desc=""Query count"", db.first;dur=0;desc=""First query at"", db.last;dur=96;desc=""Last query at"", cache.hit;dur=2;desc=""Cache hits"", cache.miss;dur=6;desc=""Cache misses"" | D1_layout;dur=43.0;desc=""D1:layout"", D1_posts;dur=79.0;desc=""D1:posts"", D1_all-tags;dur=17.0;desc=""D1:all-tags"", total;dur=96.0;desc=""total"" | cfEdge;dur=167,cfOrigin;dur=0"
2026-10-05T22:29:58Z,after,curl,/posts/,200,MISS,remote-WAW,HAM,119.8,544.2,546.3,424.4,36897,7.0,365.0,0.0,297.0,297.0,2.0,6.0,"rt;dur=0;desc=""Runtime init"", render;dur=297;desc=""Page render"", mw;dur=297;desc=""Total middleware"", db.total;dur=365;desc=""DB total"", db.count;dur=7;desc=""Query count"", db.first;dur=0;desc=""First query at"", db.last;dur=297;desc=""Last query at"", cache.hit;dur=2;desc=""Cache hits"", cache.miss;dur=6;desc=""Cache misses"" | D1_layout;dur=35.0;desc=""D1:layout"", D1_posts;dur=280.0;desc=""D1:posts"", D1_all-tags;dur=17.0;desc=""D1:all-tags"", total;dur=297.0;desc=""total"""
2026-10-05T22:29:59Z,after,browser,/posts/architektura-emdash-typescript-astro,200,MISS,remote-WAW,HAM,118.2,331.2,460.0,213.0,34665,8.0,176.0,0.0,92.0,92.0,6.0,7.0,"rt;dur=0;desc=""Runtime init"", render;dur=92;desc=""Page render"", mw;dur=92;desc=""Total middleware"", db.total;dur=176;desc=""DB total"", db.count;dur=8;desc=""Query count"", db.first;dur=0;desc=""First query at"", db.last;dur=92;desc=""Last query at"", cache.hit;dur=6;desc=""Cache hits"", cache.miss;dur=7;desc=""Cache misses"" | D1_layout;dur=36.0;desc=""D1:layout"", D1_entry+recent;dur=75.0;desc=""D1:entry+recent"", D1_tags;dur=17.0;desc=""D1:tags"", total;dur=92.0;desc=""total"" | cfEdge;dur=159,cfOrigin;dur=0"
2026-10-05T22:30:00Z,after,browser,/posts/,200,MISS,remote-WAW,HAM,165.9,362.9,421.6,197.0,37259,7.0,141.0,0.0,86.0,86.0,2.0,6.0,"rt;dur=0;desc=""Runtime init"", render;dur=86;desc=""Page render"", mw;dur=86;desc=""Total middleware"", db.total;dur=141;desc=""DB total"", db.count;dur=7;desc=""Query count"", db.first;dur=0;desc=""First query at"", db.last;dur=86;desc=""Last query at"", cache.hit;dur=2;desc=""Cache hits"", cache.miss;dur=6;desc=""Cache misses"" | D1_layout;dur=33.0;desc=""D1:layout"", D1_posts;dur=64.0;desc=""D1:posts"", D1_all-tags;dur=22.0;desc=""D1:all-tags"", total;dur=86.0;desc=""total"" | cfEdge;dur=150,cfOrigin;dur=0"
2026-10-05T22:30:00Z,after,curl,/posts/architektura-emdash-typescript-astro,200,MISS,remote-WAW,HAM,116.0,346.4,392.2,230.4,34326,8.0,199.0,0.0,95.0,95.0,6.0,7.0,"rt;dur=0;desc=""Runtime init"", render;dur=95;desc=""Page render"", mw;dur=95;desc=""Total middleware"", db.total;dur=199;desc=""DB total"", db.count;dur=8;desc=""Query count"", db.first;dur=0;desc=""First query at"", db.last;dur=95;desc=""Last query at"", cache.hit;dur=6;desc=""Cache hits"", cache.miss;dur=7;desc=""Cache misses"" | D1_layout;dur=45.0;desc=""D1:layout"", D1_entry+recent;dur=77.0;desc=""D1:entry+recent"", D1_tags;dur=18.0;desc=""D1:tags"", total;dur=95.0;desc=""total"""
2026-10-05T22:30:01Z,after,curl,/,200,MISS,remote-WAW,HAM,417.9,687.6,696.0,269.7,30945,7.0,164.0,0.0,99.0,99.0,2.0,6.0,"rt;dur=0;desc=""Runtime init"", render;dur=99;desc=""Page render"", mw;dur=99;desc=""Total middleware"", db.total;dur=164;desc=""DB total"", db.count;dur=7;desc=""Query count"", db.first;dur=0;desc=""First query at"", db.last;dur=99;desc=""Last query at"", cache.hit;dur=2;desc=""Cache hits"", cache.miss;dur=6;desc=""Cache misses"" | D1_layout;dur=42.0;desc=""D1:layout"", D1_posts;dur=77.0;desc=""D1:posts"", D1_all-tags;dur=22.0;desc=""D1:all-tags"", total;dur=99.0;desc=""total"""
2026-10-05T22:30:03Z,after,curl,/posts/,200,MISS,remote-WAW,HAM,1058.8,1317.1,1333.1,258.3,36908,8.0,189.0,0.0,96.0,96.0,2.0,6.0,"rt;dur=0;desc=""Runtime init"", render;dur=96;desc=""Page render"", mw;dur=96;desc=""Total middleware"", db.total;dur=189;desc=""DB total"", db.count;dur=8;desc=""Query count"", db.first;dur=0;desc=""First query at"", db.last;dur=96;desc=""Last query at"", cache.hit;dur=2;desc=""Cache hits"", cache.miss;dur=6;desc=""Cache misses"" | D1_layout;dur=41.0;desc=""D1:layout"", D1_posts;dur=75.0;desc=""D1:posts"", D1_all-tags;dur=21.0;desc=""D1:all-tags"", total;dur=96.0;desc=""total"""
2026-10-05T22:30:04Z,after,browser,/posts/architektura-emdash-typescript-astro,200,MISS,remote-WAW,HAM,120.9,338.3,385.2,217.4,34693,8.0,203.0,0.0,99.0,99.0,6.0,7.0,"rt;dur=0;desc=""Runtime init"", render;dur=99;desc=""Page render"", mw;dur=99;desc=""Total middleware"", db.total;dur=203;desc=""DB total"", db.count;dur=8;desc=""Query count"", db.first;dur=0;desc=""First query at"", db.last;dur=99;desc=""Last query at"", cache.hit;dur=6;desc=""Cache hits"", cache.miss;dur=7;desc=""Cache misses"" | D1_layout;dur=47.0;desc=""D1:layout"", D1_entry+recent;dur=78.0;desc=""D1:entry+recent"", D1_tags;dur=21.0;desc=""D1:tags"", total;dur=99.0;desc=""total"" | cfEdge;dur=170,cfOrigin;dur=0"
2026-10-05T22:30:04Z,after,browser,/posts/,200,MISS,remote-WAW,HAM,101.6,354.1,450.3,252.5,37267,7.0,199.0,0.0,120.0,120.0,2.0,6.0,"rt;dur=0;desc=""Runtime init"", render;dur=120;desc=""Page render"", mw;dur=120;desc=""Total middleware"", db.total;dur=199;desc=""DB total"", db.count;dur=7;desc=""Query count"", db.first;dur=0;desc=""First query at"", db.last;dur=120;desc=""Last query at"", cache.hit;dur=2;desc=""Cache hits"", cache.miss;dur=6;desc=""Cache misses"" | D1_layout;dur=51.0;desc=""D1:layout"", D1_posts;dur=99.0;desc=""D1:posts"", D1_all-tags;dur=21.0;desc=""D1:all-tags"", total;dur=120.0;desc=""total"" | cfEdge;dur=202,cfOrigin;dur=0"
2026-10-05T22:30:05Z,after,browser,/,200,MISS,remote-WAW,HAM,119.6,627.6,628.9,508.0,31317,7.0,412.0,0.0,308.0,308.0,2.0,6.0,"rt;dur=0;desc=""Runtime init"", render;dur=308;desc=""Page render"", mw;dur=308;desc=""Total middleware"", db.total;dur=412;desc=""DB total"", db.count;dur=7;desc=""Query count"", db.first;dur=0;desc=""First query at"", db.last;dur=308;desc=""Last query at"", cache.hit;dur=2;desc=""Cache hits"", cache.miss;dur=6;desc=""Cache misses"" | D1_layout;dur=62.0;desc=""D1:layout"", D1_posts;dur=287.0;desc=""D1:posts"", D1_all-tags;dur=21.0;desc=""D1:all-tags"", total;dur=308.0;desc=""total"" | cfEdge;dur=371,cfOrigin;dur=0"
2026-10-05T22:30:06Z,after,curl,/category/technologia,200,MISS,remote-WAW,HAM,229.1,460.8,463.3,231.7,29317,9.0,210.0,0.0,86.0,86.0,2.0,6.0,"rt;dur=0;desc=""Runtime init"", render;dur=86;desc=""Page render"", mw;dur=86;desc=""Total middleware"", db.total;dur=210;desc=""DB total"", db.count;dur=9;desc=""Query count"", db.first;dur=0;desc=""First query at"", db.last;dur=86;desc=""Last query at"", cache.hit;dur=2;desc=""Cache hits"", cache.miss;dur=6;desc=""Cache misses"" | D1_layout;dur=50.0;desc=""D1:layout"", D1_term+posts;dur=86.0;desc=""D1:term+posts"", total;dur=86.0;desc=""total"""
2026-10-05T22:30:07Z,after,browser,/category/technologia,200,MISS,remote-WAW,HAM,289.3,513.4,518.3,224.1,29684,9.0,194.0,0.0,86.0,86.0,2.0,6.0,"rt;dur=0;desc=""Runtime init"", render;dur=86;desc=""Page render"", mw;dur=86;desc=""Total middleware"", db.total;dur=194;desc=""DB total"", db.count;dur=9;desc=""Query count"", db.first;dur=0;desc=""First query at"", db.last;dur=86;desc=""Last query at"", cache.hit;dur=2;desc=""Cache hits"", cache.miss;dur=6;desc=""Cache misses"" | D1_layout;dur=50.0;desc=""D1:layout"", D1_term+posts;dur=86.0;desc=""D1:term+posts"", total;dur=86.0;desc=""total"" | cfEdge;dur=173,cfOrigin;dur=0"
2026-10-05T22:30:07Z,after,curl,/category/technologia,200,MISS,remote-WAW,HAM,238.2,445.0,449.2,206.8,29309,9.0,206.0,0.0,85.0,85.0,2.0,6.0,"rt;dur=0;desc=""Runtime init"", render;dur=85;desc=""Page render"", mw;dur=85;desc=""Total middleware"", db.total;dur=206;desc=""DB total"", db.count;dur=9;desc=""Query count"", db.first;dur=0;desc=""First query at"", db.last;dur=85;desc=""Last query at"", cache.hit;dur=2;desc=""Cache hits"", cache.miss;dur=6;desc=""Cache misses"" | D1_layout;dur=49.0;desc=""D1:layout"", D1_term+posts;dur=85.0;desc=""D1:term+posts"", total;dur=85.0;desc=""total"""
2026-10-05T22:30:08Z,after,curl,/posts/,200,MISS,remote-WAW,HAM,175.9,594.6,603.9,418.7,36905,7.0,370.0,0.0,297.0,297.0,2.0,6.0,"rt;dur=0;desc=""Runtime init"", render;dur=297;desc=""Page render"", mw;dur=297;desc=""Total middleware"", db.total;dur=370;desc=""DB total"", db.count;dur=7;desc=""Query count"", db.first;dur=0;desc=""First query at"", db.last;dur=297;desc=""Last query at"", cache.hit;dur=2;desc=""Cache hits"", cache.miss;dur=6;desc=""Cache misses"" | D1_layout;dur=44.0;desc=""D1:layout"", D1_posts;dur=266.0;desc=""D1:posts"", D1_all-tags;dur=31.0;desc=""D1:all-tags"", total;dur=297.0;desc=""total"""
2026-10-05T22:30:09Z,after,browser,/category/technologia,200,MISS,remote-WAW,HAM,289.9,624.9,625.3,335.0,29685,9.0,284.0,0.0,126.0,126.0,2.0,6.0,"rt;dur=0;desc=""Runtime init"", render;dur=126;desc=""Page render"", mw;dur=126;desc=""Total middleware"", db.total;dur=284;desc=""DB total"", db.count;dur=9;desc=""Query count"", db.first;dur=0;desc=""First query at"", db.last;dur=126;desc=""Last query at"", cache.hit;dur=2;desc=""Cache hits"", cache.miss;dur=6;desc=""Cache misses"" | D1_layout;dur=67.0;desc=""D1:layout"", D1_term+posts;dur=126.0;desc=""D1:term+posts"", total;dur=126.0;desc=""total"" | cfEdge;dur=195,cfOrigin;dur=0"
2026-10-05T22:30:10Z,after,curl,/,200,MISS,remote-WAW,HAM,293.0,617.9,624.3,324.9,30945,7.0,153.0,0.0,98.0,98.0,2.0,6.0,"rt;dur=0;desc=""Runtime init"", render;dur=98;desc=""Page render"", mw;dur=98;desc=""Total middleware"", db.total;dur=153;desc=""DB total"", db.count;dur=7;desc=""Query count"", db.first;dur=0;desc=""First query at"", db.last;dur=98;desc=""Last query at"", cache.hit;dur=2;desc=""Cache hits"", cache.miss;dur=6;desc=""Cache misses"" | D1_layout;dur=37.0;desc=""D1:layout"", D1_posts;dur=77.0;desc=""D1:posts"", D1_all-tags;dur=21.0;desc=""D1:all-tags"", total;dur=98.0;desc=""total"""
2026-10-05T22:30:10Z,after,browser,/posts/,200,MISS,remote-WAW,HAM,98.3,298.7,304.2,200.4,37271,7.0,156.0,0.0,88.0,88.0,2.0,6.0,"rt;dur=0;desc=""Runtime init"", render;dur=88;desc=""Page render"", mw;dur=88;desc=""Total middleware"", db.total;dur=156;desc=""DB total"", db.count;dur=7;desc=""Query count"", db.first;dur=0;desc=""First query at"", db.last;dur=88;desc=""Last query at"", cache.hit;dur=2;desc=""Cache hits"", cache.miss;dur=6;desc=""Cache misses"" | D1_layout;dur=42.0;desc=""D1:layout"", D1_posts;dur=66.0;desc=""D1:posts"", D1_all-tags;dur=22.0;desc=""D1:all-tags"", total;dur=88.0;desc=""total"" | cfEdge;dur=151,cfOrigin;dur=0"
2026-10-05T22:30:11Z,after,curl,/posts/architektura-emdash-typescript-astro,200,MISS,remote-WAW,HAM,92.0,483.7,527.1,391.7,34311,8.0,381.0,0.0,276.0,276.0,6.0,7.0,"rt;dur=0;desc=""Runtime init"", render;dur=276;desc=""Page render"", mw;dur=276;desc=""Total middleware"", db.total;dur=381;desc=""DB total"", db.count;dur=8;desc=""Query count"", db.first;dur=0;desc=""First query at"", db.last;dur=276;desc=""Last query at"", cache.hit;dur=6;desc=""Cache hits"", cache.miss;dur=7;desc=""Cache misses"" | D1_layout;dur=45.0;desc=""D1:layout"", D1_entry+recent;dur=258.0;desc=""D1:entry+recent"", D1_tags;dur=18.0;desc=""D1:tags"", total;dur=276.0;desc=""total"""
2026-10-05T22:30:12Z,after,browser,/,200,MISS,remote-WAW,HAM,87.3,284.9,291.3,197.6,31328,7.0,165.0,0.0,97.0,97.0,2.0,6.0,"rt;dur=0;desc=""Runtime init"", render;dur=97;desc=""Page render"", mw;dur=97;desc=""Total middleware"", db.total;dur=165;desc=""DB total"", db.count;dur=7;desc=""Query count"", db.first;dur=0;desc=""First query at"", db.last;dur=97;desc=""Last query at"", cache.hit;dur=2;desc=""Cache hits"", cache.miss;dur=6;desc=""Cache misses"" | D1_layout;dur=44.0;desc=""D1:layout"", D1_posts;dur=79.0;desc=""D1:posts"", D1_all-tags;dur=18.0;desc=""D1:all-tags"", total;dur=97.0;desc=""total"" | cfEdge;dur=160,cfOrigin;dur=0"
2026-10-05T22:30:12Z,after,browser,/posts/architektura-emdash-typescript-astro,200,MISS,remote-WAW,HAM,101.6,336.7,394.0,235.1,34673,8.0,208.0,0.0,111.0,111.0,6.0,7.0,"rt;dur=0;desc=""Runtime init"", render;dur=111;desc=""Page render"", mw;dur=111;desc=""Total middleware"", db.total;dur=208;desc=""DB total"", db.count;dur=8;desc=""Query count"", db.first;dur=0;desc=""First query at"", db.last;dur=111;desc=""Last query at"", cache.hit;dur=6;desc=""Cache hits"", cache.miss;dur=7;desc=""Cache misses"" | D1_layout;dur=43.0;desc=""D1:layout"", D1_entry+recent;dur=90.0;desc=""D1:entry+recent"", D1_tags;dur=21.0;desc=""D1:tags"", total;dur=111.0;desc=""total"" | cfEdge;dur=183,cfOrigin;dur=0"
2026-10-05T22:30:13Z,after,browser,/posts/architektura-emdash-typescript-astro,200,MISS,remote-WAW,HAM,162.3,375.3,436.8,213.0,34689,8.0,193.0,0.0,95.0,95.0,6.0,7.0,"rt;dur=0;desc=""Runtime init"", render;dur=95;desc=""Page render"", mw;dur=95;desc=""Total middleware"", db.total;dur=193;desc=""DB total"", db.count;dur=8;desc=""Query count"", db.first;dur=0;desc=""First query at"", db.last;dur=95;desc=""Last query at"", cache.hit;dur=6;desc=""Cache hits"", cache.miss;dur=7;desc=""Cache misses"" | D1_layout;dur=44.0;desc=""D1:layout"", D1_entry+recent;dur=77.0;desc=""D1:entry+recent"", D1_tags;dur=18.0;desc=""D1:tags"", total;dur=95.0;desc=""total"" | cfEdge;dur=168,cfOrigin;dur=0"
2026-10-05T22:30:14Z,after,curl,/posts/architektura-emdash-typescript-astro,200,MISS,remote-WAW,HAM,111.6,321.2,447.6,209.6,34318,8.0,164.0,0.0,87.0,87.0,6.0,7.0,"rt;dur=0;desc=""Runtime init"", render;dur=87;desc=""Page render"", mw;dur=87;desc=""Total middleware"", db.total;dur=164;desc=""DB total"", db.count;dur=8;desc=""Query count"", db.first;dur=0;desc=""First query at"", db.last;dur=87;desc=""Last query at"", cache.hit;dur=6;desc=""Cache hits"", cache.miss;dur=7;desc=""Cache misses"" | D1_layout;dur=32.0;desc=""D1:layout"", D1_entry+recent;dur=66.0;desc=""D1:entry+recent"", D1_tags;dur=21.0;desc=""D1:tags"", total;dur=87.0;desc=""total"""
2026-10-05T22:30:14Z,after,browser,/category/technologia,200,MISS,remote-WAW,HAM,84.5,285.8,291.5,201.3,29676,9.0,216.0,0.0,95.0,95.0,2.0,6.0,"rt;dur=0;desc=""Runtime init"", render;dur=95;desc=""Page render"", mw;dur=95;desc=""Total middleware"", db.total;dur=216;desc=""DB total"", db.count;dur=9;desc=""Query count"", db.first;dur=0;desc=""First query at"", db.last;dur=95;desc=""Last query at"", cache.hit;dur=2;desc=""Cache hits"", cache.miss;dur=6;desc=""Cache misses"" | D1_layout;dur=50.0;desc=""D1:layout"", D1_term+posts;dur=95.0;desc=""D1:term+posts"", total;dur=95.0;desc=""total"" | cfEdge;dur=156,cfOrigin;dur=0"
2026-10-05T22:30:15Z,after,curl,/,200,MISS,remote-WAW,HAM,106.6,408.4,408.7,301.8,30949,7.0,160.0,0.0,95.0,95.0,2.0,6.0,"rt;dur=0;desc=""Runtime init"", render;dur=95;desc=""Page render"", mw;dur=95;desc=""Total middleware"", db.total;dur=160;desc=""DB total"", db.count;dur=7;desc=""Query count"", db.first;dur=0;desc=""First query at"", db.last;dur=95;desc=""Last query at"", cache.hit;dur=2;desc=""Cache hits"", cache.miss;dur=6;desc=""Cache misses"" | D1_layout;dur=39.0;desc=""D1:layout"", D1_posts;dur=74.0;desc=""D1:posts"", D1_all-tags;dur=21.0;desc=""D1:all-tags"", total;dur=95.0;desc=""total"""
2026-10-05T22:30:15Z,after,curl,/category/technologia,200,MISS,remote-WAW,HAM,107.0,314.2,319.5,207.2,29313,9.0,219.0,0.0,95.0,95.0,2.0,6.0,"rt;dur=0;desc=""Runtime init"", render;dur=95;desc=""Page render"", mw;dur=95;desc=""Total middleware"", db.total;dur=219;desc=""DB total"", db.count;dur=9;desc=""Query count"", db.first;dur=0;desc=""First query at"", db.last;dur=95;desc=""Last query at"", cache.hit;dur=2;desc=""Cache hits"", cache.miss;dur=6;desc=""Cache misses"" | D1_layout;dur=49.0;desc=""D1:layout"", D1_term+posts;dur=95.0;desc=""D1:term+posts"", total;dur=95.0;desc=""total"""
2026-10-05T22:30:16Z,after,curl,/posts/,200,MISS,remote-WAW,HAM,291.2,511.9,519.6,220.7,36892,7.0,166.0,0.0,101.0,101.0,2.0,6.0,"rt;dur=0;desc=""Runtime init"", render;dur=101;desc=""Page render"", mw;dur=101;desc=""Total middleware"", db.total;dur=166;desc=""DB total"", db.count;dur=7;desc=""Query count"", db.first;dur=0;desc=""First query at"", db.last;dur=101;desc=""Last query at"", cache.hit;dur=2;desc=""Cache hits"", cache.miss;dur=6;desc=""Cache misses"" | D1_layout;dur=43.0;desc=""D1:layout"", D1_posts;dur=77.0;desc=""D1:posts"", D1_all-tags;dur=24.0;desc=""D1:all-tags"", total;dur=101.0;desc=""total"""
2026-10-05T22:30:17Z,after,browser,/posts/,200,MISS,remote-WAW,HAM,167.5,417.7,426.9,250.2,37271,7.0,192.0,0.0,126.0,126.0,2.0,6.0,"rt;dur=0;desc=""Runtime init"", render;dur=126;desc=""Page render"", mw;dur=126;desc=""Total middleware"", db.total;dur=192;desc=""DB total"", db.count;dur=7;desc=""Query count"", db.first;dur=0;desc=""First query at"", db.last;dur=126;desc=""Last query at"", cache.hit;dur=2;desc=""Cache hits"", cache.miss;dur=6;desc=""Cache misses"" | D1_layout;dur=42.0;desc=""D1:layout"", D1_posts;dur=87.0;desc=""D1:posts"", D1_all-tags;dur=39.0;desc=""D1:all-tags"", total;dur=126.0;desc=""total"" | cfEdge;dur=192,cfOrigin;dur=0"
2026-10-05T22:30:17Z,after,browser,/,200,MISS,remote-WAW,HAM,105.6,306.8,313.5,201.2,31312,7.0,156.0,0.0,86.0,86.0,2.0,6.0,"rt;dur=0;desc=""Runtime init"", render;dur=86;desc=""Page render"", mw;dur=86;desc=""Total middleware"", db.total;dur=156;desc=""DB total"", db.count;dur=7;desc=""Query count"", db.first;dur=0;desc=""First query at"", db.last;dur=86;desc=""Last query at"", cache.hit;dur=2;desc=""Cache hits"", cache.miss;dur=6;desc=""Cache misses"" | D1_layout;dur=44.0;desc=""D1:layout"", D1_posts;dur=61.0;desc=""D1:posts"", D1_all-tags;dur=25.0;desc=""D1:all-tags"", total;dur=86.0;desc=""total"" | cfEdge;dur=149,cfOrigin;dur=0"
2026-10-05T22:30:18Z,after,curl,/category/technologia,200,MISS,remote-WAW,HAM,85.4,301.5,306.6,216.1,29313,9.0,206.0,0.0,92.0,92.0,2.0,6.0,"rt;dur=0;desc=""Runtime init"", render;dur=92;desc=""Page render"", mw;dur=92;desc=""Total middleware"", db.total;dur=206;desc=""DB total"", db.count;dur=9;desc=""Query count"", db.first;dur=0;desc=""First query at"", db.last;dur=92;desc=""Last query at"", cache.hit;dur=2;desc=""Cache hits"", cache.miss;dur=6;desc=""Cache misses"" | D1_layout;dur=57.0;desc=""D1:layout"", D1_term+posts;dur=92.0;desc=""D1:term+posts"", total;dur=92.0;desc=""total"""
2026-10-05T22:30:19Z,after,curl,/,200,MISS,remote-WAW,HAM,1121.5,1442.8,1445.2,321.3,30945,7.0,157.0,0.0,93.0,93.0,2.0,6.0,"rt;dur=0;desc=""Runtime init"", render;dur=93;desc=""Page render"", mw;dur=93;desc=""Total middleware"", db.total;dur=157;desc=""DB total"", db.count;dur=7;desc=""Query count"", db.first;dur=0;desc=""First query at"", db.last;dur=93;desc=""Last query at"", cache.hit;dur=2;desc=""Cache hits"", cache.miss;dur=6;desc=""Cache misses"" | D1_layout;dur=46.0;desc=""D1:layout"", D1_posts;dur=72.0;desc=""D1:posts"", D1_all-tags;dur=21.0;desc=""D1:all-tags"", total;dur=93.0;desc=""total"""
2026-10-05T22:30:20Z,after,browser,/posts/architektura-emdash-typescript-astro,200,MISS,remote-WAW,HAM,91.9,320.9,369.3,229.0,34689,8.0,215.0,0.0,111.0,111.0,6.0,7.0,"rt;dur=0;desc=""Runtime init"", render;dur=111;desc=""Page render"", mw;dur=111;desc=""Total middleware"", db.total;dur=215;desc=""DB total"", db.count;dur=8;desc=""Query count"", db.first;dur=0;desc=""First query at"", db.last;dur=111;desc=""Last query at"", cache.hit;dur=6;desc=""Cache hits"", cache.miss;dur=7;desc=""Cache misses"" | D1_layout;dur=49.0;desc=""D1:layout"", D1_entry+recent;dur=90.0;desc=""D1:entry+recent"", D1_tags;dur=21.0;desc=""D1:tags"", total;dur=111.0;desc=""total"" | cfEdge;dur=175,cfOrigin;dur=0"
2026-10-05T22:30:21Z,after,browser,/posts/,200,MISS,remote-WAW,HAM,101.0,437.4,440.3,336.4,37275,7.0,169.0,0.0,99.0,99.0,2.0,6.0,"rt;dur=0;desc=""Runtime init"", render;dur=99;desc=""Page render"", mw;dur=99;desc=""Total middleware"", db.total;dur=169;desc=""DB total"", db.count;dur=7;desc=""Query count"", db.first;dur=0;desc=""First query at"", db.last;dur=99;desc=""Last query at"", cache.hit;dur=2;desc=""Cache hits"", cache.miss;dur=6;desc=""Cache misses"" | D1_layout;dur=44.0;desc=""D1:layout"", D1_posts;dur=78.0;desc=""D1:posts"", D1_all-tags;dur=21.0;desc=""D1:all-tags"", total;dur=99.0;desc=""total"" | cfEdge;dur=172,cfOrigin;dur=0"
2026-10-05T22:30:22Z,after,curl,/posts/architektura-emdash-typescript-astro,200,MISS,remote-WAW,HAM,276.9,561.2,562.4,284.3,34326,9.0,196.0,0.0,88.0,88.0,6.0,7.0,"rt;dur=0;desc=""Runtime init"", render;dur=88;desc=""Page render"", mw;dur=88;desc=""Total middleware"", db.total;dur=196;desc=""DB total"", db.count;dur=9;desc=""Query count"", db.first;dur=0;desc=""First query at"", db.last;dur=88;desc=""Last query at"", cache.hit;dur=6;desc=""Cache hits"", cache.miss;dur=7;desc=""Cache misses"" | D1_layout;dur=41.0;desc=""D1:layout"", D1_entry+recent;dur=71.0;desc=""D1:entry+recent"", D1_tags;dur=17.0;desc=""D1:tags"", total;dur=88.0;desc=""total"""
2026-10-05T22:30:22Z,after,curl,/posts/,200,MISS,remote-WAW,HAM,299.9,622.4,633.7,322.5,36906,7.0,458.0,0.0,195.0,195.0,2.0,6.0,"rt;dur=0;desc=""Runtime init"", render;dur=195;desc=""Page render"", mw;dur=195;desc=""Total middleware"", db.total;dur=458;desc=""DB total"", db.count;dur=7;desc=""Query count"", db.first;dur=0;desc=""First query at"", db.last;dur=195;desc=""Last query at"", cache.hit;dur=2;desc=""Cache hits"", cache.miss;dur=6;desc=""Cache misses"" | D1_layout;dur=141.0;desc=""D1:layout"", D1_posts;dur=171.0;desc=""D1:posts"", D1_all-tags;dur=24.0;desc=""D1:all-tags"", total;dur=195.0;desc=""total"""
2026-10-05T22:30:23Z,after,browser,/,200,MISS,remote-WAW,HAM,324.1,667.3,668.0,343.2,31305,7.0,236.0,0.0,136.0,136.0,2.0,6.0,"rt;dur=0;desc=""Runtime init"", render;dur=136;desc=""Page render"", mw;dur=136;desc=""Total middleware"", db.total;dur=236;desc=""DB total"", db.count;dur=7;desc=""Query count"", db.first;dur=0;desc=""First query at"", db.last;dur=136;desc=""Last query at"", cache.hit;dur=2;desc=""Cache hits"", cache.miss;dur=6;desc=""Cache misses"" | D1_layout;dur=61.0;desc=""D1:layout"", D1_posts;dur=113.0;desc=""D1:posts"", D1_all-tags;dur=23.0;desc=""D1:all-tags"", total;dur=136.0;desc=""total"" | cfEdge;dur=209,cfOrigin;dur=0"
2026-10-05T22:30:24Z,after,browser,/category/technologia,200,MISS,remote-WAW,HAM,306.7,531.0,542.8,224.3,29680,10.0,251.0,0.0,97.0,97.0,2.0,6.0,"rt;dur=0;desc=""Runtime init"", render;dur=97;desc=""Page render"", mw;dur=97;desc=""Total middleware"", db.total;dur=251;desc=""DB total"", db.count;dur=10;desc=""Query count"", db.first;dur=0;desc=""First query at"", db.last;dur=97;desc=""Last query at"", cache.hit;dur=2;desc=""Cache hits"", cache.miss;dur=6;desc=""Cache misses"" | D1_layout;dur=48.0;desc=""D1:layout"", D1_term+posts;dur=97.0;desc=""D1:term+posts"", total;dur=97.0;desc=""total"" | cfEdge;dur=170,cfOrigin;dur=0"
2026-10-05T22:30:25Z,after,browser,/posts/architektura-emdash-typescript-astro,200,MISS,remote-WAW,HAM,140.1,380.2,557.6,240.1,34673,8.0,223.0,0.0,104.0,104.0,6.0,7.0,"rt;dur=0;desc=""Runtime init"", render;dur=104;desc=""Page render"", mw;dur=104;desc=""Total middleware"", db.total;dur=223;desc=""DB total"", db.count;dur=8;desc=""Query count"", db.first;dur=0;desc=""First query at"", db.last;dur=104;desc=""Last query at"", cache.hit;dur=6;desc=""Cache hits"", cache.miss;dur=7;desc=""Cache misses"" | D1_layout;dur=49.0;desc=""D1:layout"", D1_entry+recent;dur=81.0;desc=""D1:entry+recent"", D1_tags;dur=23.0;desc=""D1:tags"", total;dur=104.0;desc=""total"" | cfEdge;dur=171,cfOrigin;dur=0"
2026-10-05T22:30:26Z,after,curl,/posts/,200,MISS,remote-WAW,HAM,289.3,512.6,525.9,223.3,36896,7.0,148.0,0.0,90.0,90.0,2.0,6.0,"rt;dur=0;desc=""Runtime init"", render;dur=90;desc=""Page render"", mw;dur=90;desc=""Total middleware"", db.total;dur=148;desc=""DB total"", db.count;dur=7;desc=""Query count"", db.first;dur=0;desc=""First query at"", db.last;dur=90;desc=""Last query at"", cache.hit;dur=2;desc=""Cache hits"", cache.miss;dur=6;desc=""Cache misses"" | D1_layout;dur=35.0;desc=""D1:layout"", D1_posts;dur=71.0;desc=""D1:posts"", D1_all-tags;dur=19.0;desc=""D1:all-tags"", total;dur=90.0;desc=""total"""
2026-10-05T22:30:26Z,after,curl,/,200,MISS,remote-WAW,HAM,230.2,458.7,496.2,228.5,30949,7.0,176.0,0.0,108.0,108.0,2.0,6.0,"rt;dur=0;desc=""Runtime init"", render;dur=108;desc=""Page render"", mw;dur=108;desc=""Total middleware"", db.total;dur=176;desc=""DB total"", db.count;dur=7;desc=""Query count"", db.first;dur=0;desc=""First query at"", db.last;dur=108;desc=""Last query at"", cache.hit;dur=2;desc=""Cache hits"", cache.miss;dur=6;desc=""Cache misses"" | D1_layout;dur=38.0;desc=""D1:layout"", D1_posts;dur=87.0;desc=""D1:posts"", D1_all-tags;dur=21.0;desc=""D1:all-tags"", total;dur=108.0;desc=""total"""
2026-10-05T22:30:27Z,after,curl,/posts/architektura-emdash-typescript-astro,200,MISS,remote-WAW,HAM,89.7,307.5,365.8,217.8,34322,8.0,185.0,0.0,90.0,90.0,6.0,7.0,"rt;dur=0;desc=""Runtime init"", render;dur=90;desc=""Page render"", mw;dur=90;desc=""Total middleware"", db.total;dur=185;desc=""DB total"", db.count;dur=8;desc=""Query count"", db.first;dur=0;desc=""First query at"", db.last;dur=90;desc=""Last query at"", cache.hit;dur=6;desc=""Cache hits"", cache.miss;dur=7;desc=""Cache misses"" | D1_layout;dur=39.0;desc=""D1:layout"", D1_entry+recent;dur=67.0;desc=""D1:entry+recent"", D1_tags;dur=23.0;desc=""D1:tags"", total;dur=90.0;desc=""total"""
2026-10-05T22:30:28Z,after,browser,/posts/,200,MISS,remote-WAW,HAM,139.6,353.4,365.7,213.8,37271,7.0,163.0,0.0,95.0,95.0,2.0,6.0,"rt;dur=0;desc=""Runtime init"", render;dur=95;desc=""Page render"", mw;dur=95;desc=""Total middleware"", db.total;dur=163;desc=""DB total"", db.count;dur=7;desc=""Query count"", db.first;dur=0;desc=""First query at"", db.last;dur=95;desc=""Last query at"", cache.hit;dur=2;desc=""Cache hits"", cache.miss;dur=6;desc=""Cache misses"" | D1_layout;dur=42.0;desc=""D1:layout"", D1_posts;dur=76.0;desc=""D1:posts"", D1_all-tags;dur=19.0;desc=""D1:all-tags"", total;dur=95.0;desc=""total"" | cfEdge;dur=162,cfOrigin;dur=0"
2026-10-05T22:30:28Z,after,browser,/category/technologia,200,MISS,remote-WAW,HAM,142.8,351.2,356.3,208.4,29676,9.0,222.0,0.0,95.0,95.0,2.0,6.0,"rt;dur=0;desc=""Runtime init"", render;dur=95;desc=""Page render"", mw;dur=95;desc=""Total middleware"", db.total;dur=222;desc=""DB total"", db.count;dur=9;desc=""Query count"", db.first;dur=0;desc=""First query at"", db.last;dur=95;desc=""Last query at"", cache.hit;dur=2;desc=""Cache hits"", cache.miss;dur=6;desc=""Cache misses"" | D1_layout;dur=50.0;desc=""D1:layout"", D1_term+posts;dur=95.0;desc=""D1:term+posts"", total;dur=95.0;desc=""total"" | cfEdge;dur=159,cfOrigin;dur=0"
2026-10-05T22:30:29Z,after,curl,/category/technologia,200,MISS,remote-WAW,HAM,105.4,324.7,331.0,219.3,29313,9.0,214.0,0.0,96.0,96.0,2.0,6.0,"rt;dur=0;desc=""Runtime init"", render;dur=96;desc=""Page render"", mw;dur=96;desc=""Total middleware"", db.total;dur=214;desc=""DB total"", db.count;dur=9;desc=""Query count"", db.first;dur=0;desc=""First query at"", db.last;dur=96;desc=""Last query at"", cache.hit;dur=2;desc=""Cache hits"", cache.miss;dur=6;desc=""Cache misses"" | D1_layout;dur=37.0;desc=""D1:layout"", D1_term+posts;dur=96.0;desc=""D1:term+posts"", total;dur=96.0;desc=""total"""
2026-10-05T22:30:29Z,after,browser,/,200,MISS,remote-WAW,HAM,112.2,333.2,341.3,221.0,31304,7.0,144.0,0.0,85.0,85.0,2.0,6.0,"rt;dur=0;desc=""Runtime init"", render;dur=85;desc=""Page render"", mw;dur=85;desc=""Total middleware"", db.total;dur=144;desc=""DB total"", db.count;dur=7;desc=""Query count"", db.first;dur=0;desc=""First query at"", db.last;dur=85;desc=""Last query at"", cache.hit;dur=2;desc=""Cache hits"", cache.miss;dur=6;desc=""Cache misses"" | D1_layout;dur=39.0;desc=""D1:layout"", D1_posts;dur=64.0;desc=""D1:posts"", D1_all-tags;dur=21.0;desc=""D1:all-tags"", total;dur=85.0;desc=""total"" | cfEdge;dur=153,cfOrigin;dur=0"
2026-10-05T22:30:30Z,after,browser,/posts/,200,MISS,remote-WAW,HAM,77.3,286.3,290.7,209.0,37271,7.0,141.0,0.0,90.0,90.0,2.0,6.0,"rt;dur=0;desc=""Runtime init"", render;dur=90;desc=""Page render"", mw;dur=90;desc=""Total middleware"", db.total;dur=141;desc=""DB total"", db.count;dur=7;desc=""Query count"", db.first;dur=0;desc=""First query at"", db.last;dur=90;desc=""Last query at"", cache.hit;dur=2;desc=""Cache hits"", cache.miss;dur=6;desc=""Cache misses"" | D1_layout;dur=33.0;desc=""D1:layout"", D1_posts;dur=69.0;desc=""D1:posts"", D1_all-tags;dur=21.0;desc=""D1:all-tags"", total;dur=90.0;desc=""total"" | cfEdge;dur=163,cfOrigin;dur=0"
2026-10-05T22:30:30Z,after,curl,/posts/architektura-emdash-typescript-astro,200,MISS,remote-WAW,HAM,88.2,285.4,333.4,197.2,34314,8.0,190.0,0.0,91.0,91.0,6.0,7.0,"rt;dur=0;desc=""Runtime init"", render;dur=91;desc=""Page render"", mw;dur=91;desc=""Total middleware"", db.total;dur=190;desc=""DB total"", db.count;dur=8;desc=""Query count"", db.first;dur=0;desc=""First query at"", db.last;dur=91;desc=""Last query at"", cache.hit;dur=6;desc=""Cache hits"", cache.miss;dur=7;desc=""Cache misses"" | D1_layout;dur=40.0;desc=""D1:layout"", D1_entry+recent;dur=68.0;desc=""D1:entry+recent"", D1_tags;dur=23.0;desc=""D1:tags"", total;dur=91.0;desc=""total"""
2026-10-05T22:30:31Z,after,curl,/,200,MISS,remote-WAW,HAM,99.9,406.7,408.9,306.8,30950,7.0,195.0,0.0,125.0,125.0,2.0,6.0,"rt;dur=0;desc=""Runtime init"", render;dur=125;desc=""Page render"", mw;dur=125;desc=""Total middleware"", db.total;dur=195;desc=""DB total"", db.count;dur=7;desc=""Query count"", db.first;dur=0;desc=""First query at"", db.last;dur=125;desc=""Last query at"", cache.hit;dur=2;desc=""Cache hits"", cache.miss;dur=6;desc=""Cache misses"" | D1_layout;dur=43.0;desc=""D1:layout"", D1_posts;dur=104.0;desc=""D1:posts"", D1_all-tags;dur=21.0;desc=""D1:all-tags"", total;dur=125.0;desc=""total"""
2026-10-05T22:30:32Z,after,browser,/,200,MISS,remote-WAW,HAM,112.6,323.2,331.9,210.6,31312,7.0,170.0,0.0,96.0,96.0,2.0,6.0,"rt;dur=0;desc=""Runtime init"", render;dur=96;desc=""Page render"", mw;dur=96;desc=""Total middleware"", db.total;dur=170;desc=""DB total"", db.count;dur=7;desc=""Query count"", db.first;dur=0;desc=""First query at"", db.last;dur=96;desc=""Last query at"", cache.hit;dur=2;desc=""Cache hits"", cache.miss;dur=6;desc=""Cache misses"" | D1_layout;dur=46.0;desc=""D1:layout"", D1_posts;dur=75.0;desc=""D1:posts"", D1_all-tags;dur=21.0;desc=""D1:all-tags"", total;dur=96.0;desc=""total"" | cfEdge;dur=160,cfOrigin;dur=0"
2026-10-05T22:30:32Z,after,curl,/category/technologia,200,MISS,remote-WAW,HAM,87.0,298.4,306.4,211.4,29313,9.0,191.0,0.0,88.0,88.0,2.0,6.0,"rt;dur=0;desc=""Runtime init"", render;dur=88;desc=""Page render"", mw;dur=88;desc=""Total middleware"", db.total;dur=191;desc=""DB total"", db.count;dur=9;desc=""Query count"", db.first;dur=0;desc=""First query at"", db.last;dur=88;desc=""Last query at"", cache.hit;dur=2;desc=""Cache hits"", cache.miss;dur=6;desc=""Cache misses"" | D1_layout;dur=43.0;desc=""D1:layout"", D1_term+posts;dur=88.0;desc=""D1:term+posts"", total;dur=88.0;desc=""total"""
2026-10-05T22:30:33Z,after,browser,/category/technologia,200,MISS,remote-WAW,HAM,104.1,328.8,333.3,224.7,29672,9.0,216.0,0.0,90.0,90.0,2.0,6.0,"rt;dur=0;desc=""Runtime init"", render;dur=90;desc=""Page render"", mw;dur=90;desc=""Total middleware"", db.total;dur=216;desc=""DB total"", db.count;dur=9;desc=""Query count"", db.first;dur=0;desc=""First query at"", db.last;dur=90;desc=""Last query at"", cache.hit;dur=2;desc=""Cache hits"", cache.miss;dur=6;desc=""Cache misses"" | D1_layout;dur=51.0;desc=""D1:layout"", D1_term+posts;dur=90.0;desc=""D1:term+posts"", total;dur=90.0;desc=""total"" | cfEdge;dur=161,cfOrigin;dur=0"
2026-10-05T22:30:33Z,after,curl,/posts/,200,MISS,remote-WAW,HAM,129.0,367.0,374.0,238.0,36900,7.0,210.0,0.0,117.0,117.0,2.0,6.0,"rt;dur=0;desc=""Runtime init"", render;dur=117;desc=""Page render"", mw;dur=117;desc=""Total middleware"", db.total;dur=210;desc=""DB total"", db.count;dur=7;desc=""Query count"", db.first;dur=0;desc=""First query at"", db.last;dur=117;desc=""Last query at"", cache.hit;dur=2;desc=""Cache hits"", cache.miss;dur=6;desc=""Cache misses"" | D1_layout;dur=57.0;desc=""D1:layout"", D1_posts;dur=95.0;desc=""D1:posts"", D1_all-tags;dur=22.0;desc=""D1:all-tags"", total;dur=117.0;desc=""total"""
2026-10-05T22:30:34Z,after,browser,/posts/architektura-emdash-typescript-astro,200,MISS,remote-WAW,HAM,159.1,385.3,439.5,226.2,34673,9.0,235.0,0.0,98.0,98.0,6.0,7.0,"rt;dur=0;desc=""Runtime init"", render;dur=98;desc=""Page render"", mw;dur=98;desc=""Total middleware"", db.total;dur=235;desc=""DB total"", db.count;dur=9;desc=""Query count"", db.first;dur=0;desc=""First query at"", db.last;dur=98;desc=""Last query at"", cache.hit;dur=6;desc=""Cache hits"", cache.miss;dur=7;desc=""Cache misses"" | D1_layout;dur=46.0;desc=""D1:layout"", D1_entry+recent;dur=73.0;desc=""D1:entry+recent"", D1_tags;dur=25.0;desc=""D1:tags"", total;dur=98.0;desc=""total"" | cfEdge;dur=173,cfOrigin;dur=0"
2026-10-05T22:30:34Z,after,curl,/,200,MISS,remote-WAW,HAM,104.6,357.0,364.5,252.4,30945,7.0,172.0,0.0,100.0,100.0,2.0,6.0,"rt;dur=0;desc=""Runtime init"", render;dur=100;desc=""Page render"", mw;dur=100;desc=""Total middleware"", db.total;dur=172;desc=""DB total"", db.count;dur=7;desc=""Query count"", db.first;dur=0;desc=""First query at"", db.last;dur=100;desc=""Last query at"", cache.hit;dur=2;desc=""Cache hits"", cache.miss;dur=6;desc=""Cache misses"" | D1_layout;dur=44.0;desc=""D1:layout"", D1_posts;dur=80.0;desc=""D1:posts"", D1_all-tags;dur=20.0;desc=""D1:all-tags"", total;dur=100.0;desc=""total"""
2026-10-05T22:30:35Z,after,browser,/posts/architektura-emdash-typescript-astro,200,MISS,remote-WAW,HAM,93.5,324.0,371.3,230.5,34673,8.0,196.0,0.0,111.0,111.0,6.0,7.0,"rt;dur=0;desc=""Runtime init"", render;dur=111;desc=""Page render"", mw;dur=111;desc=""Total middleware"", db.total;dur=196;desc=""DB total"", db.count;dur=8;desc=""Query count"", db.first;dur=0;desc=""First query at"", db.last;dur=111;desc=""Last query at"", cache.hit;dur=6;desc=""Cache hits"", cache.miss;dur=7;desc=""Cache misses"" | D1_layout;dur=33.0;desc=""D1:layout"", D1_entry+recent;dur=89.0;desc=""D1:entry+recent"", D1_tags;dur=22.0;desc=""D1:tags"", total;dur=111.0;desc=""total"" | cfEdge;dur=178,cfOrigin;dur=0"
2026-10-05T22:30:36Z,after,curl,/category/technologia,200,MISS,remote-WAW,HAM,93.8,377.2,379.2,283.4,29317,9.0,228.0,0.0,95.0,95.0,2.0,6.0,"rt;dur=0;desc=""Runtime init"", render;dur=95;desc=""Page render"", mw;dur=95;desc=""Total middleware"", db.total;dur=228;desc=""DB total"", db.count;dur=9;desc=""Query count"", db.first;dur=0;desc=""First query at"", db.last;dur=95;desc=""Last query at"", cache.hit;dur=2;desc=""Cache hits"", cache.miss;dur=6;desc=""Cache misses"" | D1_layout;dur=54.0;desc=""D1:layout"", D1_term+posts;dur=95.0;desc=""D1:term+posts"", total;dur=95.0;desc=""total"""
2026-10-05T22:30:36Z,after,curl,/posts/,200,MISS,remote-WAW,HAM,90.4,303.4,335.9,213.0,36900,7.0,156.0,0.0,94.0,94.0,2.0,6.0,"rt;dur=0;desc=""Runtime init"", render;dur=94;desc=""Page render"", mw;dur=94;desc=""Total middleware"", db.total;dur=156;desc=""DB total"", db.count;dur=7;desc=""Query count"", db.first;dur=0;desc=""First query at"", db.last;dur=94;desc=""Last query at"", cache.hit;dur=2;desc=""Cache hits"", cache.miss;dur=6;desc=""Cache misses"" | D1_layout;dur=41.0;desc=""D1:layout"", D1_posts;dur=74.0;desc=""D1:posts"", D1_all-tags;dur=20.0;desc=""D1:all-tags"", total;dur=94.0;desc=""total"""
2026-10-05T22:30:37Z,after,browser,/category/technologia,200,MISS,remote-WAW,HAM,86.1,288.6,297.6,202.5,29676,9.0,230.0,0.0,97.0,97.0,2.0,6.0,"rt;dur=0;desc=""Runtime init"", render;dur=97;desc=""Page render"", mw;dur=97;desc=""Total middleware"", db.total;dur=230;desc=""DB total"", db.count;dur=9;desc=""Query count"", db.first;dur=0;desc=""First query at"", db.last;dur=97;desc=""Last query at"", cache.hit;dur=2;desc=""Cache hits"", cache.miss;dur=6;desc=""Cache misses"" | D1_layout;dur=52.0;desc=""D1:layout"", D1_term+posts;dur=97.0;desc=""D1:term+posts"", total;dur=97.0;desc=""total"" | cfEdge;dur=157,cfOrigin;dur=0"
2026-10-05T22:30:38Z,after,browser,/posts/,200,MISS,remote-WAW,HAM,246.3,571.4,572.6,325.1,37275,7.0,186.0,0.0,121.0,121.0,2.0,6.0,"rt;dur=0;desc=""Runtime init"", render;dur=121;desc=""Page render"", mw;dur=121;desc=""Total middleware"", db.total;dur=186;desc=""DB total"", db.count;dur=7;desc=""Query count"", db.first;dur=0;desc=""First query at"", db.last;dur=121;desc=""Last query at"", cache.hit;dur=2;desc=""Cache hits"", cache.miss;dur=6;desc=""Cache misses"" | D1_layout;dur=42.0;desc=""D1:layout"", D1_posts;dur=94.0;desc=""D1:posts"", D1_all-tags;dur=27.0;desc=""D1:all-tags"", total;dur=121.0;desc=""total"" | cfEdge;dur=197,cfOrigin;dur=0"
2026-10-05T22:30:38Z,after,curl,/posts/architektura-emdash-typescript-astro,200,MISS,remote-WAW,HAM,214.8,459.6,636.6,244.8,34311,8.0,205.0,0.0,122.0,122.0,6.0,7.0,"rt;dur=0;desc=""Runtime init"", render;dur=122;desc=""Page render"", mw;dur=122;desc=""Total middleware"", db.total;dur=205;desc=""DB total"", db.count;dur=8;desc=""Query count"", db.first;dur=0;desc=""First query at"", db.last;dur=122;desc=""Last query at"", cache.hit;dur=6;desc=""Cache hits"", cache.miss;dur=7;desc=""Cache misses"" | D1_layout;dur=37.0;desc=""D1:layout"", D1_entry+recent;dur=102.0;desc=""D1:entry+recent"", D1_tags;dur=20.0;desc=""D1:tags"", total;dur=122.0;desc=""total"""
2026-10-05T22:30:39Z,after,browser,/,200,MISS,remote-WAW,HAM,285.7,491.4,501.7,205.7,31316,7.0,157.0,0.0,85.0,85.0,2.0,6.0,"rt;dur=0;desc=""Runtime init"", render;dur=85;desc=""Page render"", mw;dur=85;desc=""Total middleware"", db.total;dur=157;desc=""DB total"", db.count;dur=7;desc=""Query count"", db.first;dur=0;desc=""First query at"", db.last;dur=85;desc=""Last query at"", cache.hit;dur=2;desc=""Cache hits"", cache.miss;dur=6;desc=""Cache misses"" | D1_layout;dur=46.0;desc=""D1:layout"", D1_posts;dur=68.0;desc=""D1:posts"", D1_all-tags;dur=17.0;desc=""D1:all-tags"", total;dur=85.0;desc=""total"" | cfEdge;dur=155,cfOrigin;dur=0"
2026-10-05T22:30:40Z,after,browser,/posts/,200,MISS,remote-WAW,HAM,290.1,589.0,590.5,298.9,37267,7.0,156.0,0.0,88.0,88.0,2.0,6.0,"rt;dur=0;desc=""Runtime init"", render;dur=88;desc=""Page render"", mw;dur=88;desc=""Total middleware"", db.total;dur=156;desc=""DB total"", db.count;dur=7;desc=""Query count"", db.first;dur=0;desc=""First query at"", db.last;dur=88;desc=""Last query at"", cache.hit;dur=2;desc=""Cache hits"", cache.miss;dur=6;desc=""Cache misses"" | D1_layout;dur=44.0;desc=""D1:layout"", D1_posts;dur=67.0;desc=""D1:posts"", D1_all-tags;dur=21.0;desc=""D1:all-tags"", total;dur=88.0;desc=""total"" | cfEdge;dur=157,cfOrigin;dur=0"
2026-10-05T22:30:41Z,after,curl,/posts/,200,MISS,remote-WAW,HAM,293.4,533.3,544.1,239.9,36904,7.0,150.0,0.0,97.0,97.0,2.0,6.0,"rt;dur=0;desc=""Runtime init"", render;dur=97;desc=""Page render"", mw;dur=97;desc=""Total middleware"", db.total;dur=150;desc=""DB total"", db.count;dur=7;desc=""Query count"", db.first;dur=0;desc=""First query at"", db.last;dur=97;desc=""Last query at"", cache.hit;dur=2;desc=""Cache hits"", cache.miss;dur=6;desc=""Cache misses"" | D1_layout;dur=35.0;desc=""D1:layout"", D1_posts;dur=75.0;desc=""D1:posts"", D1_all-tags;dur=22.0;desc=""D1:all-tags"", total;dur=97.0;desc=""total"""
2026-10-05T22:30:41Z,after,curl,/,200,MISS,remote-WAW,HAM,134.7,383.4,386.8,248.7,30941,7.0,176.0,0.0,101.0,101.0,2.0,6.0,"rt;dur=0;desc=""Runtime init"", render;dur=101;desc=""Page render"", mw;dur=101;desc=""Total middleware"", db.total;dur=176;desc=""DB total"", db.count;dur=7;desc=""Query count"", db.first;dur=0;desc=""First query at"", db.last;dur=101;desc=""Last query at"", cache.hit;dur=2;desc=""Cache hits"", cache.miss;dur=6;desc=""Cache misses"" | D1_layout;dur=45.0;desc=""D1:layout"", D1_posts;dur=77.0;desc=""D1:posts"", D1_all-tags;dur=24.0;desc=""D1:all-tags"", total;dur=101.0;desc=""total"""
2026-10-05T22:30:42Z,after,browser,/,200,MISS,remote-WAW,HAM,300.1,675.6,681.3,375.5,31329,7.0,313.0,0.0,249.0,249.0,2.0,6.0,"rt;dur=0;desc=""Runtime init"", render;dur=249;desc=""Page render"", mw;dur=249;desc=""Total middleware"", db.total;dur=313;desc=""DB total"", db.count;dur=7;desc=""Query count"", db.first;dur=0;desc=""First query at"", db.last;dur=249;desc=""Last query at"", cache.hit;dur=2;desc=""Cache hits"", cache.miss;dur=6;desc=""Cache misses"" | D1_layout;dur=42.0;desc=""D1:layout"", D1_posts;dur=229.0;desc=""D1:posts"", D1_all-tags;dur=20.0;desc=""D1:all-tags"", total;dur=249.0;desc=""total"" | cfEdge;dur=325,cfOrigin;dur=0"
2026-10-05T22:30:43Z,after,curl,/category/technologia,200,MISS,remote-WAW,HAM,172.4,430.7,432.9,258.3,29317,9.0,217.0,0.0,95.0,95.0,2.0,6.0,"rt;dur=0;desc=""Runtime init"", render;dur=95;desc=""Page render"", mw;dur=95;desc=""Total middleware"", db.total;dur=217;desc=""DB total"", db.count;dur=9;desc=""Query count"", db.first;dur=0;desc=""First query at"", db.last;dur=95;desc=""Last query at"", cache.hit;dur=2;desc=""Cache hits"", cache.miss;dur=6;desc=""Cache misses"" | D1_layout;dur=50.0;desc=""D1:layout"", D1_term+posts;dur=95.0;desc=""D1:term+posts"", total;dur=95.0;desc=""total"""
2026-10-05T22:30:44Z,after,curl,/posts/architektura-emdash-typescript-astro,200,MISS,remote-WAW,HAM,97.1,306.0,353.4,208.9,34322,8.0,187.0,0.0,95.0,95.0,6.0,7.0,"rt;dur=0;desc=""Runtime init"", render;dur=95;desc=""Page render"", mw;dur=95;desc=""Total middleware"", db.total;dur=187;desc=""DB total"", db.count;dur=8;desc=""Query count"", db.first;dur=0;desc=""First query at"", db.last;dur=95;desc=""Last query at"", cache.hit;dur=6;desc=""Cache hits"", cache.miss;dur=7;desc=""Cache misses"" | D1_layout;dur=43.0;desc=""D1:layout"", D1_entry+recent;dur=71.0;desc=""D1:entry+recent"", D1_tags;dur=24.0;desc=""D1:tags"", total;dur=95.0;desc=""total"""
2026-10-05T22:30:44Z,after,browser,/posts/architektura-emdash-typescript-astro,200,MISS,remote-WAW,HAM,121.5,362.6,409.5,241.1,34662,8.0,261.0,0.0,119.0,119.0,6.0,7.0,"rt;dur=0;desc=""Runtime init"", render;dur=119;desc=""Page render"", mw;dur=119;desc=""Total middleware"", db.total;dur=261;desc=""DB total"", db.count;dur=8;desc=""Query count"", db.first;dur=0;desc=""First query at"", db.last;dur=119;desc=""Last query at"", cache.hit;dur=6;desc=""Cache hits"", cache.miss;dur=7;desc=""Cache misses"" | D1_layout;dur=56.0;desc=""D1:layout"", D1_entry+recent;dur=101.0;desc=""D1:entry+recent"", D1_tags;dur=18.0;desc=""D1:tags"", total;dur=119.0;desc=""total"" | cfEdge;dur=193,cfOrigin;dur=0"
2026-10-05T22:30:45Z,after,browser,/category/technologia,200,MISS,remote-WAW,HAM,149.5,351.1,363.4,201.6,29668,9.0,208.0,0.0,90.0,90.0,2.0,6.0,"rt;dur=0;desc=""Runtime init"", render;dur=90;desc=""Page render"", mw;dur=90;desc=""Total middleware"", db.total;dur=208;desc=""DB total"", db.count;dur=9;desc=""Query count"", db.first;dur=0;desc=""First query at"", db.last;dur=90;desc=""Last query at"", cache.hit;dur=2;desc=""Cache hits"", cache.miss;dur=6;desc=""Cache misses"" | D1_layout;dur=47.0;desc=""D1:layout"", D1_term+posts;dur=90.0;desc=""D1:term+posts"", total;dur=90.0;desc=""total"" | cfEdge;dur=161,cfOrigin;dur=0"
2026-10-05T22:30:46Z,after,browser,/category/technologia,200,MISS,remote-WAW,HAM,222.1,426.0,435.0,203.9,29676,9.0,192.0,0.0,85.0,85.0,2.0,6.0,"rt;dur=0;desc=""Runtime init"", render;dur=85;desc=""Page render"", mw;dur=85;desc=""Total middleware"", db.total;dur=192;desc=""DB total"", db.count;dur=9;desc=""Query count"", db.first;dur=0;desc=""First query at"", db.last;dur=85;desc=""Last query at"", cache.hit;dur=2;desc=""Cache hits"", cache.miss;dur=6;desc=""Cache misses"" | D1_layout;dur=42.0;desc=""D1:layout"", D1_term+posts;dur=85.0;desc=""D1:term+posts"", total;dur=85.0;desc=""total"" | cfEdge;dur=152,cfOrigin;dur=0"
2026-10-05T22:30:46Z,after,curl,/posts/architektura-emdash-typescript-astro,200,MISS,remote-WAW,HAM,86.2,309.7,434.1,223.5,34318,8.0,166.0,0.0,89.0,89.0,6.0,7.0,"rt;dur=0;desc=""Runtime init"", render;dur=89;desc=""Page render"", mw;dur=89;desc=""Total middleware"", db.total;dur=166;desc=""DB total"", db.count;dur=8;desc=""Query count"", db.first;dur=0;desc=""First query at"", db.last;dur=89;desc=""Last query at"", cache.hit;dur=6;desc=""Cache hits"", cache.miss;dur=7;desc=""Cache misses"" | D1_layout;dur=34.0;desc=""D1:layout"", D1_entry+recent;dur=67.0;desc=""D1:entry+recent"", D1_tags;dur=22.0;desc=""D1:tags"", total;dur=89.0;desc=""total"""
2026-10-05T22:30:47Z,after,curl,/category/technologia,200,MISS,remote-WAW,HAM,93.8,320.1,364.2,226.3,29310,9.0,239.0,0.0,106.0,106.0,2.0,6.0,"rt;dur=0;desc=""Runtime init"", render;dur=106;desc=""Page render"", mw;dur=106;desc=""Total middleware"", db.total;dur=239;desc=""DB total"", db.count;dur=9;desc=""Query count"", db.first;dur=0;desc=""First query at"", db.last;dur=106;desc=""Last query at"", cache.hit;dur=2;desc=""Cache hits"", cache.miss;dur=6;desc=""Cache misses"" | D1_layout;dur=54.0;desc=""D1:layout"", D1_term+posts;dur=106.0;desc=""D1:term+posts"", total;dur=106.0;desc=""total"""
2026-10-05T22:30:47Z,after,curl,/,200,MISS,remote-WAW,HAM,87.2,320.8,327.1,233.6,30953,7.0,186.0,0.0,112.0,112.0,2.0,6.0,"rt;dur=0;desc=""Runtime init"", render;dur=112;desc=""Page render"", mw;dur=112;desc=""Total middleware"", db.total;dur=186;desc=""DB total"", db.count;dur=7;desc=""Query count"", db.first;dur=0;desc=""First query at"", db.last;dur=112;desc=""Last query at"", cache.hit;dur=2;desc=""Cache hits"", cache.miss;dur=6;desc=""Cache misses"" | D1_layout;dur=46.0;desc=""D1:layout"", D1_posts;dur=95.0;desc=""D1:posts"", D1_all-tags;dur=17.0;desc=""D1:all-tags"", total;dur=112.0;desc=""total"""
2026-10-05T22:30:48Z,after,browser,/posts/architektura-emdash-typescript-astro,200,MISS,remote-WAW,HAM,179.0,394.8,518.6,215.8,34677,8.0,218.0,0.0,103.0,103.0,6.0,7.0,"rt;dur=0;desc=""Runtime init"", render;dur=103;desc=""Page render"", mw;dur=103;desc=""Total middleware"", db.total;dur=218;desc=""DB total"", db.count;dur=8;desc=""Query count"", db.first;dur=0;desc=""First query at"", db.last;dur=103;desc=""Last query at"", cache.hit;dur=6;desc=""Cache hits"", cache.miss;dur=7;desc=""Cache misses"" | D1_layout;dur=50.0;desc=""D1:layout"", D1_entry+recent;dur=82.0;desc=""D1:entry+recent"", D1_tags;dur=21.0;desc=""D1:tags"", total;dur=103.0;desc=""total"" | cfEdge;dur=173,cfOrigin;dur=0"
2026-10-05T22:30:49Z,after,browser,/posts/,200,MISS,remote-WAW,HAM,89.1,291.7,297.0,202.6,37275,7.0,159.0,0.0,91.0,91.0,2.0,6.0,"rt;dur=0;desc=""Runtime init"", render;dur=91;desc=""Page render"", mw;dur=91;desc=""Total middleware"", db.total;dur=159;desc=""DB total"", db.count;dur=7;desc=""Query count"", db.first;dur=0;desc=""First query at"", db.last;dur=91;desc=""Last query at"", cache.hit;dur=2;desc=""Cache hits"", cache.miss;dur=6;desc=""Cache misses"" | D1_layout;dur=42.0;desc=""D1:layout"", D1_posts;dur=75.0;desc=""D1:posts"", D1_all-tags;dur=16.0;desc=""D1:all-tags"", total;dur=91.0;desc=""total"" | cfEdge;dur=154,cfOrigin;dur=0"
2026-10-05T22:30:49Z,after,browser,/,200,MISS,remote-WAW,HAM,95.6,307.9,315.7,212.3,31316,7.0,158.0,0.0,96.0,96.0,2.0,6.0,"rt;dur=0;desc=""Runtime init"", render;dur=96;desc=""Page render"", mw;dur=96;desc=""Total middleware"", db.total;dur=158;desc=""DB total"", db.count;dur=7;desc=""Query count"", db.first;dur=0;desc=""First query at"", db.last;dur=96;desc=""Last query at"", cache.hit;dur=2;desc=""Cache hits"", cache.miss;dur=6;desc=""Cache misses"" | D1_layout;dur=41.0;desc=""D1:layout"", D1_posts;dur=80.0;desc=""D1:posts"", D1_all-tags;dur=16.0;desc=""D1:all-tags"", total;dur=96.0;desc=""total"" | cfEdge;dur=163,cfOrigin;dur=0"
2026-10-05T22:30:50Z,after,curl,/posts/,200,MISS,remote-WAW,HAM,120.5,335.8,351.5,215.3,36908,7.0,151.0,0.0,87.0,87.0,2.0,6.0,"rt;dur=0;desc=""Runtime init"", render;dur=87;desc=""Page render"", mw;dur=87;desc=""Total middleware"", db.total;dur=151;desc=""DB total"", db.count;dur=7;desc=""Query count"", db.first;dur=0;desc=""First query at"", db.last;dur=87;desc=""Last query at"", cache.hit;dur=2;desc=""Cache hits"", cache.miss;dur=6;desc=""Cache misses"" | D1_layout;dur=40.0;desc=""D1:layout"", D1_posts;dur=69.0;desc=""D1:posts"", D1_all-tags;dur=18.0;desc=""D1:all-tags"", total;dur=87.0;desc=""total"""
2026-10-05T22:30:50Z,after,browser,/posts/architektura-emdash-typescript-astro,200,MISS,remote-WAW,HAM,106.3,382.5,383.5,276.2,34689,8.0,181.0,0.0,82.0,82.0,6.0,7.0,"rt;dur=0;desc=""Runtime init"", render;dur=82;desc=""Page render"", mw;dur=82;desc=""Total middleware"", db.total;dur=181;desc=""DB total"", db.count;dur=8;desc=""Query count"", db.first;dur=0;desc=""First query at"", db.last;dur=82;desc=""Last query at"", cache.hit;dur=6;desc=""Cache hits"", cache.miss;dur=7;desc=""Cache misses"" | D1_layout;dur=45.0;desc=""D1:layout"", D1_entry+recent;dur=64.0;desc=""D1:entry+recent"", D1_tags;dur=18.0;desc=""D1:tags"", total;dur=82.0;desc=""total"" | cfEdge;dur=147,cfOrigin;dur=0"
2026-10-05T22:30:51Z,after,browser,/,200,MISS,remote-WAW,HAM,83.5,284.7,285.3,201.2,31324,7.0,154.0,0.0,87.0,87.0,2.0,6.0,"rt;dur=0;desc=""Runtime init"", render;dur=87;desc=""Page render"", mw;dur=87;desc=""Total middleware"", db.total;dur=154;desc=""DB total"", db.count;dur=7;desc=""Query count"", db.first;dur=0;desc=""First query at"", db.last;dur=87;desc=""Last query at"", cache.hit;dur=2;desc=""Cache hits"", cache.miss;dur=6;desc=""Cache misses"" | D1_layout;dur=42.0;desc=""D1:layout"", D1_posts;dur=69.0;desc=""D1:posts"", D1_all-tags;dur=18.0;desc=""D1:all-tags"", total;dur=87.0;desc=""total"" | cfEdge;dur=155,cfOrigin;dur=0"
2026-10-05T22:30:51Z,after,curl,/,200,MISS,remote-WAW,HAM,101.3,305.7,312.1,204.4,30953,7.0,147.0,0.0,89.0,89.0,2.0,6.0,"rt;dur=0;desc=""Runtime init"", render;dur=89;desc=""Page render"", mw;dur=89;desc=""Total middleware"", db.total;dur=147;desc=""DB total"", db.count;dur=7;desc=""Query count"", db.first;dur=0;desc=""First query at"", db.last;dur=89;desc=""Last query at"", cache.hit;dur=2;desc=""Cache hits"", cache.miss;dur=6;desc=""Cache misses"" | D1_layout;dur=35.0;desc=""D1:layout"", D1_posts;dur=69.0;desc=""D1:posts"", D1_all-tags;dur=20.0;desc=""D1:all-tags"", total;dur=89.0;desc=""total"""
2026-10-05T22:30:52Z,after,browser,/category/technologia,200,MISS,remote-WAW,HAM,104.2,310.9,317.3,206.7,29680,9.0,204.0,0.0,90.0,90.0,2.0,6.0,"rt;dur=0;desc=""Runtime init"", render;dur=90;desc=""Page render"", mw;dur=90;desc=""Total middleware"", db.total;dur=204;desc=""DB total"", db.count;dur=9;desc=""Query count"", db.first;dur=0;desc=""First query at"", db.last;dur=90;desc=""Last query at"", cache.hit;dur=2;desc=""Cache hits"", cache.miss;dur=6;desc=""Cache misses"" | D1_layout;dur=46.0;desc=""D1:layout"", D1_term+posts;dur=90.0;desc=""D1:term+posts"", total;dur=90.0;desc=""total"" | cfEdge;dur=160,cfOrigin;dur=0"
2026-10-05T22:30:53Z,after,curl,/posts/architektura-emdash-typescript-astro,200,MISS,remote-WAW,HAM,87.3,316.1,364.4,228.8,34318,8.0,206.0,0.0,112.0,112.0,6.0,7.0,"rt;dur=0;desc=""Runtime init"", render;dur=112;desc=""Page render"", mw;dur=112;desc=""Total middleware"", db.total;dur=206;desc=""DB total"", db.count;dur=8;desc=""Query count"", db.first;dur=0;desc=""First query at"", db.last;dur=112;desc=""Last query at"", cache.hit;dur=6;desc=""Cache hits"", cache.miss;dur=7;desc=""Cache misses"" | D1_layout;dur=44.0;desc=""D1:layout"", D1_entry+recent;dur=82.0;desc=""D1:entry+recent"", D1_tags;dur=30.0;desc=""D1:tags"", total;dur=112.0;desc=""total"""
2026-10-05T22:30:53Z,after,curl,/posts/,200,MISS,remote-WAW,HAM,96.9,319.8,328.9,222.9,36916,8.0,194.0,0.0,99.0,99.0,2.0,6.0,"rt;dur=0;desc=""Runtime init"", render;dur=99;desc=""Page render"", mw;dur=99;desc=""Total middleware"", db.total;dur=194;desc=""DB total"", db.count;dur=8;desc=""Query count"", db.first;dur=0;desc=""First query at"", db.last;dur=99;desc=""Last query at"", cache.hit;dur=2;desc=""Cache hits"", cache.miss;dur=6;desc=""Cache misses"" | D1_layout;dur=34.0;desc=""D1:layout"", D1_posts;dur=74.0;desc=""D1:posts"", D1_all-tags;dur=25.0;desc=""D1:all-tags"", total;dur=99.0;desc=""total"""
2026-10-05T22:30:54Z,after,browser,/posts/,200,MISS,remote-WAW,HAM,163.0,385.5,393.9,222.5,37271,7.0,140.0,0.0,87.0,87.0,2.0,6.0,"rt;dur=0;desc=""Runtime init"", render;dur=87;desc=""Page render"", mw;dur=87;desc=""Total middleware"", db.total;dur=140;desc=""DB total"", db.count;dur=7;desc=""Query count"", db.first;dur=0;desc=""First query at"", db.last;dur=87;desc=""Last query at"", cache.hit;dur=2;desc=""Cache hits"", cache.miss;dur=6;desc=""Cache misses"" | D1_layout;dur=36.0;desc=""D1:layout"", D1_posts;dur=66.0;desc=""D1:posts"", D1_all-tags;dur=21.0;desc=""D1:all-tags"", total;dur=87.0;desc=""total"" | cfEdge;dur=175,cfOrigin;dur=0"
2026-10-05T22:30:55Z,after,curl,/category/technologia,200,MISS,remote-WAW,HAM,252.4,572.4,573.2,320.0,29314,9.0,205.0,0.0,103.0,103.0,2.0,6.0,"rt;dur=0;desc=""Runtime init"", render;dur=103;desc=""Page render"", mw;dur=103;desc=""Total middleware"", db.total;dur=205;desc=""DB total"", db.count;dur=9;desc=""Query count"", db.first;dur=0;desc=""First query at"", db.last;dur=103;desc=""Last query at"", cache.hit;dur=2;desc=""Cache hits"", cache.miss;dur=6;desc=""Cache misses"" | D1_layout;dur=43.0;desc=""D1:layout"", D1_term+posts;dur=103.0;desc=""D1:term+posts"", total;dur=103.0;desc=""total"""
2026-10-05T22:30:55Z,after,curl,/category/technologia,200,MISS,remote-WAW,HAM,91.0,297.7,304.1,206.7,29309,9.0,196.0,0.0,83.0,83.0,2.0,6.0,"rt;dur=0;desc=""Runtime init"", render;dur=83;desc=""Page render"", mw;dur=83;desc=""Total middleware"", db.total;dur=196;desc=""DB total"", db.count;dur=9;desc=""Query count"", db.first;dur=0;desc=""First query at"", db.last;dur=83;desc=""Last query at"", cache.hit;dur=2;desc=""Cache hits"", cache.miss;dur=6;desc=""Cache misses"" | D1_layout;dur=44.0;desc=""D1:layout"", D1_term+posts;dur=83.0;desc=""D1:term+posts"", total;dur=83.0;desc=""total"""
2026-10-05T22:30:56Z,after,curl,/posts/architektura-emdash-typescript-astro,200,MISS,remote-WAW,HAM,292.8,503.5,546.7,210.7,34330,8.0,182.0,0.0,89.0,89.0,6.0,7.0,"rt;dur=0;desc=""Runtime init"", render;dur=89;desc=""Page render"", mw;dur=89;desc=""Total middleware"", db.total;dur=182;desc=""DB total"", db.count;dur=8;desc=""Query count"", db.first;dur=0;desc=""First query at"", db.last;dur=89;desc=""Last query at"", cache.hit;dur=6;desc=""Cache hits"", cache.miss;dur=7;desc=""Cache misses"" | D1_layout;dur=35.0;desc=""D1:layout"", D1_entry+recent;dur=68.0;desc=""D1:entry+recent"", D1_tags;dur=21.0;desc=""D1:tags"", total;dur=89.0;desc=""total"""
2026-10-05T22:30:57Z,after,browser,/posts/,200,MISS,remote-WAW,HAM,389.7,724.4,725.3,334.7,37271,7.0,151.0,0.0,94.0,94.0,2.0,6.0,"rt;dur=0;desc=""Runtime init"", render;dur=94;desc=""Page render"", mw;dur=94;desc=""Total middleware"", db.total;dur=151;desc=""DB total"", db.count;dur=7;desc=""Query count"", db.first;dur=0;desc=""First query at"", db.last;dur=94;desc=""Last query at"", cache.hit;dur=2;desc=""Cache hits"", cache.miss;dur=6;desc=""Cache misses"" | D1_layout;dur=32.0;desc=""D1:layout"", D1_posts;dur=72.0;desc=""D1:posts"", D1_all-tags;dur=22.0;desc=""D1:all-tags"", total;dur=94.0;desc=""total"" | cfEdge;dur=158,cfOrigin;dur=0"
2026-10-05T22:30:58Z,after,curl,/,200,MISS,remote-WAW,HAM,293.5,524.9,541.6,231.4,30949,7.0,170.0,0.0,106.0,106.0,2.0,6.0,"rt;dur=0;desc=""Runtime init"", render;dur=106;desc=""Page render"", mw;dur=106;desc=""Total middleware"", db.total;dur=170;desc=""DB total"", db.count;dur=7;desc=""Query count"", db.first;dur=0;desc=""First query at"", db.last;dur=106;desc=""Last query at"", cache.hit;dur=2;desc=""Cache hits"", cache.miss;dur=6;desc=""Cache misses"" | D1_layout;dur=38.0;desc=""D1:layout"", D1_posts;dur=85.0;desc=""D1:posts"", D1_all-tags;dur=21.0;desc=""D1:all-tags"", total;dur=106.0;desc=""total"""
2026-10-05T22:30:58Z,after,browser,/posts/architektura-emdash-typescript-astro,200,MISS,remote-WAW,HAM,130.3,376.6,405.0,246.3,34673,8.0,222.0,0.0,95.0,95.0,6.0,7.0,"rt;dur=0;desc=""Runtime init"", render;dur=95;desc=""Page render"", mw;dur=95;desc=""Total middleware"", db.total;dur=222;desc=""DB total"", db.count;dur=8;desc=""Query count"", db.first;dur=0;desc=""First query at"", db.last;dur=95;desc=""Last query at"", cache.hit;dur=6;desc=""Cache hits"", cache.miss;dur=7;desc=""Cache misses"" | D1_layout;dur=49.0;desc=""D1:layout"", D1_entry+recent;dur=77.0;desc=""D1:entry+recent"", D1_tags;dur=18.0;desc=""D1:tags"", total;dur=95.0;desc=""total"" | cfEdge;dur=165,cfOrigin;dur=0"
2026-10-05T22:30:59Z,after,browser,/,200,MISS,remote-WAW,HAM,273.9,479.1,483.7,205.2,31312,7.0,152.0,0.0,92.0,92.0,2.0,6.0,"rt;dur=0;desc=""Runtime init"", render;dur=92;desc=""Page render"", mw;dur=92;desc=""Total middleware"", db.total;dur=152;desc=""DB total"", db.count;dur=7;desc=""Query count"", db.first;dur=0;desc=""First query at"", db.last;dur=92;desc=""Last query at"", cache.hit;dur=2;desc=""Cache hits"", cache.miss;dur=6;desc=""Cache misses"" | D1_layout;dur=37.0;desc=""D1:layout"", D1_posts;dur=71.0;desc=""D1:posts"", D1_all-tags;dur=21.0;desc=""D1:all-tags"", total;dur=92.0;desc=""total"" | cfEdge;dur=158,cfOrigin;dur=0"
2026-10-05T22:31:00Z,after,browser,/category/technologia,200,MISS,remote-WAW,HAM,245.8,460.7,466.2,214.9,29680,9.0,213.0,0.0,94.0,94.0,2.0,6.0,"rt;dur=0;desc=""Runtime init"", render;dur=94;desc=""Page render"", mw;dur=94;desc=""Total middleware"", db.total;dur=213;desc=""DB total"", db.count;dur=9;desc=""Query count"", db.first;dur=0;desc=""First query at"", db.last;dur=94;desc=""Last query at"", cache.hit;dur=2;desc=""Cache hits"", cache.miss;dur=6;desc=""Cache misses"" | D1_layout;dur=49.0;desc=""D1:layout"", D1_term+posts;dur=94.0;desc=""D1:term+posts"", total;dur=94.0;desc=""total"" | cfEdge;dur=159,cfOrigin;dur=0"
2026-10-05T22:31:00Z,after,curl,/posts/,200,MISS,remote-WAW,HAM,98.2,321.8,328.2,223.6,36912,7.0,167.0,0.0,100.0,100.0,2.0,6.0,"rt;dur=0;desc=""Runtime init"", render;dur=100;desc=""Page render"", mw;dur=100;desc=""Total middleware"", db.total;dur=167;desc=""DB total"", db.count;dur=7;desc=""Query count"", db.first;dur=0;desc=""First query at"", db.last;dur=100;desc=""Last query at"", cache.hit;dur=2;desc=""Cache hits"", cache.miss;dur=6;desc=""Cache misses"" | D1_layout;dur=42.0;desc=""D1:layout"", D1_posts;dur=83.0;desc=""D1:posts"", D1_all-tags;dur=17.0;desc=""D1:all-tags"", total;dur=100.0;desc=""total"""
2026-10-05T22:31:01Z,after,browser,/category/technologia,200,MISS,remote-WAW,HAM,150.9,384.2,392.1,233.3,29676,10.0,253.0,0.0,93.0,93.0,2.0,6.0,"rt;dur=0;desc=""Runtime init"", render;dur=93;desc=""Page render"", mw;dur=93;desc=""Total middleware"", db.total;dur=253;desc=""DB total"", db.count;dur=10;desc=""Query count"", db.first;dur=0;desc=""First query at"", db.last;dur=93;desc=""Last query at"", cache.hit;dur=2;desc=""Cache hits"", cache.miss;dur=6;desc=""Cache misses"" | D1_layout;dur=54.0;desc=""D1:layout"", D1_term+posts;dur=93.0;desc=""D1:term+posts"", total;dur=93.0;desc=""total"" | cfEdge;dur=174,cfOrigin;dur=0"
2026-10-05T22:31:01Z,after,curl,/posts/,200,MISS,remote-WAW,HAM,92.1,319.7,328.9,227.6,36900,7.0,182.0,0.0,112.0,112.0,2.0,6.0,"rt;dur=0;desc=""Runtime init"", render;dur=112;desc=""Page render"", mw;dur=112;desc=""Total middleware"", db.total;dur=182;desc=""DB total"", db.count;dur=7;desc=""Query count"", db.first;dur=0;desc=""First query at"", db.last;dur=112;desc=""Last query at"", cache.hit;dur=2;desc=""Cache hits"", cache.miss;dur=6;desc=""Cache misses"" | D1_layout;dur=43.0;desc=""D1:layout"", D1_posts;dur=93.0;desc=""D1:posts"", D1_all-tags;dur=19.0;desc=""D1:all-tags"", total;dur=112.0;desc=""total"""
2026-10-05T22:31:02Z,after,curl,/,200,MISS,remote-WAW,HAM,109.4,315.2,323.5,205.8,30945,7.0,159.0,0.0,92.0,92.0,2.0,6.0,"rt;dur=0;desc=""Runtime init"", render;dur=92;desc=""Page render"", mw;dur=92;desc=""Total middleware"", db.total;dur=159;desc=""DB total"", db.count;dur=7;desc=""Query count"", db.first;dur=0;desc=""First query at"", db.last;dur=92;desc=""Last query at"", cache.hit;dur=2;desc=""Cache hits"", cache.miss;dur=6;desc=""Cache misses"" | D1_layout;dur=42.0;desc=""D1:layout"", D1_posts;dur=75.0;desc=""D1:posts"", D1_all-tags;dur=17.0;desc=""D1:all-tags"", total;dur=92.0;desc=""total"""
2026-10-05T22:31:03Z,after,browser,/,200,MISS,remote-WAW,HAM,100.3,334.8,342.1,234.5,31308,7.0,184.0,0.0,109.0,109.0,2.0,6.0,"rt;dur=0;desc=""Runtime init"", render;dur=109;desc=""Page render"", mw;dur=109;desc=""Total middleware"", db.total;dur=184;desc=""DB total"", db.count;dur=7;desc=""Query count"", db.first;dur=0;desc=""First query at"", db.last;dur=109;desc=""Last query at"", cache.hit;dur=2;desc=""Cache hits"", cache.miss;dur=6;desc=""Cache misses"" | D1_layout;dur=46.0;desc=""D1:layout"", D1_posts;dur=83.0;desc=""D1:posts"", D1_all-tags;dur=26.0;desc=""D1:all-tags"", total;dur=109.0;desc=""total"" | cfEdge;dur=190,cfOrigin;dur=0"
2026-10-05T22:31:03Z,after,browser,/posts/architektura-emdash-typescript-astro,200,MISS,remote-WAW,HAM,245.8,469.5,523.0,223.7,34681,8.0,255.0,0.0,108.0,108.0,6.0,7.0,"rt;dur=0;desc=""Runtime init"", render;dur=108;desc=""Page render"", mw;dur=108;desc=""Total middleware"", db.total;dur=255;desc=""DB total"", db.count;dur=8;desc=""Query count"", db.first;dur=0;desc=""First query at"", db.last;dur=108;desc=""Last query at"", cache.hit;dur=6;desc=""Cache hits"", cache.miss;dur=7;desc=""Cache misses"" | D1_layout;dur=65.0;desc=""D1:layout"", D1_entry+recent;dur=86.0;desc=""D1:entry+recent"", D1_tags;dur=22.0;desc=""D1:tags"", total;dur=108.0;desc=""total"" | cfEdge;dur=173,cfOrigin;dur=0"
2026-10-05T22:31:04Z,after,browser,/posts/,200,MISS,remote-WAW,HAM,104.6,325.5,333.8,220.9,37263,7.0,152.0,0.0,92.0,92.0,2.0,6.0,"rt;dur=0;desc=""Runtime init"", render;dur=92;desc=""Page render"", mw;dur=92;desc=""Total middleware"", db.total;dur=152;desc=""DB total"", db.count;dur=7;desc=""Query count"", db.first;dur=0;desc=""First query at"", db.last;dur=92;desc=""Last query at"", cache.hit;dur=2;desc=""Cache hits"", cache.miss;dur=6;desc=""Cache misses"" | D1_layout;dur=37.0;desc=""D1:layout"", D1_posts;dur=71.0;desc=""D1:posts"", D1_all-tags;dur=21.0;desc=""D1:all-tags"", total;dur=92.0;desc=""total"" | cfEdge;dur=166,cfOrigin;dur=0"
2026-10-05T22:31:04Z,after,curl,/category/technologia,200,MISS,remote-WAW,HAM,103.8,323.0,330.6,219.2,29313,10.0,249.0,0.0,99.0,99.0,2.0,6.0,"rt;dur=0;desc=""Runtime init"", render;dur=99;desc=""Page render"", mw;dur=99;desc=""Total middleware"", db.total;dur=249;desc=""DB total"", db.count;dur=10;desc=""Query count"", db.first;dur=0;desc=""First query at"", db.last;dur=99;desc=""Last query at"", cache.hit;dur=2;desc=""Cache hits"", cache.miss;dur=6;desc=""Cache misses"" | D1_layout;dur=41.0;desc=""D1:layout"", D1_term+posts;dur=99.0;desc=""D1:term+posts"", total;dur=99.0;desc=""total"""
2026-10-05T22:31:05Z,after,curl,/posts/architektura-emdash-typescript-astro,200,MISS,remote-WAW,HAM,88.8,514.7,568.3,425.9,34315,8.0,428.0,0.0,310.0,310.0,6.0,7.0,"rt;dur=0;desc=""Runtime init"", render;dur=310;desc=""Page render"", mw;dur=310;desc=""Total middleware"", db.total;dur=428;desc=""DB total"", db.count;dur=8;desc=""Query count"", db.first;dur=0;desc=""First query at"", db.last;dur=310;desc=""Last query at"", cache.hit;dur=6;desc=""Cache hits"", cache.miss;dur=7;desc=""Cache misses"" | D1_layout;dur=54.0;desc=""D1:layout"", D1_entry+recent;dur=289.0;desc=""D1:entry+recent"", D1_tags;dur=21.0;desc=""D1:tags"", total;dur=310.0;desc=""total"""
2026-10-05T22:31:06Z,after,curl,/,200,MISS,remote-WAW,HAM,188.2,402.3,419.7,214.1,30949,7.0,166.0,0.0,97.0,97.0,2.0,6.0,"rt;dur=0;desc=""Runtime init"", render;dur=97;desc=""Page render"", mw;dur=97;desc=""Total middleware"", db.total;dur=166;desc=""DB total"", db.count;dur=7;desc=""Query count"", db.first;dur=0;desc=""First query at"", db.last;dur=97;desc=""Last query at"", cache.hit;dur=2;desc=""Cache hits"", cache.miss;dur=6;desc=""Cache misses"" | D1_layout;dur=41.0;desc=""D1:layout"", D1_posts;dur=78.0;desc=""D1:posts"", D1_all-tags;dur=19.0;desc=""D1:all-tags"", total;dur=97.0;desc=""total"""
2026-10-05T22:31:06Z,after,browser,/,200,MISS,remote-WAW,HAM,101.1,322.7,326.4,221.6,31312,7.0,175.0,0.0,96.0,96.0,2.0,6.0,"rt;dur=0;desc=""Runtime init"", render;dur=96;desc=""Page render"", mw;dur=96;desc=""Total middleware"", db.total;dur=175;desc=""DB total"", db.count;dur=7;desc=""Query count"", db.first;dur=0;desc=""First query at"", db.last;dur=96;desc=""Last query at"", cache.hit;dur=2;desc=""Cache hits"", cache.miss;dur=6;desc=""Cache misses"" | D1_layout;dur=49.0;desc=""D1:layout"", D1_posts;dur=72.0;desc=""D1:posts"", D1_all-tags;dur=24.0;desc=""D1:all-tags"", total;dur=96.0;desc=""total"" | cfEdge;dur=170,cfOrigin;dur=0"
2026-10-05T22:31:07Z,after,browser,/category/technologia,200,MISS,remote-WAW,HAM,90.9,299.9,306.8,209.0,29680,9.0,230.0,0.0,96.0,96.0,2.0,6.0,"rt;dur=0;desc=""Runtime init"", render;dur=96;desc=""Page render"", mw;dur=96;desc=""Total middleware"", db.total;dur=230;desc=""DB total"", db.count;dur=9;desc=""Query count"", db.first;dur=0;desc=""First query at"", db.last;dur=96;desc=""Last query at"", cache.hit;dur=2;desc=""Cache hits"", cache.miss;dur=6;desc=""Cache misses"" | D1_layout;dur=54.0;desc=""D1:layout"", D1_term+posts;dur=96.0;desc=""D1:term+posts"", total;dur=96.0;desc=""total"" | cfEdge;dur=164,cfOrigin;dur=0"
2026-10-05T22:31:08Z,after,curl,/posts/architektura-emdash-typescript-astro,200,MISS,remote-WAW,HAM,98.8,338.4,386.3,239.6,34306,8.0,238.0,0.0,110.0,110.0,6.0,7.0,"rt;dur=0;desc=""Runtime init"", render;dur=110;desc=""Page render"", mw;dur=110;desc=""Total middleware"", db.total;dur=238;desc=""DB total"", db.count;dur=8;desc=""Query count"", db.first;dur=0;desc=""First query at"", db.last;dur=110;desc=""Last query at"", cache.hit;dur=6;desc=""Cache hits"", cache.miss;dur=7;desc=""Cache misses"" | D1_layout;dur=52.0;desc=""D1:layout"", D1_entry+recent;dur=85.0;desc=""D1:entry+recent"", D1_tags;dur=25.0;desc=""D1:tags"", total;dur=110.0;desc=""total"""
2026-10-05T22:31:08Z,after,curl,/posts/,200,MISS,remote-WAW,HAM,91.9,377.9,378.7,286.0,36904,7.0,174.0,0.0,100.0,100.0,2.0,6.0,"rt;dur=0;desc=""Runtime init"", render;dur=100;desc=""Page render"", mw;dur=100;desc=""Total middleware"", db.total;dur=174;desc=""DB total"", db.count;dur=7;desc=""Query count"", db.first;dur=0;desc=""First query at"", db.last;dur=100;desc=""Last query at"", cache.hit;dur=2;desc=""Cache hits"", cache.miss;dur=6;desc=""Cache misses"" | D1_layout;dur=44.0;desc=""D1:layout"", D1_posts;dur=77.0;desc=""D1:posts"", D1_all-tags;dur=23.0;desc=""D1:all-tags"", total;dur=100.0;desc=""total"""
2026-10-05T22:31:09Z,after,browser,/posts/,200,MISS,remote-WAW,HAM,195.9,455.4,463.2,259.5,37268,7.0,198.0,0.0,130.0,130.0,2.0,6.0,"rt;dur=0;desc=""Runtime init"", render;dur=130;desc=""Page render"", mw;dur=130;desc=""Total middleware"", db.total;dur=198;desc=""DB total"", db.count;dur=7;desc=""Query count"", db.first;dur=0;desc=""First query at"", db.last;dur=130;desc=""Last query at"", cache.hit;dur=2;desc=""Cache hits"", cache.miss;dur=6;desc=""Cache misses"" | D1_layout;dur=46.0;desc=""D1:layout"", D1_posts;dur=109.0;desc=""D1:posts"", D1_all-tags;dur=21.0;desc=""D1:all-tags"", total;dur=130.0;desc=""total"" | cfEdge;dur=200,cfOrigin;dur=0"
2026-10-05T22:31:10Z,after,curl,/category/technologia,200,MISS,remote-WAW,HAM,225.2,454.2,468.9,229.0,29313,9.0,192.0,0.0,91.0,91.0,2.0,6.0,"rt;dur=0;desc=""Runtime init"", render;dur=91;desc=""Page render"", mw;dur=91;desc=""Total middleware"", db.total;dur=192;desc=""DB total"", db.count;dur=9;desc=""Query count"", db.first;dur=0;desc=""First query at"", db.last;dur=91;desc=""Last query at"", cache.hit;dur=2;desc=""Cache hits"", cache.miss;dur=6;desc=""Cache misses"" | D1_layout;dur=40.0;desc=""D1:layout"", D1_term+posts;dur=91.0;desc=""D1:term+posts"", total;dur=91.0;desc=""total"""
2026-10-05T22:31:10Z,after,browser,/posts/architektura-emdash-typescript-astro,200,MISS,remote-WAW,HAM,97.6,474.0,590.1,376.4,34698,8.0,218.0,0.0,123.0,123.0,6.0,7.0,"rt;dur=0;desc=""Runtime init"", render;dur=123;desc=""Page render"", mw;dur=123;desc=""Total middleware"", db.total;dur=218;desc=""DB total"", db.count;dur=8;desc=""Query count"", db.first;dur=0;desc=""First query at"", db.last;dur=123;desc=""Last query at"", cache.hit;dur=6;desc=""Cache hits"", cache.miss;dur=7;desc=""Cache misses"" | D1_layout;dur=47.0;desc=""D1:layout"", D1_entry+recent;dur=101.0;desc=""D1:entry+recent"", D1_tags;dur=22.0;desc=""D1:tags"", total;dur=123.0;desc=""total"" | cfEdge;dur=199,cfOrigin;dur=0"
2026-10-05T22:31:11Z,after,curl,/posts/,200,MISS,remote-WAW,HAM,178.9,525.2,525.7,346.3,36908,7.0,155.0,0.0,93.0,93.0,2.0,6.0,"rt;dur=0;desc=""Runtime init"", render;dur=93;desc=""Page render"", mw;dur=93;desc=""Total middleware"", db.total;dur=155;desc=""DB total"", db.count;dur=7;desc=""Query count"", db.first;dur=0;desc=""First query at"", db.last;dur=93;desc=""Last query at"", cache.hit;dur=2;desc=""Cache hits"", cache.miss;dur=6;desc=""Cache misses"" | D1_layout;dur=37.0;desc=""D1:layout"", D1_posts;dur=71.0;desc=""D1:posts"", D1_all-tags;dur=22.0;desc=""D1:all-tags"", total;dur=93.0;desc=""total"""
2026-10-05T22:31:12Z,after,curl,/,200,MISS,remote-WAW,HAM,237.2,460.0,461.6,222.8,30945,7.0,147.0,0.0,88.0,88.0,2.0,6.0,"rt;dur=0;desc=""Runtime init"", render;dur=88;desc=""Page render"", mw;dur=88;desc=""Total middleware"", db.total;dur=147;desc=""DB total"", db.count;dur=7;desc=""Query count"", db.first;dur=0;desc=""First query at"", db.last;dur=88;desc=""Last query at"", cache.hit;dur=2;desc=""Cache hits"", cache.miss;dur=6;desc=""Cache misses"" | D1_layout;dur=39.0;desc=""D1:layout"", D1_posts;dur=70.0;desc=""D1:posts"", D1_all-tags;dur=18.0;desc=""D1:all-tags"", total;dur=88.0;desc=""total"""
2026-10-05T22:31:13Z,after,curl,/posts/architektura-emdash-typescript-astro,200,MISS,remote-WAW,HAM,298.6,520.7,561.9,222.1,34302,8.0,249.0,0.0,103.0,103.0,6.0,7.0,"rt;dur=0;desc=""Runtime init"", render;dur=103;desc=""Page render"", mw;dur=103;desc=""Total middleware"", db.total;dur=249;desc=""DB total"", db.count;dur=8;desc=""Query count"", db.first;dur=0;desc=""First query at"", db.last;dur=103;desc=""Last query at"", cache.hit;dur=6;desc=""Cache hits"", cache.miss;dur=7;desc=""Cache misses"" | D1_layout;dur=56.0;desc=""D1:layout"", D1_entry+recent;dur=83.0;desc=""D1:entry+recent"", D1_tags;dur=20.0;desc=""D1:tags"", total;dur=103.0;desc=""total"""
2026-10-05T22:31:14Z,after,browser,/posts/,200,MISS,remote-WAW,HAM,261.7,601.1,740.6,339.4,37259,7.0,166.0,0.0,102.0,102.0,2.0,6.0,"rt;dur=0;desc=""Runtime init"", render;dur=102;desc=""Page render"", mw;dur=102;desc=""Total middleware"", db.total;dur=166;desc=""DB total"", db.count;dur=7;desc=""Query count"", db.first;dur=0;desc=""First query at"", db.last;dur=102;desc=""Last query at"", cache.hit;dur=2;desc=""Cache hits"", cache.miss;dur=6;desc=""Cache misses"" | D1_layout;dur=43.0;desc=""D1:layout"", D1_posts;dur=81.0;desc=""D1:posts"", D1_all-tags;dur=21.0;desc=""D1:all-tags"", total;dur=102.0;desc=""total"" | cfEdge;dur=165,cfOrigin;dur=0"
2026-10-05T22:31:14Z,after,browser,/posts/architektura-emdash-typescript-astro,200,MISS,remote-WAW,HAM,132.8,488.7,491.6,355.9,34697,8.0,192.0,0.0,101.0,101.0,6.0,7.0,"rt;dur=0;desc=""Runtime init"", render;dur=101;desc=""Page render"", mw;dur=101;desc=""Total middleware"", db.total;dur=192;desc=""DB total"", db.count;dur=8;desc=""Query count"", db.first;dur=0;desc=""First query at"", db.last;dur=101;desc=""Last query at"", cache.hit;dur=6;desc=""Cache hits"", cache.miss;dur=7;desc=""Cache misses"" | D1_layout;dur=39.0;desc=""D1:layout"", D1_entry+recent;dur=82.0;desc=""D1:entry+recent"", D1_tags;dur=19.0;desc=""D1:tags"", total;dur=101.0;desc=""total"" | cfEdge;dur=166,cfOrigin;dur=0"
2026-10-05T22:31:15Z,after,browser,/,200,MISS,remote-WAW,HAM,204.1,455.3,457.3,251.2,31324,7.0,172.0,0.0,103.0,103.0,2.0,6.0,"rt;dur=0;desc=""Runtime init"", render;dur=103;desc=""Page render"", mw;dur=103;desc=""Total middleware"", db.total;dur=172;desc=""DB total"", db.count;dur=7;desc=""Query count"", db.first;dur=0;desc=""First query at"", db.last;dur=103;desc=""Last query at"", cache.hit;dur=2;desc=""Cache hits"", cache.miss;dur=6;desc=""Cache misses"" | D1_layout;dur=43.0;desc=""D1:layout"", D1_posts;dur=85.0;desc=""D1:posts"", D1_all-tags;dur=18.0;desc=""D1:all-tags"", total;dur=103.0;desc=""total"" | cfEdge;dur=173,cfOrigin;dur=0"
2026-10-05T22:31:16Z,after,browser,/category/technologia,200,MISS,remote-WAW,HAM,280.4,498.9,508.6,218.5,29676,9.0,206.0,0.0,97.0,97.0,2.0,6.0,"rt;dur=0;desc=""Runtime init"", render;dur=97;desc=""Page render"", mw;dur=97;desc=""Total middleware"", db.total;dur=206;desc=""DB total"", db.count;dur=9;desc=""Query count"", db.first;dur=0;desc=""First query at"", db.last;dur=97;desc=""Last query at"", cache.hit;dur=2;desc=""Cache hits"", cache.miss;dur=6;desc=""Cache misses"" | D1_layout;dur=42.0;desc=""D1:layout"", D1_term+posts;dur=97.0;desc=""D1:term+posts"", total;dur=97.0;desc=""total"" | cfEdge;dur=161,cfOrigin;dur=0"
2026-10-05T22:31:16Z,after,curl,/category/technologia,200,MISS,remote-WAW,HAM,218.6,451.9,461.5,233.3,29318,9.0,215.0,0.0,114.0,114.0,2.0,6.0,"rt;dur=0;desc=""Runtime init"", render;dur=114;desc=""Page render"", mw;dur=114;desc=""Total middleware"", db.total;dur=215;desc=""DB total"", db.count;dur=9;desc=""Query count"", db.first;dur=0;desc=""First query at"", db.last;dur=114;desc=""Last query at"", cache.hit;dur=2;desc=""Cache hits"", cache.miss;dur=6;desc=""Cache misses"" | D1_layout;dur=34.0;desc=""D1:layout"", D1_term+posts;dur=114.0;desc=""D1:term+posts"", total;dur=114.0;desc=""total"""
2026-10-05T22:31:17Z,after,browser,/category/technologia,200,MISS,remote-WAW,HAM,98.7,403.4,404.0,304.7,29681,9.0,228.0,0.0,114.0,114.0,2.0,6.0,"rt;dur=0;desc=""Runtime init"", render;dur=114;desc=""Page render"", mw;dur=114;desc=""Total middleware"", db.total;dur=228;desc=""DB total"", db.count;dur=9;desc=""Query count"", db.first;dur=0;desc=""First query at"", db.last;dur=114;desc=""Last query at"", cache.hit;dur=2;desc=""Cache hits"", cache.miss;dur=6;desc=""Cache misses"" | D1_layout;dur=47.0;desc=""D1:layout"", D1_term+posts;dur=114.0;desc=""D1:term+posts"", total;dur=114.0;desc=""total"" | cfEdge;dur=180,cfOrigin;dur=0"
2026-10-05T22:31:18Z,after,curl,/posts/,200,MISS,remote-WAW,HAM,119.2,372.8,380.1,253.6,36904,7.0,200.0,0.0,119.0,119.0,2.0,6.0,"rt;dur=0;desc=""Runtime init"", render;dur=119;desc=""Page render"", mw;dur=119;desc=""Total middleware"", db.total;dur=200;desc=""DB total"", db.count;dur=7;desc=""Query count"", db.first;dur=0;desc=""First query at"", db.last;dur=119;desc=""Last query at"", cache.hit;dur=2;desc=""Cache hits"", cache.miss;dur=6;desc=""Cache misses"" | D1_layout;dur=52.0;desc=""D1:layout"", D1_posts;dur=94.0;desc=""D1:posts"", D1_all-tags;dur=25.0;desc=""D1:all-tags"", total;dur=119.0;desc=""total"""
2026-10-05T22:31:19Z,after,curl,/posts/architektura-emdash-typescript-astro,200,MISS,remote-WAW,HAM,254.3,488.2,724.0,233.9,34354,8.0,241.0,0.0,104.0,104.0,6.0,7.0,"rt;dur=0;desc=""Runtime init"", render;dur=104;desc=""Page render"", mw;dur=104;desc=""Total middleware"", db.total;dur=241;desc=""DB total"", db.count;dur=8;desc=""Query count"", db.first;dur=0;desc=""First query at"", db.last;dur=104;desc=""Last query at"", cache.hit;dur=6;desc=""Cache hits"", cache.miss;dur=7;desc=""Cache misses"" | D1_layout;dur=53.0;desc=""D1:layout"", D1_entry+recent;dur=80.0;desc=""D1:entry+recent"", D1_tags;dur=24.0;desc=""D1:tags"", total;dur=104.0;desc=""total"""
2026-10-05T22:31:19Z,after,browser,/posts/,200,MISS,remote-WAW,HAM,87.2,305.5,315.5,218.3,37275,7.0,145.0,0.0,87.0,87.0,2.0,6.0,"rt;dur=0;desc=""Runtime init"", render;dur=87;desc=""Page render"", mw;dur=87;desc=""Total middleware"", db.total;dur=145;desc=""DB total"", db.count;dur=7;desc=""Query count"", db.first;dur=0;desc=""First query at"", db.last;dur=87;desc=""Last query at"", cache.hit;dur=2;desc=""Cache hits"", cache.miss;dur=6;desc=""Cache misses"" | D1_layout;dur=35.0;desc=""D1:layout"", D1_posts;dur=65.0;desc=""D1:posts"", D1_all-tags;dur=22.0;desc=""D1:all-tags"", total;dur=87.0;desc=""total"" | cfEdge;dur=157,cfOrigin;dur=0"
2026-10-05T22:31:20Z,after,curl,/,200,MISS,remote-WAW,HAM,104.1,310.4,320.3,206.3,30949,7.0,156.0,0.0,95.0,95.0,2.0,6.0,"rt;dur=0;desc=""Runtime init"", render;dur=95;desc=""Page render"", mw;dur=95;desc=""Total middleware"", db.total;dur=156;desc=""DB total"", db.count;dur=7;desc=""Query count"", db.first;dur=0;desc=""First query at"", db.last;dur=95;desc=""Last query at"", cache.hit;dur=2;desc=""Cache hits"", cache.miss;dur=6;desc=""Cache misses"" | D1_layout;dur=37.0;desc=""D1:layout"", D1_posts;dur=71.0;desc=""D1:posts"", D1_all-tags;dur=24.0;desc=""D1:all-tags"", total;dur=95.0;desc=""total"""
2026-10-05T22:31:20Z,after,curl,/category/technologia,200,MISS,remote-WAW,HAM,98.6,302.7,308.0,204.1,29305,9.0,218.0,0.0,92.0,92.0,2.0,6.0,"rt;dur=0;desc=""Runtime init"", render;dur=92;desc=""Page render"", mw;dur=92;desc=""Total middleware"", db.total;dur=218;desc=""DB total"", db.count;dur=9;desc=""Query count"", db.first;dur=0;desc=""First query at"", db.last;dur=92;desc=""Last query at"", cache.hit;dur=2;desc=""Cache hits"", cache.miss;dur=6;desc=""Cache misses"" | D1_layout;dur=52.0;desc=""D1:layout"", D1_term+posts;dur=92.0;desc=""D1:term+posts"", total;dur=92.0;desc=""total"""
2026-10-05T22:31:21Z,after,browser,/,200,MISS,remote-WAW,HAM,87.8,286.0,290.9,198.2,31316,7.0,150.0,0.0,90.0,90.0,2.0,6.0,"rt;dur=0;desc=""Runtime init"", render;dur=90;desc=""Page render"", mw;dur=90;desc=""Total middleware"", db.total;dur=150;desc=""DB total"", db.count;dur=7;desc=""Query count"", db.first;dur=0;desc=""First query at"", db.last;dur=90;desc=""Last query at"", cache.hit;dur=2;desc=""Cache hits"", cache.miss;dur=6;desc=""Cache misses"" | D1_layout;dur=39.0;desc=""D1:layout"", D1_posts;dur=69.0;desc=""D1:posts"", D1_all-tags;dur=21.0;desc=""D1:all-tags"", total;dur=90.0;desc=""total"" | cfEdge;dur=152,cfOrigin;dur=0"
2026-10-05T22:31:21Z,after,browser,/posts/architektura-emdash-typescript-astro,200,MISS,remote-WAW,HAM,98.4,309.6,363.4,211.2,34685,8.0,198.0,0.0,99.0,99.0,6.0,7.0,"rt;dur=0;desc=""Runtime init"", render;dur=99;desc=""Page render"", mw;dur=99;desc=""Total middleware"", db.total;dur=198;desc=""DB total"", db.count;dur=8;desc=""Query count"", db.first;dur=0;desc=""First query at"", db.last;dur=99;desc=""Last query at"", cache.hit;dur=6;desc=""Cache hits"", cache.miss;dur=7;desc=""Cache misses"" | D1_layout;dur=41.0;desc=""D1:layout"", D1_entry+recent;dur=80.0;desc=""D1:entry+recent"", D1_tags;dur=19.0;desc=""D1:tags"", total;dur=99.0;desc=""total"" | cfEdge;dur=166,cfOrigin;dur=0"
2026-10-05T22:31:22Z,after,curl,/posts/architektura-emdash-typescript-astro,200,MISS,remote-WAW,HAM,165.8,389.2,435.3,223.4,34314,8.0,191.0,0.0,91.0,91.0,6.0,7.0,"rt;dur=0;desc=""Runtime init"", render;dur=91;desc=""Page render"", mw;dur=91;desc=""Total middleware"", db.total;dur=191;desc=""DB total"", db.count;dur=8;desc=""Query count"", db.first;dur=0;desc=""First query at"", db.last;dur=91;desc=""Last query at"", cache.hit;dur=6;desc=""Cache hits"", cache.miss;dur=7;desc=""Cache misses"" | D1_layout;dur=41.0;desc=""D1:layout"", D1_entry+recent;dur=72.0;desc=""D1:entry+recent"", D1_tags;dur=19.0;desc=""D1:tags"", total;dur=91.0;desc=""total"""
2026-10-05T22:31:23Z,after,curl,/,200,MISS,remote-WAW,HAM,150.2,367.2,373.7,217.0,30945,7.0,183.0,0.0,102.0,102.0,2.0,6.0,"rt;dur=0;desc=""Runtime init"", render;dur=102;desc=""Page render"", mw;dur=102;desc=""Total middleware"", db.total;dur=183;desc=""DB total"", db.count;dur=7;desc=""Query count"", db.first;dur=0;desc=""First query at"", db.last;dur=102;desc=""Last query at"", cache.hit;dur=2;desc=""Cache hits"", cache.miss;dur=6;desc=""Cache misses"" | D1_layout;dur=46.0;desc=""D1:layout"", D1_posts;dur=84.0;desc=""D1:posts"", D1_all-tags;dur=18.0;desc=""D1:all-tags"", total;dur=102.0;desc=""total"""
2026-10-05T22:31:23Z,after,browser,/category/technologia,200,MISS,remote-WAW,HAM,77.0,285.4,288.4,208.4,29669,9.0,237.0,0.0,101.0,101.0,2.0,6.0,"rt;dur=0;desc=""Runtime init"", render;dur=101;desc=""Page render"", mw;dur=101;desc=""Total middleware"", db.total;dur=237;desc=""DB total"", db.count;dur=9;desc=""Query count"", db.first;dur=0;desc=""First query at"", db.last;dur=101;desc=""Last query at"", cache.hit;dur=2;desc=""Cache hits"", cache.miss;dur=6;desc=""Cache misses"" | D1_layout;dur=58.0;desc=""D1:layout"", D1_term+posts;dur=101.0;desc=""D1:term+posts"", total;dur=101.0;desc=""total"" | cfEdge;dur=167,cfOrigin;dur=0"
2026-10-05T22:31:24Z,after,curl,/category/technologia,200,MISS,remote-WAW,HAM,101.8,297.7,304.7,195.9,29313,9.0,194.0,0.0,86.0,86.0,2.0,6.0,"rt;dur=0;desc=""Runtime init"", render;dur=86;desc=""Page render"", mw;dur=86;desc=""Total middleware"", db.total;dur=194;desc=""DB total"", db.count;dur=9;desc=""Query count"", db.first;dur=0;desc=""First query at"", db.last;dur=86;desc=""Last query at"", cache.hit;dur=2;desc=""Cache hits"", cache.miss;dur=6;desc=""Cache misses"" | D1_layout;dur=43.0;desc=""D1:layout"", D1_term+posts;dur=86.0;desc=""D1:term+posts"", total;dur=86.0;desc=""total"""
2026-10-05T22:31:24Z,after,curl,/posts/,200,MISS,remote-WAW,HAM,99.9,469.8,471.0,369.9,36893,7.0,254.0,0.0,193.0,193.0,2.0,6.0,"rt;dur=0;desc=""Runtime init"", render;dur=193;desc=""Page render"", mw;dur=193;desc=""Total middleware"", db.total;dur=254;desc=""DB total"", db.count;dur=7;desc=""Query count"", db.first;dur=0;desc=""First query at"", db.last;dur=193;desc=""Last query at"", cache.hit;dur=2;desc=""Cache hits"", cache.miss;dur=6;desc=""Cache misses"" | D1_layout;dur=43.0;desc=""D1:layout"", D1_posts;dur=161.0;desc=""D1:posts"", D1_all-tags;dur=32.0;desc=""D1:all-tags"", total;dur=193.0;desc=""total"""
2026-10-05T22:31:25Z,after,browser,/posts/architektura-emdash-typescript-astro,200,MISS,remote-WAW,HAM,116.4,323.3,366.0,206.9,34673,8.0,182.0,0.0,80.0,80.0,6.0,7.0,"rt;dur=0;desc=""Runtime init"", render;dur=80;desc=""Page render"", mw;dur=80;desc=""Total middleware"", db.total;dur=182;desc=""DB total"", db.count;dur=8;desc=""Query count"", db.first;dur=0;desc=""First query at"", db.last;dur=80;desc=""Last query at"", cache.hit;dur=6;desc=""Cache hits"", cache.miss;dur=7;desc=""Cache misses"" | D1_layout;dur=47.0;desc=""D1:layout"", D1_entry+recent;dur=62.0;desc=""D1:entry+recent"", D1_tags;dur=18.0;desc=""D1:tags"", total;dur=80.0;desc=""total"" | cfEdge;dur=147,cfOrigin;dur=0"
2026-10-05T22:31:26Z,after,browser,/,200,MISS,remote-WAW,HAM,113.2,351.9,358.8,238.7,31320,7.0,175.0,0.0,113.0,113.0,2.0,6.0,"rt;dur=0;desc=""Runtime init"", render;dur=113;desc=""Page render"", mw;dur=113;desc=""Total middleware"", db.total;dur=175;desc=""DB total"", db.count;dur=7;desc=""Query count"", db.first;dur=0;desc=""First query at"", db.last;dur=113;desc=""Last query at"", cache.hit;dur=2;desc=""Cache hits"", cache.miss;dur=6;desc=""Cache misses"" | D1_layout;dur=43.0;desc=""D1:layout"", D1_posts;dur=94.0;desc=""D1:posts"", D1_all-tags;dur=19.0;desc=""D1:all-tags"", total;dur=113.0;desc=""total"" | cfEdge;dur=185,cfOrigin;dur=0"
2026-10-05T22:31:26Z,after,browser,/posts/,200,MISS,remote-WAW,HAM,84.1,515.6,517.4,431.5,37268,8.0,419.0,0.0,309.0,309.0,2.0,6.0,"rt;dur=0;desc=""Runtime init"", render;dur=309;desc=""Page render"", mw;dur=309;desc=""Total middleware"", db.total;dur=419;desc=""DB total"", db.count;dur=8;desc=""Query count"", db.first;dur=0;desc=""First query at"", db.last;dur=309;desc=""Last query at"", cache.hit;dur=2;desc=""Cache hits"", cache.miss;dur=6;desc=""Cache misses"" | D1_layout;dur=55.0;desc=""D1:layout"", D1_posts;dur=288.0;desc=""D1:posts"", D1_all-tags;dur=21.0;desc=""D1:all-tags"", total;dur=309.0;desc=""total"" | cfEdge;dur=375,cfOrigin;dur=0"
