time,label,accept,page,status,x_cache,placement,colo,appconnect_ms,ttfb_ms,total_ms,server_ms,bytes,db_count,db_total,db_first,db_last,render,cache_hit,cache_miss,server_timing
2026-10-05T21:47:26Z,before,curl,/posts/,200,MISS,remote-,HAM,627.4,1149.1,1158.4,521.7,36890,17.0,397.0,0.0,337.0,244.0,2.0,6.0,"setup;dur=37;desc=""Setup probe"", rt;dur=56;desc=""Runtime init"", rt.db;dur=17;desc=""DB init + migration policy"", rt.secrets;dur=0;desc=""Validate encryption key"", rt.plugins;dur=21;desc=""Plugin states"", rt.seedcheck;dur=21;desc=""Auto-seed gate"", rt.site;dur=21;desc=""Site info options"", rt.sandbox;dur=0;desc=""Sandboxed plugins"", rt.hooks;dur=18;desc=""Exclusive hook resolution"", rt.cron;dur=0;desc=""Cron init (recovery deferred post-response)"", render;dur=244;desc=""Page render"", mw;dur=337;desc=""Total middleware"", db.total;dur=397;desc=""DB total"", db.count;dur=17;desc=""Query count"", db.first;dur=0;desc=""First query at"", db.last;dur=337;desc=""Last query at"", cache.hit;dur=2;desc=""Cache hits"", cache.miss;dur=6;desc=""Cache misses"""
2026-10-05T21:47:27Z,before,curl,/,200,MISS,remote-WAW,HAM,176.3,537.3,551.2,361.0,30931,9.0,224.0,0.0,224.0,224.0,2.0,6.0,"rt;dur=0;desc=""Runtime init"", render;dur=224;desc=""Page render"", mw;dur=224;desc=""Total middleware"", db.total;dur=224;desc=""DB total"", db.count;dur=9;desc=""Query count"", db.first;dur=0;desc=""First query at"", db.last;dur=224;desc=""Last query at"", cache.hit;dur=2;desc=""Cache hits"", cache.miss;dur=6;desc=""Cache misses"""
2026-10-05T21:47:28Z,before,browser,/posts/architektura-emdash-typescript-astro,200,MISS,remote-,HAM,83.7,564.7,640.9,481.0,34688,14.0,343.0,0.0,343.0,343.0,10.0,12.0,"rt;dur=0;desc=""Runtime init"", render;dur=343;desc=""Page render"", mw;dur=343;desc=""Total middleware"", db.total;dur=343;desc=""DB total"", db.count;dur=14;desc=""Query count"", db.first;dur=0;desc=""First query at"", db.last;dur=343;desc=""Last query at"", cache.hit;dur=10;desc=""Cache hits"", cache.miss;dur=12;desc=""Cache misses"" | cfEdge;dur=442,cfOrigin;dur=0"
2026-10-05T21:47:29Z,before,browser,/category/technologia,200,MISS,remote-WAW,HAM,147.1,822.6,824.6,675.5,29641,17.0,485.0,0.0,485.0,485.0,7.0,12.0,"rt;dur=0;desc=""Runtime init"", render;dur=485;desc=""Page render"", mw;dur=485;desc=""Total middleware"", db.total;dur=485;desc=""DB total"", db.count;dur=17;desc=""Query count"", db.first;dur=0;desc=""First query at"", db.last;dur=485;desc=""Last query at"", cache.hit;dur=7;desc=""Cache hits"", cache.miss;dur=12;desc=""Cache misses"" | cfEdge;dur=592,cfOrigin;dur=0"
2026-10-05T21:47:30Z,before,curl,/posts/architektura-emdash-typescript-astro,200,MISS,remote-,HAM,136.7,464.2,576.0,327.5,34312,8.0,201.0,0.0,201.0,201.0,6.0,7.0,"rt;dur=0;desc=""Runtime init"", render;dur=201;desc=""Page render"", mw;dur=201;desc=""Total middleware"", db.total;dur=201;desc=""DB total"", db.count;dur=8;desc=""Query count"", db.first;dur=0;desc=""First query at"", db.last;dur=201;desc=""Last query at"", cache.hit;dur=6;desc=""Cache hits"", cache.miss;dur=7;desc=""Cache misses"""
2026-10-05T21:47:30Z,before,browser,/,200,MISS,remote-WAW,HAM,82.2,520.5,529.1,438.3,31298,12.0,303.0,0.0,303.0,303.0,6.0,11.0,"rt;dur=0;desc=""Runtime init"", render;dur=303;desc=""Page render"", mw;dur=303;desc=""Total middleware"", db.total;dur=303;desc=""DB total"", db.count;dur=12;desc=""Query count"", db.first;dur=0;desc=""First query at"", db.last;dur=303;desc=""Last query at"", cache.hit;dur=6;desc=""Cache hits"", cache.miss;dur=11;desc=""Cache misses"" | cfEdge;dur=392,cfOrigin;dur=0"
2026-10-05T21:47:31Z,before,curl,/category/technologia,200,MISS,remote-WAW,HAM,129.2,569.2,575.8,440.0,29270,10.0,252.0,0.0,252.0,252.0,2.0,9.0,"rt;dur=0;desc=""Runtime init"", render;dur=252;desc=""Page render"", mw;dur=252;desc=""Total middleware"", db.total;dur=252;desc=""DB total"", db.count;dur=10;desc=""Query count"", db.first;dur=0;desc=""First query at"", db.last;dur=252;desc=""Last query at"", cache.hit;dur=2;desc=""Cache hits"", cache.miss;dur=9;desc=""Cache misses"""
2026-10-05T21:47:32Z,before,browser,/posts/,200,MISS,remote-WAW,HAM,130.3,635.8,637.5,505.5,37269,12.0,281.0,0.0,281.0,281.0,6.0,11.0,"rt;dur=0;desc=""Runtime init"", render;dur=281;desc=""Page render"", mw;dur=281;desc=""Total middleware"", db.total;dur=281;desc=""DB total"", db.count;dur=12;desc=""Query count"", db.first;dur=0;desc=""First query at"", db.last;dur=281;desc=""Last query at"", cache.hit;dur=6;desc=""Cache hits"", cache.miss;dur=11;desc=""Cache misses"" | cfEdge;dur=366,cfOrigin;dur=0"
2026-10-05T21:47:33Z,before,browser,/posts/,200,MISS,remote-WAW,HAM,203.4,632.8,635.5,429.4,37257,12.0,271.0,0.0,271.0,271.0,6.0,11.0,"rt;dur=0;desc=""Runtime init"", render;dur=271;desc=""Page render"", mw;dur=271;desc=""Total middleware"", db.total;dur=271;desc=""DB total"", db.count;dur=12;desc=""Query count"", db.first;dur=0;desc=""First query at"", db.last;dur=271;desc=""Last query at"", cache.hit;dur=6;desc=""Cache hits"", cache.miss;dur=11;desc=""Cache misses"" | cfEdge;dur=354,cfOrigin;dur=0"
2026-10-05T21:47:34Z,before,browser,/category/technologia,200,MISS,remote-,HAM,297.6,815.0,816.6,517.4,29641,16.0,373.0,0.0,373.0,373.0,7.0,12.0,"rt;dur=0;desc=""Runtime init"", render;dur=373;desc=""Page render"", mw;dur=373;desc=""Total middleware"", db.total;dur=373;desc=""DB total"", db.count;dur=16;desc=""Query count"", db.first;dur=0;desc=""First query at"", db.last;dur=373;desc=""Last query at"", cache.hit;dur=7;desc=""Cache hits"", cache.miss;dur=12;desc=""Cache misses"" | cfEdge;dur=467,cfOrigin;dur=0"
2026-10-05T21:47:35Z,before,curl,/,200,MISS,remote-WAW,HAM,297.2,639.4,640.3,342.2,30931,7.0,192.0,0.0,192.0,192.0,2.0,6.0,"rt;dur=0;desc=""Runtime init"", render;dur=192;desc=""Page render"", mw;dur=192;desc=""Total middleware"", db.total;dur=192;desc=""DB total"", db.count;dur=7;desc=""Query count"", db.first;dur=0;desc=""First query at"", db.last;dur=192;desc=""Last query at"", cache.hit;dur=2;desc=""Cache hits"", cache.miss;dur=6;desc=""Cache misses"""
2026-10-05T21:47:36Z,before,browser,/posts/architektura-emdash-typescript-astro,200,MISS,remote-,HAM,203.4,828.1,829.2,624.7,34688,13.0,325.0,0.0,325.0,325.0,10.0,12.0,"rt;dur=0;desc=""Runtime init"", render;dur=325;desc=""Page render"", mw;dur=325;desc=""Total middleware"", db.total;dur=325;desc=""DB total"", db.count;dur=13;desc=""Query count"", db.first;dur=0;desc=""First query at"", db.last;dur=325;desc=""Last query at"", cache.hit;dur=10;desc=""Cache hits"", cache.miss;dur=12;desc=""Cache misses"" | cfEdge;dur=413,cfOrigin;dur=0"
2026-10-05T21:47:37Z,before,curl,/posts/architektura-emdash-typescript-astro,200,MISS,remote-WAW,HAM,286.0,617.9,802.3,331.9,34312,8.0,195.0,0.0,195.0,195.0,6.0,7.0,"rt;dur=0;desc=""Runtime init"", render;dur=195;desc=""Page render"", mw;dur=195;desc=""Total middleware"", db.total;dur=195;desc=""DB total"", db.count;dur=8;desc=""Query count"", db.first;dur=0;desc=""First query at"", db.last;dur=195;desc=""Last query at"", cache.hit;dur=6;desc=""Cache hits"", cache.miss;dur=7;desc=""Cache misses"""
2026-10-05T21:47:38Z,before,browser,/,200,MISS,remote-WAW,HAM,92.9,519.4,525.6,426.5,31294,12.0,310.0,0.0,310.0,310.0,6.0,11.0,"rt;dur=0;desc=""Runtime init"", render;dur=310;desc=""Page render"", mw;dur=310;desc=""Total middleware"", db.total;dur=310;desc=""DB total"", db.count;dur=12;desc=""Query count"", db.first;dur=0;desc=""First query at"", db.last;dur=310;desc=""Last query at"", cache.hit;dur=6;desc=""Cache hits"", cache.miss;dur=11;desc=""Cache misses"" | cfEdge;dur=388,cfOrigin;dur=0"
2026-10-05T21:47:39Z,before,curl,/category/technologia,200,MISS,remote-WAW,HAM,137.8,577.4,578.0,439.6,29278,10.0,248.0,0.0,248.0,248.0,2.0,9.0,"rt;dur=0;desc=""Runtime init"", render;dur=248;desc=""Page render"", mw;dur=248;desc=""Total middleware"", db.total;dur=248;desc=""DB total"", db.count;dur=10;desc=""Query count"", db.first;dur=0;desc=""First query at"", db.last;dur=248;desc=""Last query at"", cache.hit;dur=2;desc=""Cache hits"", cache.miss;dur=9;desc=""Cache misses"""
2026-10-05T21:47:39Z,before,curl,/posts/,200,MISS,remote-,HAM,92.9,383.5,389.7,290.6,36890,7.0,172.0,0.0,172.0,172.0,2.0,6.0,"rt;dur=0;desc=""Runtime init"", render;dur=172;desc=""Page render"", mw;dur=172;desc=""Total middleware"", db.total;dur=172;desc=""DB total"", db.count;dur=7;desc=""Query count"", db.first;dur=0;desc=""First query at"", db.last;dur=172;desc=""Last query at"", cache.hit;dur=2;desc=""Cache hits"", cache.miss;dur=6;desc=""Cache misses"""
2026-10-05T21:47:40Z,before,curl,/posts/architektura-emdash-typescript-astro,200,MISS,remote-,HAM,84.9,433.2,509.0,348.3,34340,8.0,216.0,0.0,216.0,216.0,6.0,7.0,"rt;dur=0;desc=""Runtime init"", render;dur=216;desc=""Page render"", mw;dur=216;desc=""Total middleware"", db.total;dur=216;desc=""DB total"", db.count;dur=8;desc=""Query count"", db.first;dur=0;desc=""First query at"", db.last;dur=216;desc=""Last query at"", cache.hit;dur=6;desc=""Cache hits"", cache.miss;dur=7;desc=""Cache misses"""
2026-10-05T21:47:41Z,before,curl,/posts/,200,MISS,remote-,HAM,89.1,379.4,421.9,290.3,36889,7.0,166.0,0.0,166.0,166.0,2.0,6.0,"rt;dur=0;desc=""Runtime init"", render;dur=166;desc=""Page render"", mw;dur=166;desc=""Total middleware"", db.total;dur=166;desc=""DB total"", db.count;dur=7;desc=""Query count"", db.first;dur=0;desc=""First query at"", db.last;dur=166;desc=""Last query at"", cache.hit;dur=2;desc=""Cache hits"", cache.miss;dur=6;desc=""Cache misses"""
2026-10-05T21:47:41Z,before,browser,/posts/,200,MISS,remote-WAW,HAM,86.8,513.0,521.8,426.2,37253,12.0,298.0,0.0,298.0,298.0,6.0,11.0,"rt;dur=0;desc=""Runtime init"", render;dur=298;desc=""Page render"", mw;dur=298;desc=""Total middleware"", db.total;dur=298;desc=""DB total"", db.count;dur=12;desc=""Query count"", db.first;dur=0;desc=""First query at"", db.last;dur=298;desc=""Last query at"", cache.hit;dur=6;desc=""Cache hits"", cache.miss;dur=11;desc=""Cache misses"" | cfEdge;dur=378,cfOrigin;dur=0"
2026-10-05T21:47:42Z,before,curl,/,200,MISS,remote-WAW,HAM,176.3,458.3,464.7,282.0,30943,7.0,176.0,0.0,176.0,176.0,2.0,6.0,"rt;dur=0;desc=""Runtime init"", render;dur=176;desc=""Page render"", mw;dur=176;desc=""Total middleware"", db.total;dur=176;desc=""DB total"", db.count;dur=7;desc=""Query count"", db.first;dur=0;desc=""First query at"", db.last;dur=176;desc=""Last query at"", cache.hit;dur=2;desc=""Cache hits"", cache.miss;dur=6;desc=""Cache misses"""
2026-10-05T21:47:43Z,before,browser,/,200,MISS,remote-WAW,HAM,92.5,728.5,732.9,636.0,31290,12.0,506.0,0.0,506.0,506.0,6.0,11.0,"rt;dur=0;desc=""Runtime init"", render;dur=506;desc=""Page render"", mw;dur=506;desc=""Total middleware"", db.total;dur=506;desc=""DB total"", db.count;dur=12;desc=""Query count"", db.first;dur=0;desc=""First query at"", db.last;dur=506;desc=""Last query at"", cache.hit;dur=6;desc=""Cache hits"", cache.miss;dur=11;desc=""Cache misses"" | cfEdge;dur=595,cfOrigin;dur=0"
2026-10-05T21:47:44Z,before,browser,/posts/architektura-emdash-typescript-astro,200,MISS,remote-WAW,HAM,151.3,599.6,666.5,448.3,34696,13.0,321.0,0.0,321.0,321.0,10.0,12.0,"rt;dur=0;desc=""Runtime init"", render;dur=321;desc=""Page render"", mw;dur=321;desc=""Total middleware"", db.total;dur=321;desc=""DB total"", db.count;dur=13;desc=""Query count"", db.first;dur=0;desc=""First query at"", db.last;dur=321;desc=""Last query at"", cache.hit;dur=10;desc=""Cache hits"", cache.miss;dur=12;desc=""Cache misses"" | cfEdge;dur=400,cfOrigin;dur=0"
2026-10-05T21:47:45Z,before,browser,/category/technologia,200,MISS,remote-WAW,HAM,87.3,565.1,571.8,477.8,29637,15.0,344.0,0.0,344.0,344.0,7.0,12.0,"rt;dur=0;desc=""Runtime init"", render;dur=344;desc=""Page render"", mw;dur=344;desc=""Total middleware"", db.total;dur=344;desc=""DB total"", db.count;dur=15;desc=""Query count"", db.first;dur=0;desc=""First query at"", db.last;dur=344;desc=""Last query at"", cache.hit;dur=7;desc=""Cache hits"", cache.miss;dur=12;desc=""Cache misses"" | cfEdge;dur=437,cfOrigin;dur=0"
2026-10-05T21:47:45Z,before,curl,/category/technologia,200,MISS,remote-WAW,HAM,89.5,465.8,467.7,376.3,29266,10.0,234.0,0.0,234.0,234.0,2.0,9.0,"rt;dur=0;desc=""Runtime init"", render;dur=234;desc=""Page render"", mw;dur=234;desc=""Total middleware"", db.total;dur=234;desc=""DB total"", db.count;dur=10;desc=""Query count"", db.first;dur=0;desc=""First query at"", db.last;dur=234;desc=""Last query at"", cache.hit;dur=2;desc=""Cache hits"", cache.miss;dur=9;desc=""Cache misses"""
2026-10-05T21:47:46Z,before,curl,/posts/architektura-emdash-typescript-astro,200,MISS,remote-,HAM,92.4,409.6,484.4,317.2,34312,8.0,195.0,0.0,195.0,195.0,6.0,7.0,"rt;dur=0;desc=""Runtime init"", render;dur=195;desc=""Page render"", mw;dur=195;desc=""Total middleware"", db.total;dur=195;desc=""DB total"", db.count;dur=8;desc=""Query count"", db.first;dur=0;desc=""First query at"", db.last;dur=195;desc=""Last query at"", cache.hit;dur=6;desc=""Cache hits"", cache.miss;dur=7;desc=""Cache misses"""
2026-10-05T21:47:47Z,before,browser,/posts/architektura-emdash-typescript-astro,200,MISS,remote-WAW,HAM,174.1,629.4,708.9,455.3,34692,13.0,310.0,0.0,310.0,310.0,10.0,12.0,"rt;dur=0;desc=""Runtime init"", render;dur=310;desc=""Page render"", mw;dur=310;desc=""Total middleware"", db.total;dur=310;desc=""DB total"", db.count;dur=13;desc=""Query count"", db.first;dur=0;desc=""First query at"", db.last;dur=310;desc=""Last query at"", cache.hit;dur=10;desc=""Cache hits"", cache.miss;dur=12;desc=""Cache misses"" | cfEdge;dur=413,cfOrigin;dur=0"
2026-10-05T21:47:48Z,before,curl,/,200,MISS,remote-WAW,HAM,110.9,625.1,631.8,514.2,30939,7.0,189.0,0.0,189.0,189.0,2.0,6.0,"rt;dur=0;desc=""Runtime init"", render;dur=189;desc=""Page render"", mw;dur=189;desc=""Total middleware"", db.total;dur=189;desc=""DB total"", db.count;dur=7;desc=""Query count"", db.first;dur=0;desc=""First query at"", db.last;dur=189;desc=""Last query at"", cache.hit;dur=2;desc=""Cache hits"", cache.miss;dur=6;desc=""Cache misses"""
2026-10-05T21:47:49Z,before,browser,/,200,MISS,remote-,HAM,116.1,562.2,564.0,446.1,31294,12.0,271.0,0.0,271.0,271.0,6.0,11.0,"rt;dur=0;desc=""Runtime init"", render;dur=271;desc=""Page render"", mw;dur=271;desc=""Total middleware"", db.total;dur=271;desc=""DB total"", db.count;dur=12;desc=""Query count"", db.first;dur=0;desc=""First query at"", db.last;dur=271;desc=""Last query at"", cache.hit;dur=6;desc=""Cache hits"", cache.miss;dur=11;desc=""Cache misses"" | cfEdge;dur=354,cfOrigin;dur=0"
2026-10-05T21:47:50Z,before,curl,/posts/,200,MISS,remote-,HAM,154.8,629.7,630.5,474.9,36877,7.0,162.0,0.0,162.0,162.0,2.0,6.0,"rt;dur=0;desc=""Runtime init"", render;dur=162;desc=""Page render"", mw;dur=162;desc=""Total middleware"", db.total;dur=162;desc=""DB total"", db.count;dur=7;desc=""Query count"", db.first;dur=0;desc=""First query at"", db.last;dur=162;desc=""Last query at"", cache.hit;dur=2;desc=""Cache hits"", cache.miss;dur=6;desc=""Cache misses"""
2026-10-05T21:47:50Z,before,curl,/category/technologia,200,MISS,remote-,HAM,203.6,630.5,636.3,426.9,29278,10.0,224.0,0.0,224.0,224.0,2.0,9.0,"rt;dur=0;desc=""Runtime init"", render;dur=224;desc=""Page render"", mw;dur=224;desc=""Total middleware"", db.total;dur=224;desc=""DB total"", db.count;dur=10;desc=""Query count"", db.first;dur=0;desc=""First query at"", db.last;dur=224;desc=""Last query at"", cache.hit;dur=2;desc=""Cache hits"", cache.miss;dur=9;desc=""Cache misses"""
2026-10-05T21:47:51Z,before,browser,/category/technologia,200,MISS,remote-WAW,HAM,301.2,758.6,763.7,457.4,29633,15.0,335.0,0.0,335.0,335.0,7.0,12.0,"rt;dur=0;desc=""Runtime init"", render;dur=335;desc=""Page render"", mw;dur=335;desc=""Total middleware"", db.total;dur=335;desc=""DB total"", db.count;dur=15;desc=""Query count"", db.first;dur=0;desc=""First query at"", db.last;dur=335;desc=""Last query at"", cache.hit;dur=7;desc=""Cache hits"", cache.miss;dur=12;desc=""Cache misses"" | cfEdge;dur=419,cfOrigin;dur=0"
2026-10-05T21:47:52Z,before,browser,/posts/,200,MISS,remote-,HAM,360.1,773.0,779.7,412.9,37245,12.0,285.0,0.0,285.0,285.0,6.0,11.0,"rt;dur=0;desc=""Runtime init"", render;dur=285;desc=""Page render"", mw;dur=285;desc=""Total middleware"", db.total;dur=285;desc=""DB total"", db.count;dur=12;desc=""Query count"", db.first;dur=0;desc=""First query at"", db.last;dur=285;desc=""Last query at"", cache.hit;dur=6;desc=""Cache hits"", cache.miss;dur=11;desc=""Cache misses"" | cfEdge;dur=371,cfOrigin;dur=0"
2026-10-05T21:47:53Z,before,curl,/posts/architektura-emdash-typescript-astro,200,MISS,remote-,HAM,222.7,568.4,588.2,345.7,34316,8.0,178.0,0.0,178.0,178.0,6.0,7.0,"rt;dur=0;desc=""Runtime init"", render;dur=178;desc=""Page render"", mw;dur=178;desc=""Total middleware"", db.total;dur=178;desc=""DB total"", db.count;dur=8;desc=""Query count"", db.first;dur=0;desc=""First query at"", db.last;dur=178;desc=""Last query at"", cache.hit;dur=6;desc=""Cache hits"", cache.miss;dur=7;desc=""Cache misses"""
2026-10-05T21:47:54Z,before,browser,/posts/architektura-emdash-typescript-astro,200,MISS,remote-WAW,HAM,73.2,515.0,592.1,441.8,34696,13.0,315.0,0.0,315.0,315.0,10.0,12.0,"rt;dur=0;desc=""Runtime init"", render;dur=315;desc=""Page render"", mw;dur=315;desc=""Total middleware"", db.total;dur=315;desc=""DB total"", db.count;dur=13;desc=""Query count"", db.first;dur=0;desc=""First query at"", db.last;dur=315;desc=""Last query at"", cache.hit;dur=10;desc=""Cache hits"", cache.miss;dur=12;desc=""Cache misses"" | cfEdge;dur=404,cfOrigin;dur=0"
2026-10-05T21:47:55Z,before,curl,/,200,MISS,remote-,HAM,81.4,378.9,385.0,297.5,30931,7.0,186.0,0.0,186.0,186.0,2.0,6.0,"rt;dur=0;desc=""Runtime init"", render;dur=186;desc=""Page render"", mw;dur=186;desc=""Total middleware"", db.total;dur=186;desc=""DB total"", db.count;dur=7;desc=""Query count"", db.first;dur=0;desc=""First query at"", db.last;dur=186;desc=""Last query at"", cache.hit;dur=2;desc=""Cache hits"", cache.miss;dur=6;desc=""Cache misses"""
2026-10-05T21:47:55Z,before,curl,/category/technologia,200,MISS,remote-,HAM,85.5,425.6,432.5,340.1,29278,10.0,229.0,0.0,229.0,229.0,2.0,9.0,"rt;dur=0;desc=""Runtime init"", render;dur=229;desc=""Page render"", mw;dur=229;desc=""Total middleware"", db.total;dur=229;desc=""DB total"", db.count;dur=10;desc=""Query count"", db.first;dur=0;desc=""First query at"", db.last;dur=229;desc=""Last query at"", cache.hit;dur=2;desc=""Cache hits"", cache.miss;dur=9;desc=""Cache misses"""
2026-10-05T21:47:56Z,before,curl,/posts/,200,MISS,remote-WAW,HAM,95.1,404.6,420.9,309.5,36886,7.0,180.0,0.0,180.0,180.0,2.0,6.0,"rt;dur=0;desc=""Runtime init"", render;dur=180;desc=""Page render"", mw;dur=180;desc=""Total middleware"", db.total;dur=180;desc=""DB total"", db.count;dur=7;desc=""Query count"", db.first;dur=0;desc=""First query at"", db.last;dur=180;desc=""Last query at"", cache.hit;dur=2;desc=""Cache hits"", cache.miss;dur=6;desc=""Cache misses"""
2026-10-05T21:47:57Z,before,browser,/category/technologia,200,MISS,remote-,HAM,169.2,691.5,707.0,522.3,29649,16.0,393.0,0.0,393.0,393.0,7.0,12.0,"rt;dur=0;desc=""Runtime init"", render;dur=393;desc=""Page render"", mw;dur=393;desc=""Total middleware"", db.total;dur=393;desc=""DB total"", db.count;dur=16;desc=""Query count"", db.first;dur=0;desc=""First query at"", db.last;dur=393;desc=""Last query at"", cache.hit;dur=7;desc=""Cache hits"", cache.miss;dur=12;desc=""Cache misses"" | cfEdge;dur=480,cfOrigin;dur=0"
2026-10-05T21:47:58Z,before,browser,/,200,MISS,remote-WAW,HAM,119.6,549.9,560.5,430.3,31290,12.0,300.0,0.0,300.0,300.0,6.0,11.0,"rt;dur=0;desc=""Runtime init"", render;dur=300;desc=""Page render"", mw;dur=300;desc=""Total middleware"", db.total;dur=300;desc=""DB total"", db.count;dur=12;desc=""Query count"", db.first;dur=0;desc=""First query at"", db.last;dur=300;desc=""Last query at"", cache.hit;dur=6;desc=""Cache hits"", cache.miss;dur=11;desc=""Cache misses"" | cfEdge;dur=392,cfOrigin;dur=0"
2026-10-05T21:47:59Z,before,browser,/posts/,200,MISS,remote-,HAM,94.0,655.4,668.4,561.4,37249,13.0,400.0,0.0,400.0,400.0,6.0,11.0,"rt;dur=0;desc=""Runtime init"", render;dur=400;desc=""Page render"", mw;dur=400;desc=""Total middleware"", db.total;dur=400;desc=""DB total"", db.count;dur=13;desc=""Query count"", db.first;dur=0;desc=""First query at"", db.last;dur=400;desc=""Last query at"", cache.hit;dur=6;desc=""Cache hits"", cache.miss;dur=11;desc=""Cache misses"" | cfEdge;dur=519,cfOrigin;dur=0"
2026-10-05T21:47:59Z,before,curl,/posts/architektura-emdash-typescript-astro,200,MISS,remote-WAW,HAM,167.4,525.3,648.5,357.9,34317,8.0,233.0,0.0,233.0,233.0,6.0,7.0,"rt;dur=0;desc=""Runtime init"", render;dur=233;desc=""Page render"", mw;dur=233;desc=""Total middleware"", db.total;dur=233;desc=""DB total"", db.count;dur=8;desc=""Query count"", db.first;dur=0;desc=""First query at"", db.last;dur=233;desc=""Last query at"", cache.hit;dur=6;desc=""Cache hits"", cache.miss;dur=7;desc=""Cache misses"""
2026-10-05T21:48:00Z,before,browser,/posts/architektura-emdash-typescript-astro,200,MISS,remote-WAW,HAM,82.9,531.5,617.7,448.6,34692,13.0,316.0,0.0,316.0,316.0,10.0,12.0,"rt;dur=0;desc=""Runtime init"", render;dur=316;desc=""Page render"", mw;dur=316;desc=""Total middleware"", db.total;dur=316;desc=""DB total"", db.count;dur=13;desc=""Query count"", db.first;dur=0;desc=""First query at"", db.last;dur=316;desc=""Last query at"", cache.hit;dur=10;desc=""Cache hits"", cache.miss;dur=12;desc=""Cache misses"" | cfEdge;dur=409,cfOrigin;dur=0"
2026-10-05T21:48:01Z,before,curl,/category/technologia,200,MISS,remote-WAW,HAM,85.5,495.2,497.0,409.7,29270,10.0,227.0,0.0,227.0,227.0,2.0,9.0,"rt;dur=0;desc=""Runtime init"", render;dur=227;desc=""Page render"", mw;dur=227;desc=""Total middleware"", db.total;dur=227;desc=""DB total"", db.count;dur=10;desc=""Query count"", db.first;dur=0;desc=""First query at"", db.last;dur=227;desc=""Last query at"", cache.hit;dur=2;desc=""Cache hits"", cache.miss;dur=9;desc=""Cache misses"""
2026-10-05T21:48:02Z,before,browser,/posts/,200,MISS,remote-,HAM,93.1,512.6,520.7,419.5,37269,12.0,310.0,0.0,310.0,310.0,6.0,11.0,"rt;dur=0;desc=""Runtime init"", render;dur=310;desc=""Page render"", mw;dur=310;desc=""Total middleware"", db.total;dur=310;desc=""DB total"", db.count;dur=12;desc=""Query count"", db.first;dur=0;desc=""First query at"", db.last;dur=310;desc=""Last query at"", cache.hit;dur=6;desc=""Cache hits"", cache.miss;dur=11;desc=""Cache misses"" | cfEdge;dur=382,cfOrigin;dur=0"
2026-10-05T21:48:03Z,before,browser,/category/technologia,200,MISS,remote-WAW,HAM,156.4,685.9,696.3,529.5,29633,15.0,411.0,0.0,411.0,411.0,7.0,12.0,"rt;dur=0;desc=""Runtime init"", render;dur=411;desc=""Page render"", mw;dur=411;desc=""Total middleware"", db.total;dur=411;desc=""DB total"", db.count;dur=15;desc=""Query count"", db.first;dur=0;desc=""First query at"", db.last;dur=411;desc=""Last query at"", cache.hit;dur=7;desc=""Cache hits"", cache.miss;dur=12;desc=""Cache misses"" | cfEdge;dur=491,cfOrigin;dur=0"
2026-10-05T21:48:04Z,before,browser,/,200,MISS,remote-WAW,HAM,181.8,605.8,608.7,424.0,31294,12.0,273.0,0.0,273.0,273.0,6.0,11.0,"rt;dur=0;desc=""Runtime init"", render;dur=273;desc=""Page render"", mw;dur=273;desc=""Total middleware"", db.total;dur=273;desc=""DB total"", db.count;dur=12;desc=""Query count"", db.first;dur=0;desc=""First query at"", db.last;dur=273;desc=""Last query at"", cache.hit;dur=6;desc=""Cache hits"", cache.miss;dur=11;desc=""Cache misses"" | cfEdge;dur=354,cfOrigin;dur=0"
2026-10-05T21:48:05Z,before,curl,/posts/,200,MISS,remote-WAW,HAM,135.4,935.6,944.4,800.2,36885,7.0,167.0,0.0,167.0,167.0,2.0,6.0,"rt;dur=0;desc=""Runtime init"", render;dur=167;desc=""Page render"", mw;dur=167;desc=""Total middleware"", db.total;dur=167;desc=""DB total"", db.count;dur=7;desc=""Query count"", db.first;dur=0;desc=""First query at"", db.last;dur=167;desc=""Last query at"", cache.hit;dur=2;desc=""Cache hits"", cache.miss;dur=6;desc=""Cache misses"""
2026-10-05T21:48:05Z,before,curl,/,200,MISS,remote-,HAM,102.1,449.8,450.8,347.7,30939,7.0,190.0,0.0,190.0,190.0,2.0,6.0,"rt;dur=0;desc=""Runtime init"", render;dur=190;desc=""Page render"", mw;dur=190;desc=""Total middleware"", db.total;dur=190;desc=""DB total"", db.count;dur=7;desc=""Query count"", db.first;dur=0;desc=""First query at"", db.last;dur=190;desc=""Last query at"", cache.hit;dur=2;desc=""Cache hits"", cache.miss;dur=6;desc=""Cache misses"""
2026-10-05T21:48:06Z,before,browser,/posts/,200,MISS,remote-WAW,HAM,292.4,812.9,813.8,520.5,37257,12.0,298.0,0.0,298.0,298.0,6.0,11.0,"rt;dur=0;desc=""Runtime init"", render;dur=298;desc=""Page render"", mw;dur=298;desc=""Total middleware"", db.total;dur=298;desc=""DB total"", db.count;dur=12;desc=""Query count"", db.first;dur=0;desc=""First query at"", db.last;dur=298;desc=""Last query at"", cache.hit;dur=6;desc=""Cache hits"", cache.miss;dur=11;desc=""Cache misses"" | cfEdge;dur=379,cfOrigin;dur=0"
2026-10-05T21:48:07Z,before,curl,/,200,MISS,remote-WAW,HAM,299.5,641.1,643.0,341.6,30931,7.0,175.0,0.0,175.0,175.0,2.0,6.0,"rt;dur=0;desc=""Runtime init"", render;dur=175;desc=""Page render"", mw;dur=175;desc=""Total middleware"", db.total;dur=175;desc=""DB total"", db.count;dur=7;desc=""Query count"", db.first;dur=0;desc=""First query at"", db.last;dur=175;desc=""Last query at"", cache.hit;dur=2;desc=""Cache hits"", cache.miss;dur=6;desc=""Cache misses"""
2026-10-05T21:48:08Z,before,browser,/category/technologia,200,MISS,remote-,HAM,190.0,703.4,709.4,513.4,29641,15.0,392.0,0.0,392.0,392.0,7.0,12.0,"rt;dur=0;desc=""Runtime init"", render;dur=392;desc=""Page render"", mw;dur=392;desc=""Total middleware"", db.total;dur=392;desc=""DB total"", db.count;dur=15;desc=""Query count"", db.first;dur=0;desc=""First query at"", db.last;dur=392;desc=""Last query at"", cache.hit;dur=7;desc=""Cache hits"", cache.miss;dur=12;desc=""Cache misses"" | cfEdge;dur=473,cfOrigin;dur=0"
2026-10-05T21:48:09Z,before,curl,/posts/architektura-emdash-typescript-astro,200,MISS,remote-WAW,HAM,222.2,568.4,659.2,346.2,34324,8.0,209.0,0.0,209.0,209.0,6.0,7.0,"rt;dur=0;desc=""Runtime init"", render;dur=209;desc=""Page render"", mw;dur=209;desc=""Total middleware"", db.total;dur=209;desc=""DB total"", db.count;dur=8;desc=""Query count"", db.first;dur=0;desc=""First query at"", db.last;dur=209;desc=""Last query at"", cache.hit;dur=6;desc=""Cache hits"", cache.miss;dur=7;desc=""Cache misses"""
2026-10-05T21:48:10Z,before,browser,/posts/architektura-emdash-typescript-astro,200,MISS,remote-WAW,HAM,218.6,702.8,854.1,484.2,34692,13.0,317.0,0.0,317.0,317.0,10.0,12.0,"rt;dur=0;desc=""Runtime init"", render;dur=317;desc=""Page render"", mw;dur=317;desc=""Total middleware"", db.total;dur=317;desc=""DB total"", db.count;dur=13;desc=""Query count"", db.first;dur=0;desc=""First query at"", db.last;dur=317;desc=""Last query at"", cache.hit;dur=10;desc=""Cache hits"", cache.miss;dur=12;desc=""Cache misses"" | cfEdge;dur=424,cfOrigin;dur=0"
2026-10-05T21:48:11Z,before,curl,/category/technologia,200,MISS,remote-WAW,HAM,93.9,524.0,527.0,430.1,29274,10.0,237.0,0.0,237.0,237.0,2.0,9.0,"rt;dur=0;desc=""Runtime init"", render;dur=237;desc=""Page render"", mw;dur=237;desc=""Total middleware"", db.total;dur=237;desc=""DB total"", db.count;dur=10;desc=""Query count"", db.first;dur=0;desc=""First query at"", db.last;dur=237;desc=""Last query at"", cache.hit;dur=2;desc=""Cache hits"", cache.miss;dur=9;desc=""Cache misses"""
2026-10-05T21:48:12Z,before,browser,/,200,MISS,remote-WAW,HAM,116.2,527.2,536.4,411.0,31294,12.0,277.0,0.0,277.0,277.0,6.0,11.0,"rt;dur=0;desc=""Runtime init"", render;dur=277;desc=""Page render"", mw;dur=277;desc=""Total middleware"", db.total;dur=277;desc=""DB total"", db.count;dur=12;desc=""Query count"", db.first;dur=0;desc=""First query at"", db.last;dur=277;desc=""Last query at"", cache.hit;dur=6;desc=""Cache hits"", cache.miss;dur=11;desc=""Cache misses"" | cfEdge;dur=357,cfOrigin;dur=0"
2026-10-05T21:48:12Z,before,curl,/posts/,200,MISS,remote-,HAM,164.7,457.8,466.3,293.1,36894,7.0,176.0,0.0,176.0,176.0,2.0,6.0,"rt;dur=0;desc=""Runtime init"", render;dur=176;desc=""Page render"", mw;dur=176;desc=""Total middleware"", db.total;dur=176;desc=""DB total"", db.count;dur=7;desc=""Query count"", db.first;dur=0;desc=""First query at"", db.last;dur=176;desc=""Last query at"", cache.hit;dur=2;desc=""Cache hits"", cache.miss;dur=6;desc=""Cache misses"""
2026-10-05T21:48:13Z,before,curl,/,200,MISS,remote-,HAM,102.2,402.3,410.2,300.1,30918,7.0,167.0,0.0,167.0,167.0,2.0,6.0,"rt;dur=0;desc=""Runtime init"", render;dur=167;desc=""Page render"", mw;dur=167;desc=""Total middleware"", db.total;dur=167;desc=""DB total"", db.count;dur=7;desc=""Query count"", db.first;dur=0;desc=""First query at"", db.last;dur=167;desc=""Last query at"", cache.hit;dur=2;desc=""Cache hits"", cache.miss;dur=6;desc=""Cache misses"""
2026-10-05T21:48:14Z,before,browser,/posts/architektura-emdash-typescript-astro,200,MISS,remote-WAW,HAM,92.1,578.4,608.8,486.3,34684,13.0,296.0,0.0,296.0,296.0,10.0,12.0,"rt;dur=0;desc=""Runtime init"", render;dur=296;desc=""Page render"", mw;dur=296;desc=""Total middleware"", db.total;dur=296;desc=""DB total"", db.count;dur=13;desc=""Query count"", db.first;dur=0;desc=""First query at"", db.last;dur=296;desc=""Last query at"", cache.hit;dur=10;desc=""Cache hits"", cache.miss;dur=12;desc=""Cache misses"" | cfEdge;dur=392,cfOrigin;dur=0"
2026-10-05T21:48:15Z,before,curl,/posts/,200,MISS,remote-WAW,HAM,99.3,480.4,482.2,381.1,36886,7.0,172.0,0.0,172.0,172.0,2.0,6.0,"rt;dur=0;desc=""Runtime init"", render;dur=172;desc=""Page render"", mw;dur=172;desc=""Total middleware"", db.total;dur=172;desc=""DB total"", db.count;dur=7;desc=""Query count"", db.first;dur=0;desc=""First query at"", db.last;dur=172;desc=""Last query at"", cache.hit;dur=2;desc=""Cache hits"", cache.miss;dur=6;desc=""Cache misses"""
2026-10-05T21:48:16Z,before,curl,/posts/architektura-emdash-typescript-astro,200,MISS,remote-WAW,HAM,293.1,611.0,724.4,317.9,34328,8.0,187.0,0.0,187.0,187.0,6.0,7.0,"rt;dur=0;desc=""Runtime init"", render;dur=187;desc=""Page render"", mw;dur=187;desc=""Total middleware"", db.total;dur=187;desc=""DB total"", db.count;dur=8;desc=""Query count"", db.first;dur=0;desc=""First query at"", db.last;dur=187;desc=""Last query at"", cache.hit;dur=6;desc=""Cache hits"", cache.miss;dur=7;desc=""Cache misses"""
2026-10-05T21:48:16Z,before,browser,/,200,MISS,remote-WAW,HAM,86.0,503.7,510.7,417.7,31286,12.0,278.0,0.0,278.0,278.0,6.0,11.0,"rt;dur=0;desc=""Runtime init"", render;dur=278;desc=""Page render"", mw;dur=278;desc=""Total middleware"", db.total;dur=278;desc=""DB total"", db.count;dur=12;desc=""Query count"", db.first;dur=0;desc=""First query at"", db.last;dur=278;desc=""Last query at"", cache.hit;dur=6;desc=""Cache hits"", cache.miss;dur=11;desc=""Cache misses"" | cfEdge;dur=357,cfOrigin;dur=0"
2026-10-05T21:48:17Z,before,browser,/category/technologia,200,MISS,remote-WAW,HAM,155.0,678.0,679.7,523.0,29649,15.0,368.0,0.0,368.0,368.0,7.0,12.0,"rt;dur=0;desc=""Runtime init"", render;dur=368;desc=""Page render"", mw;dur=368;desc=""Total middleware"", db.total;dur=368;desc=""DB total"", db.count;dur=15;desc=""Query count"", db.first;dur=0;desc=""First query at"", db.last;dur=368;desc=""Last query at"", cache.hit;dur=7;desc=""Cache hits"", cache.miss;dur=12;desc=""Cache misses"" | cfEdge;dur=455,cfOrigin;dur=0"
2026-10-05T21:48:18Z,before,browser,/posts/,200,MISS,remote-,HAM,112.9,546.1,552.6,433.2,37249,12.0,288.0,0.0,288.0,288.0,6.0,11.0,"rt;dur=0;desc=""Runtime init"", render;dur=288;desc=""Page render"", mw;dur=288;desc=""Total middleware"", db.total;dur=288;desc=""DB total"", db.count;dur=12;desc=""Query count"", db.first;dur=0;desc=""First query at"", db.last;dur=288;desc=""Last query at"", cache.hit;dur=6;desc=""Cache hits"", cache.miss;dur=11;desc=""Cache misses"" | cfEdge;dur=375,cfOrigin;dur=0"
2026-10-05T21:48:19Z,before,curl,/category/technologia,200,MISS,remote-WAW,HAM,127.9,553.1,553.4,425.2,29270,10.0,223.0,0.0,223.0,223.0,2.0,9.0,"rt;dur=0;desc=""Runtime init"", render;dur=223;desc=""Page render"", mw;dur=223;desc=""Total middleware"", db.total;dur=223;desc=""DB total"", db.count;dur=10;desc=""Query count"", db.first;dur=0;desc=""First query at"", db.last;dur=223;desc=""Last query at"", cache.hit;dur=2;desc=""Cache hits"", cache.miss;dur=9;desc=""Cache misses"""
2026-10-05T21:48:20Z,before,browser,/category/technologia,200,MISS,remote-WAW,HAM,95.8,573.9,581.6,478.1,29645,15.0,343.0,0.0,343.0,343.0,7.0,12.0,"rt;dur=0;desc=""Runtime init"", render;dur=343;desc=""Page render"", mw;dur=343;desc=""Total middleware"", db.total;dur=343;desc=""DB total"", db.count;dur=15;desc=""Query count"", db.first;dur=0;desc=""First query at"", db.last;dur=343;desc=""Last query at"", cache.hit;dur=7;desc=""Cache hits"", cache.miss;dur=12;desc=""Cache misses"" | cfEdge;dur=429,cfOrigin;dur=0"
2026-10-05T21:48:20Z,before,curl,/posts/architektura-emdash-typescript-astro,200,MISS,remote-WAW,HAM,99.1,425.9,540.9,326.8,34324,8.0,202.0,0.0,202.0,202.0,6.0,7.0,"rt;dur=0;desc=""Runtime init"", render;dur=202;desc=""Page render"", mw;dur=202;desc=""Total middleware"", db.total;dur=202;desc=""DB total"", db.count;dur=8;desc=""Query count"", db.first;dur=0;desc=""First query at"", db.last;dur=202;desc=""Last query at"", cache.hit;dur=6;desc=""Cache hits"", cache.miss;dur=7;desc=""Cache misses"""
2026-10-05T21:48:21Z,before,curl,/,200,MISS,remote-WAW,HAM,117.9,429.8,431.2,311.9,30927,7.0,173.0,0.0,173.0,173.0,2.0,6.0,"rt;dur=0;desc=""Runtime init"", render;dur=173;desc=""Page render"", mw;dur=173;desc=""Total middleware"", db.total;dur=173;desc=""DB total"", db.count;dur=7;desc=""Query count"", db.first;dur=0;desc=""First query at"", db.last;dur=173;desc=""Last query at"", cache.hit;dur=2;desc=""Cache hits"", cache.miss;dur=6;desc=""Cache misses"""
2026-10-05T21:48:22Z,before,curl,/category/technologia,200,MISS,remote-WAW,HAM,150.7,533.9,540.8,383.2,29274,10.0,243.0,0.0,243.0,243.0,2.0,9.0,"rt;dur=0;desc=""Runtime init"", render;dur=243;desc=""Page render"", mw;dur=243;desc=""Total middleware"", db.total;dur=243;desc=""DB total"", db.count;dur=10;desc=""Query count"", db.first;dur=0;desc=""First query at"", db.last;dur=243;desc=""Last query at"", cache.hit;dur=2;desc=""Cache hits"", cache.miss;dur=9;desc=""Cache misses"""
2026-10-05T21:48:23Z,before,curl,/posts/,200,MISS,remote-WAW,HAM,431.1,728.8,756.9,297.7,36874,7.0,180.0,0.0,180.0,180.0,2.0,6.0,"rt;dur=0;desc=""Runtime init"", render;dur=180;desc=""Page render"", mw;dur=180;desc=""Total middleware"", db.total;dur=180;desc=""DB total"", db.count;dur=7;desc=""Query count"", db.first;dur=0;desc=""First query at"", db.last;dur=180;desc=""Last query at"", cache.hit;dur=2;desc=""Cache hits"", cache.miss;dur=6;desc=""Cache misses"""
2026-10-05T21:48:24Z,before,browser,/,200,MISS,remote-,HAM,313.0,769.1,777.1,456.1,31294,12.0,320.0,0.0,320.0,320.0,6.0,11.0,"rt;dur=0;desc=""Runtime init"", render;dur=320;desc=""Page render"", mw;dur=320;desc=""Total middleware"", db.total;dur=320;desc=""DB total"", db.count;dur=12;desc=""Query count"", db.first;dur=0;desc=""First query at"", db.last;dur=320;desc=""Last query at"", cache.hit;dur=6;desc=""Cache hits"", cache.miss;dur=11;desc=""Cache misses"" | cfEdge;dur=406,cfOrigin;dur=0"
2026-10-05T21:48:25Z,before,browser,/posts/,200,MISS,remote-WAW,HAM,356.1,809.5,838.5,453.4,37265,12.0,322.0,0.0,322.0,322.0,6.0,11.0,"rt;dur=0;desc=""Runtime init"", render;dur=322;desc=""Page render"", mw;dur=322;desc=""Total middleware"", db.total;dur=322;desc=""DB total"", db.count;dur=12;desc=""Query count"", db.first;dur=0;desc=""First query at"", db.last;dur=322;desc=""Last query at"", cache.hit;dur=6;desc=""Cache hits"", cache.miss;dur=11;desc=""Cache misses"" | cfEdge;dur=408,cfOrigin;dur=0"
2026-10-05T21:48:26Z,before,browser,/posts/architektura-emdash-typescript-astro,200,MISS,remote-WAW,HAM,325.7,778.4,1019.1,452.7,34676,13.0,312.0,0.0,312.0,312.0,10.0,12.0,"rt;dur=0;desc=""Runtime init"", render;dur=312;desc=""Page render"", mw;dur=312;desc=""Total middleware"", db.total;dur=312;desc=""DB total"", db.count;dur=13;desc=""Query count"", db.first;dur=0;desc=""First query at"", db.last;dur=312;desc=""Last query at"", cache.hit;dur=10;desc=""Cache hits"", cache.miss;dur=12;desc=""Cache misses"" | cfEdge;dur=400,cfOrigin;dur=0"
2026-10-05T21:48:27Z,before,curl,/category/technologia,200,MISS,remote-WAW,HAM,299.7,694.1,702.1,394.4,29278,11.0,276.0,0.0,276.0,276.0,2.0,9.0,"rt;dur=0;desc=""Runtime init"", render;dur=276;desc=""Page render"", mw;dur=276;desc=""Total middleware"", db.total;dur=276;desc=""DB total"", db.count;dur=11;desc=""Query count"", db.first;dur=0;desc=""First query at"", db.last;dur=276;desc=""Last query at"", cache.hit;dur=2;desc=""Cache hits"", cache.miss;dur=9;desc=""Cache misses"""
2026-10-05T21:48:28Z,before,curl,/posts/architektura-emdash-typescript-astro,200,MISS,remote-WAW,HAM,100.3,450.0,538.1,349.7,34312,8.0,211.0,0.0,211.0,211.0,6.0,7.0,"rt;dur=0;desc=""Runtime init"", render;dur=211;desc=""Page render"", mw;dur=211;desc=""Total middleware"", db.total;dur=211;desc=""DB total"", db.count;dur=8;desc=""Query count"", db.first;dur=0;desc=""First query at"", db.last;dur=211;desc=""Last query at"", cache.hit;dur=6;desc=""Cache hits"", cache.miss;dur=7;desc=""Cache misses"""
2026-10-05T21:48:29Z,before,curl,/,200,MISS,remote-WAW,HAM,222.9,531.1,547.3,308.2,30939,7.0,174.0,0.0,174.0,174.0,2.0,6.0,"rt;dur=0;desc=""Runtime init"", render;dur=174;desc=""Page render"", mw;dur=174;desc=""Total middleware"", db.total;dur=174;desc=""DB total"", db.count;dur=7;desc=""Query count"", db.first;dur=0;desc=""First query at"", db.last;dur=174;desc=""Last query at"", cache.hit;dur=2;desc=""Cache hits"", cache.miss;dur=6;desc=""Cache misses"""
2026-10-05T21:48:30Z,before,browser,/category/technologia,200,MISS,remote-,HAM,92.6,576.0,580.6,483.4,29637,15.0,350.0,0.0,350.0,350.0,7.0,12.0,"rt;dur=0;desc=""Runtime init"", render;dur=350;desc=""Page render"", mw;dur=350;desc=""Total middleware"", db.total;dur=350;desc=""DB total"", db.count;dur=15;desc=""Query count"", db.first;dur=0;desc=""First query at"", db.last;dur=350;desc=""Last query at"", cache.hit;dur=7;desc=""Cache hits"", cache.miss;dur=12;desc=""Cache misses"" | cfEdge;dur=436,cfOrigin;dur=0"
2026-10-05T21:48:30Z,before,browser,/,200,MISS,remote-,HAM,183.9,657.2,657.6,473.3,31306,13.0,318.0,0.0,318.0,318.0,6.0,11.0,"rt;dur=0;desc=""Runtime init"", render;dur=318;desc=""Page render"", mw;dur=318;desc=""Total middleware"", db.total;dur=318;desc=""DB total"", db.count;dur=13;desc=""Query count"", db.first;dur=0;desc=""First query at"", db.last;dur=318;desc=""Last query at"", cache.hit;dur=6;desc=""Cache hits"", cache.miss;dur=11;desc=""Cache misses"" | cfEdge;dur=406,cfOrigin;dur=0"
2026-10-05T21:48:31Z,before,browser,/posts/architektura-emdash-typescript-astro,200,MISS,remote-WAW,HAM,126.8,545.4,621.0,418.6,34692,13.0,291.0,0.0,291.0,291.0,10.0,12.0,"rt;dur=0;desc=""Runtime init"", render;dur=291;desc=""Page render"", mw;dur=291;desc=""Total middleware"", db.total;dur=291;desc=""DB total"", db.count;dur=13;desc=""Query count"", db.first;dur=0;desc=""First query at"", db.last;dur=291;desc=""Last query at"", cache.hit;dur=10;desc=""Cache hits"", cache.miss;dur=12;desc=""Cache misses"" | cfEdge;dur=368,cfOrigin;dur=0"
2026-10-05T21:48:32Z,before,browser,/posts/,200,MISS,remote-WAW,HAM,164.1,609.5,619.6,445.4,37257,12.0,310.0,0.0,310.0,310.0,6.0,11.0,"rt;dur=0;desc=""Runtime init"", render;dur=310;desc=""Page render"", mw;dur=310;desc=""Total middleware"", db.total;dur=310;desc=""DB total"", db.count;dur=12;desc=""Query count"", db.first;dur=0;desc=""First query at"", db.last;dur=310;desc=""Last query at"", cache.hit;dur=6;desc=""Cache hits"", cache.miss;dur=11;desc=""Cache misses"" | cfEdge;dur=394,cfOrigin;dur=0"
2026-10-05T21:48:33Z,before,curl,/posts/,200,MISS,remote-,HAM,169.2,468.0,481.4,298.8,36877,7.0,165.0,0.0,165.0,165.0,2.0,6.0,"rt;dur=0;desc=""Runtime init"", render;dur=165;desc=""Page render"", mw;dur=165;desc=""Total middleware"", db.total;dur=165;desc=""DB total"", db.count;dur=7;desc=""Query count"", db.first;dur=0;desc=""First query at"", db.last;dur=165;desc=""Last query at"", cache.hit;dur=2;desc=""Cache hits"", cache.miss;dur=6;desc=""Cache misses"""
2026-10-05T21:48:34Z,before,curl,/posts/architektura-emdash-typescript-astro,200,MISS,remote-WAW,HAM,97.9,404.1,515.2,306.2,34324,8.0,171.0,0.0,171.0,171.0,6.0,7.0,"rt;dur=0;desc=""Runtime init"", render;dur=171;desc=""Page render"", mw;dur=171;desc=""Total middleware"", db.total;dur=171;desc=""DB total"", db.count;dur=8;desc=""Query count"", db.first;dur=0;desc=""First query at"", db.last;dur=171;desc=""Last query at"", cache.hit;dur=6;desc=""Cache hits"", cache.miss;dur=7;desc=""Cache misses"""
2026-10-05T21:48:35Z,before,curl,/posts/,200,MISS,remote-WAW,HAM,462.2,816.5,820.0,354.3,36878,7.0,175.0,0.0,175.0,175.0,2.0,6.0,"rt;dur=0;desc=""Runtime init"", render;dur=175;desc=""Page render"", mw;dur=175;desc=""Total middleware"", db.total;dur=175;desc=""DB total"", db.count;dur=7;desc=""Query count"", db.first;dur=0;desc=""First query at"", db.last;dur=175;desc=""Last query at"", cache.hit;dur=2;desc=""Cache hits"", cache.miss;dur=6;desc=""Cache misses"""
2026-10-05T21:48:35Z,before,browser,/category/technologia,200,MISS,remote-,HAM,97.9,598.8,604.4,500.9,29633,15.0,362.0,0.0,362.0,362.0,7.0,12.0,"rt;dur=0;desc=""Runtime init"", render;dur=362;desc=""Page render"", mw;dur=362;desc=""Total middleware"", db.total;dur=362;desc=""DB total"", db.count;dur=15;desc=""Query count"", db.first;dur=0;desc=""First query at"", db.last;dur=362;desc=""Last query at"", cache.hit;dur=7;desc=""Cache hits"", cache.miss;dur=12;desc=""Cache misses"" | cfEdge;dur=446,cfOrigin;dur=0"
2026-10-05T21:48:36Z,before,browser,/,200,MISS,remote-,HAM,116.4,549.9,555.8,433.5,31286,12.0,288.0,0.0,288.0,288.0,6.0,11.0,"rt;dur=0;desc=""Runtime init"", render;dur=288;desc=""Page render"", mw;dur=288;desc=""Total middleware"", db.total;dur=288;desc=""DB total"", db.count;dur=12;desc=""Query count"", db.first;dur=0;desc=""First query at"", db.last;dur=288;desc=""Last query at"", cache.hit;dur=6;desc=""Cache hits"", cache.miss;dur=11;desc=""Cache misses"" | cfEdge;dur=378,cfOrigin;dur=0"
2026-10-05T21:48:37Z,before,browser,/posts/,200,MISS,remote-,HAM,91.7,493.5,532.9,401.8,37241,12.0,269.0,0.0,269.0,269.0,6.0,11.0,"rt;dur=0;desc=""Runtime init"", render;dur=269;desc=""Page render"", mw;dur=269;desc=""Total middleware"", db.total;dur=269;desc=""DB total"", db.count;dur=12;desc=""Query count"", db.first;dur=0;desc=""First query at"", db.last;dur=269;desc=""Last query at"", cache.hit;dur=6;desc=""Cache hits"", cache.miss;dur=11;desc=""Cache misses"" | cfEdge;dur=346,cfOrigin;dur=0"
2026-10-05T21:48:38Z,before,curl,/,200,MISS,remote-,HAM,98.6,403.1,412.2,304.5,30935,7.0,183.0,0.0,183.0,183.0,2.0,6.0,"rt;dur=0;desc=""Runtime init"", render;dur=183;desc=""Page render"", mw;dur=183;desc=""Total middleware"", db.total;dur=183;desc=""DB total"", db.count;dur=7;desc=""Query count"", db.first;dur=0;desc=""First query at"", db.last;dur=183;desc=""Last query at"", cache.hit;dur=2;desc=""Cache hits"", cache.miss;dur=6;desc=""Cache misses"""
2026-10-05T21:48:39Z,before,browser,/posts/architektura-emdash-typescript-astro,200,MISS,remote-,HAM,595.8,1109.8,1135.9,514.0,34696,13.0,320.0,0.0,320.0,320.0,10.0,12.0,"rt;dur=0;desc=""Runtime init"", render;dur=320;desc=""Page render"", mw;dur=320;desc=""Total middleware"", db.total;dur=320;desc=""DB total"", db.count;dur=13;desc=""Query count"", db.first;dur=0;desc=""First query at"", db.last;dur=320;desc=""Last query at"", cache.hit;dur=10;desc=""Cache hits"", cache.miss;dur=12;desc=""Cache misses"" | cfEdge;dur=407,cfOrigin;dur=0"
2026-10-05T21:48:40Z,before,curl,/category/technologia,200,MISS,remote-WAW,HAM,334.1,786.4,787.2,452.3,29270,10.0,254.0,0.0,254.0,254.0,2.0,9.0,"rt;dur=0;desc=""Runtime init"", render;dur=254;desc=""Page render"", mw;dur=254;desc=""Total middleware"", db.total;dur=254;desc=""DB total"", db.count;dur=10;desc=""Query count"", db.first;dur=0;desc=""First query at"", db.last;dur=254;desc=""Last query at"", cache.hit;dur=2;desc=""Cache hits"", cache.miss;dur=9;desc=""Cache misses"""
2026-10-05T21:48:41Z,before,browser,/posts/architektura-emdash-typescript-astro,200,MISS,remote-,HAM,153.9,814.8,818.7,660.9,34704,13.0,313.0,0.0,313.0,313.0,10.0,12.0,"rt;dur=0;desc=""Runtime init"", render;dur=313;desc=""Page render"", mw;dur=313;desc=""Total middleware"", db.total;dur=313;desc=""DB total"", db.count;dur=13;desc=""Query count"", db.first;dur=0;desc=""First query at"", db.last;dur=313;desc=""Last query at"", cache.hit;dur=10;desc=""Cache hits"", cache.miss;dur=12;desc=""Cache misses"" | cfEdge;dur=399,cfOrigin;dur=0"
2026-10-05T21:48:42Z,before,browser,/posts/,200,MISS,remote-,HAM,301.9,817.1,819.3,515.2,37265,12.0,287.0,0.0,287.0,287.0,6.0,11.0,"rt;dur=0;desc=""Runtime init"", render;dur=287;desc=""Page render"", mw;dur=287;desc=""Total middleware"", db.total;dur=287;desc=""DB total"", db.count;dur=12;desc=""Query count"", db.first;dur=0;desc=""First query at"", db.last;dur=287;desc=""Last query at"", cache.hit;dur=6;desc=""Cache hits"", cache.miss;dur=11;desc=""Cache misses"" | cfEdge;dur=383,cfOrigin;dur=0"
2026-10-05T21:48:43Z,before,browser,/,200,MISS,remote-,HAM,468.2,1021.3,1023.3,553.1,31290,12.0,330.0,0.0,330.0,330.0,6.0,11.0,"rt;dur=0;desc=""Runtime init"", render;dur=330;desc=""Page render"", mw;dur=330;desc=""Total middleware"", db.total;dur=330;desc=""DB total"", db.count;dur=12;desc=""Query count"", db.first;dur=0;desc=""First query at"", db.last;dur=330;desc=""Last query at"", cache.hit;dur=6;desc=""Cache hits"", cache.miss;dur=11;desc=""Cache misses"" | cfEdge;dur=413,cfOrigin;dur=0"
2026-10-05T21:48:44Z,before,browser,/category/technologia,200,MISS,remote-,HAM,100.9,573.2,579.6,472.3,29645,15.0,339.0,0.0,339.0,339.0,7.0,12.0,"rt;dur=0;desc=""Runtime init"", render;dur=339;desc=""Page render"", mw;dur=339;desc=""Total middleware"", db.total;dur=339;desc=""DB total"", db.count;dur=15;desc=""Query count"", db.first;dur=0;desc=""First query at"", db.last;dur=339;desc=""Last query at"", cache.hit;dur=7;desc=""Cache hits"", cache.miss;dur=12;desc=""Cache misses"" | cfEdge;dur=420,cfOrigin;dur=0"
2026-10-05T21:48:45Z,before,curl,/category/technologia,200,MISS,remote-,HAM,166.3,552.1,557.4,385.8,29282,10.0,250.0,0.0,250.0,250.0,2.0,9.0,"rt;dur=0;desc=""Runtime init"", render;dur=250;desc=""Page render"", mw;dur=250;desc=""Total middleware"", db.total;dur=250;desc=""DB total"", db.count;dur=10;desc=""Query count"", db.first;dur=0;desc=""First query at"", db.last;dur=250;desc=""Last query at"", cache.hit;dur=2;desc=""Cache hits"", cache.miss;dur=9;desc=""Cache misses"""
2026-10-05T21:48:46Z,before,curl,/,200,MISS,remote-WAW,HAM,99.4,428.0,428.7,328.6,30931,7.0,178.0,0.0,178.0,178.0,2.0,6.0,"rt;dur=0;desc=""Runtime init"", render;dur=178;desc=""Page render"", mw;dur=178;desc=""Total middleware"", db.total;dur=178;desc=""DB total"", db.count;dur=7;desc=""Query count"", db.first;dur=0;desc=""First query at"", db.last;dur=178;desc=""Last query at"", cache.hit;dur=2;desc=""Cache hits"", cache.miss;dur=6;desc=""Cache misses"""
2026-10-05T21:48:46Z,before,curl,/posts/,200,MISS,remote-WAW,HAM,92.3,386.1,395.1,293.8,36890,7.0,175.0,0.0,175.0,175.0,2.0,6.0,"rt;dur=0;desc=""Runtime init"", render;dur=175;desc=""Page render"", mw;dur=175;desc=""Total middleware"", db.total;dur=175;desc=""DB total"", db.count;dur=7;desc=""Query count"", db.first;dur=0;desc=""First query at"", db.last;dur=175;desc=""Last query at"", cache.hit;dur=2;desc=""Cache hits"", cache.miss;dur=6;desc=""Cache misses"""
2026-10-05T21:48:47Z,before,curl,/posts/architektura-emdash-typescript-astro,200,MISS,remote-WAW,HAM,100.1,417.6,575.4,317.5,34312,8.0,185.0,0.0,185.0,185.0,6.0,7.0,"rt;dur=0;desc=""Runtime init"", render;dur=185;desc=""Page render"", mw;dur=185;desc=""Total middleware"", db.total;dur=185;desc=""DB total"", db.count;dur=8;desc=""Query count"", db.first;dur=0;desc=""First query at"", db.last;dur=185;desc=""Last query at"", cache.hit;dur=6;desc=""Cache hits"", cache.miss;dur=7;desc=""Cache misses"""
2026-10-05T21:48:48Z,before,curl,/,200,MISS,remote-WAW,HAM,103.1,449.7,450.4,346.6,30927,7.0,173.0,0.0,173.0,173.0,2.0,6.0,"rt;dur=0;desc=""Runtime init"", render;dur=173;desc=""Page render"", mw;dur=173;desc=""Total middleware"", db.total;dur=173;desc=""DB total"", db.count;dur=7;desc=""Query count"", db.first;dur=0;desc=""First query at"", db.last;dur=173;desc=""Last query at"", cache.hit;dur=2;desc=""Cache hits"", cache.miss;dur=6;desc=""Cache misses"""
2026-10-05T21:48:48Z,before,browser,/posts/,200,MISS,remote-WAW,HAM,98.5,509.3,521.9,410.8,37253,12.0,283.0,0.0,283.0,283.0,6.0,11.0,"rt;dur=0;desc=""Runtime init"", render;dur=283;desc=""Page render"", mw;dur=283;desc=""Total middleware"", db.total;dur=283;desc=""DB total"", db.count;dur=12;desc=""Query count"", db.first;dur=0;desc=""First query at"", db.last;dur=283;desc=""Last query at"", cache.hit;dur=6;desc=""Cache hits"", cache.miss;dur=11;desc=""Cache misses"" | cfEdge;dur=361,cfOrigin;dur=0"
2026-10-05T21:48:49Z,before,curl,/category/technologia,200,MISS,remote-WAW,HAM,176.5,606.8,607.7,430.3,29270,10.0,227.0,0.0,227.0,227.0,2.0,9.0,"rt;dur=0;desc=""Runtime init"", render;dur=227;desc=""Page render"", mw;dur=227;desc=""Total middleware"", db.total;dur=227;desc=""DB total"", db.count;dur=10;desc=""Query count"", db.first;dur=0;desc=""First query at"", db.last;dur=227;desc=""Last query at"", cache.hit;dur=2;desc=""Cache hits"", cache.miss;dur=9;desc=""Cache misses"""
2026-10-05T21:48:50Z,before,browser,/category/technologia,200,MISS,remote-WAW,HAM,97.1,579.9,586.8,482.8,29637,15.0,327.0,0.0,327.0,327.0,7.0,12.0,"rt;dur=0;desc=""Runtime init"", render;dur=327;desc=""Page render"", mw;dur=327;desc=""Total middleware"", db.total;dur=327;desc=""DB total"", db.count;dur=15;desc=""Query count"", db.first;dur=0;desc=""First query at"", db.last;dur=327;desc=""Last query at"", cache.hit;dur=7;desc=""Cache hits"", cache.miss;dur=12;desc=""Cache misses"" | cfEdge;dur=424,cfOrigin;dur=0"
2026-10-05T21:48:51Z,before,browser,/,200,MISS,remote-,HAM,125.2,567.1,572.8,441.9,31294,12.0,308.0,0.0,308.0,308.0,6.0,11.0,"rt;dur=0;desc=""Runtime init"", render;dur=308;desc=""Page render"", mw;dur=308;desc=""Total middleware"", db.total;dur=308;desc=""DB total"", db.count;dur=12;desc=""Query count"", db.first;dur=0;desc=""First query at"", db.last;dur=308;desc=""Last query at"", cache.hit;dur=6;desc=""Cache hits"", cache.miss;dur=11;desc=""Cache misses"" | cfEdge;dur=384,cfOrigin;dur=0"
2026-10-05T21:48:52Z,before,curl,/posts/,200,MISS,remote-WAW,HAM,113.3,412.8,422.7,299.5,36885,7.0,164.0,0.0,164.0,164.0,2.0,6.0,"rt;dur=0;desc=""Runtime init"", render;dur=164;desc=""Page render"", mw;dur=164;desc=""Total middleware"", db.total;dur=164;desc=""DB total"", db.count;dur=7;desc=""Query count"", db.first;dur=0;desc=""First query at"", db.last;dur=164;desc=""Last query at"", cache.hit;dur=2;desc=""Cache hits"", cache.miss;dur=6;desc=""Cache misses"""
2026-10-05T21:48:53Z,before,browser,/posts/architektura-emdash-typescript-astro,200,MISS,remote-,HAM,180.9,657.0,801.1,476.1,34696,13.0,327.0,0.0,327.0,327.0,10.0,12.0,"rt;dur=0;desc=""Runtime init"", render;dur=327;desc=""Page render"", mw;dur=327;desc=""Total middleware"", db.total;dur=327;desc=""DB total"", db.count;dur=13;desc=""Query count"", db.first;dur=0;desc=""First query at"", db.last;dur=327;desc=""Last query at"", cache.hit;dur=10;desc=""Cache hits"", cache.miss;dur=12;desc=""Cache misses"" | cfEdge;dur=411,cfOrigin;dur=0"
2026-10-05T21:48:53Z,before,curl,/posts/architektura-emdash-typescript-astro,200,MISS,remote-,HAM,163.3,502.8,586.5,339.5,34324,8.0,209.0,0.0,209.0,209.0,6.0,7.0,"rt;dur=0;desc=""Runtime init"", render;dur=209;desc=""Page render"", mw;dur=209;desc=""Total middleware"", db.total;dur=209;desc=""DB total"", db.count;dur=8;desc=""Query count"", db.first;dur=0;desc=""First query at"", db.last;dur=209;desc=""Last query at"", cache.hit;dur=6;desc=""Cache hits"", cache.miss;dur=7;desc=""Cache misses"""
2026-10-05T21:48:54Z,before,curl,/,200,MISS,remote-,HAM,108.9,490.3,503.1,381.4,30927,7.0,176.0,0.0,176.0,176.0,2.0,6.0,"rt;dur=0;desc=""Runtime init"", render;dur=176;desc=""Page render"", mw;dur=176;desc=""Total middleware"", db.total;dur=176;desc=""DB total"", db.count;dur=7;desc=""Query count"", db.first;dur=0;desc=""First query at"", db.last;dur=176;desc=""Last query at"", cache.hit;dur=2;desc=""Cache hits"", cache.miss;dur=6;desc=""Cache misses"""
2026-10-05T21:48:55Z,before,browser,/posts/,200,MISS,remote-WAW,HAM,212.8,715.5,719.1,502.7,37245,12.0,288.0,0.0,288.0,288.0,6.0,11.0,"rt;dur=0;desc=""Runtime init"", render;dur=288;desc=""Page render"", mw;dur=288;desc=""Total middleware"", db.total;dur=288;desc=""DB total"", db.count;dur=12;desc=""Query count"", db.first;dur=0;desc=""First query at"", db.last;dur=288;desc=""Last query at"", cache.hit;dur=6;desc=""Cache hits"", cache.miss;dur=11;desc=""Cache misses"" | cfEdge;dur=367,cfOrigin;dur=0"
2026-10-05T21:48:56Z,before,browser,/posts/architektura-emdash-typescript-astro,200,MISS,remote-,HAM,105.5,644.9,656.4,539.4,34685,13.0,343.0,0.0,343.0,343.0,10.0,12.0,"rt;dur=0;desc=""Runtime init"", render;dur=343;desc=""Page render"", mw;dur=343;desc=""Total middleware"", db.total;dur=343;desc=""DB total"", db.count;dur=13;desc=""Query count"", db.first;dur=0;desc=""First query at"", db.last;dur=343;desc=""Last query at"", cache.hit;dur=10;desc=""Cache hits"", cache.miss;dur=12;desc=""Cache misses"" | cfEdge;dur=430,cfOrigin;dur=0"
2026-10-05T21:48:57Z,before,curl,/posts/architektura-emdash-typescript-astro,200,MISS,remote-,HAM,648.5,984.9,1163.1,336.4,34328,8.0,205.0,0.0,205.0,205.0,6.0,7.0,"rt;dur=0;desc=""Runtime init"", render;dur=205;desc=""Page render"", mw;dur=205;desc=""Total middleware"", db.total;dur=205;desc=""DB total"", db.count;dur=8;desc=""Query count"", db.first;dur=0;desc=""First query at"", db.last;dur=205;desc=""Last query at"", cache.hit;dur=6;desc=""Cache hits"", cache.miss;dur=7;desc=""Cache misses"""
2026-10-05T21:48:58Z,before,browser,/,200,MISS,remote-WAW,HAM,296.1,817.5,818.8,521.4,31306,12.0,286.0,0.0,286.0,286.0,6.0,11.0,"rt;dur=0;desc=""Runtime init"", render;dur=286;desc=""Page render"", mw;dur=286;desc=""Total middleware"", db.total;dur=286;desc=""DB total"", db.count;dur=12;desc=""Query count"", db.first;dur=0;desc=""First query at"", db.last;dur=286;desc=""Last query at"", cache.hit;dur=6;desc=""Cache hits"", cache.miss;dur=11;desc=""Cache misses"" | cfEdge;dur=361,cfOrigin;dur=0"
2026-10-05T21:48:59Z,before,browser,/category/technologia,200,MISS,remote-WAW,HAM,301.0,826.0,828.4,525.0,29633,15.0,352.0,0.0,352.0,352.0,7.0,12.0,"rt;dur=0;desc=""Runtime init"", render;dur=352;desc=""Page render"", mw;dur=352;desc=""Total middleware"", db.total;dur=352;desc=""DB total"", db.count;dur=15;desc=""Query count"", db.first;dur=0;desc=""First query at"", db.last;dur=352;desc=""Last query at"", cache.hit;dur=7;desc=""Cache hits"", cache.miss;dur=12;desc=""Cache misses"" | cfEdge;dur=443,cfOrigin;dur=0"
2026-10-05T21:49:00Z,before,curl,/category/technologia,200,MISS,remote-,HAM,147.9,715.9,724.2,568.0,29266,11.0,281.0,0.0,281.0,281.0,2.0,9.0,"rt;dur=0;desc=""Runtime init"", render;dur=281;desc=""Page render"", mw;dur=281;desc=""Total middleware"", db.total;dur=281;desc=""DB total"", db.count;dur=11;desc=""Query count"", db.first;dur=0;desc=""First query at"", db.last;dur=281;desc=""Last query at"", cache.hit;dur=2;desc=""Cache hits"", cache.miss;dur=9;desc=""Cache misses"""
2026-10-05T21:49:01Z,before,curl,/posts/,200,MISS,remote-WAW,HAM,106.6,437.7,453.8,331.1,36874,8.0,198.0,0.0,198.0,198.0,2.0,6.0,"rt;dur=0;desc=""Runtime init"", render;dur=198;desc=""Page render"", mw;dur=198;desc=""Total middleware"", db.total;dur=198;desc=""DB total"", db.count;dur=8;desc=""Query count"", db.first;dur=0;desc=""First query at"", db.last;dur=198;desc=""Last query at"", cache.hit;dur=2;desc=""Cache hits"", cache.miss;dur=6;desc=""Cache misses"""
2026-10-05T21:49:02Z,before,curl,/,200,MISS,remote-WAW,HAM,117.6,415.3,422.2,297.7,30923,7.0,199.0,0.0,199.0,199.0,2.0,6.0,"rt;dur=0;desc=""Runtime init"", render;dur=199;desc=""Page render"", mw;dur=199;desc=""Total middleware"", db.total;dur=199;desc=""DB total"", db.count;dur=7;desc=""Query count"", db.first;dur=0;desc=""First query at"", db.last;dur=199;desc=""Last query at"", cache.hit;dur=2;desc=""Cache hits"", cache.miss;dur=6;desc=""Cache misses"""
2026-10-05T21:49:02Z,before,curl,/category/technologia,200,MISS,remote-WAW,HAM,93.2,460.8,474.0,367.6,29278,10.0,246.0,0.0,246.0,246.0,2.0,9.0,"rt;dur=0;desc=""Runtime init"", render;dur=246;desc=""Page render"", mw;dur=246;desc=""Total middleware"", db.total;dur=246;desc=""DB total"", db.count;dur=10;desc=""Query count"", db.first;dur=0;desc=""First query at"", db.last;dur=246;desc=""Last query at"", cache.hit;dur=2;desc=""Cache hits"", cache.miss;dur=9;desc=""Cache misses"""
2026-10-05T21:49:03Z,before,browser,/category/technologia,200,MISS,remote-WAW,HAM,101.3,580.9,585.5,479.6,29637,15.0,346.0,0.0,346.0,346.0,7.0,12.0,"rt;dur=0;desc=""Runtime init"", render;dur=346;desc=""Page render"", mw;dur=346;desc=""Total middleware"", db.total;dur=346;desc=""DB total"", db.count;dur=15;desc=""Query count"", db.first;dur=0;desc=""First query at"", db.last;dur=346;desc=""Last query at"", cache.hit;dur=7;desc=""Cache hits"", cache.miss;dur=12;desc=""Cache misses"" | cfEdge;dur=432,cfOrigin;dur=0"
2026-10-05T21:49:04Z,before,browser,/posts/architektura-emdash-typescript-astro,200,MISS,remote-WAW,HAM,88.7,542.8,619.8,454.1,34684,13.0,310.0,0.0,310.0,310.0,10.0,12.0,"rt;dur=0;desc=""Runtime init"", render;dur=310;desc=""Page render"", mw;dur=310;desc=""Total middleware"", db.total;dur=310;desc=""DB total"", db.count;dur=13;desc=""Query count"", db.first;dur=0;desc=""First query at"", db.last;dur=310;desc=""Last query at"", cache.hit;dur=10;desc=""Cache hits"", cache.miss;dur=12;desc=""Cache misses"" | cfEdge;dur=390,cfOrigin;dur=0"
2026-10-05T21:49:05Z,before,curl,/posts/,200,MISS,remote-WAW,HAM,168.3,472.4,491.6,304.1,36878,7.0,173.0,0.0,173.0,173.0,2.0,6.0,"rt;dur=0;desc=""Runtime init"", render;dur=173;desc=""Page render"", mw;dur=173;desc=""Total middleware"", db.total;dur=173;desc=""DB total"", db.count;dur=7;desc=""Query count"", db.first;dur=0;desc=""First query at"", db.last;dur=173;desc=""Last query at"", cache.hit;dur=2;desc=""Cache hits"", cache.miss;dur=6;desc=""Cache misses"""
2026-10-05T21:49:06Z,before,browser,/posts/,200,MISS,remote-WAW,HAM,100.1,511.5,520.0,411.4,37257,12.0,288.0,0.0,288.0,288.0,6.0,11.0,"rt;dur=0;desc=""Runtime init"", render;dur=288;desc=""Page render"", mw;dur=288;desc=""Total middleware"", db.total;dur=288;desc=""DB total"", db.count;dur=12;desc=""Query count"", db.first;dur=0;desc=""First query at"", db.last;dur=288;desc=""Last query at"", cache.hit;dur=6;desc=""Cache hits"", cache.miss;dur=11;desc=""Cache misses"" | cfEdge;dur=363,cfOrigin;dur=0"
2026-10-05T21:49:06Z,before,browser,/,200,MISS,remote-WAW,HAM,79.3,466.7,472.1,387.4,31302,12.0,269.0,0.0,269.0,269.0,6.0,11.0,"rt;dur=0;desc=""Runtime init"", render;dur=269;desc=""Page render"", mw;dur=269;desc=""Total middleware"", db.total;dur=269;desc=""DB total"", db.count;dur=12;desc=""Query count"", db.first;dur=0;desc=""First query at"", db.last;dur=269;desc=""Last query at"", cache.hit;dur=6;desc=""Cache hits"", cache.miss;dur=11;desc=""Cache misses"" | cfEdge;dur=347,cfOrigin;dur=0"
2026-10-05T21:49:07Z,before,curl,/posts/architektura-emdash-typescript-astro,200,MISS,remote-,HAM,179.7,494.9,642.1,315.2,34324,8.0,188.0,0.0,188.0,188.0,6.0,7.0,"rt;dur=0;desc=""Runtime init"", render;dur=188;desc=""Page render"", mw;dur=188;desc=""Total middleware"", db.total;dur=188;desc=""DB total"", db.count;dur=8;desc=""Query count"", db.first;dur=0;desc=""First query at"", db.last;dur=188;desc=""Last query at"", cache.hit;dur=6;desc=""Cache hits"", cache.miss;dur=7;desc=""Cache misses"""
2026-10-05T21:49:08Z,before,browser,/posts/,200,MISS,remote-WAW,HAM,121.7,593.1,603.0,471.4,37253,12.0,333.0,0.0,333.0,333.0,6.0,11.0,"rt;dur=0;desc=""Runtime init"", render;dur=333;desc=""Page render"", mw;dur=333;desc=""Total middleware"", db.total;dur=333;desc=""DB total"", db.count;dur=12;desc=""Query count"", db.first;dur=0;desc=""First query at"", db.last;dur=333;desc=""Last query at"", cache.hit;dur=6;desc=""Cache hits"", cache.miss;dur=11;desc=""Cache misses"" | cfEdge;dur=418,cfOrigin;dur=0"
2026-10-05T21:49:09Z,before,curl,/,200,MISS,remote-WAW,HAM,91.5,380.4,385.6,288.9,30938,7.0,173.0,0.0,173.0,173.0,2.0,6.0,"rt;dur=0;desc=""Runtime init"", render;dur=173;desc=""Page render"", mw;dur=173;desc=""Total middleware"", db.total;dur=173;desc=""DB total"", db.count;dur=7;desc=""Query count"", db.first;dur=0;desc=""First query at"", db.last;dur=173;desc=""Last query at"", cache.hit;dur=2;desc=""Cache hits"", cache.miss;dur=6;desc=""Cache misses"""
2026-10-05T21:49:09Z,before,curl,/posts/architektura-emdash-typescript-astro,200,MISS,remote-,HAM,105.1,413.9,493.9,308.8,34316,8.0,196.0,0.0,196.0,196.0,6.0,7.0,"rt;dur=0;desc=""Runtime init"", render;dur=196;desc=""Page render"", mw;dur=196;desc=""Total middleware"", db.total;dur=196;desc=""DB total"", db.count;dur=8;desc=""Query count"", db.first;dur=0;desc=""First query at"", db.last;dur=196;desc=""Last query at"", cache.hit;dur=6;desc=""Cache hits"", cache.miss;dur=7;desc=""Cache misses"""
2026-10-05T21:49:10Z,before,browser,/,200,MISS,remote-,HAM,85.7,514.9,520.9,429.2,31294,12.0,304.0,0.0,304.0,304.0,6.0,11.0,"rt;dur=0;desc=""Runtime init"", render;dur=304;desc=""Page render"", mw;dur=304;desc=""Total middleware"", db.total;dur=304;desc=""DB total"", db.count;dur=12;desc=""Query count"", db.first;dur=0;desc=""First query at"", db.last;dur=304;desc=""Last query at"", cache.hit;dur=6;desc=""Cache hits"", cache.miss;dur=11;desc=""Cache misses"" | cfEdge;dur=388,cfOrigin;dur=0"
2026-10-05T21:49:11Z,before,curl,/posts/,200,MISS,remote-,HAM,84.5,377.4,479.2,292.9,36890,7.0,179.0,0.0,179.0,179.0,2.0,6.0,"rt;dur=0;desc=""Runtime init"", render;dur=179;desc=""Page render"", mw;dur=179;desc=""Total middleware"", db.total;dur=179;desc=""DB total"", db.count;dur=7;desc=""Query count"", db.first;dur=0;desc=""First query at"", db.last;dur=179;desc=""Last query at"", cache.hit;dur=2;desc=""Cache hits"", cache.miss;dur=6;desc=""Cache misses"""
2026-10-05T21:49:12Z,before,browser,/posts/architektura-emdash-typescript-astro,200,MISS,remote-WAW,HAM,85.7,607.7,641.4,522.0,34684,13.0,335.0,0.0,335.0,335.0,10.0,12.0,"rt;dur=0;desc=""Runtime init"", render;dur=335;desc=""Page render"", mw;dur=335;desc=""Total middleware"", db.total;dur=335;desc=""DB total"", db.count;dur=13;desc=""Query count"", db.first;dur=0;desc=""First query at"", db.last;dur=335;desc=""Last query at"", cache.hit;dur=10;desc=""Cache hits"", cache.miss;dur=12;desc=""Cache misses"" | cfEdge;dur=424,cfOrigin;dur=0"
2026-10-05T21:49:13Z,before,browser,/category/technologia,200,MISS,remote-,HAM,199.4,677.2,692.5,477.8,29641,15.0,352.0,0.0,352.0,352.0,7.0,12.0,"rt;dur=0;desc=""Runtime init"", render;dur=352;desc=""Page render"", mw;dur=352;desc=""Total middleware"", db.total;dur=352;desc=""DB total"", db.count;dur=15;desc=""Query count"", db.first;dur=0;desc=""First query at"", db.last;dur=352;desc=""Last query at"", cache.hit;dur=7;desc=""Cache hits"", cache.miss;dur=12;desc=""Cache misses"" | cfEdge;dur=437,cfOrigin;dur=0"
2026-10-05T21:49:13Z,before,curl,/category/technologia,200,MISS,remote-WAW,HAM,151.2,635.8,636.2,484.6,29266,10.0,225.0,0.0,225.0,225.0,2.0,9.0,"rt;dur=0;desc=""Runtime init"", render;dur=225;desc=""Page render"", mw;dur=225;desc=""Total middleware"", db.total;dur=225;desc=""DB total"", db.count;dur=10;desc=""Query count"", db.first;dur=0;desc=""First query at"", db.last;dur=225;desc=""Last query at"", cache.hit;dur=2;desc=""Cache hits"", cache.miss;dur=9;desc=""Cache misses"""
2026-10-05T21:49:14Z,before,browser,/posts/,200,MISS,remote-,HAM,208.2,631.0,635.9,422.8,37253,12.0,301.0,0.0,301.0,301.0,6.0,11.0,"rt;dur=0;desc=""Runtime init"", render;dur=301;desc=""Page render"", mw;dur=301;desc=""Total middleware"", db.total;dur=301;desc=""DB total"", db.count;dur=12;desc=""Query count"", db.first;dur=0;desc=""First query at"", db.last;dur=301;desc=""Last query at"", cache.hit;dur=6;desc=""Cache hits"", cache.miss;dur=11;desc=""Cache misses"" | cfEdge;dur=382,cfOrigin;dur=0"
2026-10-05T21:49:15Z,before,curl,/,200,MISS,remote-WAW,HAM,330.6,674.1,676.3,343.5,30947,7.0,178.0,0.0,178.0,178.0,2.0,6.0,"rt;dur=0;desc=""Runtime init"", render;dur=178;desc=""Page render"", mw;dur=178;desc=""Total middleware"", db.total;dur=178;desc=""DB total"", db.count;dur=7;desc=""Query count"", db.first;dur=0;desc=""First query at"", db.last;dur=178;desc=""Last query at"", cache.hit;dur=2;desc=""Cache hits"", cache.miss;dur=6;desc=""Cache misses"""
2026-10-05T21:49:16Z,before,curl,/posts/,200,MISS,remote-,HAM,133.7,486.8,489.2,353.1,36874,7.0,188.0,0.0,188.0,188.0,2.0,6.0,"rt;dur=0;desc=""Runtime init"", render;dur=188;desc=""Page render"", mw;dur=188;desc=""Total middleware"", db.total;dur=188;desc=""DB total"", db.count;dur=7;desc=""Query count"", db.first;dur=0;desc=""First query at"", db.last;dur=188;desc=""Last query at"", cache.hit;dur=2;desc=""Cache hits"", cache.miss;dur=6;desc=""Cache misses"""
2026-10-05T21:49:17Z,before,browser,/posts/architektura-emdash-typescript-astro,200,MISS,remote-WAW,HAM,200.7,650.9,829.9,450.2,34704,13.0,320.0,0.0,320.0,320.0,10.0,12.0,"rt;dur=0;desc=""Runtime init"", render;dur=320;desc=""Page render"", mw;dur=320;desc=""Total middleware"", db.total;dur=320;desc=""DB total"", db.count;dur=13;desc=""Query count"", db.first;dur=0;desc=""First query at"", db.last;dur=320;desc=""Last query at"", cache.hit;dur=10;desc=""Cache hits"", cache.miss;dur=12;desc=""Cache misses"" | cfEdge;dur=393,cfOrigin;dur=0"
2026-10-05T21:49:18Z,before,curl,/posts/architektura-emdash-typescript-astro,200,MISS,remote-WAW,HAM,75.2,380.6,478.6,305.4,34336,8.0,191.0,0.0,191.0,191.0,6.0,7.0,"rt;dur=0;desc=""Runtime init"", render;dur=191;desc=""Page render"", mw;dur=191;desc=""Total middleware"", db.total;dur=191;desc=""DB total"", db.count;dur=8;desc=""Query count"", db.first;dur=0;desc=""First query at"", db.last;dur=191;desc=""Last query at"", cache.hit;dur=6;desc=""Cache hits"", cache.miss;dur=7;desc=""Cache misses"""
2026-10-05T21:49:18Z,before,browser,/category/technologia,200,MISS,remote-,HAM,79.5,539.6,544.4,460.1,29633,15.0,346.0,0.0,346.0,346.0,7.0,12.0,"rt;dur=0;desc=""Runtime init"", render;dur=346;desc=""Page render"", mw;dur=346;desc=""Total middleware"", db.total;dur=346;desc=""DB total"", db.count;dur=15;desc=""Query count"", db.first;dur=0;desc=""First query at"", db.last;dur=346;desc=""Last query at"", cache.hit;dur=7;desc=""Cache hits"", cache.miss;dur=12;desc=""Cache misses"" | cfEdge;dur=421,cfOrigin;dur=0"
2026-10-05T21:49:19Z,before,curl,/category/technologia,200,MISS,remote-WAW,HAM,142.7,471.9,480.0,329.2,29270,10.0,221.0,0.0,221.0,221.0,2.0,9.0,"rt;dur=0;desc=""Runtime init"", render;dur=221;desc=""Page render"", mw;dur=221;desc=""Total middleware"", db.total;dur=221;desc=""DB total"", db.count;dur=10;desc=""Query count"", db.first;dur=0;desc=""First query at"", db.last;dur=221;desc=""Last query at"", cache.hit;dur=2;desc=""Cache hits"", cache.miss;dur=9;desc=""Cache misses"""
2026-10-05T21:49:20Z,before,browser,/,200,MISS,remote-,HAM,82.2,479.3,488.9,397.1,31306,12.0,277.0,0.0,277.0,277.0,6.0,11.0,"rt;dur=0;desc=""Runtime init"", render;dur=277;desc=""Page render"", mw;dur=277;desc=""Total middleware"", db.total;dur=277;desc=""DB total"", db.count;dur=12;desc=""Query count"", db.first;dur=0;desc=""First query at"", db.last;dur=277;desc=""Last query at"", cache.hit;dur=6;desc=""Cache hits"", cache.miss;dur=11;desc=""Cache misses"" | cfEdge;dur=356,cfOrigin;dur=0"
2026-10-05T21:49:21Z,before,browser,/category/technologia,200,MISS,remote-WAW,HAM,87.3,558.9,568.6,471.6,29637,15.0,354.0,0.0,354.0,354.0,7.0,12.0,"rt;dur=0;desc=""Runtime init"", render;dur=354;desc=""Page render"", mw;dur=354;desc=""Total middleware"", db.total;dur=354;desc=""DB total"", db.count;dur=15;desc=""Query count"", db.first;dur=0;desc=""First query at"", db.last;dur=354;desc=""Last query at"", cache.hit;dur=7;desc=""Cache hits"", cache.miss;dur=12;desc=""Cache misses"" | cfEdge;dur=431,cfOrigin;dur=0"
2026-10-05T21:49:21Z,before,curl,/posts/,200,MISS,remote-,HAM,94.3,379.6,388.6,285.3,36885,7.0,173.0,0.0,173.0,173.0,2.0,6.0,"rt;dur=0;desc=""Runtime init"", render;dur=173;desc=""Page render"", mw;dur=173;desc=""Total middleware"", db.total;dur=173;desc=""DB total"", db.count;dur=7;desc=""Query count"", db.first;dur=0;desc=""First query at"", db.last;dur=173;desc=""Last query at"", cache.hit;dur=2;desc=""Cache hits"", cache.miss;dur=6;desc=""Cache misses"""
2026-10-05T21:49:22Z,before,curl,/posts/architektura-emdash-typescript-astro,200,MISS,remote-WAW,HAM,90.3,407.1,469.8,316.8,34324,8.0,192.0,0.0,192.0,192.0,6.0,7.0,"rt;dur=0;desc=""Runtime init"", render;dur=192;desc=""Page render"", mw;dur=192;desc=""Total middleware"", db.total;dur=192;desc=""DB total"", db.count;dur=8;desc=""Query count"", db.first;dur=0;desc=""First query at"", db.last;dur=192;desc=""Last query at"", cache.hit;dur=6;desc=""Cache hits"", cache.miss;dur=7;desc=""Cache misses"""
2026-10-05T21:49:23Z,before,browser,/posts/architektura-emdash-typescript-astro,200,MISS,remote-,HAM,77.8,523.0,603.0,445.2,34684,13.0,326.0,0.0,326.0,326.0,10.0,12.0,"rt;dur=0;desc=""Runtime init"", render;dur=326;desc=""Page render"", mw;dur=326;desc=""Total middleware"", db.total;dur=326;desc=""DB total"", db.count;dur=13;desc=""Query count"", db.first;dur=0;desc=""First query at"", db.last;dur=326;desc=""Last query at"", cache.hit;dur=10;desc=""Cache hits"", cache.miss;dur=12;desc=""Cache misses"" | cfEdge;dur=403,cfOrigin;dur=0"
2026-10-05T21:49:23Z,before,curl,/category/technologia,200,MISS,remote-,HAM,89.4,466.4,470.9,377.0,29278,10.0,242.0,0.0,242.0,242.0,2.0,9.0,"rt;dur=0;desc=""Runtime init"", render;dur=242;desc=""Page render"", mw;dur=242;desc=""Total middleware"", db.total;dur=242;desc=""DB total"", db.count;dur=10;desc=""Query count"", db.first;dur=0;desc=""First query at"", db.last;dur=242;desc=""Last query at"", cache.hit;dur=2;desc=""Cache hits"", cache.miss;dur=9;desc=""Cache misses"""
2026-10-05T21:49:24Z,before,browser,/,200,MISS,remote-WAW,HAM,79.1,485.4,492.7,406.3,31294,12.0,292.0,0.0,292.0,292.0,6.0,11.0,"rt;dur=0;desc=""Runtime init"", render;dur=292;desc=""Page render"", mw;dur=292;desc=""Total middleware"", db.total;dur=292;desc=""DB total"", db.count;dur=12;desc=""Query count"", db.first;dur=0;desc=""First query at"", db.last;dur=292;desc=""Last query at"", cache.hit;dur=6;desc=""Cache hits"", cache.miss;dur=11;desc=""Cache misses"" | cfEdge;dur=365,cfOrigin;dur=0"
2026-10-05T21:49:25Z,before,curl,/,200,MISS,remote-,HAM,159.1,476.8,493.6,317.7,30919,7.0,210.0,0.0,210.0,210.0,2.0,6.0,"rt;dur=0;desc=""Runtime init"", render;dur=210;desc=""Page render"", mw;dur=210;desc=""Total middleware"", db.total;dur=210;desc=""DB total"", db.count;dur=7;desc=""Query count"", db.first;dur=0;desc=""First query at"", db.last;dur=210;desc=""Last query at"", cache.hit;dur=2;desc=""Cache hits"", cache.miss;dur=6;desc=""Cache misses"""
2026-10-05T21:49:26Z,before,browser,/posts/,200,MISS,remote-WAW,HAM,90.6,502.2,508.7,411.6,37245,12.0,290.0,0.0,290.0,290.0,6.0,11.0,"rt;dur=0;desc=""Runtime init"", render;dur=290;desc=""Page render"", mw;dur=290;desc=""Total middleware"", db.total;dur=290;desc=""DB total"", db.count;dur=12;desc=""Query count"", db.first;dur=0;desc=""First query at"", db.last;dur=290;desc=""Last query at"", cache.hit;dur=6;desc=""Cache hits"", cache.miss;dur=11;desc=""Cache misses"" | cfEdge;dur=368,cfOrigin;dur=0"
2026-10-05T21:49:26Z,before,browser,/posts/,200,MISS,remote-WAW,HAM,86.5,529.0,540.0,442.5,37249,12.0,332.0,0.0,332.0,332.0,6.0,11.0,"rt;dur=0;desc=""Runtime init"", render;dur=332;desc=""Page render"", mw;dur=332;desc=""Total middleware"", db.total;dur=332;desc=""DB total"", db.count;dur=12;desc=""Query count"", db.first;dur=0;desc=""First query at"", db.last;dur=332;desc=""Last query at"", cache.hit;dur=6;desc=""Cache hits"", cache.miss;dur=11;desc=""Cache misses"" | cfEdge;dur=403,cfOrigin;dur=0"
2026-10-05T21:49:27Z,before,browser,/category/technologia,200,MISS,remote-WAW,HAM,92.6,561.5,572.2,468.9,29645,15.0,349.0,0.0,349.0,349.0,7.0,12.0,"rt;dur=0;desc=""Runtime init"", render;dur=349;desc=""Page render"", mw;dur=349;desc=""Total middleware"", db.total;dur=349;desc=""DB total"", db.count;dur=15;desc=""Query count"", db.first;dur=0;desc=""First query at"", db.last;dur=349;desc=""Last query at"", cache.hit;dur=7;desc=""Cache hits"", cache.miss;dur=12;desc=""Cache misses"" | cfEdge;dur=430,cfOrigin;dur=0"
2026-10-05T21:49:28Z,before,browser,/posts/architektura-emdash-typescript-astro,200,MISS,remote-WAW,HAM,99.8,537.8,625.7,438.0,34692,13.0,309.0,0.0,309.0,309.0,10.0,12.0,"rt;dur=0;desc=""Runtime init"", render;dur=309;desc=""Page render"", mw;dur=309;desc=""Total middleware"", db.total;dur=309;desc=""DB total"", db.count;dur=13;desc=""Query count"", db.first;dur=0;desc=""First query at"", db.last;dur=309;desc=""Last query at"", cache.hit;dur=10;desc=""Cache hits"", cache.miss;dur=12;desc=""Cache misses"" | cfEdge;dur=395,cfOrigin;dur=0"
2026-10-05T21:49:29Z,before,curl,/posts/architektura-emdash-typescript-astro,200,MISS,remote-WAW,HAM,232.8,654.3,660.8,421.5,34324,8.0,198.0,0.0,198.0,198.0,6.0,7.0,"rt;dur=0;desc=""Runtime init"", render;dur=198;desc=""Page render"", mw;dur=198;desc=""Total middleware"", db.total;dur=198;desc=""DB total"", db.count;dur=8;desc=""Query count"", db.first;dur=0;desc=""First query at"", db.last;dur=198;desc=""Last query at"", cache.hit;dur=6;desc=""Cache hits"", cache.miss;dur=7;desc=""Cache misses"""
2026-10-05T21:49:30Z,before,curl,/category/technologia,200,MISS,remote-WAW,HAM,300.9,658.0,668.8,357.1,29274,10.0,240.0,0.0,240.0,240.0,2.0,9.0,"rt;dur=0;desc=""Runtime init"", render;dur=240;desc=""Page render"", mw;dur=240;desc=""Total middleware"", db.total;dur=240;desc=""DB total"", db.count;dur=10;desc=""Query count"", db.first;dur=0;desc=""First query at"", db.last;dur=240;desc=""Last query at"", cache.hit;dur=2;desc=""Cache hits"", cache.miss;dur=9;desc=""Cache misses"""
2026-10-05T21:49:31Z,before,browser,/,200,MISS,remote-,HAM,92.0,500.3,635.0,408.3,31294,12.0,277.0,0.0,277.0,277.0,6.0,11.0,"rt;dur=0;desc=""Runtime init"", render;dur=277;desc=""Page render"", mw;dur=277;desc=""Total middleware"", db.total;dur=277;desc=""DB total"", db.count;dur=12;desc=""Query count"", db.first;dur=0;desc=""First query at"", db.last;dur=277;desc=""Last query at"", cache.hit;dur=6;desc=""Cache hits"", cache.miss;dur=11;desc=""Cache misses"" | cfEdge;dur=356,cfOrigin;dur=0"
2026-10-05T21:49:31Z,before,curl,/,200,MISS,remote-WAW,HAM,226.5,517.8,653.0,291.3,30919,8.0,185.0,0.0,185.0,185.0,2.0,6.0,"rt;dur=0;desc=""Runtime init"", render;dur=185;desc=""Page render"", mw;dur=185;desc=""Total middleware"", db.total;dur=185;desc=""DB total"", db.count;dur=8;desc=""Query count"", db.first;dur=0;desc=""First query at"", db.last;dur=185;desc=""Last query at"", cache.hit;dur=2;desc=""Cache hits"", cache.miss;dur=6;desc=""Cache misses"""
2026-10-05T21:49:32Z,before,curl,/posts/,200,MISS,remote-,HAM,163.0,437.1,456.0,274.1,36885,7.0,161.0,0.0,161.0,161.0,2.0,6.0,"rt;dur=0;desc=""Runtime init"", render;dur=161;desc=""Page render"", mw;dur=161;desc=""Total middleware"", db.total;dur=161;desc=""DB total"", db.count;dur=7;desc=""Query count"", db.first;dur=0;desc=""First query at"", db.last;dur=161;desc=""Last query at"", cache.hit;dur=2;desc=""Cache hits"", cache.miss;dur=6;desc=""Cache misses"""
2026-10-05T21:49:33Z,before,browser,/posts/,200,MISS,remote-,HAM,313.2,778.0,785.8,464.8,37253,12.0,346.0,0.0,346.0,346.0,6.0,11.0,"rt;dur=0;desc=""Runtime init"", render;dur=346;desc=""Page render"", mw;dur=346;desc=""Total middleware"", db.total;dur=346;desc=""DB total"", db.count;dur=12;desc=""Query count"", db.first;dur=0;desc=""First query at"", db.last;dur=346;desc=""Last query at"", cache.hit;dur=6;desc=""Cache hits"", cache.miss;dur=11;desc=""Cache misses"" | cfEdge;dur=425,cfOrigin;dur=0"
2026-10-05T21:49:34Z,before,curl,/posts/architektura-emdash-typescript-astro,200,MISS,remote-WAW,HAM,176.6,530.7,601.5,354.1,34320,9.0,233.0,0.0,233.0,233.0,6.0,7.0,"rt;dur=0;desc=""Runtime init"", render;dur=233;desc=""Page render"", mw;dur=233;desc=""Total middleware"", db.total;dur=233;desc=""DB total"", db.count;dur=9;desc=""Query count"", db.first;dur=0;desc=""First query at"", db.last;dur=233;desc=""Last query at"", cache.hit;dur=6;desc=""Cache hits"", cache.miss;dur=7;desc=""Cache misses"""
2026-10-05T21:49:35Z,before,browser,/posts/architektura-emdash-typescript-astro,200,MISS,remote-,HAM,78.5,579.2,579.6,500.7,34680,13.0,297.0,0.0,297.0,297.0,10.0,12.0,"rt;dur=0;desc=""Runtime init"", render;dur=297;desc=""Page render"", mw;dur=297;desc=""Total middleware"", db.total;dur=297;desc=""DB total"", db.count;dur=13;desc=""Query count"", db.first;dur=0;desc=""First query at"", db.last;dur=297;desc=""Last query at"", cache.hit;dur=10;desc=""Cache hits"", cache.miss;dur=12;desc=""Cache misses"" | cfEdge;dur=369,cfOrigin;dur=0"
2026-10-05T21:49:35Z,before,curl,/,200,MISS,remote-,HAM,71.6,340.0,345.7,268.4,30922,7.0,157.0,0.0,157.0,157.0,2.0,6.0,"rt;dur=0;desc=""Runtime init"", render;dur=157;desc=""Page render"", mw;dur=157;desc=""Total middleware"", db.total;dur=157;desc=""DB total"", db.count;dur=7;desc=""Query count"", db.first;dur=0;desc=""First query at"", db.last;dur=157;desc=""Last query at"", cache.hit;dur=2;desc=""Cache hits"", cache.miss;dur=6;desc=""Cache misses"""
2026-10-05T21:49:36Z,before,curl,/category/technologia,200,MISS,remote-,HAM,100.5,448.4,453.0,347.9,29274,10.0,230.0,0.0,230.0,230.0,2.0,9.0,"rt;dur=0;desc=""Runtime init"", render;dur=230;desc=""Page render"", mw;dur=230;desc=""Total middleware"", db.total;dur=230;desc=""DB total"", db.count;dur=10;desc=""Query count"", db.first;dur=0;desc=""First query at"", db.last;dur=230;desc=""Last query at"", cache.hit;dur=2;desc=""Cache hits"", cache.miss;dur=9;desc=""Cache misses"""
2026-10-05T21:49:37Z,before,curl,/posts/,200,MISS,remote-WAW,HAM,83.2,380.9,388.3,297.7,36878,7.0,177.0,0.0,177.0,177.0,2.0,6.0,"rt;dur=0;desc=""Runtime init"", render;dur=177;desc=""Page render"", mw;dur=177;desc=""Total middleware"", db.total;dur=177;desc=""DB total"", db.count;dur=7;desc=""Query count"", db.first;dur=0;desc=""First query at"", db.last;dur=177;desc=""Last query at"", cache.hit;dur=2;desc=""Cache hits"", cache.miss;dur=6;desc=""Cache misses"""
2026-10-05T21:49:37Z,before,browser,/category/technologia,200,MISS,remote-WAW,HAM,84.9,564.5,570.3,479.6,29641,15.0,354.0,0.0,354.0,354.0,7.0,12.0,"rt;dur=0;desc=""Runtime init"", render;dur=354;desc=""Page render"", mw;dur=354;desc=""Total middleware"", db.total;dur=354;desc=""DB total"", db.count;dur=15;desc=""Query count"", db.first;dur=0;desc=""First query at"", db.last;dur=354;desc=""Last query at"", cache.hit;dur=7;desc=""Cache hits"", cache.miss;dur=12;desc=""Cache misses"" | cfEdge;dur=436,cfOrigin;dur=0"
2026-10-05T21:49:38Z,before,browser,/,200,MISS,remote-WAW,HAM,78.5,479.7,480.1,401.2,31298,12.0,262.0,0.0,262.0,262.0,6.0,11.0,"rt;dur=0;desc=""Runtime init"", render;dur=262;desc=""Page render"", mw;dur=262;desc=""Total middleware"", db.total;dur=262;desc=""DB total"", db.count;dur=12;desc=""Query count"", db.first;dur=0;desc=""First query at"", db.last;dur=262;desc=""Last query at"", cache.hit;dur=6;desc=""Cache hits"", cache.miss;dur=11;desc=""Cache misses"" | cfEdge;dur=339,cfOrigin;dur=0"
2026-10-05T21:49:39Z,before,browser,/posts/architektura-emdash-typescript-astro,200,MISS,remote-WAW,HAM,81.6,661.3,672.6,579.7,34693,13.0,346.0,0.0,346.0,346.0,10.0,12.0,"rt;dur=0;desc=""Runtime init"", render;dur=346;desc=""Page render"", mw;dur=346;desc=""Total middleware"", db.total;dur=346;desc=""DB total"", db.count;dur=13;desc=""Query count"", db.first;dur=0;desc=""First query at"", db.last;dur=346;desc=""Last query at"", cache.hit;dur=10;desc=""Cache hits"", cache.miss;dur=12;desc=""Cache misses"" | cfEdge;dur=428,cfOrigin;dur=0"
2026-10-05T21:49:40Z,before,browser,/category/technologia,200,MISS,remote-WAW,HAM,83.9,558.0,560.8,474.1,29653,15.0,348.0,0.0,348.0,348.0,7.0,12.0,"rt;dur=0;desc=""Runtime init"", render;dur=348;desc=""Page render"", mw;dur=348;desc=""Total middleware"", db.total;dur=348;desc=""DB total"", db.count;dur=15;desc=""Query count"", db.first;dur=0;desc=""First query at"", db.last;dur=348;desc=""Last query at"", cache.hit;dur=7;desc=""Cache hits"", cache.miss;dur=12;desc=""Cache misses"" | cfEdge;dur=431,cfOrigin;dur=0"
2026-10-05T21:49:40Z,before,curl,/,200,MISS,remote-WAW,HAM,87.7,372.0,381.6,284.3,30923,7.0,180.0,0.0,180.0,180.0,2.0,6.0,"rt;dur=0;desc=""Runtime init"", render;dur=180;desc=""Page render"", mw;dur=180;desc=""Total middleware"", db.total;dur=180;desc=""DB total"", db.count;dur=7;desc=""Query count"", db.first;dur=0;desc=""First query at"", db.last;dur=180;desc=""Last query at"", cache.hit;dur=2;desc=""Cache hits"", cache.miss;dur=6;desc=""Cache misses"""
2026-10-05T21:49:41Z,before,browser,/,200,MISS,remote-WAW,HAM,171.3,655.8,656.2,484.5,31290,12.0,272.0,0.0,272.0,272.0,6.0,11.0,"rt;dur=0;desc=""Runtime init"", render;dur=272;desc=""Page render"", mw;dur=272;desc=""Total middleware"", db.total;dur=272;desc=""DB total"", db.count;dur=12;desc=""Query count"", db.first;dur=0;desc=""First query at"", db.last;dur=272;desc=""Last query at"", cache.hit;dur=6;desc=""Cache hits"", cache.miss;dur=11;desc=""Cache misses"" | cfEdge;dur=358,cfOrigin;dur=0"
2026-10-05T21:49:42Z,before,curl,/category/technologia,200,MISS,remote-WAW,HAM,86.2,443.6,446.4,357.4,29274,10.0,224.0,0.0,224.0,224.0,2.0,9.0,"rt;dur=0;desc=""Runtime init"", render;dur=224;desc=""Page render"", mw;dur=224;desc=""Total middleware"", db.total;dur=224;desc=""DB total"", db.count;dur=10;desc=""Query count"", db.first;dur=0;desc=""First query at"", db.last;dur=224;desc=""Last query at"", cache.hit;dur=2;desc=""Cache hits"", cache.miss;dur=9;desc=""Cache misses"""
2026-10-05T21:49:43Z,before,browser,/posts/,200,MISS,remote-,HAM,77.4,563.9,571.8,486.5,37269,12.0,278.0,0.0,278.0,278.0,6.0,11.0,"rt;dur=0;desc=""Runtime init"", render;dur=278;desc=""Page render"", mw;dur=278;desc=""Total middleware"", db.total;dur=278;desc=""DB total"", db.count;dur=12;desc=""Query count"", db.first;dur=0;desc=""First query at"", db.last;dur=278;desc=""Last query at"", cache.hit;dur=6;desc=""Cache hits"", cache.miss;dur=11;desc=""Cache misses"" | cfEdge;dur=355,cfOrigin;dur=0"
2026-10-05T21:49:43Z,before,curl,/posts/,200,MISS,remote-WAW,HAM,88.9,413.7,414.8,324.8,36885,7.0,163.0,0.0,163.0,163.0,2.0,6.0,"rt;dur=0;desc=""Runtime init"", render;dur=163;desc=""Page render"", mw;dur=163;desc=""Total middleware"", db.total;dur=163;desc=""DB total"", db.count;dur=7;desc=""Query count"", db.first;dur=0;desc=""First query at"", db.last;dur=163;desc=""Last query at"", cache.hit;dur=2;desc=""Cache hits"", cache.miss;dur=6;desc=""Cache misses"""
2026-10-05T21:49:44Z,before,curl,/posts/architektura-emdash-typescript-astro,200,MISS,remote-WAW,HAM,82.7,411.5,486.1,328.8,34332,8.0,215.0,0.0,215.0,215.0,6.0,7.0,"rt;dur=0;desc=""Runtime init"", render;dur=215;desc=""Page render"", mw;dur=215;desc=""Total middleware"", db.total;dur=215;desc=""DB total"", db.count;dur=8;desc=""Query count"", db.first;dur=0;desc=""First query at"", db.last;dur=215;desc=""Last query at"", cache.hit;dur=6;desc=""Cache hits"", cache.miss;dur=7;desc=""Cache misses"""
2026-10-05T21:49:45Z,before,browser,/category/technologia,200,MISS,remote-,HAM,171.3,758.6,759.5,587.3,29637,15.0,357.0,0.0,357.0,357.0,7.0,12.0,"rt;dur=0;desc=""Runtime init"", render;dur=357;desc=""Page render"", mw;dur=357;desc=""Total middleware"", db.total;dur=357;desc=""DB total"", db.count;dur=15;desc=""Query count"", db.first;dur=0;desc=""First query at"", db.last;dur=357;desc=""Last query at"", cache.hit;dur=7;desc=""Cache hits"", cache.miss;dur=12;desc=""Cache misses"" | cfEdge;dur=437,cfOrigin;dur=0"
2026-10-05T21:49:46Z,before,browser,/,200,MISS,remote-,HAM,150.3,543.3,551.1,393.0,31294,12.0,281.0,0.0,281.0,281.0,6.0,11.0,"rt;dur=0;desc=""Runtime init"", render;dur=281;desc=""Page render"", mw;dur=281;desc=""Total middleware"", db.total;dur=281;desc=""DB total"", db.count;dur=12;desc=""Query count"", db.first;dur=0;desc=""First query at"", db.last;dur=281;desc=""Last query at"", cache.hit;dur=6;desc=""Cache hits"", cache.miss;dur=11;desc=""Cache misses"" | cfEdge;dur=355,cfOrigin;dur=0"
2026-10-05T21:49:47Z,before,curl,/posts/architektura-emdash-typescript-astro,200,MISS,remote-WAW,HAM,287.7,592.0,677.6,304.3,34308,8.0,189.0,0.0,189.0,189.0,6.0,7.0,"rt;dur=0;desc=""Runtime init"", render;dur=189;desc=""Page render"", mw;dur=189;desc=""Total middleware"", db.total;dur=189;desc=""DB total"", db.count;dur=8;desc=""Query count"", db.first;dur=0;desc=""First query at"", db.last;dur=189;desc=""Last query at"", cache.hit;dur=6;desc=""Cache hits"", cache.miss;dur=7;desc=""Cache misses"""
2026-10-05T21:49:47Z,before,curl,/posts/,200,MISS,remote-WAW,HAM,199.7,545.0,546.1,345.3,36885,7.0,170.0,0.0,170.0,170.0,2.0,6.0,"rt;dur=0;desc=""Runtime init"", render;dur=170;desc=""Page render"", mw;dur=170;desc=""Total middleware"", db.total;dur=170;desc=""DB total"", db.count;dur=7;desc=""Query count"", db.first;dur=0;desc=""First query at"", db.last;dur=170;desc=""Last query at"", cache.hit;dur=2;desc=""Cache hits"", cache.miss;dur=6;desc=""Cache misses"""
2026-10-05T21:49:48Z,before,browser,/posts/,200,MISS,remote-WAW,HAM,82.0,638.3,642.0,556.3,37245,12.0,315.0,0.0,315.0,315.0,6.0,11.0,"rt;dur=0;desc=""Runtime init"", render;dur=315;desc=""Page render"", mw;dur=315;desc=""Total middleware"", db.total;dur=315;desc=""DB total"", db.count;dur=12;desc=""Query count"", db.first;dur=0;desc=""First query at"", db.last;dur=315;desc=""Last query at"", cache.hit;dur=6;desc=""Cache hits"", cache.miss;dur=11;desc=""Cache misses"" | cfEdge;dur=392,cfOrigin;dur=0"
2026-10-05T21:49:49Z,before,browser,/posts/architektura-emdash-typescript-astro,200,MISS,remote-WAW,HAM,211.1,667.3,827.3,456.2,34696,13.0,328.0,0.0,328.0,328.0,10.0,12.0,"rt;dur=0;desc=""Runtime init"", render;dur=328;desc=""Page render"", mw;dur=328;desc=""Total middleware"", db.total;dur=328;desc=""DB total"", db.count;dur=13;desc=""Query count"", db.first;dur=0;desc=""First query at"", db.last;dur=328;desc=""Last query at"", cache.hit;dur=10;desc=""Cache hits"", cache.miss;dur=12;desc=""Cache misses"" | cfEdge;dur=409,cfOrigin;dur=0"
2026-10-05T21:49:50Z,before,curl,/category/technologia,200,MISS,remote-WAW,HAM,215.5,651.0,655.0,435.5,29270,10.0,231.0,0.0,231.0,231.0,2.0,9.0,"rt;dur=0;desc=""Runtime init"", render;dur=231;desc=""Page render"", mw;dur=231;desc=""Total middleware"", db.total;dur=231;desc=""DB total"", db.count;dur=10;desc=""Query count"", db.first;dur=0;desc=""First query at"", db.last;dur=231;desc=""Last query at"", cache.hit;dur=2;desc=""Cache hits"", cache.miss;dur=9;desc=""Cache misses"""
2026-10-05T21:49:51Z,before,curl,/,200,MISS,remote-WAW,HAM,153.5,432.4,445.1,278.9,30935,7.0,173.0,0.0,173.0,173.0,2.0,6.0,"rt;dur=0;desc=""Runtime init"", render;dur=173;desc=""Page render"", mw;dur=173;desc=""Total middleware"", db.total;dur=173;desc=""DB total"", db.count;dur=7;desc=""Query count"", db.first;dur=0;desc=""First query at"", db.last;dur=173;desc=""Last query at"", cache.hit;dur=2;desc=""Cache hits"", cache.miss;dur=6;desc=""Cache misses"""
2026-10-05T21:49:52Z,before,curl,/category/technologia,200,MISS,remote-WAW,HAM,81.5,482.9,485.3,401.4,29270,10.0,233.0,0.0,233.0,233.0,2.0,9.0,"rt;dur=0;desc=""Runtime init"", render;dur=233;desc=""Page render"", mw;dur=233;desc=""Total middleware"", db.total;dur=233;desc=""DB total"", db.count;dur=10;desc=""Query count"", db.first;dur=0;desc=""First query at"", db.last;dur=233;desc=""Last query at"", cache.hit;dur=2;desc=""Cache hits"", cache.miss;dur=9;desc=""Cache misses"""
2026-10-05T21:49:52Z,before,browser,/posts/,200,MISS,remote-WAW,HAM,93.5,504.5,513.7,411.0,37249,12.0,287.0,0.0,287.0,287.0,6.0,11.0,"rt;dur=0;desc=""Runtime init"", render;dur=287;desc=""Page render"", mw;dur=287;desc=""Total middleware"", db.total;dur=287;desc=""DB total"", db.count;dur=12;desc=""Query count"", db.first;dur=0;desc=""First query at"", db.last;dur=287;desc=""Last query at"", cache.hit;dur=6;desc=""Cache hits"", cache.miss;dur=11;desc=""Cache misses"" | cfEdge;dur=372,cfOrigin;dur=0"
2026-10-05T21:49:53Z,before,browser,/posts/architektura-emdash-typescript-astro,200,MISS,remote-WAW,HAM,149.1,630.6,695.9,481.5,34673,13.0,318.0,0.0,318.0,318.0,10.0,12.0,"rt;dur=0;desc=""Runtime init"", render;dur=318;desc=""Page render"", mw;dur=318;desc=""Total middleware"", db.total;dur=318;desc=""DB total"", db.count;dur=13;desc=""Query count"", db.first;dur=0;desc=""First query at"", db.last;dur=318;desc=""Last query at"", cache.hit;dur=10;desc=""Cache hits"", cache.miss;dur=12;desc=""Cache misses"" | cfEdge;dur=406,cfOrigin;dur=0"
2026-10-05T21:49:54Z,before,curl,/posts/architektura-emdash-typescript-astro,200,MISS,remote-,HAM,94.5,404.8,480.4,310.3,34324,8.0,199.0,0.0,199.0,199.0,6.0,7.0,"rt;dur=0;desc=""Runtime init"", render;dur=199;desc=""Page render"", mw;dur=199;desc=""Total middleware"", db.total;dur=199;desc=""DB total"", db.count;dur=8;desc=""Query count"", db.first;dur=0;desc=""First query at"", db.last;dur=199;desc=""Last query at"", cache.hit;dur=6;desc=""Cache hits"", cache.miss;dur=7;desc=""Cache misses"""
2026-10-05T21:49:55Z,before,browser,/category/technologia,200,MISS,remote-WAW,HAM,161.9,634.4,641.0,472.5,29637,15.0,352.0,0.0,352.0,352.0,7.0,12.0,"rt;dur=0;desc=""Runtime init"", render;dur=352;desc=""Page render"", mw;dur=352;desc=""Total middleware"", db.total;dur=352;desc=""DB total"", db.count;dur=15;desc=""Query count"", db.first;dur=0;desc=""First query at"", db.last;dur=352;desc=""Last query at"", cache.hit;dur=7;desc=""Cache hits"", cache.miss;dur=12;desc=""Cache misses"" | cfEdge;dur=434,cfOrigin;dur=0"
2026-10-05T21:49:56Z,before,curl,/,200,MISS,remote-,HAM,85.2,406.9,410.9,321.7,30931,7.0,191.0,0.0,191.0,191.0,2.0,6.0,"rt;dur=0;desc=""Runtime init"", render;dur=191;desc=""Page render"", mw;dur=191;desc=""Total middleware"", db.total;dur=191;desc=""DB total"", db.count;dur=7;desc=""Query count"", db.first;dur=0;desc=""First query at"", db.last;dur=191;desc=""Last query at"", cache.hit;dur=2;desc=""Cache hits"", cache.miss;dur=6;desc=""Cache misses"""
2026-10-05T21:49:56Z,before,curl,/posts/,200,MISS,remote-WAW,HAM,150.1,447.2,464.6,297.1,36882,7.0,195.0,0.0,195.0,195.0,2.0,6.0,"rt;dur=0;desc=""Runtime init"", render;dur=195;desc=""Page render"", mw;dur=195;desc=""Total middleware"", db.total;dur=195;desc=""DB total"", db.count;dur=7;desc=""Query count"", db.first;dur=0;desc=""First query at"", db.last;dur=195;desc=""Last query at"", cache.hit;dur=2;desc=""Cache hits"", cache.miss;dur=6;desc=""Cache misses"""
2026-10-05T21:49:57Z,before,browser,/,200,MISS,remote-,HAM,103.8,514.0,514.6,410.2,31306,12.0,272.0,0.0,272.0,272.0,6.0,11.0,"rt;dur=0;desc=""Runtime init"", render;dur=272;desc=""Page render"", mw;dur=272;desc=""Total middleware"", db.total;dur=272;desc=""DB total"", db.count;dur=12;desc=""Query count"", db.first;dur=0;desc=""First query at"", db.last;dur=272;desc=""Last query at"", cache.hit;dur=6;desc=""Cache hits"", cache.miss;dur=11;desc=""Cache misses"" | cfEdge;dur=345,cfOrigin;dur=0"
2026-10-05T21:49:58Z,before,curl,/posts/architektura-emdash-typescript-astro,200,MISS,remote-,HAM,93.4,392.1,476.3,298.7,34316,8.0,194.0,0.0,194.0,194.0,6.0,7.0,"rt;dur=0;desc=""Runtime init"", render;dur=194;desc=""Page render"", mw;dur=194;desc=""Total middleware"", db.total;dur=194;desc=""DB total"", db.count;dur=8;desc=""Query count"", db.first;dur=0;desc=""First query at"", db.last;dur=194;desc=""Last query at"", cache.hit;dur=6;desc=""Cache hits"", cache.miss;dur=7;desc=""Cache misses"""
2026-10-05T21:49:58Z,before,browser,/,200,MISS,remote-WAW,HAM,165.1,630.8,631.3,465.7,31298,12.0,303.0,0.0,303.0,303.0,6.0,11.0,"rt;dur=0;desc=""Runtime init"", render;dur=303;desc=""Page render"", mw;dur=303;desc=""Total middleware"", db.total;dur=303;desc=""DB total"", db.count;dur=12;desc=""Query count"", db.first;dur=0;desc=""First query at"", db.last;dur=303;desc=""Last query at"", cache.hit;dur=6;desc=""Cache hits"", cache.miss;dur=11;desc=""Cache misses"" | cfEdge;dur=382,cfOrigin;dur=0"
2026-10-05T21:49:59Z,before,curl,/category/technologia,200,MISS,remote-,HAM,82.7,519.8,524.5,437.1,29278,10.0,233.0,0.0,233.0,233.0,2.0,9.0,"rt;dur=0;desc=""Runtime init"", render;dur=233;desc=""Page render"", mw;dur=233;desc=""Total middleware"", db.total;dur=233;desc=""DB total"", db.count;dur=10;desc=""Query count"", db.first;dur=0;desc=""First query at"", db.last;dur=233;desc=""Last query at"", cache.hit;dur=2;desc=""Cache hits"", cache.miss;dur=9;desc=""Cache misses"""
2026-10-05T21:50:00Z,before,curl,/,200,MISS,remote-WAW,HAM,149.9,430.5,437.5,280.6,30927,7.0,170.0,0.0,170.0,170.0,2.0,6.0,"rt;dur=0;desc=""Runtime init"", render;dur=170;desc=""Page render"", mw;dur=170;desc=""Total middleware"", db.total;dur=170;desc=""DB total"", db.count;dur=7;desc=""Query count"", db.first;dur=0;desc=""First query at"", db.last;dur=170;desc=""Last query at"", cache.hit;dur=2;desc=""Cache hits"", cache.miss;dur=6;desc=""Cache misses"""
2026-10-05T21:50:01Z,before,browser,/posts/architektura-emdash-typescript-astro,200,MISS,remote-,HAM,79.6,528.3,610.6,448.7,34697,13.0,332.0,0.0,332.0,332.0,10.0,12.0,"rt;dur=0;desc=""Runtime init"", render;dur=332;desc=""Page render"", mw;dur=332;desc=""Total middleware"", db.total;dur=332;desc=""DB total"", db.count;dur=13;desc=""Query count"", db.first;dur=0;desc=""First query at"", db.last;dur=332;desc=""Last query at"", cache.hit;dur=10;desc=""Cache hits"", cache.miss;dur=12;desc=""Cache misses"" | cfEdge;dur=409,cfOrigin;dur=0"
2026-10-05T21:50:02Z,before,browser,/category/technologia,200,MISS,remote-WAW,HAM,430.6,909.0,1047.1,478.4,29645,15.0,347.0,0.0,347.0,347.0,7.0,12.0,"rt;dur=0;desc=""Runtime init"", render;dur=347;desc=""Page render"", mw;dur=347;desc=""Total middleware"", db.total;dur=347;desc=""DB total"", db.count;dur=15;desc=""Query count"", db.first;dur=0;desc=""First query at"", db.last;dur=347;desc=""Last query at"", cache.hit;dur=7;desc=""Cache hits"", cache.miss;dur=12;desc=""Cache misses"" | cfEdge;dur=434,cfOrigin;dur=0"
2026-10-05T21:50:03Z,before,browser,/posts/,200,MISS,remote-,HAM,194.4,817.4,820.8,623.0,37245,13.0,394.0,0.0,394.0,394.0,6.0,11.0,"rt;dur=0;desc=""Runtime init"", render;dur=394;desc=""Page render"", mw;dur=394;desc=""Total middleware"", db.total;dur=394;desc=""DB total"", db.count;dur=13;desc=""Query count"", db.first;dur=0;desc=""First query at"", db.last;dur=394;desc=""Last query at"", cache.hit;dur=6;desc=""Cache hits"", cache.miss;dur=11;desc=""Cache misses"" | cfEdge;dur=487,cfOrigin;dur=0"
2026-10-05T21:50:04Z,before,curl,/posts/,200,MISS,remote-WAW,HAM,165.3,458.8,465.5,293.5,36882,7.0,173.0,0.0,173.0,173.0,2.0,6.0,"rt;dur=0;desc=""Runtime init"", render;dur=173;desc=""Page render"", mw;dur=173;desc=""Total middleware"", db.total;dur=173;desc=""DB total"", db.count;dur=7;desc=""Query count"", db.first;dur=0;desc=""First query at"", db.last;dur=173;desc=""Last query at"", cache.hit;dur=2;desc=""Cache hits"", cache.miss;dur=6;desc=""Cache misses"""
2026-10-05T21:50:05Z,before,curl,/,200,MISS,remote-WAW,HAM,272.7,555.9,564.0,283.2,30931,7.0,177.0,0.0,177.0,177.0,2.0,6.0,"rt;dur=0;desc=""Runtime init"", render;dur=177;desc=""Page render"", mw;dur=177;desc=""Total middleware"", db.total;dur=177;desc=""DB total"", db.count;dur=7;desc=""Query count"", db.first;dur=0;desc=""First query at"", db.last;dur=177;desc=""Last query at"", cache.hit;dur=2;desc=""Cache hits"", cache.miss;dur=6;desc=""Cache misses"""
2026-10-05T21:50:05Z,before,browser,/posts/,200,MISS,remote-WAW,HAM,209.1,701.5,702.1,492.4,37241,12.0,285.0,0.0,285.0,285.0,6.0,11.0,"rt;dur=0;desc=""Runtime init"", render;dur=285;desc=""Page render"", mw;dur=285;desc=""Total middleware"", db.total;dur=285;desc=""DB total"", db.count;dur=12;desc=""Query count"", db.first;dur=0;desc=""First query at"", db.last;dur=285;desc=""Last query at"", cache.hit;dur=6;desc=""Cache hits"", cache.miss;dur=11;desc=""Cache misses"" | cfEdge;dur=364,cfOrigin;dur=0"
2026-10-05T21:50:06Z,before,curl,/posts/,200,MISS,remote-,HAM,297.3,642.8,643.5,345.5,36886,7.0,170.0,0.0,170.0,170.0,2.0,6.0,"rt;dur=0;desc=""Runtime init"", render;dur=170;desc=""Page render"", mw;dur=170;desc=""Total middleware"", db.total;dur=170;desc=""DB total"", db.count;dur=7;desc=""Query count"", db.first;dur=0;desc=""First query at"", db.last;dur=170;desc=""Last query at"", cache.hit;dur=2;desc=""Cache hits"", cache.miss;dur=6;desc=""Cache misses"""
2026-10-05T21:50:07Z,before,browser,/category/technologia,200,MISS,remote-WAW,HAM,96.2,572.0,574.9,475.8,29645,15.0,354.0,0.0,354.0,354.0,7.0,12.0,"rt;dur=0;desc=""Runtime init"", render;dur=354;desc=""Page render"", mw;dur=354;desc=""Total middleware"", db.total;dur=354;desc=""DB total"", db.count;dur=15;desc=""Query count"", db.first;dur=0;desc=""First query at"", db.last;dur=354;desc=""Last query at"", cache.hit;dur=7;desc=""Cache hits"", cache.miss;dur=12;desc=""Cache misses"" | cfEdge;dur=438,cfOrigin;dur=0"
2026-10-05T21:50:08Z,before,browser,/posts/architektura-emdash-typescript-astro,200,MISS,remote-WAW,HAM,91.5,544.0,689.6,452.5,34684,13.0,313.0,0.0,313.0,313.0,10.0,12.0,"rt;dur=0;desc=""Runtime init"", render;dur=313;desc=""Page render"", mw;dur=313;desc=""Total middleware"", db.total;dur=313;desc=""DB total"", db.count;dur=13;desc=""Query count"", db.first;dur=0;desc=""First query at"", db.last;dur=313;desc=""Last query at"", cache.hit;dur=10;desc=""Cache hits"", cache.miss;dur=12;desc=""Cache misses"" | cfEdge;dur=395,cfOrigin;dur=0"
2026-10-05T21:50:09Z,before,curl,/posts/architektura-emdash-typescript-astro,200,MISS,remote-WAW,HAM,198.4,552.6,670.5,354.2,34324,9.0,220.0,0.0,220.0,220.0,6.0,7.0,"rt;dur=0;desc=""Runtime init"", render;dur=220;desc=""Page render"", mw;dur=220;desc=""Total middleware"", db.total;dur=220;desc=""DB total"", db.count;dur=9;desc=""Query count"", db.first;dur=0;desc=""First query at"", db.last;dur=220;desc=""Last query at"", cache.hit;dur=6;desc=""Cache hits"", cache.miss;dur=7;desc=""Cache misses"""
2026-10-05T21:50:10Z,before,curl,/category/technologia,200,MISS,remote-WAW,HAM,122.1,499.7,502.9,377.6,29282,10.0,253.0,0.0,253.0,253.0,2.0,9.0,"rt;dur=0;desc=""Runtime init"", render;dur=253;desc=""Page render"", mw;dur=253;desc=""Total middleware"", db.total;dur=253;desc=""DB total"", db.count;dur=10;desc=""Query count"", db.first;dur=0;desc=""First query at"", db.last;dur=253;desc=""Last query at"", cache.hit;dur=2;desc=""Cache hits"", cache.miss;dur=9;desc=""Cache misses"""
2026-10-05T21:50:11Z,before,browser,/,200,MISS,remote-,HAM,184.0,620.7,632.1,436.7,31294,12.0,313.0,0.0,313.0,313.0,6.0,11.0,"rt;dur=0;desc=""Runtime init"", render;dur=313;desc=""Page render"", mw;dur=313;desc=""Total middleware"", db.total;dur=313;desc=""DB total"", db.count;dur=12;desc=""Query count"", db.first;dur=0;desc=""First query at"", db.last;dur=313;desc=""Last query at"", cache.hit;dur=6;desc=""Cache hits"", cache.miss;dur=11;desc=""Cache misses"" | cfEdge;dur=388,cfOrigin;dur=0"
2026-10-05T21:50:11Z,before,curl,/posts/,200,MISS,remote-,HAM,97.8,386.5,394.5,288.7,36882,7.0,179.0,0.0,179.0,179.0,2.0,6.0,"rt;dur=0;desc=""Runtime init"", render;dur=179;desc=""Page render"", mw;dur=179;desc=""Total middleware"", db.total;dur=179;desc=""DB total"", db.count;dur=7;desc=""Query count"", db.first;dur=0;desc=""First query at"", db.last;dur=179;desc=""Last query at"", cache.hit;dur=2;desc=""Cache hits"", cache.miss;dur=6;desc=""Cache misses"""
2026-10-05T21:50:12Z,before,curl,/category/technologia,200,MISS,remote-WAW,HAM,175.2,548.3,554.0,373.1,29266,10.0,247.0,0.0,247.0,247.0,2.0,9.0,"rt;dur=0;desc=""Runtime init"", render;dur=247;desc=""Page render"", mw;dur=247;desc=""Total middleware"", db.total;dur=247;desc=""DB total"", db.count;dur=10;desc=""Query count"", db.first;dur=0;desc=""First query at"", db.last;dur=247;desc=""Last query at"", cache.hit;dur=2;desc=""Cache hits"", cache.miss;dur=9;desc=""Cache misses"""
2026-10-05T21:50:13Z,before,browser,/posts/architektura-emdash-typescript-astro,200,MISS,remote-WAW,HAM,107.6,545.9,709.9,438.3,34700,13.0,306.0,0.0,306.0,306.0,10.0,12.0,"rt;dur=0;desc=""Runtime init"", render;dur=306;desc=""Page render"", mw;dur=306;desc=""Total middleware"", db.total;dur=306;desc=""DB total"", db.count;dur=13;desc=""Query count"", db.first;dur=0;desc=""First query at"", db.last;dur=306;desc=""Last query at"", cache.hit;dur=10;desc=""Cache hits"", cache.miss;dur=12;desc=""Cache misses"" | cfEdge;dur=380,cfOrigin;dur=0"
2026-10-05T21:50:14Z,before,curl,/,200,MISS,remote-,HAM,99.1,384.1,391.0,285.0,30927,7.0,170.0,0.0,170.0,170.0,2.0,6.0,"rt;dur=0;desc=""Runtime init"", render;dur=170;desc=""Page render"", mw;dur=170;desc=""Total middleware"", db.total;dur=170;desc=""DB total"", db.count;dur=7;desc=""Query count"", db.first;dur=0;desc=""First query at"", db.last;dur=170;desc=""Last query at"", cache.hit;dur=2;desc=""Cache hits"", cache.miss;dur=6;desc=""Cache misses"""
2026-10-05T21:50:14Z,before,browser,/category/technologia,200,MISS,remote-WAW,HAM,99.3,595.3,598.5,496.0,29645,15.0,361.0,0.0,361.0,361.0,7.0,12.0,"rt;dur=0;desc=""Runtime init"", render;dur=361;desc=""Page render"", mw;dur=361;desc=""Total middleware"", db.total;dur=361;desc=""DB total"", db.count;dur=15;desc=""Query count"", db.first;dur=0;desc=""First query at"", db.last;dur=361;desc=""Last query at"", cache.hit;dur=7;desc=""Cache hits"", cache.miss;dur=12;desc=""Cache misses"" | cfEdge;dur=440,cfOrigin;dur=0"
2026-10-05T21:50:15Z,before,browser,/posts/,200,MISS,remote-WAW,HAM,135.4,659.3,660.2,523.9,37253,12.0,317.0,0.0,317.0,317.0,6.0,11.0,"rt;dur=0;desc=""Runtime init"", render;dur=317;desc=""Page render"", mw;dur=317;desc=""Total middleware"", db.total;dur=317;desc=""DB total"", db.count;dur=12;desc=""Query count"", db.first;dur=0;desc=""First query at"", db.last;dur=317;desc=""Last query at"", cache.hit;dur=6;desc=""Cache hits"", cache.miss;dur=11;desc=""Cache misses"" | cfEdge;dur=407,cfOrigin;dur=0"
2026-10-05T21:50:16Z,before,curl,/posts/architektura-emdash-typescript-astro,200,MISS,remote-,HAM,105.7,436.1,513.1,330.4,34316,8.0,205.0,0.0,205.0,205.0,6.0,7.0,"rt;dur=0;desc=""Runtime init"", render;dur=205;desc=""Page render"", mw;dur=205;desc=""Total middleware"", db.total;dur=205;desc=""DB total"", db.count;dur=8;desc=""Query count"", db.first;dur=0;desc=""First query at"", db.last;dur=205;desc=""Last query at"", cache.hit;dur=6;desc=""Cache hits"", cache.miss;dur=7;desc=""Cache misses"""
2026-10-05T21:50:17Z,before,browser,/,200,MISS,remote-,HAM,160.8,602.1,602.7,441.3,31298,12.0,294.0,0.0,294.0,294.0,6.0,11.0,"rt;dur=0;desc=""Runtime init"", render;dur=294;desc=""Page render"", mw;dur=294;desc=""Total middleware"", db.total;dur=294;desc=""DB total"", db.count;dur=12;desc=""Query count"", db.first;dur=0;desc=""First query at"", db.last;dur=294;desc=""Last query at"", cache.hit;dur=6;desc=""Cache hits"", cache.miss;dur=11;desc=""Cache misses"" | cfEdge;dur=372,cfOrigin;dur=0"
2026-10-05T21:50:18Z,before,browser,/category/technologia,200,MISS,remote-,HAM,94.8,605.0,610.9,510.2,29645,15.0,371.0,0.0,371.0,371.0,7.0,12.0,"rt;dur=0;desc=""Runtime init"", render;dur=371;desc=""Page render"", mw;dur=371;desc=""Total middleware"", db.total;dur=371;desc=""DB total"", db.count;dur=15;desc=""Query count"", db.first;dur=0;desc=""First query at"", db.last;dur=371;desc=""Last query at"", cache.hit;dur=7;desc=""Cache hits"", cache.miss;dur=12;desc=""Cache misses"" | cfEdge;dur=450,cfOrigin;dur=0"
2026-10-05T21:50:18Z,before,curl,/posts/architektura-emdash-typescript-astro,200,MISS,remote-WAW,HAM,153.0,511.8,549.5,358.8,34320,8.0,201.0,0.0,201.0,201.0,6.0,7.0,"rt;dur=0;desc=""Runtime init"", render;dur=201;desc=""Page render"", mw;dur=201;desc=""Total middleware"", db.total;dur=201;desc=""DB total"", db.count;dur=8;desc=""Query count"", db.first;dur=0;desc=""First query at"", db.last;dur=201;desc=""Last query at"", cache.hit;dur=6;desc=""Cache hits"", cache.miss;dur=7;desc=""Cache misses"""
2026-10-05T21:50:19Z,before,browser,/posts/architektura-emdash-typescript-astro,200,MISS,remote-WAW,HAM,161.5,649.3,782.0,487.8,34693,13.0,362.0,0.0,362.0,362.0,10.0,12.0,"rt;dur=0;desc=""Runtime init"", render;dur=362;desc=""Page render"", mw;dur=362;desc=""Total middleware"", db.total;dur=362;desc=""DB total"", db.count;dur=13;desc=""Query count"", db.first;dur=0;desc=""First query at"", db.last;dur=362;desc=""Last query at"", cache.hit;dur=10;desc=""Cache hits"", cache.miss;dur=12;desc=""Cache misses"" | cfEdge;dur=447,cfOrigin;dur=0"
2026-10-05T21:50:21Z,before,browser,/,200,MISS,remote-WAW,HAM,296.8,819.4,820.0,522.6,31306,12.0,309.0,0.0,309.0,309.0,6.0,11.0,"rt;dur=0;desc=""Runtime init"", render;dur=309;desc=""Page render"", mw;dur=309;desc=""Total middleware"", db.total;dur=309;desc=""DB total"", db.count;dur=12;desc=""Query count"", db.first;dur=0;desc=""First query at"", db.last;dur=309;desc=""Last query at"", cache.hit;dur=6;desc=""Cache hits"", cache.miss;dur=11;desc=""Cache misses"" | cfEdge;dur=385,cfOrigin;dur=0"
2026-10-05T21:50:22Z,before,browser,/posts/,200,MISS,remote-WAW,HAM,288.9,811.0,812.0,522.1,37257,12.0,306.0,0.0,306.0,306.0,6.0,11.0,"rt;dur=0;desc=""Runtime init"", render;dur=306;desc=""Page render"", mw;dur=306;desc=""Total middleware"", db.total;dur=306;desc=""DB total"", db.count;dur=12;desc=""Query count"", db.first;dur=0;desc=""First query at"", db.last;dur=306;desc=""Last query at"", cache.hit;dur=6;desc=""Cache hits"", cache.miss;dur=11;desc=""Cache misses"" | cfEdge;dur=398,cfOrigin;dur=0"
2026-10-05T21:50:22Z,before,curl,/category/technologia,200,MISS,remote-WAW,HAM,303.8,682.4,689.8,378.6,29270,10.0,249.0,0.0,249.0,249.0,2.0,9.0,"rt;dur=0;desc=""Runtime init"", render;dur=249;desc=""Page render"", mw;dur=249;desc=""Total middleware"", db.total;dur=249;desc=""DB total"", db.count;dur=10;desc=""Query count"", db.first;dur=0;desc=""First query at"", db.last;dur=249;desc=""Last query at"", cache.hit;dur=2;desc=""Cache hits"", cache.miss;dur=9;desc=""Cache misses"""
2026-10-05T21:50:23Z,before,curl,/posts/,200,MISS,remote-WAW,HAM,300.1,613.5,629.5,313.4,36878,7.0,184.0,0.0,184.0,184.0,2.0,6.0,"rt;dur=0;desc=""Runtime init"", render;dur=184;desc=""Page render"", mw;dur=184;desc=""Total middleware"", db.total;dur=184;desc=""DB total"", db.count;dur=7;desc=""Query count"", db.first;dur=0;desc=""First query at"", db.last;dur=184;desc=""Last query at"", cache.hit;dur=2;desc=""Cache hits"", cache.miss;dur=6;desc=""Cache misses"""
2026-10-05T21:50:24Z,before,curl,/,200,MISS,remote-,HAM,177.6,482.6,486.0,305.0,30943,7.0,181.0,0.0,181.0,181.0,2.0,6.0,"rt;dur=0;desc=""Runtime init"", render;dur=181;desc=""Page render"", mw;dur=181;desc=""Total middleware"", db.total;dur=181;desc=""DB total"", db.count;dur=7;desc=""Query count"", db.first;dur=0;desc=""First query at"", db.last;dur=181;desc=""Last query at"", cache.hit;dur=2;desc=""Cache hits"", cache.miss;dur=6;desc=""Cache misses"""
2026-10-05T21:50:25Z,before,curl,/posts/architektura-emdash-typescript-astro,200,MISS,remote-WAW,HAM,198.9,594.0,673.9,395.1,34332,8.0,236.0,0.0,236.0,236.0,6.0,7.0,"rt;dur=0;desc=""Runtime init"", render;dur=236;desc=""Page render"", mw;dur=236;desc=""Total middleware"", db.total;dur=236;desc=""DB total"", db.count;dur=8;desc=""Query count"", db.first;dur=0;desc=""First query at"", db.last;dur=236;desc=""Last query at"", cache.hit;dur=6;desc=""Cache hits"", cache.miss;dur=7;desc=""Cache misses"""
2026-10-05T21:50:26Z,before,browser,/posts/,200,MISS,remote-,HAM,162.1,617.1,628.6,455.0,37245,12.0,314.0,0.0,314.0,314.0,6.0,11.0,"rt;dur=0;desc=""Runtime init"", render;dur=314;desc=""Page render"", mw;dur=314;desc=""Total middleware"", db.total;dur=314;desc=""DB total"", db.count;dur=12;desc=""Query count"", db.first;dur=0;desc=""First query at"", db.last;dur=314;desc=""Last query at"", cache.hit;dur=6;desc=""Cache hits"", cache.miss;dur=11;desc=""Cache misses"" | cfEdge;dur=410,cfOrigin;dur=0"
2026-10-05T21:50:26Z,before,curl,/posts/,200,MISS,remote-WAW,HAM,88.7,384.8,392.6,296.1,36882,7.0,187.0,0.0,187.0,187.0,2.0,6.0,"rt;dur=0;desc=""Runtime init"", render;dur=187;desc=""Page render"", mw;dur=187;desc=""Total middleware"", db.total;dur=187;desc=""DB total"", db.count;dur=7;desc=""Query count"", db.first;dur=0;desc=""First query at"", db.last;dur=187;desc=""Last query at"", cache.hit;dur=2;desc=""Cache hits"", cache.miss;dur=6;desc=""Cache misses"""
2026-10-05T21:50:27Z,before,curl,/,200,MISS,remote-WAW,HAM,252.9,665.5,667.4,412.6,30935,7.0,204.0,0.0,204.0,204.0,2.0,6.0,"rt;dur=0;desc=""Runtime init"", render;dur=204;desc=""Page render"", mw;dur=204;desc=""Total middleware"", db.total;dur=204;desc=""DB total"", db.count;dur=7;desc=""Query count"", db.first;dur=0;desc=""First query at"", db.last;dur=204;desc=""Last query at"", cache.hit;dur=2;desc=""Cache hits"", cache.miss;dur=6;desc=""Cache misses"""
2026-10-05T21:50:28Z,before,browser,/,200,MISS,remote-WAW,HAM,113.1,616.9,617.8,503.8,31294,12.0,277.0,0.0,277.0,277.0,6.0,11.0,"rt;dur=0;desc=""Runtime init"", render;dur=277;desc=""Page render"", mw;dur=277;desc=""Total middleware"", db.total;dur=277;desc=""DB total"", db.count;dur=12;desc=""Query count"", db.first;dur=0;desc=""First query at"", db.last;dur=277;desc=""Last query at"", cache.hit;dur=6;desc=""Cache hits"", cache.miss;dur=11;desc=""Cache misses"" | cfEdge;dur=359,cfOrigin;dur=0"
2026-10-05T21:50:29Z,before,browser,/category/technologia,200,MISS,remote-WAW,HAM,83.6,599.2,604.0,515.6,29645,15.0,375.0,0.0,375.0,375.0,7.0,12.0,"rt;dur=0;desc=""Runtime init"", render;dur=375;desc=""Page render"", mw;dur=375;desc=""Total middleware"", db.total;dur=375;desc=""DB total"", db.count;dur=15;desc=""Query count"", db.first;dur=0;desc=""First query at"", db.last;dur=375;desc=""Last query at"", cache.hit;dur=7;desc=""Cache hits"", cache.miss;dur=12;desc=""Cache misses"" | cfEdge;dur=469,cfOrigin;dur=0"
2026-10-05T21:50:30Z,before,browser,/posts/architektura-emdash-typescript-astro,200,MISS,remote-WAW,HAM,175.7,696.5,729.7,520.8,34704,13.0,329.0,0.0,329.0,329.0,10.0,12.0,"rt;dur=0;desc=""Runtime init"", render;dur=329;desc=""Page render"", mw;dur=329;desc=""Total middleware"", db.total;dur=329;desc=""DB total"", db.count;dur=13;desc=""Query count"", db.first;dur=0;desc=""First query at"", db.last;dur=329;desc=""Last query at"", cache.hit;dur=10;desc=""Cache hits"", cache.miss;dur=12;desc=""Cache misses"" | cfEdge;dur=432,cfOrigin;dur=0"
2026-10-05T21:50:31Z,before,curl,/category/technologia,200,MISS,remote-WAW,HAM,86.7,473.1,478.3,386.4,29278,10.0,259.0,0.0,259.0,259.0,2.0,9.0,"rt;dur=0;desc=""Runtime init"", render;dur=259;desc=""Page render"", mw;dur=259;desc=""Total middleware"", db.total;dur=259;desc=""DB total"", db.count;dur=10;desc=""Query count"", db.first;dur=0;desc=""First query at"", db.last;dur=259;desc=""Last query at"", cache.hit;dur=2;desc=""Cache hits"", cache.miss;dur=9;desc=""Cache misses"""
2026-10-05T21:50:32Z,before,curl,/posts/architektura-emdash-typescript-astro,200,MISS,remote-WAW,HAM,157.5,453.7,599.3,296.2,34316,8.0,188.0,0.0,188.0,188.0,6.0,7.0,"rt;dur=0;desc=""Runtime init"", render;dur=188;desc=""Page render"", mw;dur=188;desc=""Total middleware"", db.total;dur=188;desc=""DB total"", db.count;dur=8;desc=""Query count"", db.first;dur=0;desc=""First query at"", db.last;dur=188;desc=""Last query at"", cache.hit;dur=6;desc=""Cache hits"", cache.miss;dur=7;desc=""Cache misses"""
2026-10-05T21:50:32Z,before,curl,/category/technologia,200,MISS,remote-,HAM,96.8,443.5,451.3,346.7,29274,10.0,226.0,0.0,226.0,226.0,2.0,9.0,"rt;dur=0;desc=""Runtime init"", render;dur=226;desc=""Page render"", mw;dur=226;desc=""Total middleware"", db.total;dur=226;desc=""DB total"", db.count;dur=10;desc=""Query count"", db.first;dur=0;desc=""First query at"", db.last;dur=226;desc=""Last query at"", cache.hit;dur=2;desc=""Cache hits"", cache.miss;dur=9;desc=""Cache misses"""
2026-10-05T21:50:33Z,before,browser,/posts/,200,MISS,remote-WAW,HAM,135.4,557.1,566.1,421.7,37261,13.0,300.0,0.0,300.0,300.0,6.0,11.0,"rt;dur=0;desc=""Runtime init"", render;dur=300;desc=""Page render"", mw;dur=300;desc=""Total middleware"", db.total;dur=300;desc=""DB total"", db.count;dur=13;desc=""Query count"", db.first;dur=0;desc=""First query at"", db.last;dur=300;desc=""Last query at"", cache.hit;dur=6;desc=""Cache hits"", cache.miss;dur=11;desc=""Cache misses"" | cfEdge;dur=377,cfOrigin;dur=0"
2026-10-05T21:50:34Z,before,curl,/posts/,200,MISS,remote-WAW,HAM,104.7,392.5,397.1,287.8,36878,7.0,172.0,0.0,172.0,172.0,2.0,6.0,"rt;dur=0;desc=""Runtime init"", render;dur=172;desc=""Page render"", mw;dur=172;desc=""Total middleware"", db.total;dur=172;desc=""DB total"", db.count;dur=7;desc=""Query count"", db.first;dur=0;desc=""First query at"", db.last;dur=172;desc=""Last query at"", cache.hit;dur=2;desc=""Cache hits"", cache.miss;dur=6;desc=""Cache misses"""
2026-10-05T21:50:34Z,before,browser,/,200,MISS,remote-,HAM,96.6,578.7,580.4,482.1,31294,12.0,297.0,0.0,297.0,297.0,6.0,11.0,"rt;dur=0;desc=""Runtime init"", render;dur=297;desc=""Page render"", mw;dur=297;desc=""Total middleware"", db.total;dur=297;desc=""DB total"", db.count;dur=12;desc=""Query count"", db.first;dur=0;desc=""First query at"", db.last;dur=297;desc=""Last query at"", cache.hit;dur=6;desc=""Cache hits"", cache.miss;dur=11;desc=""Cache misses"" | cfEdge;dur=367,cfOrigin;dur=0"
2026-10-05T21:50:36Z,before,browser,/posts/architektura-emdash-typescript-astro,200,MISS,remote-,HAM,230.9,699.5,875.9,468.6,34692,13.0,328.0,0.0,328.0,328.0,10.0,12.0,"rt;dur=0;desc=""Runtime init"", render;dur=328;desc=""Page render"", mw;dur=328;desc=""Total middleware"", db.total;dur=328;desc=""DB total"", db.count;dur=13;desc=""Query count"", db.first;dur=0;desc=""First query at"", db.last;dur=328;desc=""Last query at"", cache.hit;dur=10;desc=""Cache hits"", cache.miss;dur=12;desc=""Cache misses"" | cfEdge;dur=419,cfOrigin;dur=0"
2026-10-05T21:50:36Z,before,curl,/,200,MISS,remote-WAW,HAM,214.1,508.8,646.1,294.7,30935,7.0,180.0,0.0,180.0,180.0,2.0,6.0,"rt;dur=0;desc=""Runtime init"", render;dur=180;desc=""Page render"", mw;dur=180;desc=""Total middleware"", db.total;dur=180;desc=""DB total"", db.count;dur=7;desc=""Query count"", db.first;dur=0;desc=""First query at"", db.last;dur=180;desc=""Last query at"", cache.hit;dur=2;desc=""Cache hits"", cache.miss;dur=6;desc=""Cache misses"""
2026-10-05T21:50:51Z,before,browser,/category/technologia,200,MISS,remote-WAW,HAM,14279.3,14797.5,14797.8,518.2,29645,15.0,357.0,0.0,357.0,357.0,7.0,12.0,"rt;dur=0;desc=""Runtime init"", render;dur=357;desc=""Page render"", mw;dur=357;desc=""Total middleware"", db.total;dur=357;desc=""DB total"", db.count;dur=15;desc=""Query count"", db.first;dur=0;desc=""First query at"", db.last;dur=357;desc=""Last query at"", cache.hit;dur=7;desc=""Cache hits"", cache.miss;dur=12;desc=""Cache misses"" | cfEdge;dur=441,cfOrigin;dur=0"
2026-10-05T21:50:52Z,before,browser,/posts/architektura-emdash-typescript-astro,200,MISS,remote-WAW,HAM,82.9,657.9,658.5,575.0,34692,14.0,371.0,0.0,371.0,371.0,10.0,12.0,"rt;dur=0;desc=""Runtime init"", render;dur=371;desc=""Page render"", mw;dur=371;desc=""Total middleware"", db.total;dur=371;desc=""DB total"", db.count;dur=14;desc=""Query count"", db.first;dur=0;desc=""First query at"", db.last;dur=371;desc=""Last query at"", cache.hit;dur=10;desc=""Cache hits"", cache.miss;dur=12;desc=""Cache misses"" | cfEdge;dur=457,cfOrigin;dur=0"
2026-10-05T21:50:53Z,before,curl,/posts/architektura-emdash-typescript-astro,200,MISS,remote-WAW,HAM,189.5,487.0,637.9,297.5,34324,8.0,184.0,0.0,184.0,184.0,6.0,7.0,"rt;dur=0;desc=""Runtime init"", render;dur=184;desc=""Page render"", mw;dur=184;desc=""Total middleware"", db.total;dur=184;desc=""DB total"", db.count;dur=8;desc=""Query count"", db.first;dur=0;desc=""First query at"", db.last;dur=184;desc=""Last query at"", cache.hit;dur=6;desc=""Cache hits"", cache.miss;dur=7;desc=""Cache misses"""
2026-10-05T21:50:58Z,before,browser,/posts/,200,MISS,remote-,HAM,4090.1,4520.7,4529.5,430.6,37245,12.0,301.0,0.0,301.0,301.0,6.0,11.0,"rt;dur=0;desc=""Runtime init"", render;dur=301;desc=""Page render"", mw;dur=301;desc=""Total middleware"", db.total;dur=301;desc=""DB total"", db.count;dur=12;desc=""Query count"", db.first;dur=0;desc=""First query at"", db.last;dur=301;desc=""Last query at"", cache.hit;dur=6;desc=""Cache hits"", cache.miss;dur=11;desc=""Cache misses"" | cfEdge;dur=390,cfOrigin;dur=0"
2026-10-05T21:51:09Z,before,curl,/,200,MISS,remote-WAW,HAM,10215.9,10562.9,10566.3,347.0,30927,8.0,197.0,0.0,197.0,197.0,2.0,6.0,"rt;dur=0;desc=""Runtime init"", render;dur=197;desc=""Page render"", mw;dur=197;desc=""Total middleware"", db.total;dur=197;desc=""DB total"", db.count;dur=8;desc=""Query count"", db.first;dur=0;desc=""First query at"", db.last;dur=197;desc=""Last query at"", cache.hit;dur=2;desc=""Cache hits"", cache.miss;dur=6;desc=""Cache misses"""
2026-10-05T21:51:10Z,before,curl,/category/technologia,200,MISS,remote-WAW,HAM,182.7,638.8,646.1,456.1,29278,10.0,242.0,0.0,242.0,242.0,2.0,9.0,"rt;dur=0;desc=""Runtime init"", render;dur=242;desc=""Page render"", mw;dur=242;desc=""Total middleware"", db.total;dur=242;desc=""DB total"", db.count;dur=10;desc=""Query count"", db.first;dur=0;desc=""First query at"", db.last;dur=242;desc=""Last query at"", cache.hit;dur=2;desc=""Cache hits"", cache.miss;dur=9;desc=""Cache misses"""
2026-10-05T21:51:11Z,before,curl,/posts/,200,MISS,remote-WAW,HAM,638.9,982.9,983.8,344.0,36886,7.0,182.0,0.0,182.0,182.0,2.0,6.0,"rt;dur=0;desc=""Runtime init"", render;dur=182;desc=""Page render"", mw;dur=182;desc=""Total middleware"", db.total;dur=182;desc=""DB total"", db.count;dur=7;desc=""Query count"", db.first;dur=0;desc=""First query at"", db.last;dur=182;desc=""Last query at"", cache.hit;dur=2;desc=""Cache hits"", cache.miss;dur=6;desc=""Cache misses"""
2026-10-05T21:51:12Z,before,browser,/category/technologia,200,MISS,remote-WAW,HAM,309.5,824.3,825.3,514.8,29649,15.0,366.0,0.0,366.0,366.0,7.0,12.0,"rt;dur=0;desc=""Runtime init"", render;dur=366;desc=""Page render"", mw;dur=366;desc=""Total middleware"", db.total;dur=366;desc=""DB total"", db.count;dur=15;desc=""Query count"", db.first;dur=0;desc=""First query at"", db.last;dur=366;desc=""Last query at"", cache.hit;dur=7;desc=""Cache hits"", cache.miss;dur=12;desc=""Cache misses"" | cfEdge;dur=450,cfOrigin;dur=0"
2026-10-05T21:51:14Z,before,browser,/,200,MISS,remote-,HAM,1091.2,1533.3,1539.6,442.1,31310,12.0,316.0,0.0,316.0,316.0,6.0,11.0,"rt;dur=0;desc=""Runtime init"", render;dur=316;desc=""Page render"", mw;dur=316;desc=""Total middleware"", db.total;dur=316;desc=""DB total"", db.count;dur=12;desc=""Query count"", db.first;dur=0;desc=""First query at"", db.last;dur=316;desc=""Last query at"", cache.hit;dur=6;desc=""Cache hits"", cache.miss;dur=11;desc=""Cache misses"" | cfEdge;dur=393,cfOrigin;dur=0"
2026-10-05T21:51:16Z,before,browser,/category/technologia,200,MISS,remote-,HAM,1156.0,1684.9,1686.0,528.9,29633,15.0,363.0,0.0,363.0,363.0,7.0,12.0,"rt;dur=0;desc=""Runtime init"", render;dur=363;desc=""Page render"", mw;dur=363;desc=""Total middleware"", db.total;dur=363;desc=""DB total"", db.count;dur=15;desc=""Query count"", db.first;dur=0;desc=""First query at"", db.last;dur=363;desc=""Last query at"", cache.hit;dur=7;desc=""Cache hits"", cache.miss;dur=12;desc=""Cache misses"" | cfEdge;dur=454,cfOrigin;dur=0"
2026-10-05T21:51:22Z,before,browser,/posts/,200,MISS,remote-WAW,HAM,5096.7,5669.4,5708.8,572.7,37241,12.0,449.0,0.0,449.0,449.0,6.0,11.0,"rt;dur=0;desc=""Runtime init"", render;dur=449;desc=""Page render"", mw;dur=449;desc=""Total middleware"", db.total;dur=449;desc=""DB total"", db.count;dur=12;desc=""Query count"", db.first;dur=0;desc=""First query at"", db.last;dur=449;desc=""Last query at"", cache.hit;dur=6;desc=""Cache hits"", cache.miss;dur=11;desc=""Cache misses"" | cfEdge;dur=531,cfOrigin;dur=0"
2026-10-05T21:51:22Z,before,curl,/,200,MISS,remote-,HAM,167.6,437.4,451.7,269.8,30930,7.0,160.0,0.0,160.0,160.0,2.0,6.0,"rt;dur=0;desc=""Runtime init"", render;dur=160;desc=""Page render"", mw;dur=160;desc=""Total middleware"", db.total;dur=160;desc=""DB total"", db.count;dur=7;desc=""Query count"", db.first;dur=0;desc=""First query at"", db.last;dur=160;desc=""Last query at"", cache.hit;dur=2;desc=""Cache hits"", cache.miss;dur=6;desc=""Cache misses"""
2026-10-05T21:51:23Z,before,browser,/posts/architektura-emdash-typescript-astro,200,MISS,remote-WAW,HAM,82.2,555.6,634.5,473.4,34692,14.0,345.0,0.0,345.0,345.0,10.0,12.0,"rt;dur=0;desc=""Runtime init"", render;dur=345;desc=""Page render"", mw;dur=345;desc=""Total middleware"", db.total;dur=345;desc=""DB total"", db.count;dur=14;desc=""Query count"", db.first;dur=0;desc=""First query at"", db.last;dur=345;desc=""Last query at"", cache.hit;dur=10;desc=""Cache hits"", cache.miss;dur=12;desc=""Cache misses"" | cfEdge;dur=432,cfOrigin;dur=0"
2026-10-05T21:51:24Z,before,curl,/category/technologia,200,MISS,remote-WAW,HAM,172.9,555.4,556.3,382.5,29286,10.0,233.0,0.0,233.0,233.0,2.0,9.0,"rt;dur=0;desc=""Runtime init"", render;dur=233;desc=""Page render"", mw;dur=233;desc=""Total middleware"", db.total;dur=233;desc=""DB total"", db.count;dur=10;desc=""Query count"", db.first;dur=0;desc=""First query at"", db.last;dur=233;desc=""Last query at"", cache.hit;dur=2;desc=""Cache hits"", cache.miss;dur=9;desc=""Cache misses"""
2026-10-05T21:51:25Z,before,curl,/posts/architektura-emdash-typescript-astro,200,MISS,remote-WAW,HAM,119.2,453.3,610.4,334.1,34328,8.0,204.0,0.0,204.0,204.0,6.0,7.0,"rt;dur=0;desc=""Runtime init"", render;dur=204;desc=""Page render"", mw;dur=204;desc=""Total middleware"", db.total;dur=204;desc=""DB total"", db.count;dur=8;desc=""Query count"", db.first;dur=0;desc=""First query at"", db.last;dur=204;desc=""Last query at"", cache.hit;dur=6;desc=""Cache hits"", cache.miss;dur=7;desc=""Cache misses"""
2026-10-05T21:51:26Z,before,browser,/,200,MISS,remote-WAW,HAM,273.3,795.1,796.7,521.8,31302,12.0,305.0,0.0,305.0,305.0,6.0,11.0,"rt;dur=0;desc=""Runtime init"", render;dur=305;desc=""Page render"", mw;dur=305;desc=""Total middleware"", db.total;dur=305;desc=""DB total"", db.count;dur=12;desc=""Query count"", db.first;dur=0;desc=""First query at"", db.last;dur=305;desc=""Last query at"", cache.hit;dur=6;desc=""Cache hits"", cache.miss;dur=11;desc=""Cache misses"" | cfEdge;dur=382,cfOrigin;dur=0"
2026-10-05T21:51:27Z,before,curl,/posts/,200,MISS,remote-WAW,HAM,153.9,637.1,638.2,483.2,36886,7.0,170.0,0.0,170.0,170.0,2.0,6.0,"rt;dur=0;desc=""Runtime init"", render;dur=170;desc=""Page render"", mw;dur=170;desc=""Total middleware"", db.total;dur=170;desc=""DB total"", db.count;dur=7;desc=""Query count"", db.first;dur=0;desc=""First query at"", db.last;dur=170;desc=""Last query at"", cache.hit;dur=2;desc=""Cache hits"", cache.miss;dur=6;desc=""Cache misses"""
2026-10-05T21:51:28Z,before,browser,/posts/,200,MISS,remote-WAW,HAM,295.9,816.4,818.2,520.5,37257,12.0,308.0,0.0,308.0,308.0,6.0,11.0,"rt;dur=0;desc=""Runtime init"", render;dur=308;desc=""Page render"", mw;dur=308;desc=""Total middleware"", db.total;dur=308;desc=""DB total"", db.count;dur=12;desc=""Query count"", db.first;dur=0;desc=""First query at"", db.last;dur=308;desc=""Last query at"", cache.hit;dur=6;desc=""Cache hits"", cache.miss;dur=11;desc=""Cache misses"" | cfEdge;dur=390,cfOrigin;dur=0"
2026-10-05T21:51:29Z,before,browser,/category/technologia,200,MISS,remote-WAW,HAM,290.8,811.9,812.7,521.1,29637,15.0,368.0,0.0,368.0,368.0,7.0,12.0,"rt;dur=0;desc=""Runtime init"", render;dur=368;desc=""Page render"", mw;dur=368;desc=""Total middleware"", db.total;dur=368;desc=""DB total"", db.count;dur=15;desc=""Query count"", db.first;dur=0;desc=""First query at"", db.last;dur=368;desc=""Last query at"", cache.hit;dur=7;desc=""Cache hits"", cache.miss;dur=12;desc=""Cache misses"" | cfEdge;dur=442,cfOrigin;dur=0"
2026-10-05T21:51:29Z,before,curl,/posts/,200,MISS,remote-,HAM,300.6,590.3,597.8,289.7,36882,7.0,165.0,0.0,165.0,165.0,2.0,6.0,"rt;dur=0;desc=""Runtime init"", render;dur=165;desc=""Page render"", mw;dur=165;desc=""Total middleware"", db.total;dur=165;desc=""DB total"", db.count;dur=7;desc=""Query count"", db.first;dur=0;desc=""First query at"", db.last;dur=165;desc=""Last query at"", cache.hit;dur=2;desc=""Cache hits"", cache.miss;dur=6;desc=""Cache misses"""
2026-10-05T21:51:30Z,before,browser,/,200,MISS,remote-,HAM,86.0,518.9,519.6,432.9,31298,12.0,308.0,0.0,308.0,308.0,6.0,11.0,"rt;dur=0;desc=""Runtime init"", render;dur=308;desc=""Page render"", mw;dur=308;desc=""Total middleware"", db.total;dur=308;desc=""DB total"", db.count;dur=12;desc=""Query count"", db.first;dur=0;desc=""First query at"", db.last;dur=308;desc=""Last query at"", cache.hit;dur=6;desc=""Cache hits"", cache.miss;dur=11;desc=""Cache misses"" | cfEdge;dur=381,cfOrigin;dur=0"
2026-10-05T21:51:31Z,before,curl,/,200,MISS,remote-,HAM,108.1,411.4,419.0,303.3,30935,7.0,184.0,0.0,184.0,184.0,2.0,6.0,"rt;dur=0;desc=""Runtime init"", render;dur=184;desc=""Page render"", mw;dur=184;desc=""Total middleware"", db.total;dur=184;desc=""DB total"", db.count;dur=7;desc=""Query count"", db.first;dur=0;desc=""First query at"", db.last;dur=184;desc=""Last query at"", cache.hit;dur=2;desc=""Cache hits"", cache.miss;dur=6;desc=""Cache misses"""
2026-10-05T21:51:32Z,before,curl,/category/technologia,200,MISS,remote-WAW,HAM,163.0,544.1,549.7,381.1,29266,10.0,241.0,0.0,241.0,241.0,2.0,9.0,"rt;dur=0;desc=""Runtime init"", render;dur=241;desc=""Page render"", mw;dur=241;desc=""Total middleware"", db.total;dur=241;desc=""DB total"", db.count;dur=10;desc=""Query count"", db.first;dur=0;desc=""First query at"", db.last;dur=241;desc=""Last query at"", cache.hit;dur=2;desc=""Cache hits"", cache.miss;dur=9;desc=""Cache misses"""
2026-10-05T21:51:32Z,before,curl,/posts/architektura-emdash-typescript-astro,200,MISS,remote-WAW,HAM,112.8,472.1,549.5,359.3,34321,8.0,221.0,0.0,221.0,221.0,6.0,7.0,"rt;dur=0;desc=""Runtime init"", render;dur=221;desc=""Page render"", mw;dur=221;desc=""Total middleware"", db.total;dur=221;desc=""DB total"", db.count;dur=8;desc=""Query count"", db.first;dur=0;desc=""First query at"", db.last;dur=221;desc=""Last query at"", cache.hit;dur=6;desc=""Cache hits"", cache.miss;dur=7;desc=""Cache misses"""
2026-10-05T21:51:33Z,before,browser,/posts/architektura-emdash-typescript-astro,200,MISS,remote-,HAM,184.1,699.8,708.6,515.7,34676,13.0,328.0,0.0,328.0,328.0,10.0,12.0,"rt;dur=0;desc=""Runtime init"", render;dur=328;desc=""Page render"", mw;dur=328;desc=""Total middleware"", db.total;dur=328;desc=""DB total"", db.count;dur=13;desc=""Query count"", db.first;dur=0;desc=""First query at"", db.last;dur=328;desc=""Last query at"", cache.hit;dur=10;desc=""Cache hits"", cache.miss;dur=12;desc=""Cache misses"" | cfEdge;dur=399,cfOrigin;dur=0"
2026-10-05T21:51:34Z,before,curl,/,200,MISS,remote-WAW,HAM,108.7,410.6,417.7,301.9,30923,7.0,179.0,0.0,179.0,179.0,2.0,6.0,"rt;dur=0;desc=""Runtime init"", render;dur=179;desc=""Page render"", mw;dur=179;desc=""Total middleware"", db.total;dur=179;desc=""DB total"", db.count;dur=7;desc=""Query count"", db.first;dur=0;desc=""First query at"", db.last;dur=179;desc=""Last query at"", cache.hit;dur=2;desc=""Cache hits"", cache.miss;dur=6;desc=""Cache misses"""
2026-10-05T21:51:35Z,before,curl,/posts/,200,MISS,remote-,HAM,181.7,525.7,540.4,344.0,36898,7.0,214.0,0.0,214.0,214.0,2.0,6.0,"rt;dur=0;desc=""Runtime init"", render;dur=214;desc=""Page render"", mw;dur=214;desc=""Total middleware"", db.total;dur=214;desc=""DB total"", db.count;dur=7;desc=""Query count"", db.first;dur=0;desc=""First query at"", db.last;dur=214;desc=""Last query at"", cache.hit;dur=2;desc=""Cache hits"", cache.miss;dur=6;desc=""Cache misses"""
2026-10-05T21:51:36Z,before,browser,/category/technologia,200,MISS,remote-WAW,HAM,95.9,589.0,595.8,493.1,29649,15.0,371.0,0.0,371.0,371.0,7.0,12.0,"rt;dur=0;desc=""Runtime init"", render;dur=371;desc=""Page render"", mw;dur=371;desc=""Total middleware"", db.total;dur=371;desc=""DB total"", db.count;dur=15;desc=""Query count"", db.first;dur=0;desc=""First query at"", db.last;dur=371;desc=""Last query at"", cache.hit;dur=7;desc=""Cache hits"", cache.miss;dur=12;desc=""Cache misses"" | cfEdge;dur=448,cfOrigin;dur=0"
2026-10-05T21:51:37Z,before,browser,/posts/architektura-emdash-typescript-astro,200,MISS,remote-,HAM,155.1,677.3,728.6,522.2,34692,13.0,326.0,0.0,326.0,326.0,10.0,12.0,"rt;dur=0;desc=""Runtime init"", render;dur=326;desc=""Page render"", mw;dur=326;desc=""Total middleware"", db.total;dur=326;desc=""DB total"", db.count;dur=13;desc=""Query count"", db.first;dur=0;desc=""First query at"", db.last;dur=326;desc=""Last query at"", cache.hit;dur=10;desc=""Cache hits"", cache.miss;dur=12;desc=""Cache misses"" | cfEdge;dur=436,cfOrigin;dur=0"
2026-10-05T21:51:37Z,before,browser,/posts/,200,MISS,remote-WAW,HAM,90.5,544.7,552.5,454.2,37257,12.0,326.0,0.0,326.0,326.0,6.0,11.0,"rt;dur=0;desc=""Runtime init"", render;dur=326;desc=""Page render"", mw;dur=326;desc=""Total middleware"", db.total;dur=326;desc=""DB total"", db.count;dur=12;desc=""Query count"", db.first;dur=0;desc=""First query at"", db.last;dur=326;desc=""Last query at"", cache.hit;dur=6;desc=""Cache hits"", cache.miss;dur=11;desc=""Cache misses"" | cfEdge;dur=408,cfOrigin;dur=0"
2026-10-05T21:51:38Z,before,browser,/,200,MISS,remote-WAW,HAM,93.1,517.0,525.5,423.9,31298,12.0,305.0,0.0,305.0,305.0,6.0,11.0,"rt;dur=0;desc=""Runtime init"", render;dur=305;desc=""Page render"", mw;dur=305;desc=""Total middleware"", db.total;dur=305;desc=""DB total"", db.count;dur=12;desc=""Query count"", db.first;dur=0;desc=""First query at"", db.last;dur=305;desc=""Last query at"", cache.hit;dur=6;desc=""Cache hits"", cache.miss;dur=11;desc=""Cache misses"" | cfEdge;dur=377,cfOrigin;dur=0"
2026-10-05T21:51:39Z,before,curl,/category/technologia,200,MISS,remote-,HAM,479.6,848.1,858.9,368.5,29266,10.0,250.0,0.0,250.0,250.0,2.0,9.0,"rt;dur=0;desc=""Runtime init"", render;dur=250;desc=""Page render"", mw;dur=250;desc=""Total middleware"", db.total;dur=250;desc=""DB total"", db.count;dur=10;desc=""Query count"", db.first;dur=0;desc=""First query at"", db.last;dur=250;desc=""Last query at"", cache.hit;dur=2;desc=""Cache hits"", cache.miss;dur=9;desc=""Cache misses"""
2026-10-05T21:51:40Z,before,curl,/posts/architektura-emdash-typescript-astro,200,MISS,remote-WAW,HAM,78.5,434.5,539.3,356.0,34316,9.0,231.0,0.0,231.0,231.0,6.0,7.0,"rt;dur=0;desc=""Runtime init"", render;dur=231;desc=""Page render"", mw;dur=231;desc=""Total middleware"", db.total;dur=231;desc=""DB total"", db.count;dur=9;desc=""Query count"", db.first;dur=0;desc=""First query at"", db.last;dur=231;desc=""Last query at"", cache.hit;dur=6;desc=""Cache hits"", cache.miss;dur=7;desc=""Cache misses"""
2026-10-05T21:51:41Z,before,curl,/posts/architektura-emdash-typescript-astro,200,MISS,remote-WAW,HAM,209.4,681.3,756.6,471.9,34320,8.0,200.0,0.0,200.0,200.0,6.0,7.0,"rt;dur=0;desc=""Runtime init"", render;dur=200;desc=""Page render"", mw;dur=200;desc=""Total middleware"", db.total;dur=200;desc=""DB total"", db.count;dur=8;desc=""Query count"", db.first;dur=0;desc=""First query at"", db.last;dur=200;desc=""Last query at"", cache.hit;dur=6;desc=""Cache hits"", cache.miss;dur=7;desc=""Cache misses"""
2026-10-05T21:51:42Z,before,curl,/posts/,200,MISS,remote-WAW,HAM,417.3,755.3,757.2,338.0,36890,7.0,188.0,0.0,188.0,188.0,2.0,6.0,"rt;dur=0;desc=""Runtime init"", render;dur=188;desc=""Page render"", mw;dur=188;desc=""Total middleware"", db.total;dur=188;desc=""DB total"", db.count;dur=7;desc=""Query count"", db.first;dur=0;desc=""First query at"", db.last;dur=188;desc=""Last query at"", cache.hit;dur=2;desc=""Cache hits"", cache.miss;dur=6;desc=""Cache misses"""
2026-10-05T21:51:43Z,before,browser,/posts/,200,MISS,remote-,HAM,292.4,816.7,817.6,524.3,37249,12.0,297.0,0.0,297.0,297.0,6.0,11.0,"rt;dur=0;desc=""Runtime init"", render;dur=297;desc=""Page render"", mw;dur=297;desc=""Total middleware"", db.total;dur=297;desc=""DB total"", db.count;dur=12;desc=""Query count"", db.first;dur=0;desc=""First query at"", db.last;dur=297;desc=""Last query at"", cache.hit;dur=6;desc=""Cache hits"", cache.miss;dur=11;desc=""Cache misses"" | cfEdge;dur=374,cfOrigin;dur=0"
2026-10-05T21:51:44Z,before,curl,/category/technologia,200,MISS,remote-WAW,HAM,305.7,821.4,822.2,515.7,29278,10.0,318.0,0.0,318.0,318.0,2.0,9.0,"rt;dur=0;desc=""Runtime init"", render;dur=318;desc=""Page render"", mw;dur=318;desc=""Total middleware"", db.total;dur=318;desc=""DB total"", db.count;dur=10;desc=""Query count"", db.first;dur=0;desc=""First query at"", db.last;dur=318;desc=""Last query at"", cache.hit;dur=2;desc=""Cache hits"", cache.miss;dur=9;desc=""Cache misses"""
2026-10-05T21:51:45Z,before,browser,/posts/architektura-emdash-typescript-astro,200,MISS,remote-WAW,HAM,296.3,817.0,840.9,520.7,34684,13.0,312.0,0.0,312.0,312.0,10.0,12.0,"rt;dur=0;desc=""Runtime init"", render;dur=312;desc=""Page render"", mw;dur=312;desc=""Total middleware"", db.total;dur=312;desc=""DB total"", db.count;dur=13;desc=""Query count"", db.first;dur=0;desc=""First query at"", db.last;dur=312;desc=""Last query at"", cache.hit;dur=10;desc=""Cache hits"", cache.miss;dur=12;desc=""Cache misses"" | cfEdge;dur=391,cfOrigin;dur=0"
2026-10-05T21:51:46Z,before,curl,/,200,MISS,remote-,HAM,326.4,640.1,663.1,313.7,30939,7.0,181.0,0.0,181.0,181.0,2.0,6.0,"rt;dur=0;desc=""Runtime init"", render;dur=181;desc=""Page render"", mw;dur=181;desc=""Total middleware"", db.total;dur=181;desc=""DB total"", db.count;dur=7;desc=""Query count"", db.first;dur=0;desc=""First query at"", db.last;dur=181;desc=""Last query at"", cache.hit;dur=2;desc=""Cache hits"", cache.miss;dur=6;desc=""Cache misses"""
2026-10-05T21:51:47Z,before,browser,/,200,MISS,remote-,HAM,99.0,536.7,543.9,437.7,31294,12.0,320.0,0.0,320.0,320.0,6.0,11.0,"rt;dur=0;desc=""Runtime init"", render;dur=320;desc=""Page render"", mw;dur=320;desc=""Total middleware"", db.total;dur=320;desc=""DB total"", db.count;dur=12;desc=""Query count"", db.first;dur=0;desc=""First query at"", db.last;dur=320;desc=""Last query at"", cache.hit;dur=6;desc=""Cache hits"", cache.miss;dur=11;desc=""Cache misses"" | cfEdge;dur=392,cfOrigin;dur=0"
2026-10-05T21:51:48Z,before,browser,/category/technologia,200,MISS,remote-WAW,HAM,110.6,600.8,606.6,490.2,29645,15.0,355.0,0.0,355.0,355.0,7.0,12.0,"rt;dur=0;desc=""Runtime init"", render;dur=355;desc=""Page render"", mw;dur=355;desc=""Total middleware"", db.total;dur=355;desc=""DB total"", db.count;dur=15;desc=""Query count"", db.first;dur=0;desc=""First query at"", db.last;dur=355;desc=""Last query at"", cache.hit;dur=7;desc=""Cache hits"", cache.miss;dur=12;desc=""Cache misses"" | cfEdge;dur=435,cfOrigin;dur=0"
2026-10-05T21:51:49Z,before,browser,/,200,MISS,remote-WAW,HAM,114.2,638.2,730.5,524.0,31290,12.0,314.0,0.0,314.0,314.0,6.0,11.0,"rt;dur=0;desc=""Runtime init"", render;dur=314;desc=""Page render"", mw;dur=314;desc=""Total middleware"", db.total;dur=314;desc=""DB total"", db.count;dur=12;desc=""Query count"", db.first;dur=0;desc=""First query at"", db.last;dur=314;desc=""Last query at"", cache.hit;dur=6;desc=""Cache hits"", cache.miss;dur=11;desc=""Cache misses"" | cfEdge;dur=386,cfOrigin;dur=0"
2026-10-05T21:51:49Z,before,browser,/posts/architektura-emdash-typescript-astro,200,MISS,remote-WAW,HAM,97.5,531.5,612.2,434.0,34696,13.0,309.0,0.0,309.0,309.0,10.0,12.0,"rt;dur=0;desc=""Runtime init"", render;dur=309;desc=""Page render"", mw;dur=309;desc=""Total middleware"", db.total;dur=309;desc=""DB total"", db.count;dur=13;desc=""Query count"", db.first;dur=0;desc=""First query at"", db.last;dur=309;desc=""Last query at"", cache.hit;dur=10;desc=""Cache hits"", cache.miss;dur=12;desc=""Cache misses"" | cfEdge;dur=384,cfOrigin;dur=0"
2026-10-05T21:51:50Z,before,curl,/posts/architektura-emdash-typescript-astro,200,MISS,remote-,HAM,96.6,499.2,512.5,402.6,34324,8.0,215.0,0.0,215.0,215.0,6.0,7.0,"rt;dur=0;desc=""Runtime init"", render;dur=215;desc=""Page render"", mw;dur=215;desc=""Total middleware"", db.total;dur=215;desc=""DB total"", db.count;dur=8;desc=""Query count"", db.first;dur=0;desc=""First query at"", db.last;dur=215;desc=""Last query at"", cache.hit;dur=6;desc=""Cache hits"", cache.miss;dur=7;desc=""Cache misses"""
2026-10-05T21:51:51Z,before,browser,/category/technologia,200,MISS,remote-WAW,HAM,98.8,590.1,595.9,491.3,29637,15.0,363.0,0.0,363.0,363.0,7.0,12.0,"rt;dur=0;desc=""Runtime init"", render;dur=363;desc=""Page render"", mw;dur=363;desc=""Total middleware"", db.total;dur=363;desc=""DB total"", db.count;dur=15;desc=""Query count"", db.first;dur=0;desc=""First query at"", db.last;dur=363;desc=""Last query at"", cache.hit;dur=7;desc=""Cache hits"", cache.miss;dur=12;desc=""Cache misses"" | cfEdge;dur=441,cfOrigin;dur=0"
2026-10-05T21:51:52Z,before,browser,/posts/,200,MISS,remote-,HAM,109.4,531.0,544.3,421.6,37257,12.0,293.0,0.0,293.0,293.0,6.0,11.0,"rt;dur=0;desc=""Runtime init"", render;dur=293;desc=""Page render"", mw;dur=293;desc=""Total middleware"", db.total;dur=293;desc=""DB total"", db.count;dur=12;desc=""Query count"", db.first;dur=0;desc=""First query at"", db.last;dur=293;desc=""Last query at"", cache.hit;dur=6;desc=""Cache hits"", cache.miss;dur=11;desc=""Cache misses"" | cfEdge;dur=366,cfOrigin;dur=0"
2026-10-05T21:51:53Z,before,curl,/category/technologia,200,MISS,remote-,HAM,105.0,502.3,505.0,397.3,29278,10.0,252.0,0.0,252.0,252.0,2.0,9.0,"rt;dur=0;desc=""Runtime init"", render;dur=252;desc=""Page render"", mw;dur=252;desc=""Total middleware"", db.total;dur=252;desc=""DB total"", db.count;dur=10;desc=""Query count"", db.first;dur=0;desc=""First query at"", db.last;dur=252;desc=""Last query at"", cache.hit;dur=2;desc=""Cache hits"", cache.miss;dur=9;desc=""Cache misses"""
2026-10-05T21:51:53Z,before,curl,/,200,MISS,remote-,HAM,129.8,417.6,424.0,287.8,30923,7.0,180.0,0.0,180.0,180.0,2.0,6.0,"rt;dur=0;desc=""Runtime init"", render;dur=180;desc=""Page render"", mw;dur=180;desc=""Total middleware"", db.total;dur=180;desc=""DB total"", db.count;dur=7;desc=""Query count"", db.first;dur=0;desc=""First query at"", db.last;dur=180;desc=""Last query at"", cache.hit;dur=2;desc=""Cache hits"", cache.miss;dur=6;desc=""Cache misses"""
2026-10-05T21:51:54Z,before,curl,/posts/,200,MISS,remote-WAW,HAM,98.7,443.3,445.0,344.6,36886,7.0,166.0,0.0,166.0,166.0,2.0,6.0,"rt;dur=0;desc=""Runtime init"", render;dur=166;desc=""Page render"", mw;dur=166;desc=""Total middleware"", db.total;dur=166;desc=""DB total"", db.count;dur=7;desc=""Query count"", db.first;dur=0;desc=""First query at"", db.last;dur=166;desc=""Last query at"", cache.hit;dur=2;desc=""Cache hits"", cache.miss;dur=6;desc=""Cache misses"""
2026-10-05T21:51:55Z,before,curl,/posts/architektura-emdash-typescript-astro,200,MISS,remote-WAW,HAM,105.7,451.0,618.9,345.3,34312,8.0,196.0,0.0,196.0,196.0,6.0,7.0,"rt;dur=0;desc=""Runtime init"", render;dur=196;desc=""Page render"", mw;dur=196;desc=""Total middleware"", db.total;dur=196;desc=""DB total"", db.count;dur=8;desc=""Query count"", db.first;dur=0;desc=""First query at"", db.last;dur=196;desc=""Last query at"", cache.hit;dur=6;desc=""Cache hits"", cache.miss;dur=7;desc=""Cache misses"""
2026-10-05T21:51:55Z,before,curl,/category/technologia,200,MISS,remote-WAW,HAM,107.3,496.6,497.4,389.3,29266,10.0,247.0,0.0,247.0,247.0,2.0,9.0,"rt;dur=0;desc=""Runtime init"", render;dur=247;desc=""Page render"", mw;dur=247;desc=""Total middleware"", db.total;dur=247;desc=""DB total"", db.count;dur=10;desc=""Query count"", db.first;dur=0;desc=""First query at"", db.last;dur=247;desc=""Last query at"", cache.hit;dur=2;desc=""Cache hits"", cache.miss;dur=9;desc=""Cache misses"""
2026-10-05T21:51:56Z,before,curl,/,200,MISS,remote-WAW,HAM,97.5,462.1,466.1,364.6,30927,8.0,237.0,0.0,237.0,237.0,2.0,6.0,"rt;dur=0;desc=""Runtime init"", render;dur=237;desc=""Page render"", mw;dur=237;desc=""Total middleware"", db.total;dur=237;desc=""DB total"", db.count;dur=8;desc=""Query count"", db.first;dur=0;desc=""First query at"", db.last;dur=237;desc=""Last query at"", cache.hit;dur=2;desc=""Cache hits"", cache.miss;dur=6;desc=""Cache misses"""
2026-10-05T21:51:57Z,before,browser,/posts/,200,MISS,remote-WAW,HAM,187.0,652.6,653.6,465.6,37249,12.0,268.0,0.0,268.0,268.0,6.0,11.0,"rt;dur=0;desc=""Runtime init"", render;dur=268;desc=""Page render"", mw;dur=268;desc=""Total middleware"", db.total;dur=268;desc=""DB total"", db.count;dur=12;desc=""Query count"", db.first;dur=0;desc=""First query at"", db.last;dur=268;desc=""Last query at"", cache.hit;dur=6;desc=""Cache hits"", cache.miss;dur=11;desc=""Cache misses"" | cfEdge;dur=338,cfOrigin;dur=0"
2026-10-05T21:51:58Z,before,browser,/,200,MISS,remote-WAW,HAM,672.2,1187.0,1188.3,514.8,31290,12.0,285.0,0.0,285.0,285.0,6.0,11.0,"rt;dur=0;desc=""Runtime init"", render;dur=285;desc=""Page render"", mw;dur=285;desc=""Total middleware"", db.total;dur=285;desc=""DB total"", db.count;dur=12;desc=""Query count"", db.first;dur=0;desc=""First query at"", db.last;dur=285;desc=""Last query at"", cache.hit;dur=6;desc=""Cache hits"", cache.miss;dur=11;desc=""Cache misses"" | cfEdge;dur=368,cfOrigin;dur=0"
2026-10-05T21:51:59Z,before,browser,/posts/architektura-emdash-typescript-astro,200,MISS,remote-,HAM,206.4,670.5,821.3,464.1,34704,13.0,337.0,0.0,337.0,337.0,10.0,12.0,"rt;dur=0;desc=""Runtime init"", render;dur=337;desc=""Page render"", mw;dur=337;desc=""Total middleware"", db.total;dur=337;desc=""DB total"", db.count;dur=13;desc=""Query count"", db.first;dur=0;desc=""First query at"", db.last;dur=337;desc=""Last query at"", cache.hit;dur=10;desc=""Cache hits"", cache.miss;dur=12;desc=""Cache misses"" | cfEdge;dur=416,cfOrigin;dur=0"
2026-10-05T21:52:00Z,before,browser,/category/technologia,200,MISS,remote-WAW,HAM,207.8,812.5,813.5,604.7,29641,15.0,355.0,0.0,355.0,355.0,7.0,12.0,"rt;dur=0;desc=""Runtime init"", render;dur=355;desc=""Page render"", mw;dur=355;desc=""Total middleware"", db.total;dur=355;desc=""DB total"", db.count;dur=15;desc=""Query count"", db.first;dur=0;desc=""First query at"", db.last;dur=355;desc=""Last query at"", cache.hit;dur=7;desc=""Cache hits"", cache.miss;dur=12;desc=""Cache misses"" | cfEdge;dur=437,cfOrigin;dur=0"
2026-10-05T21:52:01Z,before,curl,/posts/,200,MISS,remote-,HAM,225.4,649.5,650.3,424.1,36882,7.0,201.0,0.0,201.0,201.0,2.0,6.0,"rt;dur=0;desc=""Runtime init"", render;dur=201;desc=""Page render"", mw;dur=201;desc=""Total middleware"", db.total;dur=201;desc=""DB total"", db.count;dur=7;desc=""Query count"", db.first;dur=0;desc=""First query at"", db.last;dur=201;desc=""Last query at"", cache.hit;dur=2;desc=""Cache hits"", cache.miss;dur=6;desc=""Cache misses"""
2026-10-05T21:52:02Z,before,curl,/posts/architektura-emdash-typescript-astro,200,MISS,remote-,HAM,298.7,636.8,814.4,338.1,34328,8.0,189.0,0.0,189.0,189.0,6.0,7.0,"rt;dur=0;desc=""Runtime init"", render;dur=189;desc=""Page render"", mw;dur=189;desc=""Total middleware"", db.total;dur=189;desc=""DB total"", db.count;dur=8;desc=""Query count"", db.first;dur=0;desc=""First query at"", db.last;dur=189;desc=""Last query at"", cache.hit;dur=6;desc=""Cache hits"", cache.miss;dur=7;desc=""Cache misses"""
2026-10-05T21:52:03Z,before,curl,/posts/,200,MISS,remote-,HAM,159.1,452.5,478.7,293.4,36882,7.0,173.0,0.0,173.0,173.0,2.0,6.0,"rt;dur=0;desc=""Runtime init"", render;dur=173;desc=""Page render"", mw;dur=173;desc=""Total middleware"", db.total;dur=173;desc=""DB total"", db.count;dur=7;desc=""Query count"", db.first;dur=0;desc=""First query at"", db.last;dur=173;desc=""Last query at"", cache.hit;dur=2;desc=""Cache hits"", cache.miss;dur=6;desc=""Cache misses"""
2026-10-05T21:52:04Z,before,browser,/,200,MISS,remote-,HAM,107.4,535.0,549.2,427.6,31294,12.0,310.0,0.0,310.0,310.0,6.0,11.0,"rt;dur=0;desc=""Runtime init"", render;dur=310;desc=""Page render"", mw;dur=310;desc=""Total middleware"", db.total;dur=310;desc=""DB total"", db.count;dur=12;desc=""Query count"", db.first;dur=0;desc=""First query at"", db.last;dur=310;desc=""Last query at"", cache.hit;dur=6;desc=""Cache hits"", cache.miss;dur=11;desc=""Cache misses"" | cfEdge;dur=383,cfOrigin;dur=0"
2026-10-05T21:52:05Z,before,browser,/posts/,200,MISS,remote-,HAM,186.6,719.8,720.8,533.2,37265,12.0,303.0,0.0,303.0,303.0,6.0,11.0,"rt;dur=0;desc=""Runtime init"", render;dur=303;desc=""Page render"", mw;dur=303;desc=""Total middleware"", db.total;dur=303;desc=""DB total"", db.count;dur=12;desc=""Query count"", db.first;dur=0;desc=""First query at"", db.last;dur=303;desc=""Last query at"", cache.hit;dur=6;desc=""Cache hits"", cache.miss;dur=11;desc=""Cache misses"" | cfEdge;dur=387,cfOrigin;dur=0"
2026-10-05T21:52:06Z,before,browser,/category/technologia,200,MISS,remote-WAW,HAM,85.1,575.1,579.6,490.0,29633,15.0,359.0,0.0,359.0,359.0,7.0,12.0,"rt;dur=0;desc=""Runtime init"", render;dur=359;desc=""Page render"", mw;dur=359;desc=""Total middleware"", db.total;dur=359;desc=""DB total"", db.count;dur=15;desc=""Query count"", db.first;dur=0;desc=""First query at"", db.last;dur=359;desc=""Last query at"", cache.hit;dur=7;desc=""Cache hits"", cache.miss;dur=12;desc=""Cache misses"" | cfEdge;dur=447,cfOrigin;dur=0"
2026-10-05T21:52:07Z,before,browser,/posts/architektura-emdash-typescript-astro,200,MISS,remote-WAW,HAM,89.5,538.4,617.9,448.9,34692,13.0,320.0,0.0,320.0,320.0,10.0,12.0,"rt;dur=0;desc=""Runtime init"", render;dur=320;desc=""Page render"", mw;dur=320;desc=""Total middleware"", db.total;dur=320;desc=""DB total"", db.count;dur=13;desc=""Query count"", db.first;dur=0;desc=""First query at"", db.last;dur=320;desc=""Last query at"", cache.hit;dur=10;desc=""Cache hits"", cache.miss;dur=12;desc=""Cache misses"" | cfEdge;dur=399,cfOrigin;dur=0"
2026-10-05T21:52:07Z,before,curl,/,200,MISS,remote-WAW,HAM,100.9,396.9,402.9,296.0,30923,7.0,183.0,0.0,183.0,183.0,2.0,6.0,"rt;dur=0;desc=""Runtime init"", render;dur=183;desc=""Page render"", mw;dur=183;desc=""Total middleware"", db.total;dur=183;desc=""DB total"", db.count;dur=7;desc=""Query count"", db.first;dur=0;desc=""First query at"", db.last;dur=183;desc=""Last query at"", cache.hit;dur=2;desc=""Cache hits"", cache.miss;dur=6;desc=""Cache misses"""
2026-10-05T21:52:08Z,before,curl,/category/technologia,200,MISS,remote-,HAM,178.0,609.3,610.1,431.3,29262,10.0,234.0,0.0,234.0,234.0,2.0,9.0,"rt;dur=0;desc=""Runtime init"", render;dur=234;desc=""Page render"", mw;dur=234;desc=""Total middleware"", db.total;dur=234;desc=""DB total"", db.count;dur=10;desc=""Query count"", db.first;dur=0;desc=""First query at"", db.last;dur=234;desc=""Last query at"", cache.hit;dur=2;desc=""Cache hits"", cache.miss;dur=9;desc=""Cache misses"""
2026-10-05T21:52:09Z,before,curl,/posts/architektura-emdash-typescript-astro,200,MISS,remote-,HAM,102.5,403.7,466.3,301.2,34320,8.0,181.0,0.0,181.0,181.0,6.0,7.0,"rt;dur=0;desc=""Runtime init"", render;dur=181;desc=""Page render"", mw;dur=181;desc=""Total middleware"", db.total;dur=181;desc=""DB total"", db.count;dur=8;desc=""Query count"", db.first;dur=0;desc=""First query at"", db.last;dur=181;desc=""Last query at"", cache.hit;dur=6;desc=""Cache hits"", cache.miss;dur=7;desc=""Cache misses"""
2026-10-05T21:52:09Z,before,curl,/,200,MISS,remote-WAW,HAM,176.3,490.4,505.4,314.1,30935,7.0,177.0,0.0,177.0,177.0,2.0,6.0,"rt;dur=0;desc=""Runtime init"", render;dur=177;desc=""Page render"", mw;dur=177;desc=""Total middleware"", db.total;dur=177;desc=""DB total"", db.count;dur=7;desc=""Query count"", db.first;dur=0;desc=""First query at"", db.last;dur=177;desc=""Last query at"", cache.hit;dur=2;desc=""Cache hits"", cache.miss;dur=6;desc=""Cache misses"""
2026-10-05T21:52:10Z,before,browser,/posts/,200,MISS,remote-WAW,HAM,114.4,559.9,569.5,445.5,37253,12.0,316.0,0.0,316.0,316.0,6.0,11.0,"rt;dur=0;desc=""Runtime init"", render;dur=316;desc=""Page render"", mw;dur=316;desc=""Total middleware"", db.total;dur=316;desc=""DB total"", db.count;dur=12;desc=""Query count"", db.first;dur=0;desc=""First query at"", db.last;dur=316;desc=""Last query at"", cache.hit;dur=6;desc=""Cache hits"", cache.miss;dur=11;desc=""Cache misses"" | cfEdge;dur=388,cfOrigin;dur=0"
2026-10-05T21:52:11Z,before,browser,/category/technologia,200,MISS,remote-WAW,HAM,166.7,740.4,747.1,573.7,29641,16.0,378.0,0.0,378.0,378.0,7.0,12.0,"rt;dur=0;desc=""Runtime init"", render;dur=378;desc=""Page render"", mw;dur=378;desc=""Total middleware"", db.total;dur=378;desc=""DB total"", db.count;dur=16;desc=""Query count"", db.first;dur=0;desc=""First query at"", db.last;dur=378;desc=""Last query at"", cache.hit;dur=7;desc=""Cache hits"", cache.miss;dur=12;desc=""Cache misses"" | cfEdge;dur=467,cfOrigin;dur=0"
2026-10-05T21:52:12Z,before,curl,/category/technologia,200,MISS,remote-,HAM,119.6,499.1,509.0,379.5,29270,10.0,241.0,0.0,241.0,241.0,2.0,9.0,"rt;dur=0;desc=""Runtime init"", render;dur=241;desc=""Page render"", mw;dur=241;desc=""Total middleware"", db.total;dur=241;desc=""DB total"", db.count;dur=10;desc=""Query count"", db.first;dur=0;desc=""First query at"", db.last;dur=241;desc=""Last query at"", cache.hit;dur=2;desc=""Cache hits"", cache.miss;dur=9;desc=""Cache misses"""
2026-10-05T21:52:13Z,before,browser,/,200,MISS,remote-WAW,HAM,88.2,531.3,533.0,443.1,31298,12.0,274.0,0.0,274.0,274.0,6.0,11.0,"rt;dur=0;desc=""Runtime init"", render;dur=274;desc=""Page render"", mw;dur=274;desc=""Total middleware"", db.total;dur=274;desc=""DB total"", db.count;dur=12;desc=""Query count"", db.first;dur=0;desc=""First query at"", db.last;dur=274;desc=""Last query at"", cache.hit;dur=6;desc=""Cache hits"", cache.miss;dur=11;desc=""Cache misses"" | cfEdge;dur=351,cfOrigin;dur=0"
2026-10-05T21:52:13Z,before,curl,/posts/,200,MISS,remote-,HAM,161.6,494.1,495.9,332.5,36889,7.0,158.0,0.0,158.0,158.0,2.0,6.0,"rt;dur=0;desc=""Runtime init"", render;dur=158;desc=""Page render"", mw;dur=158;desc=""Total middleware"", db.total;dur=158;desc=""DB total"", db.count;dur=7;desc=""Query count"", db.first;dur=0;desc=""First query at"", db.last;dur=158;desc=""Last query at"", cache.hit;dur=2;desc=""Cache hits"", cache.miss;dur=6;desc=""Cache misses"""
2026-10-05T21:52:15Z,before,browser,/posts/architektura-emdash-typescript-astro,200,MISS,remote-,HAM,406.2,856.8,941.7,450.6,34688,13.0,303.0,0.0,303.0,303.0,10.0,12.0,"rt;dur=0;desc=""Runtime init"", render;dur=303;desc=""Page render"", mw;dur=303;desc=""Total middleware"", db.total;dur=303;desc=""DB total"", db.count;dur=13;desc=""Query count"", db.first;dur=0;desc=""First query at"", db.last;dur=303;desc=""Last query at"", cache.hit;dur=10;desc=""Cache hits"", cache.miss;dur=12;desc=""Cache misses"" | cfEdge;dur=389,cfOrigin;dur=0"
2026-10-05T21:52:16Z,before,browser,/posts/,200,MISS,remote-,HAM,335.0,764.6,788.9,429.6,37249,12.0,285.0,0.0,285.0,285.0,6.0,11.0,"rt;dur=0;desc=""Runtime init"", render;dur=285;desc=""Page render"", mw;dur=285;desc=""Total middleware"", db.total;dur=285;desc=""DB total"", db.count;dur=12;desc=""Query count"", db.first;dur=0;desc=""First query at"", db.last;dur=285;desc=""Last query at"", cache.hit;dur=6;desc=""Cache hits"", cache.miss;dur=11;desc=""Cache misses"" | cfEdge;dur=370,cfOrigin;dur=0"
2026-10-05T21:52:17Z,before,browser,/,200,MISS,remote-,HAM,308.7,711.2,717.2,402.5,31290,12.0,283.0,0.0,283.0,283.0,6.0,11.0,"rt;dur=0;desc=""Runtime init"", render;dur=283;desc=""Page render"", mw;dur=283;desc=""Total middleware"", db.total;dur=283;desc=""DB total"", db.count;dur=12;desc=""Query count"", db.first;dur=0;desc=""First query at"", db.last;dur=283;desc=""Last query at"", cache.hit;dur=6;desc=""Cache hits"", cache.miss;dur=11;desc=""Cache misses"" | cfEdge;dur=360,cfOrigin;dur=0"
2026-10-05T21:52:18Z,before,curl,/posts/architektura-emdash-typescript-astro,200,MISS,remote-,HAM,216.1,560.0,740.5,343.9,34316,8.0,188.0,0.0,188.0,188.0,6.0,7.0,"rt;dur=0;desc=""Runtime init"", render;dur=188;desc=""Page render"", mw;dur=188;desc=""Total middleware"", db.total;dur=188;desc=""DB total"", db.count;dur=8;desc=""Query count"", db.first;dur=0;desc=""First query at"", db.last;dur=188;desc=""Last query at"", cache.hit;dur=6;desc=""Cache hits"", cache.miss;dur=7;desc=""Cache misses"""
2026-10-05T21:52:19Z,before,browser,/posts/architektura-emdash-typescript-astro,200,MISS,remote-WAW,HAM,286.2,813.9,885.9,527.7,34688,13.0,315.0,0.0,315.0,315.0,10.0,12.0,"rt;dur=0;desc=""Runtime init"", render;dur=315;desc=""Page render"", mw;dur=315;desc=""Total middleware"", db.total;dur=315;desc=""DB total"", db.count;dur=13;desc=""Query count"", db.first;dur=0;desc=""First query at"", db.last;dur=315;desc=""Last query at"", cache.hit;dur=10;desc=""Cache hits"", cache.miss;dur=12;desc=""Cache misses"" | cfEdge;dur=398,cfOrigin;dur=0"
2026-10-05T21:52:19Z,before,curl,/,200,MISS,remote-WAW,HAM,128.5,414.0,421.1,285.5,30935,7.0,167.0,0.0,167.0,167.0,2.0,6.0,"rt;dur=0;desc=""Runtime init"", render;dur=167;desc=""Page render"", mw;dur=167;desc=""Total middleware"", db.total;dur=167;desc=""DB total"", db.count;dur=7;desc=""Query count"", db.first;dur=0;desc=""First query at"", db.last;dur=167;desc=""Last query at"", cache.hit;dur=2;desc=""Cache hits"", cache.miss;dur=6;desc=""Cache misses"""
2026-10-05T21:52:20Z,before,curl,/posts/,200,MISS,remote-,HAM,101.6,430.1,430.9,328.5,36882,7.0,172.0,0.0,172.0,172.0,2.0,6.0,"rt;dur=0;desc=""Runtime init"", render;dur=172;desc=""Page render"", mw;dur=172;desc=""Total middleware"", db.total;dur=172;desc=""DB total"", db.count;dur=7;desc=""Query count"", db.first;dur=0;desc=""First query at"", db.last;dur=172;desc=""Last query at"", cache.hit;dur=2;desc=""Cache hits"", cache.miss;dur=6;desc=""Cache misses"""
2026-10-05T21:52:21Z,before,curl,/category/technologia,200,MISS,remote-WAW,HAM,96.9,458.4,463.7,361.5,29266,10.0,233.0,0.0,233.0,233.0,2.0,9.0,"rt;dur=0;desc=""Runtime init"", render;dur=233;desc=""Page render"", mw;dur=233;desc=""Total middleware"", db.total;dur=233;desc=""DB total"", db.count;dur=10;desc=""Query count"", db.first;dur=0;desc=""First query at"", db.last;dur=233;desc=""Last query at"", cache.hit;dur=2;desc=""Cache hits"", cache.miss;dur=9;desc=""Cache misses"""
2026-10-05T21:52:22Z,before,browser,/category/technologia,200,MISS,remote-,HAM,206.2,674.8,691.4,468.6,29649,15.0,335.0,0.0,335.0,335.0,7.0,12.0,"rt;dur=0;desc=""Runtime init"", render;dur=335;desc=""Page render"", mw;dur=335;desc=""Total middleware"", db.total;dur=335;desc=""DB total"", db.count;dur=15;desc=""Query count"", db.first;dur=0;desc=""First query at"", db.last;dur=335;desc=""Last query at"", cache.hit;dur=7;desc=""Cache hits"", cache.miss;dur=12;desc=""Cache misses"" | cfEdge;dur=414,cfOrigin;dur=0"
2026-10-05T21:52:22Z,before,curl,/category/technologia,200,MISS,remote-WAW,HAM,102.2,460.2,465.7,358.0,29270,10.0,233.0,0.0,233.0,233.0,2.0,9.0,"rt;dur=0;desc=""Runtime init"", render;dur=233;desc=""Page render"", mw;dur=233;desc=""Total middleware"", db.total;dur=233;desc=""DB total"", db.count;dur=10;desc=""Query count"", db.first;dur=0;desc=""First query at"", db.last;dur=233;desc=""Last query at"", cache.hit;dur=2;desc=""Cache hits"", cache.miss;dur=9;desc=""Cache misses"""
2026-10-05T21:52:23Z,before,curl,/,200,MISS,remote-,HAM,162.9,519.3,531.3,356.4,30927,7.0,229.0,0.0,229.0,229.0,2.0,6.0,"rt;dur=0;desc=""Runtime init"", render;dur=229;desc=""Page render"", mw;dur=229;desc=""Total middleware"", db.total;dur=229;desc=""DB total"", db.count;dur=7;desc=""Query count"", db.first;dur=0;desc=""First query at"", db.last;dur=229;desc=""Last query at"", cache.hit;dur=2;desc=""Cache hits"", cache.miss;dur=6;desc=""Cache misses"""
2026-10-05T21:52:24Z,before,curl,/posts/architektura-emdash-typescript-astro,200,MISS,remote-WAW,HAM,89.0,411.5,489.6,322.5,34336,8.0,202.0,0.0,202.0,202.0,6.0,7.0,"rt;dur=0;desc=""Runtime init"", render;dur=202;desc=""Page render"", mw;dur=202;desc=""Total middleware"", db.total;dur=202;desc=""DB total"", db.count;dur=8;desc=""Query count"", db.first;dur=0;desc=""First query at"", db.last;dur=202;desc=""Last query at"", cache.hit;dur=6;desc=""Cache hits"", cache.miss;dur=7;desc=""Cache misses"""
2026-10-05T21:52:25Z,before,browser,/,200,MISS,remote-WAW,HAM,101.8,517.1,526.9,415.3,31290,12.0,280.0,0.0,280.0,280.0,6.0,11.0,"rt;dur=0;desc=""Runtime init"", render;dur=280;desc=""Page render"", mw;dur=280;desc=""Total middleware"", db.total;dur=280;desc=""DB total"", db.count;dur=12;desc=""Query count"", db.first;dur=0;desc=""First query at"", db.last;dur=280;desc=""Last query at"", cache.hit;dur=6;desc=""Cache hits"", cache.miss;dur=11;desc=""Cache misses"" | cfEdge;dur=357,cfOrigin;dur=0"
2026-10-05T21:52:26Z,before,browser,/posts/,200,MISS,remote-,HAM,115.1,771.4,779.4,656.3,37249,12.0,523.0,0.0,523.0,523.0,6.0,11.0,"rt;dur=0;desc=""Runtime init"", render;dur=523;desc=""Page render"", mw;dur=523;desc=""Total middleware"", db.total;dur=523;desc=""DB total"", db.count;dur=12;desc=""Query count"", db.first;dur=0;desc=""First query at"", db.last;dur=523;desc=""Last query at"", cache.hit;dur=6;desc=""Cache hits"", cache.miss;dur=11;desc=""Cache misses"" | cfEdge;dur=600,cfOrigin;dur=0"
2026-10-05T21:52:26Z,before,browser,/category/technologia,200,MISS,remote-WAW,HAM,148.1,638.5,646.1,490.4,29633,15.0,361.0,0.0,361.0,361.0,7.0,12.0,"rt;dur=0;desc=""Runtime init"", render;dur=361;desc=""Page render"", mw;dur=361;desc=""Total middleware"", db.total;dur=361;desc=""DB total"", db.count;dur=15;desc=""Query count"", db.first;dur=0;desc=""First query at"", db.last;dur=361;desc=""Last query at"", cache.hit;dur=7;desc=""Cache hits"", cache.miss;dur=12;desc=""Cache misses"" | cfEdge;dur=442,cfOrigin;dur=0"
2026-10-05T21:52:27Z,before,curl,/posts/,200,MISS,remote-WAW,HAM,98.6,368.5,376.6,269.9,36881,7.0,164.0,0.0,164.0,164.0,2.0,6.0,"rt;dur=0;desc=""Runtime init"", render;dur=164;desc=""Page render"", mw;dur=164;desc=""Total middleware"", db.total;dur=164;desc=""DB total"", db.count;dur=7;desc=""Query count"", db.first;dur=0;desc=""First query at"", db.last;dur=164;desc=""Last query at"", cache.hit;dur=2;desc=""Cache hits"", cache.miss;dur=6;desc=""Cache misses"""
2026-10-05T21:52:28Z,before,browser,/posts/architektura-emdash-typescript-astro,200,MISS,remote-,HAM,178.7,643.6,709.8,464.9,34696,13.0,302.0,0.0,302.0,302.0,10.0,12.0,"rt;dur=0;desc=""Runtime init"", render;dur=302;desc=""Page render"", mw;dur=302;desc=""Total middleware"", db.total;dur=302;desc=""DB total"", db.count;dur=13;desc=""Query count"", db.first;dur=0;desc=""First query at"", db.last;dur=302;desc=""Last query at"", cache.hit;dur=10;desc=""Cache hits"", cache.miss;dur=12;desc=""Cache misses"" | cfEdge;dur=382,cfOrigin;dur=0"
