time,label,accept,page,status,x_cache,placement,colo,appconnect_ms,ttfb_ms,total_ms,server_ms,bytes,db_count,db_total,db_first,db_last,render,cache_hit,cache_miss,server_timing
2026-10-06T07:29:16Z,astro7,curl,/posts/,200,MISS,remote-WAW,HAM,113.5,413.3,453.5,299.8,36701,9.0,282.0,0.0,168.0,168.0,4.0,6.0,"rt;dur=0;desc=""Runtime init"", render;dur=168;desc=""Page render"", mw;dur=168;desc=""Total middleware"", db.total;dur=282;desc=""DB total"", db.count;dur=9;desc=""Query count"", db.first;dur=0;desc=""First query at"", db.last;dur=168;desc=""Last query at"", cache.hit;dur=4;desc=""Cache hits"", cache.miss;dur=6;desc=""Cache misses"" | D1_layout;dur=85.0;desc=""D1:layout"", D1_posts;dur=143.0;desc=""D1:posts"", D1_all-tags;dur=25.0;desc=""D1:all-tags"", total;dur=168.0;desc=""total"""
2026-10-06T07:29:16Z,astro7,browser,/,200,MISS,remote-WAW,HAM,95.8,371.9,380.9,276.1,29897,9.0,271.0,0.0,167.0,167.0,4.0,6.0,"rt;dur=0;desc=""Runtime init"", render;dur=167;desc=""Page render"", mw;dur=167;desc=""Total middleware"", db.total;dur=271;desc=""DB total"", db.count;dur=9;desc=""Query count"", db.first;dur=0;desc=""First query at"", db.last;dur=167;desc=""Last query at"", cache.hit;dur=4;desc=""Cache hits"", cache.miss;dur=6;desc=""Cache misses"" | D1_layout;dur=87.0;desc=""D1:layout"", D1_posts;dur=143.0;desc=""D1:posts"", D1_all-tags;dur=24.0;desc=""D1:all-tags"", total;dur=167.0;desc=""total"" | cfEdge;dur=229,cfOrigin;dur=0"
2026-10-06T07:29:17Z,astro7,curl,/posts/architektura-emdash-typescript-astro,200,MISS,remote-WAW,HAM,259.6,859.3,861.4,599.7,32900,16.0,465.0,0.0,212.0,212.0,10.0,7.0,"rt;dur=0;desc=""Runtime init"", render;dur=212;desc=""Page render"", mw;dur=212;desc=""Total middleware"", db.total;dur=465;desc=""DB total"", db.count;dur=16;desc=""Query count"", db.first;dur=0;desc=""First query at"", db.last;dur=212;desc=""Last query at"", cache.hit;dur=10;desc=""Cache hits"", cache.miss;dur=7;desc=""Cache misses"" | D1_layout;dur=87.0;desc=""D1:layout"", D1_entry+recent;dur=134.0;desc=""D1:entry+recent"", D1_tags;dur=24.0;desc=""D1:tags"", total;dur=212.0;desc=""total"""
2026-10-06T07:29:18Z,astro7,browser,/posts/architektura-emdash-typescript-astro,200,MISS,remote-WAW,HAM,369.7,823.0,823.9,453.3,33263,16.0,481.0,0.0,221.0,221.0,10.0,7.0,"rt;dur=0;desc=""Runtime init"", render;dur=221;desc=""Page render"", mw;dur=221;desc=""Total middleware"", db.total;dur=481;desc=""DB total"", db.count;dur=16;desc=""Query count"", db.first;dur=0;desc=""First query at"", db.last;dur=221;desc=""Last query at"", cache.hit;dur=10;desc=""Cache hits"", cache.miss;dur=7;desc=""Cache misses"" | D1_layout;dur=80.0;desc=""D1:layout"", D1_entry+recent;dur=139.0;desc=""D1:entry+recent"", D1_tags;dur=24.0;desc=""D1:tags"", total;dur=221.0;desc=""total"" | cfEdge;dur=336,cfOrigin;dur=0"
2026-10-06T07:29:19Z,astro7,curl,/,200,MISS,remote-WAW,HAM,311.2,654.6,655.6,343.4,29526,9.0,232.0,0.0,144.0,144.0,4.0,6.0,"rt;dur=0;desc=""Runtime init"", render;dur=144;desc=""Page render"", mw;dur=144;desc=""Total middleware"", db.total;dur=232;desc=""DB total"", db.count;dur=9;desc=""Query count"", db.first;dur=0;desc=""First query at"", db.last;dur=144;desc=""Last query at"", cache.hit;dur=4;desc=""Cache hits"", cache.miss;dur=6;desc=""Cache misses"" | D1_layout;dur=66.0;desc=""D1:layout"", D1_posts;dur=113.0;desc=""D1:posts"", D1_all-tags;dur=31.0;desc=""D1:all-tags"", total;dur=144.0;desc=""total"""
2026-10-06T07:29:20Z,astro7,browser,/posts/,200,MISS,remote-WAW,HAM,478.5,992.0,994.1,513.5,37064,9.0,227.0,0.0,135.0,135.0,4.0,6.0,"rt;dur=0;desc=""Runtime init"", render;dur=135;desc=""Page render"", mw;dur=135;desc=""Total middleware"", db.total;dur=227;desc=""DB total"", db.count;dur=9;desc=""Query count"", db.first;dur=0;desc=""First query at"", db.last;dur=135;desc=""Last query at"", cache.hit;dur=4;desc=""Cache hits"", cache.miss;dur=6;desc=""Cache misses"" | D1_layout;dur=71.0;desc=""D1:layout"", D1_posts;dur=115.0;desc=""D1:posts"", D1_all-tags;dur=20.0;desc=""D1:all-tags"", total;dur=135.0;desc=""total"" | cfEdge;dur=320,cfOrigin;dur=0"
2026-10-06T07:29:21Z,astro7,curl,/category/technologia,200,MISS,remote-WAW,HAM,294.7,638.6,640.9,343.9,27897,11.0,264.0,0.0,124.0,124.0,4.0,6.0,"rt;dur=0;desc=""Runtime init"", render;dur=124;desc=""Page render"", mw;dur=124;desc=""Total middleware"", db.total;dur=264;desc=""DB total"", db.count;dur=11;desc=""Query count"", db.first;dur=0;desc=""First query at"", db.last;dur=124;desc=""Last query at"", cache.hit;dur=4;desc=""Cache hits"", cache.miss;dur=6;desc=""Cache misses"" | D1_layout;dur=62.0;desc=""D1:layout"", D1_term+posts;dur=124.0;desc=""D1:term+posts"", total;dur=124.0;desc=""total"""
2026-10-06T07:29:22Z,astro7,browser,/category/technologia,200,MISS,remote-WAW,HAM,464.8,809.9,818.3,345.1,28261,12.0,436.0,0.0,169.0,169.0,4.0,6.0,"rt;dur=0;desc=""Runtime init"", render;dur=169;desc=""Page render"", mw;dur=169;desc=""Total middleware"", db.total;dur=436;desc=""DB total"", db.count;dur=12;desc=""Query count"", db.first;dur=0;desc=""First query at"", db.last;dur=169;desc=""Last query at"", cache.hit;dur=4;desc=""Cache hits"", cache.miss;dur=6;desc=""Cache misses"" | D1_layout;dur=106.0;desc=""D1:layout"", D1_term+posts;dur=169.0;desc=""D1:term+posts"", total;dur=169.0;desc=""total"" | cfEdge;dur=285,cfOrigin;dur=0"
2026-10-06T07:29:23Z,astro7,curl,/posts/,200,MISS,remote-WAW,HAM,100.0,392.6,401.0,292.6,36705,10.0,281.0,0.0,144.0,144.0,4.0,6.0,"rt;dur=0;desc=""Runtime init"", render;dur=144;desc=""Page render"", mw;dur=144;desc=""Total middleware"", db.total;dur=281;desc=""DB total"", db.count;dur=10;desc=""Query count"", db.first;dur=0;desc=""First query at"", db.last;dur=144;desc=""Last query at"", cache.hit;dur=4;desc=""Cache hits"", cache.miss;dur=6;desc=""Cache misses"" | D1_layout;dur=73.0;desc=""D1:layout"", D1_posts;dur=120.0;desc=""D1:posts"", D1_all-tags;dur=24.0;desc=""D1:all-tags"", total;dur=144.0;desc=""total"""
2026-10-06T07:29:24Z,astro7,browser,/posts/architektura-emdash-typescript-astro,200,MISS,remote-WAW,HAM,164.4,560.5,565.0,396.1,33251,17.0,505.0,0.0,208.0,208.0,10.0,7.0,"rt;dur=0;desc=""Runtime init"", render;dur=208;desc=""Page render"", mw;dur=208;desc=""Total middleware"", db.total;dur=505;desc=""DB total"", db.count;dur=17;desc=""Query count"", db.first;dur=0;desc=""First query at"", db.last;dur=208;desc=""Last query at"", cache.hit;dur=10;desc=""Cache hits"", cache.miss;dur=7;desc=""Cache misses"" | D1_layout;dur=87.0;desc=""D1:layout"", D1_entry+recent;dur=128.0;desc=""D1:entry+recent"", D1_tags;dur=25.0;desc=""D1:tags"", total;dur=208.0;desc=""total"" | cfEdge;dur=342,cfOrigin;dur=0"
2026-10-06T07:29:25Z,astro7,curl,/posts/architektura-emdash-typescript-astro,200,MISS,remote-WAW,HAM,101.6,594.7,601.8,493.1,32892,15.0,591.0,0.0,333.0,333.0,10.0,7.0,"rt;dur=0;desc=""Runtime init"", render;dur=333;desc=""Page render"", mw;dur=333;desc=""Total middleware"", db.total;dur=591;desc=""DB total"", db.count;dur=15;desc=""Query count"", db.first;dur=0;desc=""First query at"", db.last;dur=333;desc=""Last query at"", cache.hit;dur=10;desc=""Cache hits"", cache.miss;dur=7;desc=""Cache misses"" | D1_layout;dur=90.0;desc=""D1:layout"", D1_entry+recent;dur=269.0;desc=""D1:entry+recent"", D1_tags;dur=20.0;desc=""D1:tags"", total;dur=333.0;desc=""total"""
2026-10-06T07:29:25Z,astro7,browser,/category/technologia,200,MISS,remote-WAW,HAM,159.9,450.6,461.7,290.7,28257,11.0,373.0,0.0,164.0,164.0,4.0,6.0,"rt;dur=0;desc=""Runtime init"", render;dur=164;desc=""Page render"", mw;dur=164;desc=""Total middleware"", db.total;dur=373;desc=""DB total"", db.count;dur=11;desc=""Query count"", db.first;dur=0;desc=""First query at"", db.last;dur=164;desc=""Last query at"", cache.hit;dur=4;desc=""Cache hits"", cache.miss;dur=6;desc=""Cache misses"" | D1_layout;dur=100.0;desc=""D1:layout"", D1_term+posts;dur=164.0;desc=""D1:term+posts"", total;dur=164.0;desc=""total"" | cfEdge;dur=240,cfOrigin;dur=0"
2026-10-06T07:29:26Z,astro7,browser,/,200,MISS,remote-WAW,HAM,96.6,359.0,367.5,262.4,29929,9.0,273.0,0.0,162.0,162.0,4.0,6.0,"rt;dur=0;desc=""Runtime init"", render;dur=162;desc=""Page render"", mw;dur=162;desc=""Total middleware"", db.total;dur=273;desc=""DB total"", db.count;dur=9;desc=""Query count"", db.first;dur=0;desc=""First query at"", db.last;dur=162;desc=""Last query at"", cache.hit;dur=4;desc=""Cache hits"", cache.miss;dur=6;desc=""Cache misses"" | D1_layout;dur=83.0;desc=""D1:layout"", D1_posts;dur=135.0;desc=""D1:posts"", D1_all-tags;dur=27.0;desc=""D1:all-tags"", total;dur=162.0;desc=""total"" | cfEdge;dur=219,cfOrigin;dur=0"
2026-10-06T07:29:27Z,astro7,curl,/category/technologia,200,MISS,remote-WAW,HAM,85.2,616.2,618.5,531.0,27893,11.0,475.0,0.0,295.0,295.0,4.0,6.0,"rt;dur=0;desc=""Runtime init"", render;dur=295;desc=""Page render"", mw;dur=295;desc=""Total middleware"", db.total;dur=475;desc=""DB total"", db.count;dur=11;desc=""Query count"", db.first;dur=0;desc=""First query at"", db.last;dur=295;desc=""Last query at"", cache.hit;dur=4;desc=""Cache hits"", cache.miss;dur=6;desc=""Cache misses"" | D1_layout;dur=87.0;desc=""D1:layout"", D1_term+posts;dur=295.0;desc=""D1:term+posts"", total;dur=295.0;desc=""total"""
2026-10-06T07:29:29Z,astro7,browser,/posts/,200,MISS,remote-WAW,HAM,1401.8,2020.7,2022.1,618.9,37080,9.0,425.0,0.0,344.0,344.0,4.0,6.0,"rt;dur=0;desc=""Runtime init"", render;dur=344;desc=""Page render"", mw;dur=344;desc=""Total middleware"", db.total;dur=425;desc=""DB total"", db.count;dur=9;desc=""Query count"", db.first;dur=0;desc=""First query at"", db.last;dur=344;desc=""Last query at"", cache.hit;dur=4;desc=""Cache hits"", cache.miss;dur=6;desc=""Cache misses"" | D1_layout;dur=58.0;desc=""D1:layout"", D1_posts;dur=325.0;desc=""D1:posts"", D1_all-tags;dur=19.0;desc=""D1:all-tags"", total;dur=344.0;desc=""total"" | cfEdge;dur=436,cfOrigin;dur=0"
2026-10-06T07:29:30Z,astro7,curl,/,200,MISS,remote-WAW,HAM,123.3,440.5,443.5,317.2,29530,9.0,308.0,0.0,182.0,182.0,4.0,6.0,"rt;dur=0;desc=""Runtime init"", render;dur=182;desc=""Page render"", mw;dur=182;desc=""Total middleware"", db.total;dur=308;desc=""DB total"", db.count;dur=9;desc=""Query count"", db.first;dur=0;desc=""First query at"", db.last;dur=182;desc=""Last query at"", cache.hit;dur=4;desc=""Cache hits"", cache.miss;dur=6;desc=""Cache misses"" | D1_layout;dur=91.0;desc=""D1:layout"", D1_posts;dur=151.0;desc=""D1:posts"", D1_all-tags;dur=31.0;desc=""D1:all-tags"", total;dur=182.0;desc=""total"""
2026-10-06T07:29:32Z,astro7,browser,/,200,MISS,remote-WAW,HAM,1453.9,1851.4,1972.2,397.5,29905,9.0,271.0,0.0,158.0,158.0,4.0,6.0,"rt;dur=0;desc=""Runtime init"", render;dur=158;desc=""Page render"", mw;dur=158;desc=""Total middleware"", db.total;dur=271;desc=""DB total"", db.count;dur=9;desc=""Query count"", db.first;dur=0;desc=""First query at"", db.last;dur=158;desc=""Last query at"", cache.hit;dur=4;desc=""Cache hits"", cache.miss;dur=6;desc=""Cache misses"" | D1_layout;dur=80.0;desc=""D1:layout"", D1_posts;dur=126.0;desc=""D1:posts"", D1_all-tags;dur=32.0;desc=""D1:all-tags"", total;dur=158.0;desc=""total"" | cfEdge;dur=308,cfOrigin;dur=0"
2026-10-06T07:29:33Z,astro7,browser,/category/technologia,200,MISS,remote-WAW,HAM,173.8,458.5,464.5,284.7,28252,11.0,282.0,0.0,144.0,144.0,4.0,6.0,"rt;dur=0;desc=""Runtime init"", render;dur=144;desc=""Page render"", mw;dur=144;desc=""Total middleware"", db.total;dur=282;desc=""DB total"", db.count;dur=11;desc=""Query count"", db.first;dur=0;desc=""First query at"", db.last;dur=144;desc=""Last query at"", cache.hit;dur=4;desc=""Cache hits"", cache.miss;dur=6;desc=""Cache misses"" | D1_layout;dur=68.0;desc=""D1:layout"", D1_term+posts;dur=144.0;desc=""D1:term+posts"", total;dur=144.0;desc=""total"" | cfEdge;dur=233,cfOrigin;dur=0"
2026-10-06T07:29:33Z,astro7,curl,/posts/,200,MISS,remote-WAW,HAM,188.6,530.7,548.7,342.1,36717,9.0,308.0,0.0,198.0,198.0,4.0,6.0,"rt;dur=0;desc=""Runtime init"", render;dur=198;desc=""Page render"", mw;dur=198;desc=""Total middleware"", db.total;dur=308;desc=""DB total"", db.count;dur=9;desc=""Query count"", db.first;dur=0;desc=""First query at"", db.last;dur=198;desc=""Last query at"", cache.hit;dur=4;desc=""Cache hits"", cache.miss;dur=6;desc=""Cache misses"" | D1_layout;dur=78.0;desc=""D1:layout"", D1_posts;dur=178.0;desc=""D1:posts"", D1_all-tags;dur=20.0;desc=""D1:all-tags"", total;dur=198.0;desc=""total"""
2026-10-06T07:29:34Z,astro7,browser,/posts/architektura-emdash-typescript-astro,200,MISS,remote-WAW,HAM,104.3,458.7,618.7,354.4,33279,16.0,506.0,0.0,225.0,225.0,10.0,7.0,"rt;dur=0;desc=""Runtime init"", render;dur=225;desc=""Page render"", mw;dur=225;desc=""Total middleware"", db.total;dur=506;desc=""DB total"", db.count;dur=16;desc=""Query count"", db.first;dur=0;desc=""First query at"", db.last;dur=225;desc=""Last query at"", cache.hit;dur=10;desc=""Cache hits"", cache.miss;dur=7;desc=""Cache misses"" | D1_layout;dur=91.0;desc=""D1:layout"", D1_entry+recent;dur=149.0;desc=""D1:entry+recent"", D1_tags;dur=24.0;desc=""D1:tags"", total;dur=225.0;desc=""total"" | cfEdge;dur=296,cfOrigin;dur=0"
2026-10-06T07:29:35Z,astro7,browser,/posts/,200,MISS,remote-WAW,HAM,162.7,592.3,593.2,429.6,37072,9.0,286.0,0.0,169.0,169.0,4.0,6.0,"rt;dur=0;desc=""Runtime init"", render;dur=169;desc=""Page render"", mw;dur=169;desc=""Total middleware"", db.total;dur=286;desc=""DB total"", db.count;dur=9;desc=""Query count"", db.first;dur=0;desc=""First query at"", db.last;dur=169;desc=""Last query at"", cache.hit;dur=4;desc=""Cache hits"", cache.miss;dur=6;desc=""Cache misses"" | D1_layout;dur=88.0;desc=""D1:layout"", D1_posts;dur=138.0;desc=""D1:posts"", D1_all-tags;dur=31.0;desc=""D1:all-tags"", total;dur=169.0;desc=""total"" | cfEdge;dur=233,cfOrigin;dur=0"
2026-10-06T07:29:36Z,astro7,curl,/,200,MISS,remote-WAW,HAM,309.4,830.6,831.1,521.2,29538,9.0,252.0,0.0,160.0,160.0,4.0,6.0,"rt;dur=0;desc=""Runtime init"", render;dur=160;desc=""Page render"", mw;dur=160;desc=""Total middleware"", db.total;dur=252;desc=""DB total"", db.count;dur=9;desc=""Query count"", db.first;dur=0;desc=""First query at"", db.last;dur=160;desc=""Last query at"", cache.hit;dur=4;desc=""Cache hits"", cache.miss;dur=6;desc=""Cache misses"" | D1_layout;dur=68.0;desc=""D1:layout"", D1_posts;dur=136.0;desc=""D1:posts"", D1_all-tags;dur=24.0;desc=""D1:all-tags"", total;dur=160.0;desc=""total"""
2026-10-06T07:29:37Z,astro7,curl,/category/technologia,200,MISS,remote-WAW,HAM,366.8,645.0,667.1,278.2,27881,11.0,278.0,0.0,119.0,119.0,4.0,6.0,"rt;dur=0;desc=""Runtime init"", render;dur=119;desc=""Page render"", mw;dur=119;desc=""Total middleware"", db.total;dur=278;desc=""DB total"", db.count;dur=11;desc=""Query count"", db.first;dur=0;desc=""First query at"", db.last;dur=119;desc=""Last query at"", cache.hit;dur=4;desc=""Cache hits"", cache.miss;dur=6;desc=""Cache misses"" | D1_layout;dur=77.0;desc=""D1:layout"", D1_term+posts;dur=119.0;desc=""D1:term+posts"", total;dur=119.0;desc=""total"""
2026-10-06T07:29:38Z,astro7,curl,/posts/architektura-emdash-typescript-astro,200,MISS,remote-WAW,HAM,257.2,609.7,619.2,352.5,32884,16.0,510.0,0.0,231.0,231.0,10.0,7.0,"rt;dur=0;desc=""Runtime init"", render;dur=231;desc=""Page render"", mw;dur=231;desc=""Total middleware"", db.total;dur=510;desc=""DB total"", db.count;dur=16;desc=""Query count"", db.first;dur=0;desc=""First query at"", db.last;dur=231;desc=""Last query at"", cache.hit;dur=10;desc=""Cache hits"", cache.miss;dur=7;desc=""Cache misses"" | D1_layout;dur=91.0;desc=""D1:layout"", D1_entry+recent;dur=145.0;desc=""D1:entry+recent"", D1_tags;dur=26.0;desc=""D1:tags"", total;dur=231.0;desc=""total"""
2026-10-06T07:29:39Z,astro7,curl,/,200,MISS,remote-WAW,HAM,337.7,608.1,629.3,270.4,29530,9.0,227.0,0.0,130.0,130.0,4.0,6.0,"rt;dur=0;desc=""Runtime init"", render;dur=130;desc=""Page render"", mw;dur=130;desc=""Total middleware"", db.total;dur=227;desc=""DB total"", db.count;dur=9;desc=""Query count"", db.first;dur=0;desc=""First query at"", db.last;dur=130;desc=""Last query at"", cache.hit;dur=4;desc=""Cache hits"", cache.miss;dur=6;desc=""Cache misses"" | D1_layout;dur=71.0;desc=""D1:layout"", D1_posts;dur=110.0;desc=""D1:posts"", D1_all-tags;dur=20.0;desc=""D1:all-tags"", total;dur=130.0;desc=""total"""
2026-10-06T07:29:40Z,astro7,browser,/,200,MISS,remote-WAW,HAM,301.7,646.3,647.0,344.6,29910,9.0,286.0,0.0,174.0,174.0,4.0,6.0,"rt;dur=0;desc=""Runtime init"", render;dur=174;desc=""Page render"", mw;dur=174;desc=""Total middleware"", db.total;dur=286;desc=""DB total"", db.count;dur=9;desc=""Query count"", db.first;dur=0;desc=""First query at"", db.last;dur=174;desc=""Last query at"", cache.hit;dur=4;desc=""Cache hits"", cache.miss;dur=6;desc=""Cache misses"" | D1_layout;dur=102.0;desc=""D1:layout"", D1_posts;dur=150.0;desc=""D1:posts"", D1_all-tags;dur=24.0;desc=""D1:all-tags"", total;dur=174.0;desc=""total"" | cfEdge;dur=241,cfOrigin;dur=0"
2026-10-06T07:29:41Z,astro7,browser,/posts/,200,MISS,remote-WAW,HAM,105.7,633.1,636.6,527.4,37080,9.0,473.0,0.0,347.0,347.0,4.0,6.0,"rt;dur=0;desc=""Runtime init"", render;dur=347;desc=""Page render"", mw;dur=347;desc=""Total middleware"", db.total;dur=473;desc=""DB total"", db.count;dur=9;desc=""Query count"", db.first;dur=0;desc=""First query at"", db.last;dur=347;desc=""Last query at"", cache.hit;dur=4;desc=""Cache hits"", cache.miss;dur=6;desc=""Cache misses"" | D1_layout;dur=93.0;desc=""D1:layout"", D1_posts;dur=317.0;desc=""D1:posts"", D1_all-tags;dur=30.0;desc=""D1:all-tags"", total;dur=347.0;desc=""total"" | cfEdge;dur=442,cfOrigin;dur=0"
2026-10-06T07:29:41Z,astro7,browser,/posts/architektura-emdash-typescript-astro,200,MISS,remote-WAW,HAM,150.5,513.1,526.7,362.6,33247,16.0,360.0,0.0,177.0,177.0,10.0,7.0,"rt;dur=0;desc=""Runtime init"", render;dur=177;desc=""Page render"", mw;dur=177;desc=""Total middleware"", db.total;dur=360;desc=""DB total"", db.count;dur=16;desc=""Query count"", db.first;dur=0;desc=""First query at"", db.last;dur=177;desc=""Last query at"", cache.hit;dur=10;desc=""Cache hits"", cache.miss;dur=7;desc=""Cache misses"" | D1_layout;dur=58.0;desc=""D1:layout"", D1_entry+recent;dur=111.0;desc=""D1:entry+recent"", D1_tags;dur=20.0;desc=""D1:tags"", total;dur=177.0;desc=""total"" | cfEdge;dur=298,cfOrigin;dur=0"
2026-10-06T07:29:42Z,astro7,curl,/category/technologia,200,MISS,remote-WAW,HAM,351.5,834.5,856.4,483.0,27889,11.0,275.0,0.0,132.0,132.0,4.0,6.0,"rt;dur=0;desc=""Runtime init"", render;dur=132;desc=""Page render"", mw;dur=132;desc=""Total middleware"", db.total;dur=275;desc=""DB total"", db.count;dur=11;desc=""Query count"", db.first;dur=0;desc=""First query at"", db.last;dur=132;desc=""Last query at"", cache.hit;dur=4;desc=""Cache hits"", cache.miss;dur=6;desc=""Cache misses"" | D1_layout;dur=74.0;desc=""D1:layout"", D1_term+posts;dur=132.0;desc=""D1:term+posts"", total;dur=132.0;desc=""total"""
2026-10-06T07:29:43Z,astro7,browser,/category/technologia,200,MISS,remote-WAW,HAM,183.6,469.7,472.6,286.1,28272,11.0,289.0,0.0,126.0,126.0,4.0,6.0,"rt;dur=0;desc=""Runtime init"", render;dur=126;desc=""Page render"", mw;dur=126;desc=""Total middleware"", db.total;dur=289;desc=""DB total"", db.count;dur=11;desc=""Query count"", db.first;dur=0;desc=""First query at"", db.last;dur=126;desc=""Last query at"", cache.hit;dur=4;desc=""Cache hits"", cache.miss;dur=6;desc=""Cache misses"" | D1_layout;dur=77.0;desc=""D1:layout"", D1_term+posts;dur=126.0;desc=""D1:term+posts"", total;dur=126.0;desc=""total"" | cfEdge;dur=239,cfOrigin;dur=0"
2026-10-06T07:29:44Z,astro7,curl,/posts/,200,MISS,remote-WAW,HAM,127.7,410.4,420.1,282.7,36697,9.0,233.0,0.0,134.0,134.0,4.0,6.0,"rt;dur=0;desc=""Runtime init"", render;dur=134;desc=""Page render"", mw;dur=134;desc=""Total middleware"", db.total;dur=233;desc=""DB total"", db.count;dur=9;desc=""Query count"", db.first;dur=0;desc=""First query at"", db.last;dur=134;desc=""Last query at"", cache.hit;dur=4;desc=""Cache hits"", cache.miss;dur=6;desc=""Cache misses"" | D1_layout;dur=71.0;desc=""D1:layout"", D1_posts;dur=115.0;desc=""D1:posts"", D1_all-tags;dur=19.0;desc=""D1:all-tags"", total;dur=134.0;desc=""total"""
2026-10-06T07:29:45Z,astro7,curl,/posts/architektura-emdash-typescript-astro,200,MISS,remote-WAW,HAM,100.4,815.8,817.9,715.4,32888,16.0,456.0,0.0,202.0,202.0,10.0,7.0,"rt;dur=0;desc=""Runtime init"", render;dur=202;desc=""Page render"", mw;dur=202;desc=""Total middleware"", db.total;dur=456;desc=""DB total"", db.count;dur=16;desc=""Query count"", db.first;dur=0;desc=""First query at"", db.last;dur=202;desc=""Last query at"", cache.hit;dur=10;desc=""Cache hits"", cache.miss;dur=7;desc=""Cache misses"" | D1_layout;dur=71.0;desc=""D1:layout"", D1_entry+recent;dur=122.0;desc=""D1:entry+recent"", D1_tags;dur=24.0;desc=""D1:tags"", total;dur=202.0;desc=""total"""
2026-10-06T07:29:45Z,astro7,curl,/category/technologia,200,MISS,remote-WAW,HAM,117.3,404.0,410.4,286.7,27897,11.0,306.0,0.0,134.0,134.0,4.0,6.0,"rt;dur=0;desc=""Runtime init"", render;dur=134;desc=""Page render"", mw;dur=134;desc=""Total middleware"", db.total;dur=306;desc=""DB total"", db.count;dur=11;desc=""Query count"", db.first;dur=0;desc=""First query at"", db.last;dur=134;desc=""Last query at"", cache.hit;dur=4;desc=""Cache hits"", cache.miss;dur=6;desc=""Cache misses"" | D1_layout;dur=88.0;desc=""D1:layout"", D1_term+posts;dur=134.0;desc=""D1:term+posts"", total;dur=134.0;desc=""total"""
2026-10-06T07:29:46Z,astro7,browser,/posts/architektura-emdash-typescript-astro,200,MISS,remote-WAW,HAM,108.8,618.1,618.8,509.3,33271,16.0,395.0,0.0,187.0,187.0,10.0,7.0,"rt;dur=0;desc=""Runtime init"", render;dur=187;desc=""Page render"", mw;dur=187;desc=""Total middleware"", db.total;dur=395;desc=""DB total"", db.count;dur=16;desc=""Query count"", db.first;dur=0;desc=""First query at"", db.last;dur=187;desc=""Last query at"", cache.hit;dur=10;desc=""Cache hits"", cache.miss;dur=7;desc=""Cache misses"" | D1_layout;dur=73.0;desc=""D1:layout"", D1_entry+recent;dur=118.0;desc=""D1:entry+recent"", D1_tags;dur=26.0;desc=""D1:tags"", total;dur=187.0;desc=""total"" | cfEdge;dur=301,cfOrigin;dur=0"
2026-10-06T07:29:47Z,astro7,browser,/category/technologia,200,MISS,remote-WAW,HAM,104.8,462.7,465.5,357.9,28252,11.0,269.0,0.0,135.0,135.0,4.0,6.0,"rt;dur=0;desc=""Runtime init"", render;dur=135;desc=""Page render"", mw;dur=135;desc=""Total middleware"", db.total;dur=269;desc=""DB total"", db.count;dur=11;desc=""Query count"", db.first;dur=0;desc=""First query at"", db.last;dur=135;desc=""Last query at"", cache.hit;dur=4;desc=""Cache hits"", cache.miss;dur=6;desc=""Cache misses"" | D1_layout;dur=65.0;desc=""D1:layout"", D1_term+posts;dur=135.0;desc=""D1:term+posts"", total;dur=135.0;desc=""total"" | cfEdge;dur=228,cfOrigin;dur=0"
2026-10-06T07:29:48Z,astro7,curl,/posts/architektura-emdash-typescript-astro,200,MISS,remote-WAW,HAM,98.5,444.2,458.1,345.7,32888,16.0,496.0,0.0,226.0,226.0,10.0,7.0,"rt;dur=0;desc=""Runtime init"", render;dur=226;desc=""Page render"", mw;dur=226;desc=""Total middleware"", db.total;dur=496;desc=""DB total"", db.count;dur=16;desc=""Query count"", db.first;dur=0;desc=""First query at"", db.last;dur=226;desc=""Last query at"", cache.hit;dur=10;desc=""Cache hits"", cache.miss;dur=7;desc=""Cache misses"" | D1_layout;dur=90.0;desc=""D1:layout"", D1_entry+recent;dur=141.0;desc=""D1:entry+recent"", D1_tags;dur=26.0;desc=""D1:tags"", total;dur=226.0;desc=""total"""
2026-10-06T07:29:49Z,astro7,browser,/,200,MISS,remote-WAW,HAM,144.4,665.6,666.4,521.2,29913,9.0,227.0,0.0,135.0,135.0,4.0,6.0,"rt;dur=0;desc=""Runtime init"", render;dur=135;desc=""Page render"", mw;dur=135;desc=""Total middleware"", db.total;dur=227;desc=""DB total"", db.count;dur=9;desc=""Query count"", db.first;dur=0;desc=""First query at"", db.last;dur=135;desc=""Last query at"", cache.hit;dur=4;desc=""Cache hits"", cache.miss;dur=6;desc=""Cache misses"" | D1_layout;dur=72.0;desc=""D1:layout"", D1_posts;dur=114.0;desc=""D1:posts"", D1_all-tags;dur=21.0;desc=""D1:all-tags"", total;dur=135.0;desc=""total"" | cfEdge;dur=243,cfOrigin;dur=0"
2026-10-06T07:29:49Z,astro7,curl,/posts/,200,MISS,remote-WAW,HAM,101.8,399.6,417.7,297.8,36697,9.0,262.0,0.0,154.0,154.0,4.0,6.0,"rt;dur=0;desc=""Runtime init"", render;dur=154;desc=""Page render"", mw;dur=154;desc=""Total middleware"", db.total;dur=262;desc=""DB total"", db.count;dur=9;desc=""Query count"", db.first;dur=0;desc=""First query at"", db.last;dur=154;desc=""Last query at"", cache.hit;dur=4;desc=""Cache hits"", cache.miss;dur=6;desc=""Cache misses"" | D1_layout;dur=80.0;desc=""D1:layout"", D1_posts;dur=131.0;desc=""D1:posts"", D1_all-tags;dur=23.0;desc=""D1:all-tags"", total;dur=154.0;desc=""total"""
2026-10-06T07:29:50Z,astro7,browser,/posts/,200,MISS,remote-WAW,HAM,463.6,941.8,988.7,478.2,37068,9.0,505.0,0.0,366.0,366.0,4.0,6.0,"rt;dur=0;desc=""Runtime init"", render;dur=366;desc=""Page render"", mw;dur=366;desc=""Total middleware"", db.total;dur=505;desc=""DB total"", db.count;dur=9;desc=""Query count"", db.first;dur=0;desc=""First query at"", db.last;dur=366;desc=""Last query at"", cache.hit;dur=4;desc=""Cache hits"", cache.miss;dur=6;desc=""Cache misses"" | D1_layout;dur=99.0;desc=""D1:layout"", D1_posts;dur=337.0;desc=""D1:posts"", D1_all-tags;dur=29.0;desc=""D1:all-tags"", total;dur=366.0;desc=""total"" | cfEdge;dur=429,cfOrigin;dur=0"
2026-10-06T07:29:51Z,astro7,curl,/,200,MISS,remote-WAW,HAM,356.6,698.5,699.0,341.9,29542,9.0,260.0,0.0,149.0,149.0,4.0,6.0,"rt;dur=0;desc=""Runtime init"", render;dur=149;desc=""Page render"", mw;dur=149;desc=""Total middleware"", db.total;dur=260;desc=""DB total"", db.count;dur=9;desc=""Query count"", db.first;dur=0;desc=""First query at"", db.last;dur=149;desc=""Last query at"", cache.hit;dur=4;desc=""Cache hits"", cache.miss;dur=6;desc=""Cache misses"" | D1_layout;dur=78.0;desc=""D1:layout"", D1_posts;dur=121.0;desc=""D1:posts"", D1_all-tags;dur=28.0;desc=""D1:all-tags"", total;dur=149.0;desc=""total"""
2026-10-06T07:29:52Z,astro7,curl,/category/technologia,200,MISS,remote-WAW,HAM,318.9,652.9,655.9,334.0,27885,11.0,215.0,0.0,106.0,106.0,4.0,6.0,"rt;dur=0;desc=""Runtime init"", render;dur=106;desc=""Page render"", mw;dur=106;desc=""Total middleware"", db.total;dur=215;desc=""DB total"", db.count;dur=11;desc=""Query count"", db.first;dur=0;desc=""First query at"", db.last;dur=106;desc=""Last query at"", cache.hit;dur=4;desc=""Cache hits"", cache.miss;dur=6;desc=""Cache misses"" | D1_layout;dur=52.0;desc=""D1:layout"", D1_term+posts;dur=106.0;desc=""D1:term+posts"", total;dur=106.0;desc=""total"""
2026-10-06T07:29:53Z,astro7,curl,/,200,MISS,remote-WAW,HAM,476.4,845.9,846.8,369.5,29530,10.0,277.0,0.0,145.0,145.0,4.0,6.0,"rt;dur=0;desc=""Runtime init"", render;dur=145;desc=""Page render"", mw;dur=145;desc=""Total middleware"", db.total;dur=277;desc=""DB total"", db.count;dur=10;desc=""Query count"", db.first;dur=0;desc=""First query at"", db.last;dur=145;desc=""Last query at"", cache.hit;dur=4;desc=""Cache hits"", cache.miss;dur=6;desc=""Cache misses"" | D1_layout;dur=73.0;desc=""D1:layout"", D1_posts;dur=123.0;desc=""D1:posts"", D1_all-tags;dur=22.0;desc=""D1:all-tags"", total;dur=145.0;desc=""total"""
2026-10-06T07:29:54Z,astro7,browser,/,200,MISS,remote-WAW,HAM,134.1,618.9,632.4,484.8,29913,9.0,440.0,0.0,339.0,339.0,4.0,6.0,"rt;dur=0;desc=""Runtime init"", render;dur=339;desc=""Page render"", mw;dur=339;desc=""Total middleware"", db.total;dur=440;desc=""DB total"", db.count;dur=9;desc=""Query count"", db.first;dur=0;desc=""First query at"", db.last;dur=339;desc=""Last query at"", cache.hit;dur=4;desc=""Cache hits"", cache.miss;dur=6;desc=""Cache misses"" | D1_layout;dur=70.0;desc=""D1:layout"", D1_posts;dur=315.0;desc=""D1:posts"", D1_all-tags;dur=24.0;desc=""D1:all-tags"", total;dur=339.0;desc=""total"" | cfEdge;dur=426,cfOrigin;dur=0"
2026-10-06T07:29:55Z,astro7,browser,/posts/architektura-emdash-typescript-astro,200,MISS,remote-WAW,HAM,227.4,798.2,799.0,570.8,33271,16.0,453.0,0.0,198.0,198.0,10.0,7.0,"rt;dur=0;desc=""Runtime init"", render;dur=198;desc=""Page render"", mw;dur=198;desc=""Total middleware"", db.total;dur=453;desc=""DB total"", db.count;dur=16;desc=""Query count"", db.first;dur=0;desc=""First query at"", db.last;dur=198;desc=""Last query at"", cache.hit;dur=10;desc=""Cache hits"", cache.miss;dur=7;desc=""Cache misses"" | D1_layout;dur=79.0;desc=""D1:layout"", D1_entry+recent;dur=124.0;desc=""D1:entry+recent"", D1_tags;dur=25.0;desc=""D1:tags"", total;dur=198.0;desc=""total"" | cfEdge;dur=314,cfOrigin;dur=0"
2026-10-06T07:29:56Z,astro7,curl,/posts/,200,MISS,remote-WAW,HAM,120.9,446.2,447.0,325.3,36705,10.0,311.0,0.0,157.0,157.0,4.0,6.0,"rt;dur=0;desc=""Runtime init"", render;dur=157;desc=""Page render"", mw;dur=157;desc=""Total middleware"", db.total;dur=311;desc=""DB total"", db.count;dur=10;desc=""Query count"", db.first;dur=0;desc=""First query at"", db.last;dur=157;desc=""Last query at"", cache.hit;dur=4;desc=""Cache hits"", cache.miss;dur=6;desc=""Cache misses"" | D1_layout;dur=84.0;desc=""D1:layout"", D1_posts;dur=133.0;desc=""D1:posts"", D1_all-tags;dur=24.0;desc=""D1:all-tags"", total;dur=157.0;desc=""total"""
2026-10-06T07:29:57Z,astro7,browser,/posts/,200,MISS,remote-WAW,HAM,102.5,390.9,394.7,288.4,37076,9.0,286.0,0.0,166.0,166.0,4.0,6.0,"rt;dur=0;desc=""Runtime init"", render;dur=166;desc=""Page render"", mw;dur=166;desc=""Total middleware"", db.total;dur=286;desc=""DB total"", db.count;dur=9;desc=""Query count"", db.first;dur=0;desc=""First query at"", db.last;dur=166;desc=""Last query at"", cache.hit;dur=4;desc=""Cache hits"", cache.miss;dur=6;desc=""Cache misses"" | D1_layout;dur=88.0;desc=""D1:layout"", D1_posts;dur=137.0;desc=""D1:posts"", D1_all-tags;dur=29.0;desc=""D1:all-tags"", total;dur=166.0;desc=""total"" | cfEdge;dur=225,cfOrigin;dur=0"
2026-10-06T07:29:57Z,astro7,curl,/posts/architektura-emdash-typescript-astro,200,MISS,remote-WAW,HAM,183.7,548.6,557.8,364.9,32892,16.0,497.0,0.0,213.0,213.0,10.0,7.0,"rt;dur=0;desc=""Runtime init"", render;dur=213;desc=""Page render"", mw;dur=213;desc=""Total middleware"", db.total;dur=497;desc=""DB total"", db.count;dur=16;desc=""Query count"", db.first;dur=0;desc=""First query at"", db.last;dur=213;desc=""Last query at"", cache.hit;dur=10;desc=""Cache hits"", cache.miss;dur=7;desc=""Cache misses"" | D1_layout;dur=95.0;desc=""D1:layout"", D1_entry+recent;dur=141.0;desc=""D1:entry+recent"", D1_tags;dur=25.0;desc=""D1:tags"", total;dur=213.0;desc=""total"""
2026-10-06T07:29:59Z,astro7,browser,/category/technologia,200,MISS,remote-WAW,HAM,1113.9,1516.6,1517.3,402.7,28252,11.0,280.0,0.0,128.0,128.0,4.0,6.0,"rt;dur=0;desc=""Runtime init"", render;dur=128;desc=""Page render"", mw;dur=128;desc=""Total middleware"", db.total;dur=280;desc=""DB total"", db.count;dur=11;desc=""Query count"", db.first;dur=0;desc=""First query at"", db.last;dur=128;desc=""Last query at"", cache.hit;dur=4;desc=""Cache hits"", cache.miss;dur=6;desc=""Cache misses"" | D1_layout;dur=65.0;desc=""D1:layout"", D1_term+posts;dur=128.0;desc=""D1:term+posts"", total;dur=128.0;desc=""total"" | cfEdge;dur=228,cfOrigin;dur=0"
2026-10-06T07:30:00Z,astro7,browser,/category/technologia,200,MISS,remote-WAW,HAM,117.4,406.8,417.2,289.4,28256,11.0,336.0,0.0,151.0,151.0,4.0,6.0,"rt;dur=0;desc=""Runtime init"", render;dur=151;desc=""Page render"", mw;dur=151;desc=""Total middleware"", db.total;dur=336;desc=""DB total"", db.count;dur=11;desc=""Query count"", db.first;dur=0;desc=""First query at"", db.last;dur=151;desc=""Last query at"", cache.hit;dur=4;desc=""Cache hits"", cache.miss;dur=6;desc=""Cache misses"" | D1_layout;dur=91.0;desc=""D1:layout"", D1_term+posts;dur=151.0;desc=""D1:term+posts"", total;dur=151.0;desc=""total"" | cfEdge;dur=226,cfOrigin;dur=0"
2026-10-06T07:30:00Z,astro7,curl,/category/technologia,200,MISS,remote-WAW,HAM,206.2,486.6,495.9,280.4,27901,11.0,257.0,0.0,125.0,125.0,4.0,6.0,"rt;dur=0;desc=""Runtime init"", render;dur=125;desc=""Page render"", mw;dur=125;desc=""Total middleware"", db.total;dur=257;desc=""DB total"", db.count;dur=11;desc=""Query count"", db.first;dur=0;desc=""First query at"", db.last;dur=125;desc=""Last query at"", cache.hit;dur=4;desc=""Cache hits"", cache.miss;dur=6;desc=""Cache misses"" | D1_layout;dur=67.0;desc=""D1:layout"", D1_term+posts;dur=125.0;desc=""D1:term+posts"", total;dur=125.0;desc=""total"""
2026-10-06T07:30:01Z,astro7,browser,/posts/architektura-emdash-typescript-astro,200,MISS,remote-WAW,HAM,121.1,605.9,607.0,484.8,33259,17.0,471.0,0.0,196.0,196.0,10.0,7.0,"rt;dur=0;desc=""Runtime init"", render;dur=196;desc=""Page render"", mw;dur=196;desc=""Total middleware"", db.total;dur=471;desc=""DB total"", db.count;dur=17;desc=""Query count"", db.first;dur=0;desc=""First query at"", db.last;dur=196;desc=""Last query at"", cache.hit;dur=10;desc=""Cache hits"", cache.miss;dur=7;desc=""Cache misses"" | D1_layout;dur=80.0;desc=""D1:layout"", D1_entry+recent;dur=122.0;desc=""D1:entry+recent"", D1_tags;dur=21.0;desc=""D1:tags"", total;dur=196.0;desc=""total"" | cfEdge;dur=310,cfOrigin;dur=0"
2026-10-06T07:30:02Z,astro7,browser,/,200,MISS,remote-WAW,HAM,161.6,543.2,638.6,381.6,29910,9.0,395.0,0.0,226.0,226.0,4.0,6.0,"rt;dur=0;desc=""Runtime init"", render;dur=226;desc=""Page render"", mw;dur=226;desc=""Total middleware"", db.total;dur=395;desc=""DB total"", db.count;dur=9;desc=""Query count"", db.first;dur=0;desc=""First query at"", db.last;dur=226;desc=""Last query at"", cache.hit;dur=4;desc=""Cache hits"", cache.miss;dur=6;desc=""Cache misses"" | D1_layout;dur=122.0;desc=""D1:layout"", D1_posts;dur=203.0;desc=""D1:posts"", D1_all-tags;dur=23.0;desc=""D1:all-tags"", total;dur=226.0;desc=""total"" | cfEdge;dur=321,cfOrigin;dur=0"
2026-10-06T07:30:03Z,astro7,browser,/posts/,200,MISS,remote-WAW,HAM,96.5,385.6,394.8,289.1,37072,9.0,266.0,0.0,151.0,151.0,4.0,6.0,"rt;dur=0;desc=""Runtime init"", render;dur=151;desc=""Page render"", mw;dur=151;desc=""Total middleware"", db.total;dur=266;desc=""DB total"", db.count;dur=9;desc=""Query count"", db.first;dur=0;desc=""First query at"", db.last;dur=151;desc=""Last query at"", cache.hit;dur=4;desc=""Cache hits"", cache.miss;dur=6;desc=""Cache misses"" | D1_layout;dur=66.0;desc=""D1:layout"", D1_posts;dur=129.0;desc=""D1:posts"", D1_all-tags;dur=22.0;desc=""D1:all-tags"", total;dur=151.0;desc=""total"" | cfEdge;dur=240,cfOrigin;dur=0"
2026-10-06T07:30:04Z,astro7,curl,/,200,MISS,remote-WAW,HAM,159.2,458.3,465.7,299.1,29534,9.0,291.0,0.0,173.0,173.0,4.0,6.0,"rt;dur=0;desc=""Runtime init"", render;dur=173;desc=""Page render"", mw;dur=173;desc=""Total middleware"", db.total;dur=291;desc=""DB total"", db.count;dur=9;desc=""Query count"", db.first;dur=0;desc=""First query at"", db.last;dur=173;desc=""Last query at"", cache.hit;dur=4;desc=""Cache hits"", cache.miss;dur=6;desc=""Cache misses"" | D1_layout;dur=84.0;desc=""D1:layout"", D1_posts;dur=146.0;desc=""D1:posts"", D1_all-tags;dur=27.0;desc=""D1:all-tags"", total;dur=173.0;desc=""total"""
2026-10-06T07:30:04Z,astro7,curl,/posts/architektura-emdash-typescript-astro,200,MISS,remote-WAW,HAM,106.0,503.4,504.9,397.4,32908,16.0,433.0,0.0,203.0,203.0,10.0,7.0,"rt;dur=0;desc=""Runtime init"", render;dur=203;desc=""Page render"", mw;dur=203;desc=""Total middleware"", db.total;dur=433;desc=""DB total"", db.count;dur=16;desc=""Query count"", db.first;dur=0;desc=""First query at"", db.last;dur=203;desc=""Last query at"", cache.hit;dur=10;desc=""Cache hits"", cache.miss;dur=7;desc=""Cache misses"" | D1_layout;dur=80.0;desc=""D1:layout"", D1_entry+recent;dur=131.0;desc=""D1:entry+recent"", D1_tags;dur=24.0;desc=""D1:tags"", total;dur=203.0;desc=""total"""
2026-10-06T07:30:05Z,astro7,curl,/posts/,200,MISS,remote-WAW,HAM,109.0,393.6,404.1,284.6,36721,9.0,229.0,0.0,150.0,150.0,4.0,6.0,"rt;dur=0;desc=""Runtime init"", render;dur=150;desc=""Page render"", mw;dur=150;desc=""Total middleware"", db.total;dur=229;desc=""DB total"", db.count;dur=9;desc=""Query count"", db.first;dur=0;desc=""First query at"", db.last;dur=150;desc=""Last query at"", cache.hit;dur=4;desc=""Cache hits"", cache.miss;dur=6;desc=""Cache misses"" | D1_layout;dur=79.0;desc=""D1:layout"", D1_posts;dur=127.0;desc=""D1:posts"", D1_all-tags;dur=23.0;desc=""D1:all-tags"", total;dur=150.0;desc=""total"""
2026-10-06T07:30:06Z,astro7,curl,/posts/,200,MISS,remote-WAW,HAM,365.5,710.4,711.1,344.9,36705,9.0,297.0,0.0,175.0,175.0,4.0,6.0,"rt;dur=0;desc=""Runtime init"", render;dur=175;desc=""Page render"", mw;dur=175;desc=""Total middleware"", db.total;dur=297;desc=""DB total"", db.count;dur=9;desc=""Query count"", db.first;dur=0;desc=""First query at"", db.last;dur=175;desc=""Last query at"", cache.hit;dur=4;desc=""Cache hits"", cache.miss;dur=6;desc=""Cache misses"" | D1_layout;dur=96.0;desc=""D1:layout"", D1_posts;dur=147.0;desc=""D1:posts"", D1_all-tags;dur=28.0;desc=""D1:all-tags"", total;dur=175.0;desc=""total"""
2026-10-06T07:30:07Z,astro7,browser,/,200,MISS,remote-WAW,HAM,376.4,810.6,812.0,434.2,29901,9.0,283.0,0.0,170.0,170.0,4.0,6.0,"rt;dur=0;desc=""Runtime init"", render;dur=170;desc=""Page render"", mw;dur=170;desc=""Total middleware"", db.total;dur=283;desc=""DB total"", db.count;dur=9;desc=""Query count"", db.first;dur=0;desc=""First query at"", db.last;dur=170;desc=""Last query at"", cache.hit;dur=4;desc=""Cache hits"", cache.miss;dur=6;desc=""Cache misses"" | D1_layout;dur=95.0;desc=""D1:layout"", D1_posts;dur=146.0;desc=""D1:posts"", D1_all-tags;dur=24.0;desc=""D1:all-tags"", total;dur=170.0;desc=""total"" | cfEdge;dur=228,cfOrigin;dur=0"
2026-10-06T07:30:08Z,astro7,browser,/posts/,200,MISS,remote-WAW,HAM,104.9,476.4,477.5,371.5,37064,9.0,211.0,0.0,129.0,129.0,4.0,6.0,"rt;dur=0;desc=""Runtime init"", render;dur=129;desc=""Page render"", mw;dur=129;desc=""Total middleware"", db.total;dur=211;desc=""DB total"", db.count;dur=9;desc=""Query count"", db.first;dur=0;desc=""First query at"", db.last;dur=129;desc=""Last query at"", cache.hit;dur=4;desc=""Cache hits"", cache.miss;dur=6;desc=""Cache misses"" | D1_layout;dur=64.0;desc=""D1:layout"", D1_posts;dur=105.0;desc=""D1:posts"", D1_all-tags;dur=24.0;desc=""D1:all-tags"", total;dur=129.0;desc=""total"" | cfEdge;dur=222,cfOrigin;dur=0"
2026-10-06T07:30:09Z,astro7,curl,/,200,MISS,remote-WAW,HAM,357.1,651.1,811.0,294.0,29546,9.0,225.0,0.0,138.0,138.0,4.0,6.0,"rt;dur=0;desc=""Runtime init"", render;dur=138;desc=""Page render"", mw;dur=138;desc=""Total middleware"", db.total;dur=225;desc=""DB total"", db.count;dur=9;desc=""Query count"", db.first;dur=0;desc=""First query at"", db.last;dur=138;desc=""Last query at"", cache.hit;dur=4;desc=""Cache hits"", cache.miss;dur=6;desc=""Cache misses"" | D1_layout;dur=60.0;desc=""D1:layout"", D1_posts;dur=114.0;desc=""D1:posts"", D1_all-tags;dur=24.0;desc=""D1:all-tags"", total;dur=138.0;desc=""total"""
2026-10-06T07:30:10Z,astro7,curl,/posts/architektura-emdash-typescript-astro,200,MISS,remote-WAW,HAM,374.7,816.9,817.9,442.2,32888,16.0,429.0,0.0,198.0,198.0,10.0,7.0,"rt;dur=0;desc=""Runtime init"", render;dur=198;desc=""Page render"", mw;dur=198;desc=""Total middleware"", db.total;dur=429;desc=""DB total"", db.count;dur=16;desc=""Query count"", db.first;dur=0;desc=""First query at"", db.last;dur=198;desc=""Last query at"", cache.hit;dur=10;desc=""Cache hits"", cache.miss;dur=7;desc=""Cache misses"" | D1_layout;dur=71.0;desc=""D1:layout"", D1_entry+recent;dur=122.0;desc=""D1:entry+recent"", D1_tags;dur=21.0;desc=""D1:tags"", total;dur=198.0;desc=""total"""
2026-10-06T07:30:11Z,astro7,browser,/posts/architektura-emdash-typescript-astro,200,MISS,remote-WAW,HAM,313.4,648.7,663.9,335.3,33247,16.0,390.0,0.0,183.0,183.0,10.0,7.0,"rt;dur=0;desc=""Runtime init"", render;dur=183;desc=""Page render"", mw;dur=183;desc=""Total middleware"", db.total;dur=390;desc=""DB total"", db.count;dur=16;desc=""Query count"", db.first;dur=0;desc=""First query at"", db.last;dur=183;desc=""Last query at"", cache.hit;dur=10;desc=""Cache hits"", cache.miss;dur=7;desc=""Cache misses"" | D1_layout;dur=78.0;desc=""D1:layout"", D1_entry+recent;dur=117.0;desc=""D1:entry+recent"", D1_tags;dur=21.0;desc=""D1:tags"", total;dur=183.0;desc=""total"" | cfEdge;dur=284,cfOrigin;dur=0"
2026-10-06T07:30:11Z,astro7,curl,/category/technologia,200,MISS,remote-WAW,HAM,269.0,599.8,623.5,330.8,27886,11.0,395.0,0.0,174.0,174.0,4.0,6.0,"rt;dur=0;desc=""Runtime init"", render;dur=174;desc=""Page render"", mw;dur=174;desc=""Total middleware"", db.total;dur=395;desc=""DB total"", db.count;dur=11;desc=""Query count"", db.first;dur=0;desc=""First query at"", db.last;dur=174;desc=""Last query at"", cache.hit;dur=4;desc=""Cache hits"", cache.miss;dur=6;desc=""Cache misses"" | D1_layout;dur=105.0;desc=""D1:layout"", D1_term+posts;dur=174.0;desc=""D1:term+posts"", total;dur=174.0;desc=""total"""
2026-10-06T07:30:12Z,astro7,browser,/category/technologia,200,MISS,remote-WAW,HAM,107.8,433.9,434.6,326.1,28260,11.0,288.0,0.0,135.0,135.0,4.0,6.0,"rt;dur=0;desc=""Runtime init"", render;dur=135;desc=""Page render"", mw;dur=135;desc=""Total middleware"", db.total;dur=288;desc=""DB total"", db.count;dur=11;desc=""Query count"", db.first;dur=0;desc=""First query at"", db.last;dur=135;desc=""Last query at"", cache.hit;dur=4;desc=""Cache hits"", cache.miss;dur=6;desc=""Cache misses"" | D1_layout;dur=71.0;desc=""D1:layout"", D1_term+posts;dur=135.0;desc=""D1:term+posts"", total;dur=135.0;desc=""total"" | cfEdge;dur=212,cfOrigin;dur=0"
2026-10-06T07:30:13Z,astro7,curl,/posts/architektura-emdash-typescript-astro,200,MISS,remote-WAW,HAM,96.7,455.0,460.1,358.3,32876,16.0,429.0,0.0,179.0,179.0,10.0,7.0,"rt;dur=0;desc=""Runtime init"", render;dur=179;desc=""Page render"", mw;dur=179;desc=""Total middleware"", db.total;dur=429;desc=""DB total"", db.count;dur=16;desc=""Query count"", db.first;dur=0;desc=""First query at"", db.last;dur=179;desc=""Last query at"", cache.hit;dur=10;desc=""Cache hits"", cache.miss;dur=7;desc=""Cache misses"" | D1_layout;dur=75.0;desc=""D1:layout"", D1_entry+recent;dur=115.0;desc=""D1:entry+recent"", D1_tags;dur=23.0;desc=""D1:tags"", total;dur=179.0;desc=""total"""
2026-10-06T07:30:14Z,astro7,curl,/category/technologia,200,MISS,remote-WAW,HAM,169.0,505.9,523.0,336.9,27886,11.0,547.0,0.0,212.0,212.0,4.0,6.0,"rt;dur=0;desc=""Runtime init"", render;dur=212;desc=""Page render"", mw;dur=212;desc=""Total middleware"", db.total;dur=547;desc=""DB total"", db.count;dur=11;desc=""Query count"", db.first;dur=0;desc=""First query at"", db.last;dur=212;desc=""Last query at"", cache.hit;dur=4;desc=""Cache hits"", cache.miss;dur=6;desc=""Cache misses"" | D1_layout;dur=169.0;desc=""D1:layout"", D1_term+posts;dur=212.0;desc=""D1:term+posts"", total;dur=212.0;desc=""total"""
2026-10-06T07:30:14Z,astro7,browser,/,200,MISS,remote-WAW,HAM,123.2,420.7,421.3,297.5,29901,9.0,231.0,0.0,139.0,139.0,4.0,6.0,"rt;dur=0;desc=""Runtime init"", render;dur=139;desc=""Page render"", mw;dur=139;desc=""Total middleware"", db.total;dur=231;desc=""DB total"", db.count;dur=9;desc=""Query count"", db.first;dur=0;desc=""First query at"", db.last;dur=139;desc=""Last query at"", cache.hit;dur=4;desc=""Cache hits"", cache.miss;dur=6;desc=""Cache misses"" | D1_layout;dur=73.0;desc=""D1:layout"", D1_posts;dur=119.0;desc=""D1:posts"", D1_all-tags;dur=20.0;desc=""D1:all-tags"", total;dur=139.0;desc=""total"" | cfEdge;dur=222,cfOrigin;dur=0"
2026-10-06T07:30:15Z,astro7,browser,/category/technologia,200,MISS,remote-WAW,HAM,108.0,364.8,369.5,256.8,28260,11.0,278.0,0.0,122.0,122.0,4.0,6.0,"rt;dur=0;desc=""Runtime init"", render;dur=122;desc=""Page render"", mw;dur=122;desc=""Total middleware"", db.total;dur=278;desc=""DB total"", db.count;dur=11;desc=""Query count"", db.first;dur=0;desc=""First query at"", db.last;dur=122;desc=""Last query at"", cache.hit;dur=4;desc=""Cache hits"", cache.miss;dur=6;desc=""Cache misses"" | D1_layout;dur=81.0;desc=""D1:layout"", D1_term+posts;dur=122.0;desc=""D1:term+posts"", total;dur=122.0;desc=""total"" | cfEdge;dur=205,cfOrigin;dur=0"
2026-10-06T07:30:16Z,astro7,browser,/posts/architektura-emdash-typescript-astro,200,MISS,remote-WAW,HAM,91.3,446.8,453.3,355.5,33271,16.0,433.0,0.0,199.0,199.0,10.0,7.0,"rt;dur=0;desc=""Runtime init"", render;dur=199;desc=""Page render"", mw;dur=199;desc=""Total middleware"", db.total;dur=433;desc=""DB total"", db.count;dur=16;desc=""Query count"", db.first;dur=0;desc=""First query at"", db.last;dur=199;desc=""Last query at"", cache.hit;dur=10;desc=""Cache hits"", cache.miss;dur=7;desc=""Cache misses"" | D1_layout;dur=74.0;desc=""D1:layout"", D1_entry+recent;dur=123.0;desc=""D1:entry+recent"", D1_tags;dur=27.0;desc=""D1:tags"", total;dur=199.0;desc=""total"" | cfEdge;dur=311,cfOrigin;dur=0"
2026-10-06T07:30:16Z,astro7,curl,/posts/,200,MISS,remote-WAW,HAM,128.4,400.2,406.8,271.8,36709,9.0,245.0,0.0,140.0,140.0,4.0,6.0,"rt;dur=0;desc=""Runtime init"", render;dur=140;desc=""Page render"", mw;dur=140;desc=""Total middleware"", db.total;dur=245;desc=""DB total"", db.count;dur=9;desc=""Query count"", db.first;dur=0;desc=""First query at"", db.last;dur=140;desc=""Last query at"", cache.hit;dur=4;desc=""Cache hits"", cache.miss;dur=6;desc=""Cache misses"" | D1_layout;dur=76.0;desc=""D1:layout"", D1_posts;dur=117.0;desc=""D1:posts"", D1_all-tags;dur=23.0;desc=""D1:all-tags"", total;dur=140.0;desc=""total"""
2026-10-06T07:30:17Z,astro7,curl,/,200,MISS,remote-WAW,HAM,154.9,461.1,462.0,306.2,29530,9.0,251.0,0.0,155.0,155.0,4.0,6.0,"rt;dur=0;desc=""Runtime init"", render;dur=155;desc=""Page render"", mw;dur=155;desc=""Total middleware"", db.total;dur=251;desc=""DB total"", db.count;dur=9;desc=""Query count"", db.first;dur=0;desc=""First query at"", db.last;dur=155;desc=""Last query at"", cache.hit;dur=4;desc=""Cache hits"", cache.miss;dur=6;desc=""Cache misses"" | D1_layout;dur=72.0;desc=""D1:layout"", D1_posts;dur=134.0;desc=""D1:posts"", D1_all-tags;dur=21.0;desc=""D1:all-tags"", total;dur=155.0;desc=""total"""
2026-10-06T07:30:18Z,astro7,browser,/posts/,200,MISS,remote-WAW,HAM,337.8,618.5,663.3,280.7,37072,9.0,262.0,0.0,141.0,141.0,4.0,6.0,"rt;dur=0;desc=""Runtime init"", render;dur=141;desc=""Page render"", mw;dur=141;desc=""Total middleware"", db.total;dur=262;desc=""DB total"", db.count;dur=9;desc=""Query count"", db.first;dur=0;desc=""First query at"", db.last;dur=141;desc=""Last query at"", cache.hit;dur=4;desc=""Cache hits"", cache.miss;dur=6;desc=""Cache misses"" | D1_layout;dur=82.0;desc=""D1:layout"", D1_posts;dur=120.0;desc=""D1:posts"", D1_all-tags;dur=21.0;desc=""D1:all-tags"", total;dur=141.0;desc=""total"" | cfEdge;dur=234,cfOrigin;dur=0"
2026-10-06T07:30:19Z,astro7,browser,/,200,MISS,remote-WAW,HAM,105.6,503.8,504.2,398.2,29893,9.0,237.0,0.0,145.0,145.0,4.0,6.0,"rt;dur=0;desc=""Runtime init"", render;dur=145;desc=""Page render"", mw;dur=145;desc=""Total middleware"", db.total;dur=237;desc=""DB total"", db.count;dur=9;desc=""Query count"", db.first;dur=0;desc=""First query at"", db.last;dur=145;desc=""Last query at"", cache.hit;dur=4;desc=""Cache hits"", cache.miss;dur=6;desc=""Cache misses"" | D1_layout;dur=62.0;desc=""D1:layout"", D1_posts;dur=121.0;desc=""D1:posts"", D1_all-tags;dur=24.0;desc=""D1:all-tags"", total;dur=145.0;desc=""total"" | cfEdge;dur=238,cfOrigin;dur=0"
2026-10-06T07:30:20Z,astro7,curl,/,200,MISS,remote-WAW,HAM,103.2,741.6,744.7,638.4,29530,9.0,425.0,0.0,324.0,324.0,4.0,6.0,"rt;dur=0;desc=""Runtime init"", render;dur=324;desc=""Page render"", mw;dur=324;desc=""Total middleware"", db.total;dur=425;desc=""DB total"", db.count;dur=9;desc=""Query count"", db.first;dur=0;desc=""First query at"", db.last;dur=324;desc=""Last query at"", cache.hit;dur=4;desc=""Cache hits"", cache.miss;dur=6;desc=""Cache misses"" | D1_layout;dur=70.0;desc=""D1:layout"", D1_posts;dur=305.0;desc=""D1:posts"", D1_all-tags;dur=19.0;desc=""D1:all-tags"", total;dur=324.0;desc=""total"""
2026-10-06T07:30:20Z,astro7,curl,/posts/architektura-emdash-typescript-astro,200,MISS,remote-WAW,HAM,110.7,452.6,463.2,341.9,32916,16.0,427.0,0.0,194.0,194.0,10.0,7.0,"rt;dur=0;desc=""Runtime init"", render;dur=194;desc=""Page render"", mw;dur=194;desc=""Total middleware"", db.total;dur=427;desc=""DB total"", db.count;dur=16;desc=""Query count"", db.first;dur=0;desc=""First query at"", db.last;dur=194;desc=""Last query at"", cache.hit;dur=10;desc=""Cache hits"", cache.miss;dur=7;desc=""Cache misses"" | D1_layout;dur=80.0;desc=""D1:layout"", D1_entry+recent;dur=128.0;desc=""D1:entry+recent"", D1_tags;dur=21.0;desc=""D1:tags"", total;dur=194.0;desc=""total"""
2026-10-06T07:30:21Z,astro7,browser,/posts/,200,MISS,remote-WAW,HAM,397.1,690.6,711.6,293.5,37064,9.0,231.0,0.0,139.0,139.0,4.0,6.0,"rt;dur=0;desc=""Runtime init"", render;dur=139;desc=""Page render"", mw;dur=139;desc=""Total middleware"", db.total;dur=231;desc=""DB total"", db.count;dur=9;desc=""Query count"", db.first;dur=0;desc=""First query at"", db.last;dur=139;desc=""Last query at"", cache.hit;dur=4;desc=""Cache hits"", cache.miss;dur=6;desc=""Cache misses"" | D1_layout;dur=73.0;desc=""D1:layout"", D1_posts;dur=119.0;desc=""D1:posts"", D1_all-tags;dur=20.0;desc=""D1:all-tags"", total;dur=139.0;desc=""total"" | cfEdge;dur=238,cfOrigin;dur=0"
2026-10-06T07:30:22Z,astro7,curl,/category/technologia,200,MISS,remote-WAW,HAM,223.5,519.0,527.4,295.5,27889,11.0,300.0,0.0,141.0,141.0,4.0,6.0,"rt;dur=0;desc=""Runtime init"", render;dur=141;desc=""Page render"", mw;dur=141;desc=""Total middleware"", db.total;dur=300;desc=""DB total"", db.count;dur=11;desc=""Query count"", db.first;dur=0;desc=""First query at"", db.last;dur=141;desc=""Last query at"", cache.hit;dur=4;desc=""Cache hits"", cache.miss;dur=6;desc=""Cache misses"" | D1_layout;dur=72.0;desc=""D1:layout"", D1_term+posts;dur=141.0;desc=""D1:term+posts"", total;dur=141.0;desc=""total"""
2026-10-06T07:30:23Z,astro7,curl,/posts/,200,MISS,remote-WAW,HAM,107.9,546.6,552.8,438.7,36705,9.0,444.0,0.0,318.0,318.0,4.0,6.0,"rt;dur=0;desc=""Runtime init"", render;dur=318;desc=""Page render"", mw;dur=318;desc=""Total middleware"", db.total;dur=444;desc=""DB total"", db.count;dur=9;desc=""Query count"", db.first;dur=0;desc=""First query at"", db.last;dur=318;desc=""Last query at"", cache.hit;dur=4;desc=""Cache hits"", cache.miss;dur=6;desc=""Cache misses"" | D1_layout;dur=92.0;desc=""D1:layout"", D1_posts;dur=298.0;desc=""D1:posts"", D1_all-tags;dur=20.0;desc=""D1:all-tags"", total;dur=318.0;desc=""total"""
2026-10-06T07:30:23Z,astro7,browser,/posts/architektura-emdash-typescript-astro,200,MISS,remote-WAW,HAM,94.5,459.6,466.3,365.1,33263,16.0,447.0,0.0,205.0,205.0,10.0,7.0,"rt;dur=0;desc=""Runtime init"", render;dur=205;desc=""Page render"", mw;dur=205;desc=""Total middleware"", db.total;dur=447;desc=""DB total"", db.count;dur=16;desc=""Query count"", db.first;dur=0;desc=""First query at"", db.last;dur=205;desc=""Last query at"", cache.hit;dur=10;desc=""Cache hits"", cache.miss;dur=7;desc=""Cache misses"" | D1_layout;dur=79.0;desc=""D1:layout"", D1_entry+recent;dur=121.0;desc=""D1:entry+recent"", D1_tags;dur=36.0;desc=""D1:tags"", total;dur=205.0;desc=""total"" | cfEdge;dur=319,cfOrigin;dur=0"
2026-10-06T07:30:24Z,astro7,browser,/category/technologia,200,MISS,remote-WAW,HAM,252.4,591.5,592.1,339.1,28264,11.0,271.0,0.0,124.0,124.0,4.0,6.0,"rt;dur=0;desc=""Runtime init"", render;dur=124;desc=""Page render"", mw;dur=124;desc=""Total middleware"", db.total;dur=271;desc=""DB total"", db.count;dur=11;desc=""Query count"", db.first;dur=0;desc=""First query at"", db.last;dur=124;desc=""Last query at"", cache.hit;dur=4;desc=""Cache hits"", cache.miss;dur=6;desc=""Cache misses"" | D1_layout;dur=73.0;desc=""D1:layout"", D1_term+posts;dur=124.0;desc=""D1:term+posts"", total;dur=124.0;desc=""total"" | cfEdge;dur=215,cfOrigin;dur=0"
2026-10-06T07:30:25Z,astro7,curl,/,200,MISS,remote-WAW,HAM,302.7,614.8,617.6,312.1,29526,10.0,309.0,0.0,170.0,170.0,4.0,6.0,"rt;dur=0;desc=""Runtime init"", render;dur=170;desc=""Page render"", mw;dur=170;desc=""Total middleware"", db.total;dur=309;desc=""DB total"", db.count;dur=10;desc=""Query count"", db.first;dur=0;desc=""First query at"", db.last;dur=170;desc=""Last query at"", cache.hit;dur=4;desc=""Cache hits"", cache.miss;dur=6;desc=""Cache misses"" | D1_layout;dur=79.0;desc=""D1:layout"", D1_posts;dur=138.0;desc=""D1:posts"", D1_all-tags;dur=32.0;desc=""D1:all-tags"", total;dur=170.0;desc=""total"""
2026-10-06T07:30:26Z,astro7,browser,/category/technologia,200,MISS,remote-WAW,HAM,325.9,671.3,671.7,345.4,28256,11.0,270.0,0.0,116.0,116.0,4.0,6.0,"rt;dur=0;desc=""Runtime init"", render;dur=116;desc=""Page render"", mw;dur=116;desc=""Total middleware"", db.total;dur=270;desc=""DB total"", db.count;dur=11;desc=""Query count"", db.first;dur=0;desc=""First query at"", db.last;dur=116;desc=""Last query at"", cache.hit;dur=4;desc=""Cache hits"", cache.miss;dur=6;desc=""Cache misses"" | D1_layout;dur=70.0;desc=""D1:layout"", D1_term+posts;dur=116.0;desc=""D1:term+posts"", total;dur=116.0;desc=""total"" | cfEdge;dur=195,cfOrigin;dur=0"
2026-10-06T07:30:27Z,astro7,browser,/,200,MISS,remote-WAW,HAM,305.1,649.1,659.0,344.0,29905,10.0,266.0,0.0,133.0,133.0,4.0,6.0,"rt;dur=0;desc=""Runtime init"", render;dur=133;desc=""Page render"", mw;dur=133;desc=""Total middleware"", db.total;dur=266;desc=""DB total"", db.count;dur=10;desc=""Query count"", db.first;dur=0;desc=""First query at"", db.last;dur=133;desc=""Last query at"", cache.hit;dur=4;desc=""Cache hits"", cache.miss;dur=6;desc=""Cache misses"" | D1_layout;dur=70.0;desc=""D1:layout"", D1_posts;dur=112.0;desc=""D1:posts"", D1_all-tags;dur=21.0;desc=""D1:all-tags"", total;dur=133.0;desc=""total"" | cfEdge;dur=206,cfOrigin;dur=0"
2026-10-06T07:30:28Z,astro7,curl,/posts/architektura-emdash-typescript-astro,200,MISS,remote-WAW,HAM,101.5,642.4,647.0,540.9,32896,15.0,488.0,0.0,279.0,279.0,10.0,7.0,"rt;dur=0;desc=""Runtime init"", render;dur=279;desc=""Page render"", mw;dur=279;desc=""Total middleware"", db.total;dur=488;desc=""DB total"", db.count;dur=15;desc=""Query count"", db.first;dur=0;desc=""First query at"", db.last;dur=279;desc=""Last query at"", cache.hit;dur=10;desc=""Cache hits"", cache.miss;dur=7;desc=""Cache misses"" | D1_layout;dur=64.0;desc=""D1:layout"", D1_entry+recent;dur=204.0;desc=""D1:entry+recent"", D1_tags;dur=23.0;desc=""D1:tags"", total;dur=279.0;desc=""total"""
2026-10-06T07:30:29Z,astro7,curl,/posts/,200,MISS,remote-WAW,HAM,327.8,612.7,634.3,284.9,36701,9.0,225.0,0.0,131.0,131.0,4.0,6.0,"rt;dur=0;desc=""Runtime init"", render;dur=131;desc=""Page render"", mw;dur=131;desc=""Total middleware"", db.total;dur=225;desc=""DB total"", db.count;dur=9;desc=""Query count"", db.first;dur=0;desc=""First query at"", db.last;dur=131;desc=""Last query at"", cache.hit;dur=4;desc=""Cache hits"", cache.miss;dur=6;desc=""Cache misses"" | D1_layout;dur=73.0;desc=""D1:layout"", D1_posts;dur=112.0;desc=""D1:posts"", D1_all-tags;dur=19.0;desc=""D1:all-tags"", total;dur=131.0;desc=""total"""
2026-10-06T07:30:29Z,astro7,curl,/category/technologia,200,MISS,remote-WAW,HAM,193.4,436.1,450.1,242.7,27893,11.0,278.0,0.0,122.0,122.0,4.0,6.0,"rt;dur=0;desc=""Runtime init"", render;dur=122;desc=""Page render"", mw;dur=122;desc=""Total middleware"", db.total;dur=278;desc=""DB total"", db.count;dur=11;desc=""Query count"", db.first;dur=0;desc=""First query at"", db.last;dur=122;desc=""Last query at"", cache.hit;dur=4;desc=""Cache hits"", cache.miss;dur=6;desc=""Cache misses"" | D1_layout;dur=73.0;desc=""D1:layout"", D1_term+posts;dur=122.0;desc=""D1:term+posts"", total;dur=122.0;desc=""total"""
2026-10-06T07:30:30Z,astro7,browser,/posts/architektura-emdash-typescript-astro,200,MISS,remote-WAW,HAM,99.8,495.9,496.6,396.1,33271,16.0,398.0,0.0,178.0,178.0,10.0,7.0,"rt;dur=0;desc=""Runtime init"", render;dur=178;desc=""Page render"", mw;dur=178;desc=""Total middleware"", db.total;dur=398;desc=""DB total"", db.count;dur=16;desc=""Query count"", db.first;dur=0;desc=""First query at"", db.last;dur=178;desc=""Last query at"", cache.hit;dur=10;desc=""Cache hits"", cache.miss;dur=7;desc=""Cache misses"" | D1_layout;dur=75.0;desc=""D1:layout"", D1_entry+recent;dur=113.0;desc=""D1:entry+recent"", D1_tags;dur=20.0;desc=""D1:tags"", total;dur=178.0;desc=""total"" | cfEdge;dur=271,cfOrigin;dur=0"
2026-10-06T07:30:31Z,astro7,browser,/posts/,200,MISS,remote-WAW,HAM,185.6,465.8,483.4,280.2,37084,9.0,248.0,0.0,142.0,142.0,4.0,6.0,"rt;dur=0;desc=""Runtime init"", render;dur=142;desc=""Page render"", mw;dur=142;desc=""Total middleware"", db.total;dur=248;desc=""DB total"", db.count;dur=9;desc=""Query count"", db.first;dur=0;desc=""First query at"", db.last;dur=142;desc=""Last query at"", cache.hit;dur=4;desc=""Cache hits"", cache.miss;dur=6;desc=""Cache misses"" | D1_layout;dur=79.0;desc=""D1:layout"", D1_posts;dur=118.0;desc=""D1:posts"", D1_all-tags;dur=24.0;desc=""D1:all-tags"", total;dur=142.0;desc=""total"" | cfEdge;dur=223,cfOrigin;dur=0"
2026-10-06T07:30:31Z,astro7,browser,/category/technologia,200,MISS,remote-WAW,HAM,186.4,487.5,502.0,301.1,28244,11.0,290.0,0.0,153.0,153.0,4.0,6.0,"rt;dur=0;desc=""Runtime init"", render;dur=153;desc=""Page render"", mw;dur=153;desc=""Total middleware"", db.total;dur=290;desc=""DB total"", db.count;dur=11;desc=""Query count"", db.first;dur=0;desc=""First query at"", db.last;dur=153;desc=""Last query at"", cache.hit;dur=4;desc=""Cache hits"", cache.miss;dur=6;desc=""Cache misses"" | D1_layout;dur=66.0;desc=""D1:layout"", D1_term+posts;dur=153.0;desc=""D1:term+posts"", total;dur=153.0;desc=""total"" | cfEdge;dur=247,cfOrigin;dur=0"
2026-10-06T07:30:32Z,astro7,browser,/posts/,200,MISS,remote-WAW,HAM,109.1,429.6,430.9,320.5,37060,9.0,225.0,0.0,131.0,131.0,4.0,6.0,"rt;dur=0;desc=""Runtime init"", render;dur=131;desc=""Page render"", mw;dur=131;desc=""Total middleware"", db.total;dur=225;desc=""DB total"", db.count;dur=9;desc=""Query count"", db.first;dur=0;desc=""First query at"", db.last;dur=131;desc=""Last query at"", cache.hit;dur=4;desc=""Cache hits"", cache.miss;dur=6;desc=""Cache misses"" | D1_layout;dur=68.0;desc=""D1:layout"", D1_posts;dur=111.0;desc=""D1:posts"", D1_all-tags;dur=20.0;desc=""D1:all-tags"", total;dur=131.0;desc=""total"" | cfEdge;dur=211,cfOrigin;dur=0"
2026-10-06T07:30:33Z,astro7,curl,/posts/,200,MISS,remote-WAW,HAM,89.9,384.9,387.5,295.0,36701,9.0,251.0,0.0,142.0,142.0,4.0,6.0,"rt;dur=0;desc=""Runtime init"", render;dur=142;desc=""Page render"", mw;dur=142;desc=""Total middleware"", db.total;dur=251;desc=""DB total"", db.count;dur=9;desc=""Query count"", db.first;dur=0;desc=""First query at"", db.last;dur=142;desc=""Last query at"", cache.hit;dur=4;desc=""Cache hits"", cache.miss;dur=6;desc=""Cache misses"" | D1_layout;dur=83.0;desc=""D1:layout"", D1_posts;dur=122.0;desc=""D1:posts"", D1_all-tags;dur=20.0;desc=""D1:all-tags"", total;dur=142.0;desc=""total"""
2026-10-06T07:30:33Z,astro7,browser,/,200,MISS,remote-WAW,HAM,104.1,375.1,383.5,271.0,29893,10.0,251.0,0.0,133.0,133.0,4.0,6.0,"rt;dur=0;desc=""Runtime init"", render;dur=133;desc=""Page render"", mw;dur=133;desc=""Total middleware"", db.total;dur=251;desc=""DB total"", db.count;dur=10;desc=""Query count"", db.first;dur=0;desc=""First query at"", db.last;dur=133;desc=""Last query at"", cache.hit;dur=4;desc=""Cache hits"", cache.miss;dur=6;desc=""Cache misses"" | D1_layout;dur=73.0;desc=""D1:layout"", D1_posts;dur=112.0;desc=""D1:posts"", D1_all-tags;dur=21.0;desc=""D1:all-tags"", total;dur=133.0;desc=""total"" | cfEdge;dur=225,cfOrigin;dur=0"
2026-10-06T07:30:34Z,astro7,curl,/category/technologia,200,MISS,remote-WAW,HAM,177.9,439.0,439.8,261.1,27901,11.0,301.0,0.0,128.0,128.0,4.0,6.0,"rt;dur=0;desc=""Runtime init"", render;dur=128;desc=""Page render"", mw;dur=128;desc=""Total middleware"", db.total;dur=301;desc=""DB total"", db.count;dur=11;desc=""Query count"", db.first;dur=0;desc=""First query at"", db.last;dur=128;desc=""Last query at"", cache.hit;dur=4;desc=""Cache hits"", cache.miss;dur=6;desc=""Cache misses"" | D1_layout;dur=80.0;desc=""D1:layout"", D1_term+posts;dur=128.0;desc=""D1:term+posts"", total;dur=128.0;desc=""total"""
2026-10-06T07:30:35Z,astro7,curl,/,200,MISS,remote-WAW,HAM,109.3,594.0,600.7,484.7,29538,9.0,453.0,0.0,346.0,346.0,4.0,6.0,"rt;dur=0;desc=""Runtime init"", render;dur=346;desc=""Page render"", mw;dur=346;desc=""Total middleware"", db.total;dur=453;desc=""DB total"", db.count;dur=9;desc=""Query count"", db.first;dur=0;desc=""First query at"", db.last;dur=346;desc=""Last query at"", cache.hit;dur=4;desc=""Cache hits"", cache.miss;dur=6;desc=""Cache misses"" | D1_layout;dur=77.0;desc=""D1:layout"", D1_posts;dur=321.0;desc=""D1:posts"", D1_all-tags;dur=25.0;desc=""D1:all-tags"", total;dur=346.0;desc=""total"""
2026-10-06T07:30:36Z,astro7,browser,/posts/architektura-emdash-typescript-astro,200,MISS,remote-WAW,HAM,100.7,527.1,528.4,426.4,33262,16.0,352.0,0.0,162.0,162.0,10.0,7.0,"rt;dur=0;desc=""Runtime init"", render;dur=162;desc=""Page render"", mw;dur=162;desc=""Total middleware"", db.total;dur=352;desc=""DB total"", db.count;dur=16;desc=""Query count"", db.first;dur=0;desc=""First query at"", db.last;dur=162;desc=""Last query at"", cache.hit;dur=10;desc=""Cache hits"", cache.miss;dur=7;desc=""Cache misses"" | D1_layout;dur=59.0;desc=""D1:layout"", D1_entry+recent;dur=98.0;desc=""D1:entry+recent"", D1_tags;dur=20.0;desc=""D1:tags"", total;dur=162.0;desc=""total"" | cfEdge;dur=280,cfOrigin;dur=0"
2026-10-06T07:30:36Z,astro7,curl,/posts/architektura-emdash-typescript-astro,200,MISS,remote-WAW,HAM,112.5,484.9,485.6,372.4,32900,16.0,394.0,0.0,188.0,188.0,10.0,7.0,"rt;dur=0;desc=""Runtime init"", render;dur=188;desc=""Page render"", mw;dur=188;desc=""Total middleware"", db.total;dur=394;desc=""DB total"", db.count;dur=16;desc=""Query count"", db.first;dur=0;desc=""First query at"", db.last;dur=188;desc=""Last query at"", cache.hit;dur=10;desc=""Cache hits"", cache.miss;dur=7;desc=""Cache misses"" | D1_layout;dur=72.0;desc=""D1:layout"", D1_entry+recent;dur=115.0;desc=""D1:entry+recent"", D1_tags;dur=23.0;desc=""D1:tags"", total;dur=188.0;desc=""total"""
2026-10-06T07:30:37Z,astro7,browser,/category/technologia,200,MISS,remote-WAW,HAM,117.3,605.9,606.8,488.6,28248,11.0,321.0,0.0,142.0,142.0,4.0,6.0,"rt;dur=0;desc=""Runtime init"", render;dur=142;desc=""Page render"", mw;dur=142;desc=""Total middleware"", db.total;dur=321;desc=""DB total"", db.count;dur=11;desc=""Query count"", db.first;dur=0;desc=""First query at"", db.last;dur=142;desc=""Last query at"", cache.hit;dur=4;desc=""Cache hits"", cache.miss;dur=6;desc=""Cache misses"" | D1_layout;dur=96.0;desc=""D1:layout"", D1_term+posts;dur=142.0;desc=""D1:term+posts"", total;dur=142.0;desc=""total"" | cfEdge;dur=244,cfOrigin;dur=0"
2026-10-06T07:30:38Z,astro7,curl,/posts/,200,MISS,remote-WAW,HAM,120.7,501.3,504.0,380.6,36709,9.0,252.0,0.0,149.0,149.0,4.0,6.0,"rt;dur=0;desc=""Runtime init"", render;dur=149;desc=""Page render"", mw;dur=149;desc=""Total middleware"", db.total;dur=252;desc=""DB total"", db.count;dur=9;desc=""Query count"", db.first;dur=0;desc=""First query at"", db.last;dur=149;desc=""Last query at"", cache.hit;dur=4;desc=""Cache hits"", cache.miss;dur=6;desc=""Cache misses"" | D1_layout;dur=76.0;desc=""D1:layout"", D1_posts;dur=126.0;desc=""D1:posts"", D1_all-tags;dur=23.0;desc=""D1:all-tags"", total;dur=149.0;desc=""total"""
2026-10-06T07:30:39Z,astro7,browser,/posts/,200,MISS,remote-WAW,HAM,105.5,409.9,462.6,304.4,37080,9.0,237.0,0.0,144.0,144.0,4.0,6.0,"rt;dur=0;desc=""Runtime init"", render;dur=144;desc=""Page render"", mw;dur=144;desc=""Total middleware"", db.total;dur=237;desc=""DB total"", db.count;dur=9;desc=""Query count"", db.first;dur=0;desc=""First query at"", db.last;dur=144;desc=""Last query at"", cache.hit;dur=4;desc=""Cache hits"", cache.miss;dur=6;desc=""Cache misses"" | D1_layout;dur=79.0;desc=""D1:layout"", D1_posts;dur=122.0;desc=""D1:posts"", D1_all-tags;dur=22.0;desc=""D1:all-tags"", total;dur=144.0;desc=""total"" | cfEdge;dur=240,cfOrigin;dur=0"
2026-10-06T07:30:40Z,astro7,browser,/posts/architektura-emdash-typescript-astro,200,MISS,remote-WAW,HAM,401.4,880.0,893.0,478.6,33263,15.0,555.0,0.0,320.0,320.0,10.0,7.0,"rt;dur=0;desc=""Runtime init"", render;dur=320;desc=""Page render"", mw;dur=320;desc=""Total middleware"", db.total;dur=555;desc=""DB total"", db.count;dur=15;desc=""Query count"", db.first;dur=0;desc=""First query at"", db.last;dur=320;desc=""Last query at"", cache.hit;dur=10;desc=""Cache hits"", cache.miss;dur=7;desc=""Cache misses"" | D1_layout;dur=74.0;desc=""D1:layout"", D1_entry+recent;dur=251.0;desc=""D1:entry+recent"", D1_tags;dur=25.0;desc=""D1:tags"", total;dur=320.0;desc=""total"" | cfEdge;dur=429,cfOrigin;dur=0"
2026-10-06T07:30:40Z,astro7,curl,/category/technologia,200,MISS,remote-WAW,HAM,219.3,560.5,561.8,341.2,27885,11.0,281.0,0.0,124.0,124.0,4.0,6.0,"rt;dur=0;desc=""Runtime init"", render;dur=124;desc=""Page render"", mw;dur=124;desc=""Total middleware"", db.total;dur=281;desc=""DB total"", db.count;dur=11;desc=""Query count"", db.first;dur=0;desc=""First query at"", db.last;dur=124;desc=""Last query at"", cache.hit;dur=4;desc=""Cache hits"", cache.miss;dur=6;desc=""Cache misses"" | D1_layout;dur=84.0;desc=""D1:layout"", D1_term+posts;dur=124.0;desc=""D1:term+posts"", total;dur=124.0;desc=""total"""
2026-10-06T07:30:41Z,astro7,browser,/,200,MISS,remote-WAW,HAM,93.0,463.6,464.4,370.6,29901,9.0,223.0,0.0,141.0,141.0,4.0,6.0,"rt;dur=0;desc=""Runtime init"", render;dur=141;desc=""Page render"", mw;dur=141;desc=""Total middleware"", db.total;dur=223;desc=""DB total"", db.count;dur=9;desc=""Query count"", db.first;dur=0;desc=""First query at"", db.last;dur=141;desc=""Last query at"", cache.hit;dur=4;desc=""Cache hits"", cache.miss;dur=6;desc=""Cache misses"" | D1_layout;dur=74.0;desc=""D1:layout"", D1_posts;dur=120.0;desc=""D1:posts"", D1_all-tags;dur=21.0;desc=""D1:all-tags"", total;dur=141.0;desc=""total"" | cfEdge;dur=215,cfOrigin;dur=0"
2026-10-06T07:30:42Z,astro7,curl,/posts/architektura-emdash-typescript-astro,200,MISS,remote-WAW,HAM,292.6,672.9,808.5,380.3,32900,16.0,512.0,0.0,229.0,229.0,10.0,7.0,"rt;dur=0;desc=""Runtime init"", render;dur=229;desc=""Page render"", mw;dur=229;desc=""Total middleware"", db.total;dur=512;desc=""DB total"", db.count;dur=16;desc=""Query count"", db.first;dur=0;desc=""First query at"", db.last;dur=229;desc=""Last query at"", cache.hit;dur=10;desc=""Cache hits"", cache.miss;dur=7;desc=""Cache misses"" | D1_layout;dur=95.0;desc=""D1:layout"", D1_entry+recent;dur=149.0;desc=""D1:entry+recent"", D1_tags;dur=27.0;desc=""D1:tags"", total;dur=229.0;desc=""total"""
2026-10-06T07:30:43Z,astro7,curl,/,200,MISS,remote-WAW,HAM,294.8,629.7,630.5,334.9,29530,9.0,220.0,0.0,132.0,132.0,4.0,6.0,"rt;dur=0;desc=""Runtime init"", render;dur=132;desc=""Page render"", mw;dur=132;desc=""Total middleware"", db.total;dur=220;desc=""DB total"", db.count;dur=9;desc=""Query count"", db.first;dur=0;desc=""First query at"", db.last;dur=132;desc=""Last query at"", cache.hit;dur=4;desc=""Cache hits"", cache.miss;dur=6;desc=""Cache misses"" | D1_layout;dur=66.0;desc=""D1:layout"", D1_posts;dur=107.0;desc=""D1:posts"", D1_all-tags;dur=25.0;desc=""D1:all-tags"", total;dur=132.0;desc=""total"""
2026-10-06T07:30:44Z,astro7,curl,/category/technologia,200,MISS,remote-WAW,HAM,291.8,584.6,590.3,292.8,27889,11.0,334.0,0.0,146.0,146.0,4.0,6.0,"rt;dur=0;desc=""Runtime init"", render;dur=146;desc=""Page render"", mw;dur=146;desc=""Total middleware"", db.total;dur=334;desc=""DB total"", db.count;dur=11;desc=""Query count"", db.first;dur=0;desc=""First query at"", db.last;dur=146;desc=""Last query at"", cache.hit;dur=4;desc=""Cache hits"", cache.miss;dur=6;desc=""Cache misses"" | D1_layout;dur=87.0;desc=""D1:layout"", D1_term+posts;dur=146.0;desc=""D1:term+posts"", total;dur=146.0;desc=""total"""
2026-10-06T07:30:45Z,astro7,browser,/posts/,200,MISS,remote-WAW,HAM,386.0,660.6,685.7,274.6,37068,9.0,243.0,0.0,145.0,145.0,4.0,6.0,"rt;dur=0;desc=""Runtime init"", render;dur=145;desc=""Page render"", mw;dur=145;desc=""Total middleware"", db.total;dur=243;desc=""DB total"", db.count;dur=9;desc=""Query count"", db.first;dur=0;desc=""First query at"", db.last;dur=145;desc=""Last query at"", cache.hit;dur=4;desc=""Cache hits"", cache.miss;dur=6;desc=""Cache misses"" | D1_layout;dur=76.0;desc=""D1:layout"", D1_posts;dur=125.0;desc=""D1:posts"", D1_all-tags;dur=20.0;desc=""D1:all-tags"", total;dur=145.0;desc=""total"" | cfEdge;dur=223,cfOrigin;dur=0"
2026-10-06T07:30:46Z,astro7,browser,/category/technologia,200,MISS,remote-WAW,HAM,180.5,451.2,469.1,270.7,28272,11.0,305.0,0.0,129.0,129.0,4.0,6.0,"rt;dur=0;desc=""Runtime init"", render;dur=129;desc=""Page render"", mw;dur=129;desc=""Total middleware"", db.total;dur=305;desc=""DB total"", db.count;dur=11;desc=""Query count"", db.first;dur=0;desc=""First query at"", db.last;dur=129;desc=""Last query at"", cache.hit;dur=4;desc=""Cache hits"", cache.miss;dur=6;desc=""Cache misses"" | D1_layout;dur=85.0;desc=""D1:layout"", D1_term+posts;dur=129.0;desc=""D1:term+posts"", total;dur=129.0;desc=""total"" | cfEdge;dur=214,cfOrigin;dur=0"
2026-10-06T07:30:46Z,astro7,browser,/posts/architektura-emdash-typescript-astro,200,MISS,remote-WAW,HAM,122.1,473.6,474.5,351.5,33275,16.0,437.0,0.0,189.0,189.0,10.0,7.0,"rt;dur=0;desc=""Runtime init"", render;dur=189;desc=""Page render"", mw;dur=189;desc=""Total middleware"", db.total;dur=437;desc=""DB total"", db.count;dur=16;desc=""Query count"", db.first;dur=0;desc=""First query at"", db.last;dur=189;desc=""Last query at"", cache.hit;dur=10;desc=""Cache hits"", cache.miss;dur=7;desc=""Cache misses"" | D1_layout;dur=72.0;desc=""D1:layout"", D1_entry+recent;dur=117.0;desc=""D1:entry+recent"", D1_tags;dur=22.0;desc=""D1:tags"", total;dur=189.0;desc=""total"" | cfEdge;dur=265,cfOrigin;dur=0"
2026-10-06T07:30:47Z,astro7,curl,/,200,MISS,remote-WAW,HAM,97.9,431.0,437.3,333.1,29530,9.0,356.0,0.0,198.0,198.0,4.0,6.0,"rt;dur=0;desc=""Runtime init"", render;dur=198;desc=""Page render"", mw;dur=198;desc=""Total middleware"", db.total;dur=356;desc=""DB total"", db.count;dur=9;desc=""Query count"", db.first;dur=0;desc=""First query at"", db.last;dur=198;desc=""Last query at"", cache.hit;dur=4;desc=""Cache hits"", cache.miss;dur=6;desc=""Cache misses"" | D1_layout;dur=96.0;desc=""D1:layout"", D1_posts;dur=168.0;desc=""D1:posts"", D1_all-tags;dur=30.0;desc=""D1:all-tags"", total;dur=198.0;desc=""total"""
2026-10-06T07:30:48Z,astro7,curl,/posts/,200,MISS,remote-WAW,HAM,208.4,505.2,522.2,296.8,36709,9.0,252.0,0.0,146.0,146.0,4.0,6.0,"rt;dur=0;desc=""Runtime init"", render;dur=146;desc=""Page render"", mw;dur=146;desc=""Total middleware"", db.total;dur=252;desc=""DB total"", db.count;dur=9;desc=""Query count"", db.first;dur=0;desc=""First query at"", db.last;dur=146;desc=""Last query at"", cache.hit;dur=4;desc=""Cache hits"", cache.miss;dur=6;desc=""Cache misses"" | D1_layout;dur=77.0;desc=""D1:layout"", D1_posts;dur=125.0;desc=""D1:posts"", D1_all-tags;dur=21.0;desc=""D1:all-tags"", total;dur=146.0;desc=""total"""
2026-10-06T07:30:48Z,astro7,browser,/,200,MISS,remote-WAW,HAM,104.6,436.2,437.7,331.6,29901,9.0,254.0,0.0,148.0,148.0,4.0,6.0,"rt;dur=0;desc=""Runtime init"", render;dur=148;desc=""Page render"", mw;dur=148;desc=""Total middleware"", db.total;dur=254;desc=""DB total"", db.count;dur=9;desc=""Query count"", db.first;dur=0;desc=""First query at"", db.last;dur=148;desc=""Last query at"", cache.hit;dur=4;desc=""Cache hits"", cache.miss;dur=6;desc=""Cache misses"" | D1_layout;dur=84.0;desc=""D1:layout"", D1_posts;dur=128.0;desc=""D1:posts"", D1_all-tags;dur=20.0;desc=""D1:all-tags"", total;dur=148.0;desc=""total"" | cfEdge;dur=224,cfOrigin;dur=0"
2026-10-06T07:30:49Z,astro7,curl,/posts/architektura-emdash-typescript-astro,200,MISS,remote-WAW,HAM,114.9,439.7,445.9,324.8,32888,16.0,431.0,0.0,198.0,198.0,10.0,7.0,"rt;dur=0;desc=""Runtime init"", render;dur=198;desc=""Page render"", mw;dur=198;desc=""Total middleware"", db.total;dur=431;desc=""DB total"", db.count;dur=16;desc=""Query count"", db.first;dur=0;desc=""First query at"", db.last;dur=198;desc=""Last query at"", cache.hit;dur=10;desc=""Cache hits"", cache.miss;dur=7;desc=""Cache misses"" | D1_layout;dur=87.0;desc=""D1:layout"", D1_entry+recent;dur=129.0;desc=""D1:entry+recent"", D1_tags;dur=24.0;desc=""D1:tags"", total;dur=198.0;desc=""total"""
2026-10-06T07:30:50Z,astro7,curl,/category/technologia,200,MISS,remote-WAW,HAM,182.2,712.0,728.7,529.8,27893,11.0,302.0,0.0,136.0,136.0,4.0,6.0,"rt;dur=0;desc=""Runtime init"", render;dur=136;desc=""Page render"", mw;dur=136;desc=""Total middleware"", db.total;dur=302;desc=""DB total"", db.count;dur=11;desc=""Query count"", db.first;dur=0;desc=""First query at"", db.last;dur=136;desc=""Last query at"", cache.hit;dur=4;desc=""Cache hits"", cache.miss;dur=6;desc=""Cache misses"" | D1_layout;dur=75.0;desc=""D1:layout"", D1_term+posts;dur=136.0;desc=""D1:term+posts"", total;dur=136.0;desc=""total"""
2026-10-06T07:30:51Z,astro7,browser,/posts/architektura-emdash-typescript-astro,200,MISS,remote-WAW,HAM,93.9,742.4,743.7,648.5,33283,15.0,586.0,0.0,339.0,339.0,10.0,7.0,"rt;dur=0;desc=""Runtime init"", render;dur=339;desc=""Page render"", mw;dur=339;desc=""Total middleware"", db.total;dur=586;desc=""DB total"", db.count;dur=15;desc=""Query count"", db.first;dur=0;desc=""First query at"", db.last;dur=339;desc=""Last query at"", cache.hit;dur=10;desc=""Cache hits"", cache.miss;dur=7;desc=""Cache misses"" | D1_layout;dur=85.0;desc=""D1:layout"", D1_entry+recent;dur=267.0;desc=""D1:entry+recent"", D1_tags;dur=23.0;desc=""D1:tags"", total;dur=339.0;desc=""total"" | cfEdge;dur=444,cfOrigin;dur=0"
2026-10-06T07:30:52Z,astro7,browser,/posts/,200,MISS,remote-WAW,HAM,92.0,438.6,444.3,346.6,37064,9.0,319.0,0.0,195.0,195.0,4.0,6.0,"rt;dur=0;desc=""Runtime init"", render;dur=195;desc=""Page render"", mw;dur=195;desc=""Total middleware"", db.total;dur=319;desc=""DB total"", db.count;dur=9;desc=""Query count"", db.first;dur=0;desc=""First query at"", db.last;dur=195;desc=""Last query at"", cache.hit;dur=4;desc=""Cache hits"", cache.miss;dur=6;desc=""Cache misses"" | D1_layout;dur=84.0;desc=""D1:layout"", D1_posts;dur=172.0;desc=""D1:posts"", D1_all-tags;dur=23.0;desc=""D1:all-tags"", total;dur=195.0;desc=""total"" | cfEdge;dur=292,cfOrigin;dur=0"
2026-10-06T07:30:52Z,astro7,curl,/,200,MISS,remote-WAW,HAM,154.7,440.1,447.6,285.4,29530,9.0,232.0,0.0,150.0,150.0,4.0,6.0,"rt;dur=0;desc=""Runtime init"", render;dur=150;desc=""Page render"", mw;dur=150;desc=""Total middleware"", db.total;dur=232;desc=""DB total"", db.count;dur=9;desc=""Query count"", db.first;dur=0;desc=""First query at"", db.last;dur=150;desc=""Last query at"", cache.hit;dur=4;desc=""Cache hits"", cache.miss;dur=6;desc=""Cache misses"" | D1_layout;dur=66.0;desc=""D1:layout"", D1_posts;dur=129.0;desc=""D1:posts"", D1_all-tags;dur=21.0;desc=""D1:all-tags"", total;dur=150.0;desc=""total"""
2026-10-06T07:30:53Z,astro7,browser,/category/technologia,200,MISS,remote-WAW,HAM,95.3,613.7,625.4,518.4,28252,11.0,260.0,0.0,115.0,115.0,4.0,6.0,"rt;dur=0;desc=""Runtime init"", render;dur=115;desc=""Page render"", mw;dur=115;desc=""Total middleware"", db.total;dur=260;desc=""DB total"", db.count;dur=11;desc=""Query count"", db.first;dur=0;desc=""First query at"", db.last;dur=115;desc=""Last query at"", cache.hit;dur=4;desc=""Cache hits"", cache.miss;dur=6;desc=""Cache misses"" | D1_layout;dur=61.0;desc=""D1:layout"", D1_term+posts;dur=115.0;desc=""D1:term+posts"", total;dur=115.0;desc=""total"" | cfEdge;dur=203,cfOrigin;dur=0"
2026-10-06T07:30:54Z,astro7,curl,/posts/,200,MISS,remote-WAW,HAM,179.4,451.7,454.5,272.3,36713,9.0,215.0,0.0,133.0,133.0,4.0,6.0,"rt;dur=0;desc=""Runtime init"", render;dur=133;desc=""Page render"", mw;dur=133;desc=""Total middleware"", db.total;dur=215;desc=""DB total"", db.count;dur=9;desc=""Query count"", db.first;dur=0;desc=""First query at"", db.last;dur=133;desc=""Last query at"", cache.hit;dur=4;desc=""Cache hits"", cache.miss;dur=6;desc=""Cache misses"" | D1_layout;dur=70.0;desc=""D1:layout"", D1_posts;dur=109.0;desc=""D1:posts"", D1_all-tags;dur=24.0;desc=""D1:all-tags"", total;dur=133.0;desc=""total"""
2026-10-06T07:30:55Z,astro7,curl,/posts/architektura-emdash-typescript-astro,200,MISS,remote-WAW,HAM,103.3,543.9,545.0,440.6,32916,16.0,415.0,0.0,189.0,189.0,10.0,7.0,"rt;dur=0;desc=""Runtime init"", render;dur=189;desc=""Page render"", mw;dur=189;desc=""Total middleware"", db.total;dur=415;desc=""DB total"", db.count;dur=16;desc=""Query count"", db.first;dur=0;desc=""First query at"", db.last;dur=189;desc=""Last query at"", cache.hit;dur=10;desc=""Cache hits"", cache.miss;dur=7;desc=""Cache misses"" | D1_layout;dur=73.0;desc=""D1:layout"", D1_entry+recent;dur=119.0;desc=""D1:entry+recent"", D1_tags;dur=21.0;desc=""D1:tags"", total;dur=189.0;desc=""total"""
2026-10-06T07:30:55Z,astro7,browser,/,200,MISS,remote-WAW,HAM,104.7,372.0,395.4,267.3,29909,9.0,234.0,0.0,148.0,148.0,4.0,6.0,"rt;dur=0;desc=""Runtime init"", render;dur=148;desc=""Page render"", mw;dur=148;desc=""Total middleware"", db.total;dur=234;desc=""DB total"", db.count;dur=9;desc=""Query count"", db.first;dur=0;desc=""First query at"", db.last;dur=148;desc=""Last query at"", cache.hit;dur=4;desc=""Cache hits"", cache.miss;dur=6;desc=""Cache misses"" | D1_layout;dur=77.0;desc=""D1:layout"", D1_posts;dur=124.0;desc=""D1:posts"", D1_all-tags;dur=24.0;desc=""D1:all-tags"", total;dur=148.0;desc=""total"" | cfEdge;dur=223,cfOrigin;dur=0"
2026-10-06T07:30:56Z,astro7,curl,/posts/architektura-emdash-typescript-astro,200,MISS,remote-WAW,HAM,185.2,576.4,580.5,391.2,32889,16.0,474.0,0.0,233.0,233.0,10.0,7.0,"rt;dur=0;desc=""Runtime init"", render;dur=233;desc=""Page render"", mw;dur=233;desc=""Total middleware"", db.total;dur=474;desc=""DB total"", db.count;dur=16;desc=""Query count"", db.first;dur=0;desc=""First query at"", db.last;dur=233;desc=""Last query at"", cache.hit;dur=10;desc=""Cache hits"", cache.miss;dur=7;desc=""Cache misses"" | D1_layout;dur=114.0;desc=""D1:layout"", D1_entry+recent;dur=161.0;desc=""D1:entry+recent"", D1_tags;dur=22.0;desc=""D1:tags"", total;dur=233.0;desc=""total"""
2026-10-06T07:30:57Z,astro7,curl,/category/technologia,200,MISS,remote-WAW,HAM,602.4,943.9,948.0,341.5,27893,11.0,282.0,0.0,125.0,125.0,4.0,6.0,"rt;dur=0;desc=""Runtime init"", render;dur=125;desc=""Page render"", mw;dur=125;desc=""Total middleware"", db.total;dur=282;desc=""DB total"", db.count;dur=11;desc=""Query count"", db.first;dur=0;desc=""First query at"", db.last;dur=125;desc=""Last query at"", cache.hit;dur=4;desc=""Cache hits"", cache.miss;dur=6;desc=""Cache misses"" | D1_layout;dur=71.0;desc=""D1:layout"", D1_term+posts;dur=125.0;desc=""D1:term+posts"", total;dur=125.0;desc=""total"""
2026-10-06T07:30:58Z,astro7,browser,/posts/,200,MISS,remote-WAW,HAM,299.7,820.1,821.3,520.4,37076,10.0,445.0,0.0,304.0,304.0,4.0,6.0,"rt;dur=0;desc=""Runtime init"", render;dur=304;desc=""Page render"", mw;dur=304;desc=""Total middleware"", db.total;dur=445;desc=""DB total"", db.count;dur=10;desc=""Query count"", db.first;dur=0;desc=""First query at"", db.last;dur=304;desc=""Last query at"", cache.hit;dur=4;desc=""Cache hits"", cache.miss;dur=6;desc=""Cache misses"" | D1_layout;dur=81.0;desc=""D1:layout"", D1_posts;dur=279.0;desc=""D1:posts"", D1_all-tags;dur=25.0;desc=""D1:all-tags"", total;dur=304.0;desc=""total"" | cfEdge;dur=403,cfOrigin;dur=0"
2026-10-06T07:30:59Z,astro7,curl,/posts/,200,MISS,remote-WAW,HAM,98.2,623.3,623.9,525.1,36709,9.0,424.0,0.0,327.0,327.0,4.0,6.0,"rt;dur=0;desc=""Runtime init"", render;dur=327;desc=""Page render"", mw;dur=327;desc=""Total middleware"", db.total;dur=424;desc=""DB total"", db.count;dur=9;desc=""Query count"", db.first;dur=0;desc=""First query at"", db.last;dur=327;desc=""Last query at"", cache.hit;dur=4;desc=""Cache hits"", cache.miss;dur=6;desc=""Cache misses"" | D1_layout;dur=69.0;desc=""D1:layout"", D1_posts;dur=307.0;desc=""D1:posts"", D1_all-tags;dur=20.0;desc=""D1:all-tags"", total;dur=327.0;desc=""total"""
2026-10-06T07:31:00Z,astro7,browser,/category/technologia,200,MISS,remote-WAW,HAM,196.4,478.3,486.9,281.9,28252,12.0,359.0,0.0,147.0,147.0,4.0,6.0,"rt;dur=0;desc=""Runtime init"", render;dur=147;desc=""Page render"", mw;dur=147;desc=""Total middleware"", db.total;dur=359;desc=""DB total"", db.count;dur=12;desc=""Query count"", db.first;dur=0;desc=""First query at"", db.last;dur=147;desc=""Last query at"", cache.hit;dur=4;desc=""Cache hits"", cache.miss;dur=6;desc=""Cache misses"" | D1_layout;dur=81.0;desc=""D1:layout"", D1_term+posts;dur=147.0;desc=""D1:term+posts"", total;dur=147.0;desc=""total"" | cfEdge;dur=231,cfOrigin;dur=0"
2026-10-06T07:31:01Z,astro7,curl,/,200,MISS,remote-WAW,HAM,494.5,772.8,952.4,278.3,29534,9.0,225.0,0.0,142.0,142.0,4.0,6.0,"rt;dur=0;desc=""Runtime init"", render;dur=142;desc=""Page render"", mw;dur=142;desc=""Total middleware"", db.total;dur=225;desc=""DB total"", db.count;dur=9;desc=""Query count"", db.first;dur=0;desc=""First query at"", db.last;dur=142;desc=""Last query at"", cache.hit;dur=4;desc=""Cache hits"", cache.miss;dur=6;desc=""Cache misses"" | D1_layout;dur=67.0;desc=""D1:layout"", D1_posts;dur=115.0;desc=""D1:posts"", D1_all-tags;dur=27.0;desc=""D1:all-tags"", total;dur=142.0;desc=""total"""
2026-10-06T07:31:02Z,astro7,browser,/posts/architektura-emdash-typescript-astro,200,MISS,remote-WAW,HAM,216.3,616.7,624.2,400.4,33283,16.0,551.0,0.0,247.0,247.0,10.0,7.0,"rt;dur=0;desc=""Runtime init"", render;dur=247;desc=""Page render"", mw;dur=247;desc=""Total middleware"", db.total;dur=551;desc=""DB total"", db.count;dur=16;desc=""Query count"", db.first;dur=0;desc=""First query at"", db.last;dur=247;desc=""Last query at"", cache.hit;dur=10;desc=""Cache hits"", cache.miss;dur=7;desc=""Cache misses"" | D1_layout;dur=89.0;desc=""D1:layout"", D1_entry+recent;dur=169.0;desc=""D1:entry+recent"", D1_tags;dur=26.0;desc=""D1:tags"", total;dur=247.0;desc=""total"" | cfEdge;dur=348,cfOrigin;dur=0"
2026-10-06T07:31:03Z,astro7,browser,/,200,MISS,remote-WAW,HAM,91.7,370.4,377.4,278.7,29901,9.0,241.0,0.0,149.0,149.0,4.0,6.0,"rt;dur=0;desc=""Runtime init"", render;dur=149;desc=""Page render"", mw;dur=149;desc=""Total middleware"", db.total;dur=241;desc=""DB total"", db.count;dur=9;desc=""Query count"", db.first;dur=0;desc=""First query at"", db.last;dur=149;desc=""Last query at"", cache.hit;dur=4;desc=""Cache hits"", cache.miss;dur=6;desc=""Cache misses"" | D1_layout;dur=69.0;desc=""D1:layout"", D1_posts;dur=120.0;desc=""D1:posts"", D1_all-tags;dur=29.0;desc=""D1:all-tags"", total;dur=149.0;desc=""total"" | cfEdge;dur=224,cfOrigin;dur=0"
2026-10-06T07:31:03Z,astro7,browser,/posts/,200,MISS,remote-WAW,HAM,98.7,403.1,411.8,304.4,37076,9.0,258.0,0.0,145.0,145.0,4.0,6.0,"rt;dur=0;desc=""Runtime init"", render;dur=145;desc=""Page render"", mw;dur=145;desc=""Total middleware"", db.total;dur=258;desc=""DB total"", db.count;dur=9;desc=""Query count"", db.first;dur=0;desc=""First query at"", db.last;dur=145;desc=""Last query at"", cache.hit;dur=4;desc=""Cache hits"", cache.miss;dur=6;desc=""Cache misses"" | D1_layout;dur=81.0;desc=""D1:layout"", D1_posts;dur=123.0;desc=""D1:posts"", D1_all-tags;dur=22.0;desc=""D1:all-tags"", total;dur=145.0;desc=""total"" | cfEdge;dur=243,cfOrigin;dur=0"
2026-10-06T07:31:04Z,astro7,curl,/posts/,200,MISS,remote-WAW,HAM,182.4,499.0,596.2,316.6,36693,9.0,279.0,0.0,172.0,172.0,4.0,6.0,"rt;dur=0;desc=""Runtime init"", render;dur=172;desc=""Page render"", mw;dur=172;desc=""Total middleware"", db.total;dur=279;desc=""DB total"", db.count;dur=9;desc=""Query count"", db.first;dur=0;desc=""First query at"", db.last;dur=172;desc=""Last query at"", cache.hit;dur=4;desc=""Cache hits"", cache.miss;dur=6;desc=""Cache misses"" | D1_layout;dur=74.0;desc=""D1:layout"", D1_posts;dur=140.0;desc=""D1:posts"", D1_all-tags;dur=32.0;desc=""D1:all-tags"", total;dur=172.0;desc=""total"""
2026-10-06T07:31:05Z,astro7,browser,/category/technologia,200,MISS,remote-WAW,HAM,128.3,385.5,387.6,257.2,28248,11.0,281.0,0.0,129.0,129.0,4.0,6.0,"rt;dur=0;desc=""Runtime init"", render;dur=129;desc=""Page render"", mw;dur=129;desc=""Total middleware"", db.total;dur=281;desc=""DB total"", db.count;dur=11;desc=""Query count"", db.first;dur=0;desc=""First query at"", db.last;dur=129;desc=""Last query at"", cache.hit;dur=4;desc=""Cache hits"", cache.miss;dur=6;desc=""Cache misses"" | D1_layout;dur=78.0;desc=""D1:layout"", D1_term+posts;dur=129.0;desc=""D1:term+posts"", total;dur=129.0;desc=""total"" | cfEdge;dur=198,cfOrigin;dur=0"
2026-10-06T07:31:05Z,astro7,browser,/posts/architektura-emdash-typescript-astro,200,MISS,remote-WAW,HAM,182.8,526.7,528.1,343.9,33259,16.0,416.0,0.0,194.0,194.0,10.0,7.0,"rt;dur=0;desc=""Runtime init"", render;dur=194;desc=""Page render"", mw;dur=194;desc=""Total middleware"", db.total;dur=416;desc=""DB total"", db.count;dur=16;desc=""Query count"", db.first;dur=0;desc=""First query at"", db.last;dur=194;desc=""Last query at"", cache.hit;dur=10;desc=""Cache hits"", cache.miss;dur=7;desc=""Cache misses"" | D1_layout;dur=77.0;desc=""D1:layout"", D1_entry+recent;dur=120.0;desc=""D1:entry+recent"", D1_tags;dur=22.0;desc=""D1:tags"", total;dur=194.0;desc=""total"" | cfEdge;dur=279,cfOrigin;dur=0"
2026-10-06T07:31:06Z,astro7,curl,/category/technologia,200,MISS,remote-WAW,HAM,93.9,373.0,374.3,279.1,27889,11.0,250.0,0.0,118.0,118.0,4.0,6.0,"rt;dur=0;desc=""Runtime init"", render;dur=118;desc=""Page render"", mw;dur=118;desc=""Total middleware"", db.total;dur=250;desc=""DB total"", db.count;dur=11;desc=""Query count"", db.first;dur=0;desc=""First query at"", db.last;dur=118;desc=""Last query at"", cache.hit;dur=4;desc=""Cache hits"", cache.miss;dur=6;desc=""Cache misses"" | D1_layout;dur=63.0;desc=""D1:layout"", D1_term+posts;dur=118.0;desc=""D1:term+posts"", total;dur=118.0;desc=""total"""
2026-10-06T07:31:07Z,astro7,browser,/,200,MISS,remote-WAW,HAM,99.8,413.0,423.0,313.2,29901,10.0,343.0,0.0,166.0,166.0,4.0,6.0,"rt;dur=0;desc=""Runtime init"", render;dur=166;desc=""Page render"", mw;dur=166;desc=""Total middleware"", db.total;dur=343;desc=""DB total"", db.count;dur=10;desc=""Query count"", db.first;dur=0;desc=""First query at"", db.last;dur=166;desc=""Last query at"", cache.hit;dur=4;desc=""Cache hits"", cache.miss;dur=6;desc=""Cache misses"" | D1_layout;dur=93.0;desc=""D1:layout"", D1_posts;dur=142.0;desc=""D1:posts"", D1_all-tags;dur=24.0;desc=""D1:all-tags"", total;dur=166.0;desc=""total"" | cfEdge;dur=268,cfOrigin;dur=0"
2026-10-06T07:31:07Z,astro7,curl,/,200,MISS,remote-WAW,HAM,108.3,413.0,419.6,304.7,29530,9.0,233.0,0.0,140.0,140.0,4.0,6.0,"rt;dur=0;desc=""Runtime init"", render;dur=140;desc=""Page render"", mw;dur=140;desc=""Total middleware"", db.total;dur=233;desc=""DB total"", db.count;dur=9;desc=""Query count"", db.first;dur=0;desc=""First query at"", db.last;dur=140;desc=""Last query at"", cache.hit;dur=4;desc=""Cache hits"", cache.miss;dur=6;desc=""Cache misses"" | D1_layout;dur=59.0;desc=""D1:layout"", D1_posts;dur=115.0;desc=""D1:posts"", D1_all-tags;dur=25.0;desc=""D1:all-tags"", total;dur=140.0;desc=""total"""
2026-10-06T07:31:08Z,astro7,curl,/posts/architektura-emdash-typescript-astro,200,MISS,remote-WAW,HAM,172.0,501.4,513.3,329.4,32884,16.0,420.0,0.0,186.0,186.0,10.0,7.0,"rt;dur=0;desc=""Runtime init"", render;dur=186;desc=""Page render"", mw;dur=186;desc=""Total middleware"", db.total;dur=420;desc=""DB total"", db.count;dur=16;desc=""Query count"", db.first;dur=0;desc=""First query at"", db.last;dur=186;desc=""Last query at"", cache.hit;dur=10;desc=""Cache hits"", cache.miss;dur=7;desc=""Cache misses"" | D1_layout;dur=85.0;desc=""D1:layout"", D1_entry+recent;dur=123.0;desc=""D1:entry+recent"", D1_tags;dur=26.0;desc=""D1:tags"", total;dur=186.0;desc=""total"""
2026-10-06T07:31:09Z,astro7,browser,/category/technologia,200,MISS,remote-WAW,HAM,117.3,443.5,447.7,326.2,28260,11.0,321.0,0.0,161.0,161.0,4.0,6.0,"rt;dur=0;desc=""Runtime init"", render;dur=161;desc=""Page render"", mw;dur=161;desc=""Total middleware"", db.total;dur=321;desc=""DB total"", db.count;dur=11;desc=""Query count"", db.first;dur=0;desc=""First query at"", db.last;dur=161;desc=""Last query at"", cache.hit;dur=4;desc=""Cache hits"", cache.miss;dur=6;desc=""Cache misses"" | D1_layout;dur=86.0;desc=""D1:layout"", D1_term+posts;dur=161.0;desc=""D1:term+posts"", total;dur=161.0;desc=""total"" | cfEdge;dur=271,cfOrigin;dur=0"
2026-10-06T07:31:09Z,astro7,curl,/,200,MISS,remote-WAW,HAM,101.9,384.9,390.3,283.0,29538,9.0,278.0,0.0,162.0,162.0,4.0,6.0,"rt;dur=0;desc=""Runtime init"", render;dur=162;desc=""Page render"", mw;dur=162;desc=""Total middleware"", db.total;dur=278;desc=""DB total"", db.count;dur=9;desc=""Query count"", db.first;dur=0;desc=""First query at"", db.last;dur=162;desc=""Last query at"", cache.hit;dur=4;desc=""Cache hits"", cache.miss;dur=6;desc=""Cache misses"" | D1_layout;dur=81.0;desc=""D1:layout"", D1_posts;dur=137.0;desc=""D1:posts"", D1_all-tags;dur=25.0;desc=""D1:all-tags"", total;dur=162.0;desc=""total"""
2026-10-06T07:31:10Z,astro7,curl,/posts/architektura-emdash-typescript-astro,200,MISS,remote-WAW,HAM,164.1,502.9,510.2,338.8,32896,16.0,428.0,0.0,204.0,204.0,10.0,7.0,"rt;dur=0;desc=""Runtime init"", render;dur=204;desc=""Page render"", mw;dur=204;desc=""Total middleware"", db.total;dur=428;desc=""DB total"", db.count;dur=16;desc=""Query count"", db.first;dur=0;desc=""First query at"", db.last;dur=204;desc=""Last query at"", cache.hit;dur=10;desc=""Cache hits"", cache.miss;dur=7;desc=""Cache misses"" | D1_layout;dur=78.0;desc=""D1:layout"", D1_entry+recent;dur=138.0;desc=""D1:entry+recent"", D1_tags;dur=25.0;desc=""D1:tags"", total;dur=204.0;desc=""total"""
2026-10-06T07:31:11Z,astro7,curl,/posts/,200,MISS,remote-WAW,HAM,99.2,465.6,466.6,366.4,36717,9.0,254.0,0.0,154.0,154.0,4.0,6.0,"rt;dur=0;desc=""Runtime init"", render;dur=154;desc=""Page render"", mw;dur=154;desc=""Total middleware"", db.total;dur=254;desc=""DB total"", db.count;dur=9;desc=""Query count"", db.first;dur=0;desc=""First query at"", db.last;dur=154;desc=""Last query at"", cache.hit;dur=4;desc=""Cache hits"", cache.miss;dur=6;desc=""Cache misses"" | D1_layout;dur=70.0;desc=""D1:layout"", D1_posts;dur=120.0;desc=""D1:posts"", D1_all-tags;dur=34.0;desc=""D1:all-tags"", total;dur=154.0;desc=""total"""
2026-10-06T07:31:12Z,astro7,browser,/posts/,200,MISS,remote-WAW,HAM,129.2,424.8,428.4,295.6,37068,9.0,264.0,0.0,146.0,146.0,4.0,6.0,"rt;dur=0;desc=""Runtime init"", render;dur=146;desc=""Page render"", mw;dur=146;desc=""Total middleware"", db.total;dur=264;desc=""DB total"", db.count;dur=9;desc=""Query count"", db.first;dur=0;desc=""First query at"", db.last;dur=146;desc=""Last query at"", cache.hit;dur=4;desc=""Cache hits"", cache.miss;dur=6;desc=""Cache misses"" | D1_layout;dur=73.0;desc=""D1:layout"", D1_posts;dur=124.0;desc=""D1:posts"", D1_all-tags;dur=22.0;desc=""D1:all-tags"", total;dur=146.0;desc=""total"" | cfEdge;dur=244,cfOrigin;dur=0"
2026-10-06T07:31:13Z,astro7,browser,/,200,MISS,remote-WAW,HAM,400.0,832.4,833.0,432.4,29893,9.0,227.0,0.0,140.0,140.0,4.0,6.0,"rt;dur=0;desc=""Runtime init"", render;dur=140;desc=""Page render"", mw;dur=140;desc=""Total middleware"", db.total;dur=227;desc=""DB total"", db.count;dur=9;desc=""Query count"", db.first;dur=0;desc=""First query at"", db.last;dur=140;desc=""Last query at"", cache.hit;dur=4;desc=""Cache hits"", cache.miss;dur=6;desc=""Cache misses"" | D1_layout;dur=57.0;desc=""D1:layout"", D1_posts;dur=120.0;desc=""D1:posts"", D1_all-tags;dur=20.0;desc=""D1:all-tags"", total;dur=140.0;desc=""total"" | cfEdge;dur=246,cfOrigin;dur=0"
2026-10-06T07:31:14Z,astro7,curl,/category/technologia,200,MISS,remote-WAW,HAM,299.4,645.4,648.9,346.0,27893,11.0,276.0,0.0,122.0,122.0,4.0,6.0,"rt;dur=0;desc=""Runtime init"", render;dur=122;desc=""Page render"", mw;dur=122;desc=""Total middleware"", db.total;dur=276;desc=""DB total"", db.count;dur=11;desc=""Query count"", db.first;dur=0;desc=""First query at"", db.last;dur=122;desc=""Last query at"", cache.hit;dur=4;desc=""Cache hits"", cache.miss;dur=6;desc=""Cache misses"" | D1_layout;dur=70.0;desc=""D1:layout"", D1_term+posts;dur=122.0;desc=""D1:term+posts"", total;dur=122.0;desc=""total"""
2026-10-06T07:31:14Z,astro7,browser,/posts/architektura-emdash-typescript-astro,200,MISS,remote-WAW,HAM,278.9,627.8,632.9,348.9,33263,16.0,400.0,0.0,179.0,179.0,10.0,7.0,"rt;dur=0;desc=""Runtime init"", render;dur=179;desc=""Page render"", mw;dur=179;desc=""Total middleware"", db.total;dur=400;desc=""DB total"", db.count;dur=16;desc=""Query count"", db.first;dur=0;desc=""First query at"", db.last;dur=179;desc=""Last query at"", cache.hit;dur=10;desc=""Cache hits"", cache.miss;dur=7;desc=""Cache misses"" | D1_layout;dur=68.0;desc=""D1:layout"", D1_entry+recent;dur=112.0;desc=""D1:entry+recent"", D1_tags;dur=24.0;desc=""D1:tags"", total;dur=179.0;desc=""total"" | cfEdge;dur=293,cfOrigin;dur=0"
2026-10-06T07:31:15Z,astro7,curl,/,200,MISS,remote-WAW,HAM,275.6,619.4,620.4,343.8,29538,9.0,215.0,0.0,133.0,133.0,4.0,6.0,"rt;dur=0;desc=""Runtime init"", render;dur=133;desc=""Page render"", mw;dur=133;desc=""Total middleware"", db.total;dur=215;desc=""DB total"", db.count;dur=9;desc=""Query count"", db.first;dur=0;desc=""First query at"", db.last;dur=133;desc=""Last query at"", cache.hit;dur=4;desc=""Cache hits"", cache.miss;dur=6;desc=""Cache misses"" | D1_layout;dur=68.0;desc=""D1:layout"", D1_posts;dur=109.0;desc=""D1:posts"", D1_all-tags;dur=24.0;desc=""D1:all-tags"", total;dur=133.0;desc=""total"""
2026-10-06T07:31:16Z,astro7,browser,/posts/,200,MISS,remote-WAW,HAM,295.0,639.6,642.3,344.6,37068,9.0,262.0,0.0,163.0,163.0,4.0,6.0,"rt;dur=0;desc=""Runtime init"", render;dur=163;desc=""Page render"", mw;dur=163;desc=""Total middleware"", db.total;dur=262;desc=""DB total"", db.count;dur=9;desc=""Query count"", db.first;dur=0;desc=""First query at"", db.last;dur=163;desc=""Last query at"", cache.hit;dur=4;desc=""Cache hits"", cache.miss;dur=6;desc=""Cache misses"" | D1_layout;dur=90.0;desc=""D1:layout"", D1_posts;dur=139.0;desc=""D1:posts"", D1_all-tags;dur=24.0;desc=""D1:all-tags"", total;dur=163.0;desc=""total"" | cfEdge;dur=261,cfOrigin;dur=0"
2026-10-06T07:31:17Z,astro7,browser,/,200,MISS,remote-WAW,HAM,109.1,457.1,458.4,348.0,29897,9.0,248.0,0.0,159.0,159.0,4.0,6.0,"rt;dur=0;desc=""Runtime init"", render;dur=159;desc=""Page render"", mw;dur=159;desc=""Total middleware"", db.total;dur=248;desc=""DB total"", db.count;dur=9;desc=""Query count"", db.first;dur=0;desc=""First query at"", db.last;dur=159;desc=""Last query at"", cache.hit;dur=4;desc=""Cache hits"", cache.miss;dur=6;desc=""Cache misses"" | D1_layout;dur=66.0;desc=""D1:layout"", D1_posts;dur=138.0;desc=""D1:posts"", D1_all-tags;dur=21.0;desc=""D1:all-tags"", total;dur=159.0;desc=""total"" | cfEdge;dur=257,cfOrigin;dur=0"
2026-10-06T07:31:18Z,astro7,curl,/posts/,200,MISS,remote-WAW,HAM,287.4,618.1,618.9,330.7,36717,9.0,203.0,0.0,129.0,129.0,4.0,6.0,"rt;dur=0;desc=""Runtime init"", render;dur=129;desc=""Page render"", mw;dur=129;desc=""Total middleware"", db.total;dur=203;desc=""DB total"", db.count;dur=9;desc=""Query count"", db.first;dur=0;desc=""First query at"", db.last;dur=129;desc=""Last query at"", cache.hit;dur=4;desc=""Cache hits"", cache.miss;dur=6;desc=""Cache misses"" | D1_layout;dur=68.0;desc=""D1:layout"", D1_posts;dur=111.0;desc=""D1:posts"", D1_all-tags;dur=18.0;desc=""D1:all-tags"", total;dur=129.0;desc=""total"""
2026-10-06T07:31:18Z,astro7,browser,/posts/architektura-emdash-typescript-astro,200,MISS,remote-WAW,HAM,104.6,472.0,482.0,367.4,33255,16.0,439.0,0.0,194.0,194.0,10.0,7.0,"rt;dur=0;desc=""Runtime init"", render;dur=194;desc=""Page render"", mw;dur=194;desc=""Total middleware"", db.total;dur=439;desc=""DB total"", db.count;dur=16;desc=""Query count"", db.first;dur=0;desc=""First query at"", db.last;dur=194;desc=""Last query at"", cache.hit;dur=10;desc=""Cache hits"", cache.miss;dur=7;desc=""Cache misses"" | D1_layout;dur=78.0;desc=""D1:layout"", D1_entry+recent;dur=128.0;desc=""D1:entry+recent"", D1_tags;dur=20.0;desc=""D1:tags"", total;dur=194.0;desc=""total"" | cfEdge;dur=318,cfOrigin;dur=0"
2026-10-06T07:31:19Z,astro7,curl,/posts/architektura-emdash-typescript-astro,200,MISS,remote-WAW,HAM,176.1,505.8,523.4,329.7,32884,16.0,392.0,0.0,180.0,180.0,10.0,7.0,"rt;dur=0;desc=""Runtime init"", render;dur=180;desc=""Page render"", mw;dur=180;desc=""Total middleware"", db.total;dur=392;desc=""DB total"", db.count;dur=16;desc=""Query count"", db.first;dur=0;desc=""First query at"", db.last;dur=180;desc=""Last query at"", cache.hit;dur=10;desc=""Cache hits"", cache.miss;dur=7;desc=""Cache misses"" | D1_layout;dur=73.0;desc=""D1:layout"", D1_entry+recent;dur=114.0;desc=""D1:entry+recent"", D1_tags;dur=19.0;desc=""D1:tags"", total;dur=180.0;desc=""total"""
2026-10-06T07:31:20Z,astro7,curl,/category/technologia,200,MISS,remote-WAW,HAM,120.6,400.0,401.7,279.4,27877,11.0,309.0,0.0,135.0,135.0,4.0,6.0,"rt;dur=0;desc=""Runtime init"", render;dur=135;desc=""Page render"", mw;dur=135;desc=""Total middleware"", db.total;dur=309;desc=""DB total"", db.count;dur=11;desc=""Query count"", db.first;dur=0;desc=""First query at"", db.last;dur=135;desc=""Last query at"", cache.hit;dur=4;desc=""Cache hits"", cache.miss;dur=6;desc=""Cache misses"" | D1_layout;dur=78.0;desc=""D1:layout"", D1_term+posts;dur=135.0;desc=""D1:term+posts"", total;dur=135.0;desc=""total"""
2026-10-06T07:31:20Z,astro7,browser,/category/technologia,200,MISS,remote-WAW,HAM,112.9,372.1,378.8,259.2,28248,11.0,252.0,0.0,120.0,120.0,4.0,6.0,"rt;dur=0;desc=""Runtime init"", render;dur=120;desc=""Page render"", mw;dur=120;desc=""Total middleware"", db.total;dur=252;desc=""DB total"", db.count;dur=11;desc=""Query count"", db.first;dur=0;desc=""First query at"", db.last;dur=120;desc=""Last query at"", cache.hit;dur=4;desc=""Cache hits"", cache.miss;dur=6;desc=""Cache misses"" | D1_layout;dur=55.0;desc=""D1:layout"", D1_term+posts;dur=120.0;desc=""D1:term+posts"", total;dur=120.0;desc=""total"" | cfEdge;dur=210,cfOrigin;dur=0"
2026-10-06T07:31:21Z,astro7,curl,/posts/,200,MISS,remote-WAW,HAM,103.7,380.6,396.6,276.9,36697,9.0,230.0,0.0,145.0,145.0,4.0,6.0,"rt;dur=0;desc=""Runtime init"", render;dur=145;desc=""Page render"", mw;dur=145;desc=""Total middleware"", db.total;dur=230;desc=""DB total"", db.count;dur=9;desc=""Query count"", db.first;dur=0;desc=""First query at"", db.last;dur=145;desc=""Last query at"", cache.hit;dur=4;desc=""Cache hits"", cache.miss;dur=6;desc=""Cache misses"" | D1_layout;dur=69.0;desc=""D1:layout"", D1_posts;dur=115.0;desc=""D1:posts"", D1_all-tags;dur=30.0;desc=""D1:all-tags"", total;dur=145.0;desc=""total"""
2026-10-06T07:31:22Z,astro7,browser,/posts/,200,MISS,remote-WAW,HAM,197.1,489.2,498.6,292.1,37068,9.0,216.0,0.0,134.0,134.0,4.0,6.0,"rt;dur=0;desc=""Runtime init"", render;dur=134;desc=""Page render"", mw;dur=134;desc=""Total middleware"", db.total;dur=216;desc=""DB total"", db.count;dur=9;desc=""Query count"", db.first;dur=0;desc=""First query at"", db.last;dur=134;desc=""Last query at"", cache.hit;dur=4;desc=""Cache hits"", cache.miss;dur=6;desc=""Cache misses"" | D1_layout;dur=66.0;desc=""D1:layout"", D1_posts;dur=105.0;desc=""D1:posts"", D1_all-tags;dur=29.0;desc=""D1:all-tags"", total;dur=134.0;desc=""total"" | cfEdge;dur=241,cfOrigin;dur=0"
2026-10-06T07:31:22Z,astro7,browser,/category/technologia,200,MISS,remote-WAW,HAM,84.6,413.9,415.1,329.3,28248,11.0,255.0,0.0,120.0,120.0,4.0,6.0,"rt;dur=0;desc=""Runtime init"", render;dur=120;desc=""Page render"", mw;dur=120;desc=""Total middleware"", db.total;dur=255;desc=""DB total"", db.count;dur=11;desc=""Query count"", db.first;dur=0;desc=""First query at"", db.last;dur=120;desc=""Last query at"", cache.hit;dur=4;desc=""Cache hits"", cache.miss;dur=6;desc=""Cache misses"" | D1_layout;dur=77.0;desc=""D1:layout"", D1_term+posts;dur=120.0;desc=""D1:term+posts"", total;dur=120.0;desc=""total"" | cfEdge;dur=209,cfOrigin;dur=0"
2026-10-06T07:31:23Z,astro7,browser,/posts/architektura-emdash-typescript-astro,200,MISS,remote-WAW,HAM,133.7,454.5,463.8,320.8,33255,16.0,437.0,0.0,193.0,193.0,10.0,7.0,"rt;dur=0;desc=""Runtime init"", render;dur=193;desc=""Page render"", mw;dur=193;desc=""Total middleware"", db.total;dur=437;desc=""DB total"", db.count;dur=16;desc=""Query count"", db.first;dur=0;desc=""First query at"", db.last;dur=193;desc=""Last query at"", cache.hit;dur=10;desc=""Cache hits"", cache.miss;dur=7;desc=""Cache misses"" | D1_layout;dur=79.0;desc=""D1:layout"", D1_entry+recent;dur=123.0;desc=""D1:entry+recent"", D1_tags;dur=25.0;desc=""D1:tags"", total;dur=193.0;desc=""total"" | cfEdge;dur=273,cfOrigin;dur=0"
2026-10-06T07:31:24Z,astro7,curl,/posts/architektura-emdash-typescript-astro,200,MISS,remote-WAW,HAM,184.8,544.9,545.6,360.1,32896,16.0,373.0,0.0,171.0,171.0,10.0,7.0,"rt;dur=0;desc=""Runtime init"", render;dur=171;desc=""Page render"", mw;dur=171;desc=""Total middleware"", db.total;dur=373;desc=""DB total"", db.count;dur=16;desc=""Query count"", db.first;dur=0;desc=""First query at"", db.last;dur=171;desc=""Last query at"", cache.hit;dur=10;desc=""Cache hits"", cache.miss;dur=7;desc=""Cache misses"" | D1_layout;dur=69.0;desc=""D1:layout"", D1_entry+recent;dur=107.0;desc=""D1:entry+recent"", D1_tags;dur=22.0;desc=""D1:tags"", total;dur=171.0;desc=""total"""
2026-10-06T07:31:25Z,astro7,curl,/category/technologia,200,MISS,remote-WAW,HAM,119.3,388.0,390.6,268.7,27893,11.0,296.0,0.0,124.0,124.0,4.0,6.0,"rt;dur=0;desc=""Runtime init"", render;dur=124;desc=""Page render"", mw;dur=124;desc=""Total middleware"", db.total;dur=296;desc=""DB total"", db.count;dur=11;desc=""Query count"", db.first;dur=0;desc=""First query at"", db.last;dur=124;desc=""Last query at"", cache.hit;dur=4;desc=""Cache hits"", cache.miss;dur=6;desc=""Cache misses"" | D1_layout;dur=81.0;desc=""D1:layout"", D1_term+posts;dur=124.0;desc=""D1:term+posts"", total;dur=124.0;desc=""total"""
2026-10-06T07:31:25Z,astro7,browser,/,200,MISS,remote-WAW,HAM,104.2,366.4,369.5,262.2,29905,9.0,219.0,0.0,135.0,135.0,4.0,6.0,"rt;dur=0;desc=""Runtime init"", render;dur=135;desc=""Page render"", mw;dur=135;desc=""Total middleware"", db.total;dur=219;desc=""DB total"", db.count;dur=9;desc=""Query count"", db.first;dur=0;desc=""First query at"", db.last;dur=135;desc=""Last query at"", cache.hit;dur=4;desc=""Cache hits"", cache.miss;dur=6;desc=""Cache misses"" | D1_layout;dur=58.0;desc=""D1:layout"", D1_posts;dur=113.0;desc=""D1:posts"", D1_all-tags;dur=22.0;desc=""D1:all-tags"", total;dur=135.0;desc=""total"" | cfEdge;dur=207,cfOrigin;dur=0"
2026-10-06T07:31:26Z,astro7,curl,/,200,MISS,remote-WAW,HAM,284.1,566.0,594.3,281.9,29538,9.0,223.0,0.0,129.0,129.0,4.0,6.0,"rt;dur=0;desc=""Runtime init"", render;dur=129;desc=""Page render"", mw;dur=129;desc=""Total middleware"", db.total;dur=223;desc=""DB total"", db.count;dur=9;desc=""Query count"", db.first;dur=0;desc=""First query at"", db.last;dur=129;desc=""Last query at"", cache.hit;dur=4;desc=""Cache hits"", cache.miss;dur=6;desc=""Cache misses"" | D1_layout;dur=68.0;desc=""D1:layout"", D1_posts;dur=106.0;desc=""D1:posts"", D1_all-tags;dur=23.0;desc=""D1:all-tags"", total;dur=129.0;desc=""total"""
2026-10-06T07:31:27Z,astro7,browser,/posts/architektura-emdash-typescript-astro,200,MISS,remote-WAW,HAM,117.2,607.2,610.4,490.0,33263,16.0,443.0,0.0,197.0,197.0,10.0,7.0,"rt;dur=0;desc=""Runtime init"", render;dur=197;desc=""Page render"", mw;dur=197;desc=""Total middleware"", db.total;dur=443;desc=""DB total"", db.count;dur=16;desc=""Query count"", db.first;dur=0;desc=""First query at"", db.last;dur=197;desc=""Last query at"", cache.hit;dur=10;desc=""Cache hits"", cache.miss;dur=7;desc=""Cache misses"" | D1_layout;dur=95.0;desc=""D1:layout"", D1_entry+recent;dur=136.0;desc=""D1:entry+recent"", D1_tags;dur=21.0;desc=""D1:tags"", total;dur=197.0;desc=""total"" | cfEdge;dur=298,cfOrigin;dur=0"
2026-10-06T07:31:28Z,astro7,browser,/category/technologia,200,MISS,remote-WAW,HAM,177.4,484.3,649.6,306.9,28248,11.0,340.0,0.0,171.0,171.0,4.0,6.0,"rt;dur=0;desc=""Runtime init"", render;dur=171;desc=""Page render"", mw;dur=171;desc=""Total middleware"", db.total;dur=340;desc=""DB total"", db.count;dur=11;desc=""Query count"", db.first;dur=0;desc=""First query at"", db.last;dur=171;desc=""Last query at"", cache.hit;dur=4;desc=""Cache hits"", cache.miss;dur=6;desc=""Cache misses"" | D1_layout;dur=80.0;desc=""D1:layout"", D1_term+posts;dur=171.0;desc=""D1:term+posts"", total;dur=171.0;desc=""total"" | cfEdge;dur=251,cfOrigin;dur=0"
2026-10-06T07:31:28Z,astro7,curl,/posts/architektura-emdash-typescript-astro,200,MISS,remote-WAW,HAM,82.2,487.2,492.5,405.0,32888,17.0,487.0,0.0,220.0,220.0,10.0,7.0,"rt;dur=0;desc=""Runtime init"", render;dur=220;desc=""Page render"", mw;dur=220;desc=""Total middleware"", db.total;dur=487;desc=""DB total"", db.count;dur=17;desc=""Query count"", db.first;dur=0;desc=""First query at"", db.last;dur=220;desc=""Last query at"", cache.hit;dur=10;desc=""Cache hits"", cache.miss;dur=7;desc=""Cache misses"" | D1_layout;dur=84.0;desc=""D1:layout"", D1_entry+recent;dur=133.0;desc=""D1:entry+recent"", D1_tags;dur=38.0;desc=""D1:tags"", total;dur=220.0;desc=""total"""
2026-10-06T07:31:30Z,astro7,browser,/,200,MISS,remote-WAW,HAM,331.7,996.9,1003.2,665.2,29897,9.0,454.0,0.0,329.0,329.0,4.0,6.0,"rt;dur=0;desc=""Runtime init"", render;dur=329;desc=""Page render"", mw;dur=329;desc=""Total middleware"", db.total;dur=454;desc=""DB total"", db.count;dur=9;desc=""Query count"", db.first;dur=0;desc=""First query at"", db.last;dur=329;desc=""Last query at"", cache.hit;dur=4;desc=""Cache hits"", cache.miss;dur=6;desc=""Cache misses"" | D1_layout;dur=95.0;desc=""D1:layout"", D1_posts;dur=307.0;desc=""D1:posts"", D1_all-tags;dur=22.0;desc=""D1:all-tags"", total;dur=329.0;desc=""total"" | cfEdge;dur=411,cfOrigin;dur=0"
2026-10-06T07:31:31Z,astro7,curl,/posts/,200,MISS,remote-WAW,HAM,125.1,739.1,741.7,614.0,36705,9.0,229.0,0.0,142.0,142.0,4.0,6.0,"rt;dur=0;desc=""Runtime init"", render;dur=142;desc=""Page render"", mw;dur=142;desc=""Total middleware"", db.total;dur=229;desc=""DB total"", db.count;dur=9;desc=""Query count"", db.first;dur=0;desc=""First query at"", db.last;dur=142;desc=""Last query at"", cache.hit;dur=4;desc=""Cache hits"", cache.miss;dur=6;desc=""Cache misses"" | D1_layout;dur=72.0;desc=""D1:layout"", D1_posts;dur=122.0;desc=""D1:posts"", D1_all-tags;dur=20.0;desc=""D1:all-tags"", total;dur=142.0;desc=""total"""
2026-10-06T07:31:32Z,astro7,curl,/,200,MISS,remote-WAW,HAM,207.3,633.7,634.6,426.4,29554,10.0,405.0,0.0,282.0,282.0,4.0,6.0,"rt;dur=0;desc=""Runtime init"", render;dur=282;desc=""Page render"", mw;dur=282;desc=""Total middleware"", db.total;dur=405;desc=""DB total"", db.count;dur=10;desc=""Query count"", db.first;dur=0;desc=""First query at"", db.last;dur=282;desc=""Last query at"", cache.hit;dur=4;desc=""Cache hits"", cache.miss;dur=6;desc=""Cache misses"" | D1_layout;dur=73.0;desc=""D1:layout"", D1_posts;dur=257.0;desc=""D1:posts"", D1_all-tags;dur=25.0;desc=""D1:all-tags"", total;dur=282.0;desc=""total"""
2026-10-06T07:31:32Z,astro7,browser,/posts/,200,MISS,remote-WAW,HAM,343.0,627.9,658.4,284.9,37072,9.0,260.0,0.0,151.0,151.0,4.0,6.0,"rt;dur=0;desc=""Runtime init"", render;dur=151;desc=""Page render"", mw;dur=151;desc=""Total middleware"", db.total;dur=260;desc=""DB total"", db.count;dur=9;desc=""Query count"", db.first;dur=0;desc=""First query at"", db.last;dur=151;desc=""Last query at"", cache.hit;dur=4;desc=""Cache hits"", cache.miss;dur=6;desc=""Cache misses"" | D1_layout;dur=84.0;desc=""D1:layout"", D1_posts;dur=132.0;desc=""D1:posts"", D1_all-tags;dur=19.0;desc=""D1:all-tags"", total;dur=151.0;desc=""total"" | cfEdge;dur=239,cfOrigin;dur=0"
2026-10-06T07:31:33Z,astro7,curl,/category/technologia,200,MISS,remote-WAW,HAM,282.0,543.6,587.6,261.6,27885,11.0,275.0,0.0,126.0,126.0,4.0,6.0,"rt;dur=0;desc=""Runtime init"", render;dur=126;desc=""Page render"", mw;dur=126;desc=""Total middleware"", db.total;dur=275;desc=""DB total"", db.count;dur=11;desc=""Query count"", db.first;dur=0;desc=""First query at"", db.last;dur=126;desc=""Last query at"", cache.hit;dur=4;desc=""Cache hits"", cache.miss;dur=6;desc=""Cache misses"" | D1_layout;dur=83.0;desc=""D1:layout"", D1_term+posts;dur=126.0;desc=""D1:term+posts"", total;dur=126.0;desc=""total"""
2026-10-06T07:31:34Z,astro7,curl,/posts/,200,MISS,remote-WAW,HAM,367.7,679.5,681.7,311.8,36701,9.0,238.0,0.0,141.0,141.0,4.0,6.0,"rt;dur=0;desc=""Runtime init"", render;dur=141;desc=""Page render"", mw;dur=141;desc=""Total middleware"", db.total;dur=238;desc=""DB total"", db.count;dur=9;desc=""Query count"", db.first;dur=0;desc=""First query at"", db.last;dur=141;desc=""Last query at"", cache.hit;dur=4;desc=""Cache hits"", cache.miss;dur=6;desc=""Cache misses"" | D1_layout;dur=72.0;desc=""D1:layout"", D1_posts;dur=115.0;desc=""D1:posts"", D1_all-tags;dur=26.0;desc=""D1:all-tags"", total;dur=141.0;desc=""total"""
2026-10-06T07:31:35Z,astro7,browser,/,200,MISS,remote-WAW,HAM,186.3,481.2,487.5,294.9,29893,9.0,280.0,0.0,169.0,169.0,4.0,6.0,"rt;dur=0;desc=""Runtime init"", render;dur=169;desc=""Page render"", mw;dur=169;desc=""Total middleware"", db.total;dur=280;desc=""DB total"", db.count;dur=9;desc=""Query count"", db.first;dur=0;desc=""First query at"", db.last;dur=169;desc=""Last query at"", cache.hit;dur=4;desc=""Cache hits"", cache.miss;dur=6;desc=""Cache misses"" | D1_layout;dur=90.0;desc=""D1:layout"", D1_posts;dur=136.0;desc=""D1:posts"", D1_all-tags;dur=33.0;desc=""D1:all-tags"", total;dur=169.0;desc=""total"" | cfEdge;dur=248,cfOrigin;dur=0"
2026-10-06T07:31:36Z,astro7,browser,/category/technologia,200,MISS,remote-WAW,HAM,138.5,602.9,609.0,464.4,28248,11.0,505.0,0.0,310.0,310.0,4.0,6.0,"rt;dur=0;desc=""Runtime init"", render;dur=310;desc=""Page render"", mw;dur=310;desc=""Total middleware"", db.total;dur=505;desc=""DB total"", db.count;dur=11;desc=""Query count"", db.first;dur=0;desc=""First query at"", db.last;dur=310;desc=""Last query at"", cache.hit;dur=4;desc=""Cache hits"", cache.miss;dur=6;desc=""Cache misses"" | D1_layout;dur=95.0;desc=""D1:layout"", D1_term+posts;dur=310.0;desc=""D1:term+posts"", total;dur=310.0;desc=""total"" | cfEdge;dur=405,cfOrigin;dur=0"
2026-10-06T07:31:37Z,astro7,curl,/posts/architektura-emdash-typescript-astro,200,MISS,remote-WAW,HAM,202.8,534.7,637.3,331.9,32892,16.0,421.0,0.0,187.0,187.0,10.0,7.0,"rt;dur=0;desc=""Runtime init"", render;dur=187;desc=""Page render"", mw;dur=187;desc=""Total middleware"", db.total;dur=421;desc=""DB total"", db.count;dur=16;desc=""Query count"", db.first;dur=0;desc=""First query at"", db.last;dur=187;desc=""Last query at"", cache.hit;dur=10;desc=""Cache hits"", cache.miss;dur=7;desc=""Cache misses"" | D1_layout;dur=77.0;desc=""D1:layout"", D1_entry+recent;dur=122.0;desc=""D1:entry+recent"", D1_tags;dur=20.0;desc=""D1:tags"", total;dur=187.0;desc=""total"""
2026-10-06T07:31:38Z,astro7,browser,/posts/architektura-emdash-typescript-astro,200,MISS,remote-WAW,HAM,363.3,820.3,821.5,457.0,33275,16.0,478.0,0.0,219.0,219.0,10.0,7.0,"rt;dur=0;desc=""Runtime init"", render;dur=219;desc=""Page render"", mw;dur=219;desc=""Total middleware"", db.total;dur=478;desc=""DB total"", db.count;dur=16;desc=""Query count"", db.first;dur=0;desc=""First query at"", db.last;dur=219;desc=""Last query at"", cache.hit;dur=10;desc=""Cache hits"", cache.miss;dur=7;desc=""Cache misses"" | D1_layout;dur=85.0;desc=""D1:layout"", D1_entry+recent;dur=137.0;desc=""D1:entry+recent"", D1_tags;dur=25.0;desc=""D1:tags"", total;dur=219.0;desc=""total"" | cfEdge;dur=330,cfOrigin;dur=0"
2026-10-06T07:31:38Z,astro7,curl,/,200,MISS,remote-WAW,HAM,110.3,427.1,440.5,316.8,29526,9.0,251.0,0.0,141.0,141.0,4.0,6.0,"rt;dur=0;desc=""Runtime init"", render;dur=141;desc=""Page render"", mw;dur=141;desc=""Total middleware"", db.total;dur=251;desc=""DB total"", db.count;dur=9;desc=""Query count"", db.first;dur=0;desc=""First query at"", db.last;dur=141;desc=""Last query at"", cache.hit;dur=4;desc=""Cache hits"", cache.miss;dur=6;desc=""Cache misses"" | D1_layout;dur=74.0;desc=""D1:layout"", D1_posts;dur=120.0;desc=""D1:posts"", D1_all-tags;dur=21.0;desc=""D1:all-tags"", total;dur=141.0;desc=""total"""
2026-10-06T07:31:39Z,astro7,browser,/posts/,200,MISS,remote-WAW,HAM,168.1,434.4,445.1,266.3,37072,9.0,224.0,0.0,134.0,134.0,4.0,6.0,"rt;dur=0;desc=""Runtime init"", render;dur=134;desc=""Page render"", mw;dur=134;desc=""Total middleware"", db.total;dur=224;desc=""DB total"", db.count;dur=9;desc=""Query count"", db.first;dur=0;desc=""First query at"", db.last;dur=134;desc=""Last query at"", cache.hit;dur=4;desc=""Cache hits"", cache.miss;dur=6;desc=""Cache misses"" | D1_layout;dur=72.0;desc=""D1:layout"", D1_posts;dur=111.0;desc=""D1:posts"", D1_all-tags;dur=23.0;desc=""D1:all-tags"", total;dur=134.0;desc=""total"" | cfEdge;dur=207,cfOrigin;dur=0"
2026-10-06T07:31:40Z,astro7,curl,/category/technologia,200,MISS,remote-WAW,HAM,87.7,333.2,340.3,245.5,27881,11.0,284.0,0.0,129.0,129.0,4.0,6.0,"rt;dur=0;desc=""Runtime init"", render;dur=129;desc=""Page render"", mw;dur=129;desc=""Total middleware"", db.total;dur=284;desc=""DB total"", db.count;dur=11;desc=""Query count"", db.first;dur=0;desc=""First query at"", db.last;dur=129;desc=""Last query at"", cache.hit;dur=4;desc=""Cache hits"", cache.miss;dur=6;desc=""Cache misses"" | D1_layout;dur=79.0;desc=""D1:layout"", D1_term+posts;dur=129.0;desc=""D1:term+posts"", total;dur=129.0;desc=""total"""
2026-10-06T07:31:41Z,astro7,browser,/,200,MISS,remote-WAW,HAM,105.9,709.2,709.7,603.3,29905,9.0,463.0,0.0,360.0,360.0,4.0,6.0,"rt;dur=0;desc=""Runtime init"", render;dur=360;desc=""Page render"", mw;dur=360;desc=""Total middleware"", db.total;dur=463;desc=""DB total"", db.count;dur=9;desc=""Query count"", db.first;dur=0;desc=""First query at"", db.last;dur=360;desc=""Last query at"", cache.hit;dur=4;desc=""Cache hits"", cache.miss;dur=6;desc=""Cache misses"" | D1_layout;dur=82.0;desc=""D1:layout"", D1_posts;dur=338.0;desc=""D1:posts"", D1_all-tags;dur=22.0;desc=""D1:all-tags"", total;dur=360.0;desc=""total"" | cfEdge;dur=449,cfOrigin;dur=0"
2026-10-06T07:31:41Z,astro7,curl,/posts/architektura-emdash-typescript-astro,200,MISS,remote-WAW,HAM,139.8,562.4,563.4,422.6,32884,16.0,411.0,0.0,195.0,195.0,10.0,7.0,"rt;dur=0;desc=""Runtime init"", render;dur=195;desc=""Page render"", mw;dur=195;desc=""Total middleware"", db.total;dur=411;desc=""DB total"", db.count;dur=16;desc=""Query count"", db.first;dur=0;desc=""First query at"", db.last;dur=195;desc=""Last query at"", cache.hit;dur=10;desc=""Cache hits"", cache.miss;dur=7;desc=""Cache misses"" | D1_layout;dur=81.0;desc=""D1:layout"", D1_entry+recent;dur=122.0;desc=""D1:entry+recent"", D1_tags;dur=23.0;desc=""D1:tags"", total;dur=195.0;desc=""total"""
2026-10-06T07:31:42Z,astro7,browser,/posts/architektura-emdash-typescript-astro,200,MISS,remote-WAW,HAM,126.2,464.9,471.5,338.7,33255,16.0,418.0,0.0,202.0,202.0,10.0,7.0,"rt;dur=0;desc=""Runtime init"", render;dur=202;desc=""Page render"", mw;dur=202;desc=""Total middleware"", db.total;dur=418;desc=""DB total"", db.count;dur=16;desc=""Query count"", db.first;dur=0;desc=""First query at"", db.last;dur=202;desc=""Last query at"", cache.hit;dur=10;desc=""Cache hits"", cache.miss;dur=7;desc=""Cache misses"" | D1_layout;dur=90.0;desc=""D1:layout"", D1_entry+recent;dur=134.0;desc=""D1:entry+recent"", D1_tags;dur=22.0;desc=""D1:tags"", total;dur=202.0;desc=""total"" | cfEdge;dur=291,cfOrigin;dur=0"
2026-10-06T07:31:43Z,astro7,browser,/posts/,200,MISS,remote-WAW,HAM,269.7,594.7,595.8,325.0,37076,10.0,266.0,0.0,142.0,142.0,4.0,6.0,"rt;dur=0;desc=""Runtime init"", render;dur=142;desc=""Page render"", mw;dur=142;desc=""Total middleware"", db.total;dur=266;desc=""DB total"", db.count;dur=10;desc=""Query count"", db.first;dur=0;desc=""First query at"", db.last;dur=142;desc=""Last query at"", cache.hit;dur=4;desc=""Cache hits"", cache.miss;dur=6;desc=""Cache misses"" | D1_layout;dur=71.0;desc=""D1:layout"", D1_posts;dur=116.0;desc=""D1:posts"", D1_all-tags;dur=26.0;desc=""D1:all-tags"", total;dur=142.0;desc=""total"" | cfEdge;dur=242,cfOrigin;dur=0"
2026-10-06T07:31:44Z,astro7,curl,/,200,MISS,remote-WAW,HAM,399.2,670.1,823.2,270.9,29530,9.0,252.0,0.0,144.0,144.0,4.0,6.0,"rt;dur=0;desc=""Runtime init"", render;dur=144;desc=""Page render"", mw;dur=144;desc=""Total middleware"", db.total;dur=252;desc=""DB total"", db.count;dur=9;desc=""Query count"", db.first;dur=0;desc=""First query at"", db.last;dur=144;desc=""Last query at"", cache.hit;dur=4;desc=""Cache hits"", cache.miss;dur=6;desc=""Cache misses"" | D1_layout;dur=76.0;desc=""D1:layout"", D1_posts;dur=122.0;desc=""D1:posts"", D1_all-tags;dur=22.0;desc=""D1:all-tags"", total;dur=144.0;desc=""total"""
2026-10-06T07:31:45Z,astro7,browser,/category/technologia,200,MISS,remote-WAW,HAM,104.1,349.8,385.8,245.7,28248,11.0,282.0,0.0,122.0,122.0,4.0,6.0,"rt;dur=0;desc=""Runtime init"", render;dur=122;desc=""Page render"", mw;dur=122;desc=""Total middleware"", db.total;dur=282;desc=""DB total"", db.count;dur=11;desc=""Query count"", db.first;dur=0;desc=""First query at"", db.last;dur=122;desc=""Last query at"", cache.hit;dur=4;desc=""Cache hits"", cache.miss;dur=6;desc=""Cache misses"" | D1_layout;dur=72.0;desc=""D1:layout"", D1_term+posts;dur=122.0;desc=""D1:term+posts"", total;dur=122.0;desc=""total"" | cfEdge;dur=189,cfOrigin;dur=0"
2026-10-06T07:31:45Z,astro7,curl,/category/technologia,200,MISS,remote-WAW,HAM,324.3,610.4,705.5,286.1,27901,11.0,298.0,0.0,127.0,127.0,4.0,6.0,"rt;dur=0;desc=""Runtime init"", render;dur=127;desc=""Page render"", mw;dur=127;desc=""Total middleware"", db.total;dur=298;desc=""DB total"", db.count;dur=11;desc=""Query count"", db.first;dur=0;desc=""First query at"", db.last;dur=127;desc=""Last query at"", cache.hit;dur=4;desc=""Cache hits"", cache.miss;dur=6;desc=""Cache misses"" | D1_layout;dur=81.0;desc=""D1:layout"", D1_term+posts;dur=127.0;desc=""D1:term+posts"", total;dur=127.0;desc=""total"""
2026-10-06T07:31:46Z,astro7,curl,/posts/,200,MISS,remote-WAW,HAM,92.9,454.4,465.5,361.5,36701,9.0,228.0,0.0,141.0,141.0,4.0,6.0,"rt;dur=0;desc=""Runtime init"", render;dur=141;desc=""Page render"", mw;dur=141;desc=""Total middleware"", db.total;dur=228;desc=""DB total"", db.count;dur=9;desc=""Query count"", db.first;dur=0;desc=""First query at"", db.last;dur=141;desc=""Last query at"", cache.hit;dur=4;desc=""Cache hits"", cache.miss;dur=6;desc=""Cache misses"" | D1_layout;dur=66.0;desc=""D1:layout"", D1_posts;dur=109.0;desc=""D1:posts"", D1_all-tags;dur=32.0;desc=""D1:all-tags"", total;dur=141.0;desc=""total"""
2026-10-06T07:31:47Z,astro7,curl,/posts/architektura-emdash-typescript-astro,200,MISS,remote-WAW,HAM,299.9,644.0,665.0,344.1,32896,16.0,471.0,0.0,216.0,216.0,10.0,7.0,"rt;dur=0;desc=""Runtime init"", render;dur=216;desc=""Page render"", mw;dur=216;desc=""Total middleware"", db.total;dur=471;desc=""DB total"", db.count;dur=16;desc=""Query count"", db.first;dur=0;desc=""First query at"", db.last;dur=216;desc=""Last query at"", cache.hit;dur=10;desc=""Cache hits"", cache.miss;dur=7;desc=""Cache misses"" | D1_layout;dur=80.0;desc=""D1:layout"", D1_entry+recent;dur=141.0;desc=""D1:entry+recent"", D1_tags;dur=24.0;desc=""D1:tags"", total;dur=216.0;desc=""total"""
2026-10-06T07:31:48Z,astro7,browser,/,200,MISS,remote-WAW,HAM,285.3,554.3,565.4,269.0,29909,9.0,244.0,0.0,154.0,154.0,4.0,6.0,"rt;dur=0;desc=""Runtime init"", render;dur=154;desc=""Page render"", mw;dur=154;desc=""Total middleware"", db.total;dur=244;desc=""DB total"", db.count;dur=9;desc=""Query count"", db.first;dur=0;desc=""First query at"", db.last;dur=154;desc=""Last query at"", cache.hit;dur=4;desc=""Cache hits"", cache.miss;dur=6;desc=""Cache misses"" | D1_layout;dur=81.0;desc=""D1:layout"", D1_posts;dur=128.0;desc=""D1:posts"", D1_all-tags;dur=26.0;desc=""D1:all-tags"", total;dur=154.0;desc=""total"" | cfEdge;dur=221,cfOrigin;dur=0"
2026-10-06T07:31:49Z,astro7,browser,/posts/,200,MISS,remote-WAW,HAM,363.6,705.6,717.7,342.0,37080,9.0,231.0,0.0,145.0,145.0,4.0,6.0,"rt;dur=0;desc=""Runtime init"", render;dur=145;desc=""Page render"", mw;dur=145;desc=""Total middleware"", db.total;dur=231;desc=""DB total"", db.count;dur=9;desc=""Query count"", db.first;dur=0;desc=""First query at"", db.last;dur=145;desc=""Last query at"", cache.hit;dur=4;desc=""Cache hits"", cache.miss;dur=6;desc=""Cache misses"" | D1_layout;dur=70.0;desc=""D1:layout"", D1_posts;dur=122.0;desc=""D1:posts"", D1_all-tags;dur=23.0;desc=""D1:all-tags"", total;dur=145.0;desc=""total"" | cfEdge;dur=216,cfOrigin;dur=0"
2026-10-06T07:31:50Z,astro7,curl,/category/technologia,200,MISS,remote-WAW,HAM,307.1,539.6,637.2,232.5,27885,11.0,257.0,0.0,117.0,117.0,4.0,6.0,"rt;dur=0;desc=""Runtime init"", render;dur=117;desc=""Page render"", mw;dur=117;desc=""Total middleware"", db.total;dur=257;desc=""DB total"", db.count;dur=11;desc=""Query count"", db.first;dur=0;desc=""First query at"", db.last;dur=117;desc=""Last query at"", cache.hit;dur=4;desc=""Cache hits"", cache.miss;dur=6;desc=""Cache misses"" | D1_layout;dur=67.0;desc=""D1:layout"", D1_term+posts;dur=117.0;desc=""D1:term+posts"", total;dur=117.0;desc=""total"""
2026-10-06T07:31:50Z,astro7,curl,/posts/,200,MISS,remote-WAW,HAM,117.3,467.3,468.1,350.0,36713,9.0,238.0,0.0,144.0,144.0,4.0,6.0,"rt;dur=0;desc=""Runtime init"", render;dur=144;desc=""Page render"", mw;dur=144;desc=""Total middleware"", db.total;dur=238;desc=""DB total"", db.count;dur=9;desc=""Query count"", db.first;dur=0;desc=""First query at"", db.last;dur=144;desc=""Last query at"", cache.hit;dur=4;desc=""Cache hits"", cache.miss;dur=6;desc=""Cache misses"" | D1_layout;dur=75.0;desc=""D1:layout"", D1_posts;dur=119.0;desc=""D1:posts"", D1_all-tags;dur=25.0;desc=""D1:all-tags"", total;dur=144.0;desc=""total"""
2026-10-06T07:31:51Z,astro7,browser,/category/technologia,200,MISS,remote-WAW,HAM,167.0,434.0,437.8,267.0,28252,11.0,267.0,0.0,124.0,124.0,4.0,6.0,"rt;dur=0;desc=""Runtime init"", render;dur=124;desc=""Page render"", mw;dur=124;desc=""Total middleware"", db.total;dur=267;desc=""DB total"", db.count;dur=11;desc=""Query count"", db.first;dur=0;desc=""First query at"", db.last;dur=124;desc=""Last query at"", cache.hit;dur=4;desc=""Cache hits"", cache.miss;dur=6;desc=""Cache misses"" | D1_layout;dur=70.0;desc=""D1:layout"", D1_term+posts;dur=124.0;desc=""D1:term+posts"", total;dur=124.0;desc=""total"" | cfEdge;dur=214,cfOrigin;dur=0"
2026-10-06T07:31:52Z,astro7,browser,/posts/architektura-emdash-typescript-astro,200,MISS,remote-WAW,HAM,106.2,575.7,586.1,469.5,33260,15.0,629.0,0.0,346.0,346.0,10.0,7.0,"rt;dur=0;desc=""Runtime init"", render;dur=346;desc=""Page render"", mw;dur=346;desc=""Total middleware"", db.total;dur=629;desc=""DB total"", db.count;dur=15;desc=""Query count"", db.first;dur=0;desc=""First query at"", db.last;dur=346;desc=""Last query at"", cache.hit;dur=10;desc=""Cache hits"", cache.miss;dur=7;desc=""Cache misses"" | D1_layout;dur=100.0;desc=""D1:layout"", D1_entry+recent;dur=277.0;desc=""D1:entry+recent"", D1_tags;dur=24.0;desc=""D1:tags"", total;dur=346.0;desc=""total"" | cfEdge;dur=424,cfOrigin;dur=0"
2026-10-06T07:31:52Z,astro7,curl,/,200,MISS,remote-WAW,HAM,89.9,361.6,367.3,271.7,29538,9.0,241.0,0.0,149.0,149.0,4.0,6.0,"rt;dur=0;desc=""Runtime init"", render;dur=149;desc=""Page render"", mw;dur=149;desc=""Total middleware"", db.total;dur=241;desc=""DB total"", db.count;dur=9;desc=""Query count"", db.first;dur=0;desc=""First query at"", db.last;dur=149;desc=""Last query at"", cache.hit;dur=4;desc=""Cache hits"", cache.miss;dur=6;desc=""Cache misses"" | D1_layout;dur=75.0;desc=""D1:layout"", D1_posts;dur=125.0;desc=""D1:posts"", D1_all-tags;dur=24.0;desc=""D1:all-tags"", total;dur=149.0;desc=""total"""
2026-10-06T07:31:53Z,astro7,curl,/,200,MISS,remote-WAW,HAM,179.6,668.7,686.1,489.1,29530,9.0,456.0,0.0,348.0,348.0,4.0,6.0,"rt;dur=0;desc=""Runtime init"", render;dur=348;desc=""Page render"", mw;dur=348;desc=""Total middleware"", db.total;dur=456;desc=""DB total"", db.count;dur=9;desc=""Query count"", db.first;dur=0;desc=""First query at"", db.last;dur=348;desc=""Last query at"", cache.hit;dur=4;desc=""Cache hits"", cache.miss;dur=6;desc=""Cache misses"" | D1_layout;dur=77.0;desc=""D1:layout"", D1_posts;dur=324.0;desc=""D1:posts"", D1_all-tags;dur=24.0;desc=""D1:all-tags"", total;dur=348.0;desc=""total"""
2026-10-06T07:31:54Z,astro7,browser,/posts/architektura-emdash-typescript-astro,200,MISS,remote-WAW,HAM,103.1,471.1,491.4,368.0,33251,16.0,440.0,0.0,204.0,204.0,10.0,7.0,"rt;dur=0;desc=""Runtime init"", render;dur=204;desc=""Page render"", mw;dur=204;desc=""Total middleware"", db.total;dur=440;desc=""DB total"", db.count;dur=16;desc=""Query count"", db.first;dur=0;desc=""First query at"", db.last;dur=204;desc=""Last query at"", cache.hit;dur=10;desc=""Cache hits"", cache.miss;dur=7;desc=""Cache misses"" | D1_layout;dur=79.0;desc=""D1:layout"", D1_entry+recent;dur=129.0;desc=""D1:entry+recent"", D1_tags;dur=26.0;desc=""D1:tags"", total;dur=204.0;desc=""total"" | cfEdge;dur=305,cfOrigin;dur=0"
2026-10-06T07:31:55Z,astro7,curl,/posts/,200,MISS,remote-WAW,HAM,183.3,443.8,466.8,260.5,36705,9.0,234.0,0.0,142.0,142.0,4.0,6.0,"rt;dur=0;desc=""Runtime init"", render;dur=142;desc=""Page render"", mw;dur=142;desc=""Total middleware"", db.total;dur=234;desc=""DB total"", db.count;dur=9;desc=""Query count"", db.first;dur=0;desc=""First query at"", db.last;dur=142;desc=""Last query at"", cache.hit;dur=4;desc=""Cache hits"", cache.miss;dur=6;desc=""Cache misses"" | D1_layout;dur=66.0;desc=""D1:layout"", D1_posts;dur=121.0;desc=""D1:posts"", D1_all-tags;dur=21.0;desc=""D1:all-tags"", total;dur=142.0;desc=""total"""
2026-10-06T07:31:55Z,astro7,browser,/,200,MISS,remote-WAW,HAM,99.2,433.2,435.6,334.0,29905,9.0,260.0,0.0,152.0,152.0,4.0,6.0,"rt;dur=0;desc=""Runtime init"", render;dur=152;desc=""Page render"", mw;dur=152;desc=""Total middleware"", db.total;dur=260;desc=""DB total"", db.count;dur=9;desc=""Query count"", db.first;dur=0;desc=""First query at"", db.last;dur=152;desc=""Last query at"", cache.hit;dur=4;desc=""Cache hits"", cache.miss;dur=6;desc=""Cache misses"" | D1_layout;dur=84.0;desc=""D1:layout"", D1_posts;dur=131.0;desc=""D1:posts"", D1_all-tags;dur=21.0;desc=""D1:all-tags"", total;dur=152.0;desc=""total"" | cfEdge;dur=242,cfOrigin;dur=0"
2026-10-06T07:31:56Z,astro7,browser,/category/technologia,200,MISS,remote-WAW,HAM,115.8,372.9,376.8,257.1,28264,11.0,291.0,0.0,142.0,142.0,4.0,6.0,"rt;dur=0;desc=""Runtime init"", render;dur=142;desc=""Page render"", mw;dur=142;desc=""Total middleware"", db.total;dur=291;desc=""DB total"", db.count;dur=11;desc=""Query count"", db.first;dur=0;desc=""First query at"", db.last;dur=142;desc=""Last query at"", cache.hit;dur=4;desc=""Cache hits"", cache.miss;dur=6;desc=""Cache misses"" | D1_layout;dur=65.0;desc=""D1:layout"", D1_term+posts;dur=142.0;desc=""D1:term+posts"", total;dur=142.0;desc=""total"" | cfEdge;dur=206,cfOrigin;dur=0"
2026-10-06T07:31:57Z,astro7,curl,/posts/architektura-emdash-typescript-astro,200,MISS,remote-WAW,HAM,87.7,433.0,441.8,345.3,32912,16.0,444.0,0.0,206.0,206.0,10.0,7.0,"rt;dur=0;desc=""Runtime init"", render;dur=206;desc=""Page render"", mw;dur=206;desc=""Total middleware"", db.total;dur=444;desc=""DB total"", db.count;dur=16;desc=""Query count"", db.first;dur=0;desc=""First query at"", db.last;dur=206;desc=""Last query at"", cache.hit;dur=10;desc=""Cache hits"", cache.miss;dur=7;desc=""Cache misses"" | D1_layout;dur=87.0;desc=""D1:layout"", D1_entry+recent;dur=128.0;desc=""D1:entry+recent"", D1_tags;dur=24.0;desc=""D1:tags"", total;dur=206.0;desc=""total"""
2026-10-06T07:31:57Z,astro7,browser,/posts/,200,MISS,remote-WAW,HAM,169.2,442.1,453.8,272.9,37072,9.0,256.0,0.0,145.0,145.0,4.0,6.0,"rt;dur=0;desc=""Runtime init"", render;dur=145;desc=""Page render"", mw;dur=145;desc=""Total middleware"", db.total;dur=256;desc=""DB total"", db.count;dur=9;desc=""Query count"", db.first;dur=0;desc=""First query at"", db.last;dur=145;desc=""Last query at"", cache.hit;dur=4;desc=""Cache hits"", cache.miss;dur=6;desc=""Cache misses"" | D1_layout;dur=80.0;desc=""D1:layout"", D1_posts;dur=123.0;desc=""D1:posts"", D1_all-tags;dur=22.0;desc=""D1:all-tags"", total;dur=145.0;desc=""total"" | cfEdge;dur=216,cfOrigin;dur=0"
2026-10-06T07:31:58Z,astro7,curl,/category/technologia,200,MISS,remote-WAW,HAM,86.0,438.3,439.2,352.3,27881,11.0,324.0,0.0,147.0,147.0,4.0,6.0,"rt;dur=0;desc=""Runtime init"", render;dur=147;desc=""Page render"", mw;dur=147;desc=""Total middleware"", db.total;dur=324;desc=""DB total"", db.count;dur=11;desc=""Query count"", db.first;dur=0;desc=""First query at"", db.last;dur=147;desc=""Last query at"", cache.hit;dur=4;desc=""Cache hits"", cache.miss;dur=6;desc=""Cache misses"" | D1_layout;dur=84.0;desc=""D1:layout"", D1_term+posts;dur=147.0;desc=""D1:term+posts"", total;dur=147.0;desc=""total"""
2026-10-06T07:31:59Z,astro7,curl,/posts/,200,MISS,remote-WAW,HAM,87.0,345.3,351.9,258.3,36697,9.0,238.0,0.0,140.0,140.0,4.0,6.0,"rt;dur=0;desc=""Runtime init"", render;dur=140;desc=""Page render"", mw;dur=140;desc=""Total middleware"", db.total;dur=238;desc=""DB total"", db.count;dur=9;desc=""Query count"", db.first;dur=0;desc=""First query at"", db.last;dur=140;desc=""Last query at"", cache.hit;dur=4;desc=""Cache hits"", cache.miss;dur=6;desc=""Cache misses"" | D1_layout;dur=68.0;desc=""D1:layout"", D1_posts;dur=115.0;desc=""D1:posts"", D1_all-tags;dur=25.0;desc=""D1:all-tags"", total;dur=140.0;desc=""total"""
2026-10-06T07:31:59Z,astro7,browser,/posts/,200,MISS,remote-WAW,HAM,119.2,393.9,406.2,274.7,37076,9.0,246.0,0.0,146.0,146.0,4.0,6.0,"rt;dur=0;desc=""Runtime init"", render;dur=146;desc=""Page render"", mw;dur=146;desc=""Total middleware"", db.total;dur=246;desc=""DB total"", db.count;dur=9;desc=""Query count"", db.first;dur=0;desc=""First query at"", db.last;dur=146;desc=""Last query at"", cache.hit;dur=4;desc=""Cache hits"", cache.miss;dur=6;desc=""Cache misses"" | D1_layout;dur=73.0;desc=""D1:layout"", D1_posts;dur=122.0;desc=""D1:posts"", D1_all-tags;dur=24.0;desc=""D1:all-tags"", total;dur=146.0;desc=""total"" | cfEdge;dur=224,cfOrigin;dur=0"
2026-10-06T07:32:00Z,astro7,browser,/category/technologia,200,MISS,remote-WAW,HAM,160.8,433.7,446.5,272.9,28260,11.0,274.0,0.0,128.0,128.0,4.0,6.0,"rt;dur=0;desc=""Runtime init"", render;dur=128;desc=""Page render"", mw;dur=128;desc=""Total middleware"", db.total;dur=274;desc=""DB total"", db.count;dur=11;desc=""Query count"", db.first;dur=0;desc=""First query at"", db.last;dur=128;desc=""Last query at"", cache.hit;dur=4;desc=""Cache hits"", cache.miss;dur=6;desc=""Cache misses"" | D1_layout;dur=75.0;desc=""D1:layout"", D1_term+posts;dur=128.0;desc=""D1:term+posts"", total;dur=128.0;desc=""total"" | cfEdge;dur=227,cfOrigin;dur=0"
2026-10-06T07:32:01Z,astro7,browser,/posts/architektura-emdash-typescript-astro,200,MISS,remote-WAW,HAM,85.1,457.4,458.4,372.3,33271,16.0,476.0,0.0,220.0,220.0,10.0,7.0,"rt;dur=0;desc=""Runtime init"", render;dur=220;desc=""Page render"", mw;dur=220;desc=""Total middleware"", db.total;dur=476;desc=""DB total"", db.count;dur=16;desc=""Query count"", db.first;dur=0;desc=""First query at"", db.last;dur=220;desc=""Last query at"", cache.hit;dur=10;desc=""Cache hits"", cache.miss;dur=7;desc=""Cache misses"" | D1_layout;dur=91.0;desc=""D1:layout"", D1_entry+recent;dur=139.0;desc=""D1:entry+recent"", D1_tags;dur=24.0;desc=""D1:tags"", total;dur=220.0;desc=""total"" | cfEdge;dur=295,cfOrigin;dur=0"
2026-10-06T07:32:01Z,astro7,curl,/posts/architektura-emdash-typescript-astro,200,MISS,remote-WAW,HAM,160.1,498.4,508.6,338.3,32908,16.0,422.0,0.0,193.0,193.0,10.0,7.0,"rt;dur=0;desc=""Runtime init"", render;dur=193;desc=""Page render"", mw;dur=193;desc=""Total middleware"", db.total;dur=422;desc=""DB total"", db.count;dur=16;desc=""Query count"", db.first;dur=0;desc=""First query at"", db.last;dur=193;desc=""Last query at"", cache.hit;dur=10;desc=""Cache hits"", cache.miss;dur=7;desc=""Cache misses"" | D1_layout;dur=76.0;desc=""D1:layout"", D1_entry+recent;dur=123.0;desc=""D1:entry+recent"", D1_tags;dur=23.0;desc=""D1:tags"", total;dur=193.0;desc=""total"""
2026-10-06T07:32:02Z,astro7,curl,/category/technologia,200,MISS,remote-WAW,HAM,314.9,640.2,640.5,325.3,27885,12.0,379.0,0.0,158.0,158.0,4.0,6.0,"rt;dur=0;desc=""Runtime init"", render;dur=158;desc=""Page render"", mw;dur=158;desc=""Total middleware"", db.total;dur=379;desc=""DB total"", db.count;dur=12;desc=""Query count"", db.first;dur=0;desc=""First query at"", db.last;dur=158;desc=""Last query at"", cache.hit;dur=4;desc=""Cache hits"", cache.miss;dur=6;desc=""Cache misses"" | D1_layout;dur=81.0;desc=""D1:layout"", D1_term+posts;dur=158.0;desc=""D1:term+posts"", total;dur=158.0;desc=""total"""
2026-10-06T07:32:03Z,astro7,browser,/,200,MISS,remote-WAW,HAM,117.0,441.2,441.9,324.2,29893,9.0,217.0,0.0,136.0,136.0,4.0,6.0,"rt;dur=0;desc=""Runtime init"", render;dur=136;desc=""Page render"", mw;dur=136;desc=""Total middleware"", db.total;dur=217;desc=""DB total"", db.count;dur=9;desc=""Query count"", db.first;dur=0;desc=""First query at"", db.last;dur=136;desc=""Last query at"", cache.hit;dur=4;desc=""Cache hits"", cache.miss;dur=6;desc=""Cache misses"" | D1_layout;dur=64.0;desc=""D1:layout"", D1_posts;dur=107.0;desc=""D1:posts"", D1_all-tags;dur=29.0;desc=""D1:all-tags"", total;dur=136.0;desc=""total"" | cfEdge;dur=220,cfOrigin;dur=0"
2026-10-06T07:32:04Z,astro7,curl,/,200,MISS,remote-WAW,HAM,309.6,652.3,653.6,342.7,29534,9.0,245.0,0.0,144.0,144.0,4.0,6.0,"rt;dur=0;desc=""Runtime init"", render;dur=144;desc=""Page render"", mw;dur=144;desc=""Total middleware"", db.total;dur=245;desc=""DB total"", db.count;dur=9;desc=""Query count"", db.first;dur=0;desc=""First query at"", db.last;dur=144;desc=""Last query at"", cache.hit;dur=4;desc=""Cache hits"", cache.miss;dur=6;desc=""Cache misses"" | D1_layout;dur=77.0;desc=""D1:layout"", D1_posts;dur=117.0;desc=""D1:posts"", D1_all-tags;dur=27.0;desc=""D1:all-tags"", total;dur=144.0;desc=""total"""
2026-10-06T07:32:05Z,astro7,browser,/,200,MISS,remote-WAW,HAM,207.9,825.5,836.3,617.6,29893,9.0,450.0,0.0,342.0,342.0,4.0,6.0,"rt;dur=0;desc=""Runtime init"", render;dur=342;desc=""Page render"", mw;dur=342;desc=""Total middleware"", db.total;dur=450;desc=""DB total"", db.count;dur=9;desc=""Query count"", db.first;dur=0;desc=""First query at"", db.last;dur=342;desc=""Last query at"", cache.hit;dur=4;desc=""Cache hits"", cache.miss;dur=6;desc=""Cache misses"" | D1_layout;dur=75.0;desc=""D1:layout"", D1_posts;dur=321.0;desc=""D1:posts"", D1_all-tags;dur=21.0;desc=""D1:all-tags"", total;dur=342.0;desc=""total"" | cfEdge;dur=429,cfOrigin;dur=0"
2026-10-06T07:32:06Z,astro7,browser,/posts/architektura-emdash-typescript-astro,200,MISS,remote-WAW,HAM,514.9,1009.2,1010.4,494.3,33268,16.0,520.0,0.0,221.0,221.0,10.0,7.0,"rt;dur=0;desc=""Runtime init"", render;dur=221;desc=""Page render"", mw;dur=221;desc=""Total middleware"", db.total;dur=520;desc=""DB total"", db.count;dur=16;desc=""Query count"", db.first;dur=0;desc=""First query at"", db.last;dur=221;desc=""Last query at"", cache.hit;dur=10;desc=""Cache hits"", cache.miss;dur=7;desc=""Cache misses"" | D1_layout;dur=103.0;desc=""D1:layout"", D1_entry+recent;dur=153.0;desc=""D1:entry+recent"", D1_tags;dur=25.0;desc=""D1:tags"", total;dur=221.0;desc=""total"" | cfEdge;dur=339,cfOrigin;dur=0"
2026-10-06T07:32:08Z,astro7,curl,/,200,MISS,remote-WAW,HAM,467.9,1018.1,1202.3,550.2,29534,9.0,262.0,0.0,151.0,151.0,4.0,6.0,"rt;dur=0;desc=""Runtime init"", render;dur=151;desc=""Page render"", mw;dur=151;desc=""Total middleware"", db.total;dur=262;desc=""DB total"", db.count;dur=9;desc=""Query count"", db.first;dur=0;desc=""First query at"", db.last;dur=151;desc=""Last query at"", cache.hit;dur=4;desc=""Cache hits"", cache.miss;dur=6;desc=""Cache misses"" | D1_layout;dur=79.0;desc=""D1:layout"", D1_posts;dur=131.0;desc=""D1:posts"", D1_all-tags;dur=20.0;desc=""D1:all-tags"", total;dur=151.0;desc=""total"""
2026-10-06T07:32:08Z,astro7,curl,/posts/architektura-emdash-typescript-astro,200,MISS,remote-WAW,HAM,104.1,458.9,463.5,354.8,32900,16.0,373.0,0.0,184.0,184.0,10.0,7.0,"rt;dur=0;desc=""Runtime init"", render;dur=184;desc=""Page render"", mw;dur=184;desc=""Total middleware"", db.total;dur=373;desc=""DB total"", db.count;dur=16;desc=""Query count"", db.first;dur=0;desc=""First query at"", db.last;dur=184;desc=""Last query at"", cache.hit;dur=10;desc=""Cache hits"", cache.miss;dur=7;desc=""Cache misses"" | D1_layout;dur=63.0;desc=""D1:layout"", D1_entry+recent;dur=116.0;desc=""D1:entry+recent"", D1_tags;dur=29.0;desc=""D1:tags"", total;dur=184.0;desc=""total"""
2026-10-06T07:32:09Z,astro7,curl,/posts/,200,MISS,remote-WAW,HAM,160.1,470.9,485.5,310.8,36701,9.0,270.0,0.0,159.0,159.0,4.0,6.0,"rt;dur=0;desc=""Runtime init"", render;dur=159;desc=""Page render"", mw;dur=159;desc=""Total middleware"", db.total;dur=270;desc=""DB total"", db.count;dur=9;desc=""Query count"", db.first;dur=0;desc=""First query at"", db.last;dur=159;desc=""Last query at"", cache.hit;dur=4;desc=""Cache hits"", cache.miss;dur=6;desc=""Cache misses"" | D1_layout;dur=77.0;desc=""D1:layout"", D1_posts;dur=134.0;desc=""D1:posts"", D1_all-tags;dur=25.0;desc=""D1:all-tags"", total;dur=159.0;desc=""total"""
2026-10-06T07:32:10Z,astro7,curl,/category/technologia,200,MISS,remote-WAW,HAM,107.6,455.4,456.7,347.8,27885,11.0,324.0,0.0,159.0,159.0,4.0,6.0,"rt;dur=0;desc=""Runtime init"", render;dur=159;desc=""Page render"", mw;dur=159;desc=""Total middleware"", db.total;dur=324;desc=""DB total"", db.count;dur=11;desc=""Query count"", db.first;dur=0;desc=""First query at"", db.last;dur=159;desc=""Last query at"", cache.hit;dur=4;desc=""Cache hits"", cache.miss;dur=6;desc=""Cache misses"" | D1_layout;dur=80.0;desc=""D1:layout"", D1_term+posts;dur=159.0;desc=""D1:term+posts"", total;dur=159.0;desc=""total"""
2026-10-06T07:32:11Z,astro7,browser,/category/technologia,200,MISS,remote-WAW,HAM,154.3,763.5,766.0,609.2,28257,12.0,420.0,0.0,165.0,165.0,4.0,6.0,"rt;dur=0;desc=""Runtime init"", render;dur=165;desc=""Page render"", mw;dur=165;desc=""Total middleware"", db.total;dur=420;desc=""DB total"", db.count;dur=12;desc=""Query count"", db.first;dur=0;desc=""First query at"", db.last;dur=165;desc=""Last query at"", cache.hit;dur=4;desc=""Cache hits"", cache.miss;dur=6;desc=""Cache misses"" | D1_layout;dur=112.0;desc=""D1:layout"", D1_term+posts;dur=165.0;desc=""D1:term+posts"", total;dur=165.0;desc=""total"" | cfEdge;dur=241,cfOrigin;dur=0"
2026-10-06T07:32:12Z,astro7,browser,/posts/,200,MISS,remote-WAW,HAM,116.6,838.1,839.1,721.5,37068,9.0,460.0,0.0,346.0,346.0,4.0,6.0,"rt;dur=0;desc=""Runtime init"", render;dur=346;desc=""Page render"", mw;dur=346;desc=""Total middleware"", db.total;dur=460;desc=""DB total"", db.count;dur=9;desc=""Query count"", db.first;dur=0;desc=""First query at"", db.last;dur=346;desc=""Last query at"", cache.hit;dur=4;desc=""Cache hits"", cache.miss;dur=6;desc=""Cache misses"" | D1_layout;dur=78.0;desc=""D1:layout"", D1_posts;dur=328.0;desc=""D1:posts"", D1_all-tags;dur=18.0;desc=""D1:all-tags"", total;dur=346.0;desc=""total"" | cfEdge;dur=443,cfOrigin;dur=0"
2026-10-06T07:32:12Z,astro7,browser,/,200,MISS,remote-WAW,HAM,105.4,404.3,414.0,298.9,29901,9.0,235.0,0.0,155.0,155.0,4.0,6.0,"rt;dur=0;desc=""Runtime init"", render;dur=155;desc=""Page render"", mw;dur=155;desc=""Total middleware"", db.total;dur=235;desc=""DB total"", db.count;dur=9;desc=""Query count"", db.first;dur=0;desc=""First query at"", db.last;dur=155;desc=""Last query at"", cache.hit;dur=4;desc=""Cache hits"", cache.miss;dur=6;desc=""Cache misses"" | D1_layout;dur=78.0;desc=""D1:layout"", D1_posts;dur=132.0;desc=""D1:posts"", D1_all-tags;dur=23.0;desc=""D1:all-tags"", total;dur=155.0;desc=""total"" | cfEdge;dur=252,cfOrigin;dur=0"
2026-10-06T07:32:13Z,astro7,browser,/category/technologia,200,MISS,remote-WAW,HAM,180.0,448.9,457.5,268.9,28260,11.0,274.0,0.0,122.0,122.0,4.0,6.0,"rt;dur=0;desc=""Runtime init"", render;dur=122;desc=""Page render"", mw;dur=122;desc=""Total middleware"", db.total;dur=274;desc=""DB total"", db.count;dur=11;desc=""Query count"", db.first;dur=0;desc=""First query at"", db.last;dur=122;desc=""Last query at"", cache.hit;dur=4;desc=""Cache hits"", cache.miss;dur=6;desc=""Cache misses"" | D1_layout;dur=67.0;desc=""D1:layout"", D1_term+posts;dur=122.0;desc=""D1:term+posts"", total;dur=122.0;desc=""total"" | cfEdge;dur=217,cfOrigin;dur=0"
2026-10-06T07:32:14Z,astro7,curl,/category/technologia,200,MISS,remote-WAW,HAM,106.9,365.6,370.2,258.7,27893,11.0,304.0,0.0,130.0,130.0,4.0,6.0,"rt;dur=0;desc=""Runtime init"", render;dur=130;desc=""Page render"", mw;dur=130;desc=""Total middleware"", db.total;dur=304;desc=""DB total"", db.count;dur=11;desc=""Query count"", db.first;dur=0;desc=""First query at"", db.last;dur=130;desc=""Last query at"", cache.hit;dur=4;desc=""Cache hits"", cache.miss;dur=6;desc=""Cache misses"" | D1_layout;dur=81.0;desc=""D1:layout"", D1_term+posts;dur=130.0;desc=""D1:term+posts"", total;dur=130.0;desc=""total"""
2026-10-06T07:32:14Z,astro7,curl,/,200,MISS,remote-WAW,HAM,99.9,469.6,470.0,369.7,29534,9.0,235.0,0.0,138.0,138.0,4.0,6.0,"rt;dur=0;desc=""Runtime init"", render;dur=138;desc=""Page render"", mw;dur=138;desc=""Total middleware"", db.total;dur=235;desc=""DB total"", db.count;dur=9;desc=""Query count"", db.first;dur=0;desc=""First query at"", db.last;dur=138;desc=""Last query at"", cache.hit;dur=4;desc=""Cache hits"", cache.miss;dur=6;desc=""Cache misses"" | D1_layout;dur=68.0;desc=""D1:layout"", D1_posts;dur=115.0;desc=""D1:posts"", D1_all-tags;dur=23.0;desc=""D1:all-tags"", total;dur=138.0;desc=""total"""
2026-10-06T07:32:15Z,astro7,curl,/posts/architektura-emdash-typescript-astro,200,MISS,remote-WAW,HAM,282.3,609.0,633.6,326.7,32896,16.0,395.0,0.0,188.0,188.0,10.0,7.0,"rt;dur=0;desc=""Runtime init"", render;dur=188;desc=""Page render"", mw;dur=188;desc=""Total middleware"", db.total;dur=395;desc=""DB total"", db.count;dur=16;desc=""Query count"", db.first;dur=0;desc=""First query at"", db.last;dur=188;desc=""Last query at"", cache.hit;dur=10;desc=""Cache hits"", cache.miss;dur=7;desc=""Cache misses"" | D1_layout;dur=67.0;desc=""D1:layout"", D1_entry+recent;dur=112.0;desc=""D1:entry+recent"", D1_tags;dur=27.0;desc=""D1:tags"", total;dur=188.0;desc=""total"""
2026-10-06T07:32:16Z,astro7,curl,/posts/,200,MISS,remote-WAW,HAM,91.1,462.3,463.1,371.2,36713,9.0,284.0,0.0,166.0,166.0,4.0,6.0,"rt;dur=0;desc=""Runtime init"", render;dur=166;desc=""Page render"", mw;dur=166;desc=""Total middleware"", db.total;dur=284;desc=""DB total"", db.count;dur=9;desc=""Query count"", db.first;dur=0;desc=""First query at"", db.last;dur=166;desc=""Last query at"", cache.hit;dur=4;desc=""Cache hits"", cache.miss;dur=6;desc=""Cache misses"" | D1_layout;dur=94.0;desc=""D1:layout"", D1_posts;dur=146.0;desc=""D1:posts"", D1_all-tags;dur=20.0;desc=""D1:all-tags"", total;dur=166.0;desc=""total"""
2026-10-06T07:32:17Z,astro7,browser,/posts/,200,MISS,remote-WAW,HAM,98.4,472.9,478.4,374.5,37084,9.0,234.0,0.0,146.0,146.0,4.0,6.0,"rt;dur=0;desc=""Runtime init"", render;dur=146;desc=""Page render"", mw;dur=146;desc=""Total middleware"", db.total;dur=234;desc=""DB total"", db.count;dur=9;desc=""Query count"", db.first;dur=0;desc=""First query at"", db.last;dur=146;desc=""Last query at"", cache.hit;dur=4;desc=""Cache hits"", cache.miss;dur=6;desc=""Cache misses"" | D1_layout;dur=70.0;desc=""D1:layout"", D1_posts;dur=124.0;desc=""D1:posts"", D1_all-tags;dur=22.0;desc=""D1:all-tags"", total;dur=146.0;desc=""total"" | cfEdge;dur=215,cfOrigin;dur=0"
2026-10-06T07:32:18Z,astro7,browser,/posts/architektura-emdash-typescript-astro,200,MISS,remote-WAW,HAM,207.0,718.6,746.2,511.6,33267,16.0,443.0,0.0,210.0,210.0,10.0,7.0,"rt;dur=0;desc=""Runtime init"", render;dur=210;desc=""Page render"", mw;dur=210;desc=""Total middleware"", db.total;dur=443;desc=""DB total"", db.count;dur=16;desc=""Query count"", db.first;dur=0;desc=""First query at"", db.last;dur=210;desc=""Last query at"", cache.hit;dur=10;desc=""Cache hits"", cache.miss;dur=7;desc=""Cache misses"" | D1_layout;dur=82.0;desc=""D1:layout"", D1_entry+recent;dur=129.0;desc=""D1:entry+recent"", D1_tags;dur=22.0;desc=""D1:tags"", total;dur=210.0;desc=""total"" | cfEdge;dur=301,cfOrigin;dur=0"
2026-10-06T07:32:18Z,astro7,browser,/category/technologia,200,MISS,remote-WAW,HAM,220.2,468.2,484.4,248.0,28244,11.0,274.0,0.0,128.0,128.0,4.0,6.0,"rt;dur=0;desc=""Runtime init"", render;dur=128;desc=""Page render"", mw;dur=128;desc=""Total middleware"", db.total;dur=274;desc=""DB total"", db.count;dur=11;desc=""Query count"", db.first;dur=0;desc=""First query at"", db.last;dur=128;desc=""Last query at"", cache.hit;dur=4;desc=""Cache hits"", cache.miss;dur=6;desc=""Cache misses"" | D1_layout;dur=74.0;desc=""D1:layout"", D1_term+posts;dur=128.0;desc=""D1:term+posts"", total;dur=128.0;desc=""total"" | cfEdge;dur=191,cfOrigin;dur=0"
2026-10-06T07:32:19Z,astro7,browser,/posts/,200,MISS,remote-WAW,HAM,205.3,713.6,842.1,508.3,37068,9.0,237.0,0.0,142.0,142.0,4.0,6.0,"rt;dur=0;desc=""Runtime init"", render;dur=142;desc=""Page render"", mw;dur=142;desc=""Total middleware"", db.total;dur=237;desc=""DB total"", db.count;dur=9;desc=""Query count"", db.first;dur=0;desc=""First query at"", db.last;dur=142;desc=""Last query at"", cache.hit;dur=4;desc=""Cache hits"", cache.miss;dur=6;desc=""Cache misses"" | D1_layout;dur=76.0;desc=""D1:layout"", D1_posts;dur=121.0;desc=""D1:posts"", D1_all-tags;dur=21.0;desc=""D1:all-tags"", total;dur=142.0;desc=""total"" | cfEdge;dur=214,cfOrigin;dur=0"
2026-10-06T07:32:20Z,astro7,curl,/posts/,200,MISS,remote-WAW,HAM,325.4,667.0,668.3,341.6,36709,10.0,322.0,0.0,150.0,150.0,4.0,6.0,"rt;dur=0;desc=""Runtime init"", render;dur=150;desc=""Page render"", mw;dur=150;desc=""Total middleware"", db.total;dur=322;desc=""DB total"", db.count;dur=10;desc=""Query count"", db.first;dur=0;desc=""First query at"", db.last;dur=150;desc=""Last query at"", cache.hit;dur=4;desc=""Cache hits"", cache.miss;dur=6;desc=""Cache misses"" | D1_layout;dur=81.0;desc=""D1:layout"", D1_posts;dur=128.0;desc=""D1:posts"", D1_all-tags;dur=22.0;desc=""D1:all-tags"", total;dur=150.0;desc=""total"""
2026-10-06T07:32:21Z,astro7,curl,/,200,MISS,remote-WAW,HAM,292.3,811.0,811.6,518.7,29534,9.0,215.0,0.0,134.0,134.0,4.0,6.0,"rt;dur=0;desc=""Runtime init"", render;dur=134;desc=""Page render"", mw;dur=134;desc=""Total middleware"", db.total;dur=215;desc=""DB total"", db.count;dur=9;desc=""Query count"", db.first;dur=0;desc=""First query at"", db.last;dur=134;desc=""Last query at"", cache.hit;dur=4;desc=""Cache hits"", cache.miss;dur=6;desc=""Cache misses"" | D1_layout;dur=65.0;desc=""D1:layout"", D1_posts;dur=111.0;desc=""D1:posts"", D1_all-tags;dur=23.0;desc=""D1:all-tags"", total;dur=134.0;desc=""total"""
2026-10-06T07:32:22Z,astro7,browser,/,200,MISS,remote-WAW,HAM,306.7,642.4,643.0,335.7,29901,9.0,250.0,0.0,143.0,143.0,4.0,6.0,"rt;dur=0;desc=""Runtime init"", render;dur=143;desc=""Page render"", mw;dur=143;desc=""Total middleware"", db.total;dur=250;desc=""DB total"", db.count;dur=9;desc=""Query count"", db.first;dur=0;desc=""First query at"", db.last;dur=143;desc=""Last query at"", cache.hit;dur=4;desc=""Cache hits"", cache.miss;dur=6;desc=""Cache misses"" | D1_layout;dur=76.0;desc=""D1:layout"", D1_posts;dur=118.0;desc=""D1:posts"", D1_all-tags;dur=25.0;desc=""D1:all-tags"", total;dur=143.0;desc=""total"" | cfEdge;dur=230,cfOrigin;dur=0"
2026-10-06T07:32:23Z,astro7,curl,/category/technologia,200,MISS,remote-WAW,HAM,94.1,470.0,470.4,375.9,27885,11.0,292.0,0.0,127.0,127.0,4.0,6.0,"rt;dur=0;desc=""Runtime init"", render;dur=127;desc=""Page render"", mw;dur=127;desc=""Total middleware"", db.total;dur=292;desc=""DB total"", db.count;dur=11;desc=""Query count"", db.first;dur=0;desc=""First query at"", db.last;dur=127;desc=""Last query at"", cache.hit;dur=4;desc=""Cache hits"", cache.miss;dur=6;desc=""Cache misses"" | D1_layout;dur=79.0;desc=""D1:layout"", D1_term+posts;dur=127.0;desc=""D1:term+posts"", total;dur=127.0;desc=""total"""
2026-10-06T07:32:24Z,astro7,curl,/posts/architektura-emdash-typescript-astro,200,MISS,remote-WAW,HAM,280.4,624.0,626.3,343.6,32888,16.0,425.0,0.0,197.0,197.0,10.0,7.0,"rt;dur=0;desc=""Runtime init"", render;dur=197;desc=""Page render"", mw;dur=197;desc=""Total middleware"", db.total;dur=425;desc=""DB total"", db.count;dur=16;desc=""Query count"", db.first;dur=0;desc=""First query at"", db.last;dur=197;desc=""Last query at"", cache.hit;dur=10;desc=""Cache hits"", cache.miss;dur=7;desc=""Cache misses"" | D1_layout;dur=74.0;desc=""D1:layout"", D1_entry+recent;dur=123.0;desc=""D1:entry+recent"", D1_tags;dur=25.0;desc=""D1:tags"", total;dur=197.0;desc=""total"""
2026-10-06T07:32:25Z,astro7,browser,/posts/architektura-emdash-typescript-astro,200,MISS,remote-WAW,HAM,298.6,817.2,817.6,518.6,33259,16.0,653.0,0.0,317.0,317.0,10.0,7.0,"rt;dur=0;desc=""Runtime init"", render;dur=317;desc=""Page render"", mw;dur=317;desc=""Total middleware"", db.total;dur=653;desc=""DB total"", db.count;dur=16;desc=""Query count"", db.first;dur=0;desc=""First query at"", db.last;dur=317;desc=""Last query at"", cache.hit;dur=10;desc=""Cache hits"", cache.miss;dur=7;desc=""Cache misses"" | D1_layout;dur=68.0;desc=""D1:layout"", D1_entry+recent;dur=115.0;desc=""D1:entry+recent"", D1_tags;dur=25.0;desc=""D1:tags"", total;dur=317.0;desc=""total"" | cfEdge;dur=393,cfOrigin;dur=0"
2026-10-06T07:32:25Z,astro7,browser,/posts/,200,MISS,remote-WAW,HAM,115.4,406.0,419.1,290.6,37076,9.0,231.0,0.0,144.0,144.0,4.0,6.0,"rt;dur=0;desc=""Runtime init"", render;dur=144;desc=""Page render"", mw;dur=144;desc=""Total middleware"", db.total;dur=231;desc=""DB total"", db.count;dur=9;desc=""Query count"", db.first;dur=0;desc=""First query at"", db.last;dur=144;desc=""Last query at"", cache.hit;dur=4;desc=""Cache hits"", cache.miss;dur=6;desc=""Cache misses"" | D1_layout;dur=73.0;desc=""D1:layout"", D1_posts;dur=120.0;desc=""D1:posts"", D1_all-tags;dur=24.0;desc=""D1:all-tags"", total;dur=144.0;desc=""total"" | cfEdge;dur=247,cfOrigin;dur=0"
2026-10-06T07:32:26Z,astro7,browser,/category/technologia,200,MISS,remote-WAW,HAM,173.0,426.5,432.1,253.5,28248,11.0,282.0,0.0,130.0,130.0,4.0,6.0,"rt;dur=0;desc=""Runtime init"", render;dur=130;desc=""Page render"", mw;dur=130;desc=""Total middleware"", db.total;dur=282;desc=""DB total"", db.count;dur=11;desc=""Query count"", db.first;dur=0;desc=""First query at"", db.last;dur=130;desc=""Last query at"", cache.hit;dur=4;desc=""Cache hits"", cache.miss;dur=6;desc=""Cache misses"" | D1_layout;dur=77.0;desc=""D1:layout"", D1_term+posts;dur=130.0;desc=""D1:term+posts"", total;dur=130.0;desc=""total"" | cfEdge;dur=200,cfOrigin;dur=0"
2026-10-06T07:32:27Z,astro7,curl,/,200,MISS,remote-WAW,HAM,130.7,582.4,597.9,451.7,29526,9.0,240.0,0.0,147.0,147.0,4.0,6.0,"rt;dur=0;desc=""Runtime init"", render;dur=147;desc=""Page render"", mw;dur=147;desc=""Total middleware"", db.total;dur=240;desc=""DB total"", db.count;dur=9;desc=""Query count"", db.first;dur=0;desc=""First query at"", db.last;dur=147;desc=""Last query at"", cache.hit;dur=4;desc=""Cache hits"", cache.miss;dur=6;desc=""Cache misses"" | D1_layout;dur=64.0;desc=""D1:layout"", D1_posts;dur=124.0;desc=""D1:posts"", D1_all-tags;dur=23.0;desc=""D1:all-tags"", total;dur=147.0;desc=""total"""
2026-10-06T07:32:28Z,astro7,browser,/posts/architektura-emdash-typescript-astro,200,MISS,remote-WAW,HAM,121.3,575.8,579.1,454.5,33263,16.0,439.0,0.0,201.0,201.0,10.0,7.0,"rt;dur=0;desc=""Runtime init"", render;dur=201;desc=""Page render"", mw;dur=201;desc=""Total middleware"", db.total;dur=439;desc=""DB total"", db.count;dur=16;desc=""Query count"", db.first;dur=0;desc=""First query at"", db.last;dur=201;desc=""Last query at"", cache.hit;dur=10;desc=""Cache hits"", cache.miss;dur=7;desc=""Cache misses"" | D1_layout;dur=84.0;desc=""D1:layout"", D1_entry+recent;dur=125.0;desc=""D1:entry+recent"", D1_tags;dur=30.0;desc=""D1:tags"", total;dur=201.0;desc=""total"" | cfEdge;dur=304,cfOrigin;dur=0"
2026-10-06T07:32:28Z,astro7,browser,/,200,MISS,remote-WAW,HAM,109.9,458.6,460.1,348.7,29897,9.0,238.0,0.0,140.0,140.0,4.0,6.0,"rt;dur=0;desc=""Runtime init"", render;dur=140;desc=""Page render"", mw;dur=140;desc=""Total middleware"", db.total;dur=238;desc=""DB total"", db.count;dur=9;desc=""Query count"", db.first;dur=0;desc=""First query at"", db.last;dur=140;desc=""Last query at"", cache.hit;dur=4;desc=""Cache hits"", cache.miss;dur=6;desc=""Cache misses"" | D1_layout;dur=70.0;desc=""D1:layout"", D1_posts;dur=115.0;desc=""D1:posts"", D1_all-tags;dur=25.0;desc=""D1:all-tags"", total;dur=140.0;desc=""total"" | cfEdge;dur=237,cfOrigin;dur=0"
2026-10-06T07:32:29Z,astro7,curl,/category/technologia,200,MISS,remote-WAW,HAM,99.5,379.4,383.3,279.9,27901,11.0,300.0,0.0,138.0,138.0,4.0,6.0,"rt;dur=0;desc=""Runtime init"", render;dur=138;desc=""Page render"", mw;dur=138;desc=""Total middleware"", db.total;dur=300;desc=""DB total"", db.count;dur=11;desc=""Query count"", db.first;dur=0;desc=""First query at"", db.last;dur=138;desc=""Last query at"", cache.hit;dur=4;desc=""Cache hits"", cache.miss;dur=6;desc=""Cache misses"" | D1_layout;dur=77.0;desc=""D1:layout"", D1_term+posts;dur=138.0;desc=""D1:term+posts"", total;dur=138.0;desc=""total"""
2026-10-06T07:32:30Z,astro7,curl,/posts/architektura-emdash-typescript-astro,200,MISS,remote-WAW,HAM,98.1,603.7,609.8,505.6,32908,15.0,619.0,0.0,341.0,341.0,10.0,7.0,"rt;dur=0;desc=""Runtime init"", render;dur=341;desc=""Page render"", mw;dur=341;desc=""Total middleware"", db.total;dur=619;desc=""DB total"", db.count;dur=15;desc=""Query count"", db.first;dur=0;desc=""First query at"", db.last;dur=341;desc=""Last query at"", cache.hit;dur=10;desc=""Cache hits"", cache.miss;dur=7;desc=""Cache misses"" | D1_layout;dur=91.0;desc=""D1:layout"", D1_entry+recent;dur=275.0;desc=""D1:entry+recent"", D1_tags;dur=20.0;desc=""D1:tags"", total;dur=341.0;desc=""total"""
2026-10-06T07:32:31Z,astro7,curl,/posts/,200,MISS,remote-WAW,HAM,97.3,420.7,421.7,323.4,36701,9.0,254.0,0.0,149.0,149.0,4.0,6.0,"rt;dur=0;desc=""Runtime init"", render;dur=149;desc=""Page render"", mw;dur=149;desc=""Total middleware"", db.total;dur=254;desc=""DB total"", db.count;dur=9;desc=""Query count"", db.first;dur=0;desc=""First query at"", db.last;dur=149;desc=""Last query at"", cache.hit;dur=4;desc=""Cache hits"", cache.miss;dur=6;desc=""Cache misses"" | D1_layout;dur=80.0;desc=""D1:layout"", D1_posts;dur=121.0;desc=""D1:posts"", D1_all-tags;dur=28.0;desc=""D1:all-tags"", total;dur=149.0;desc=""total"""
