time,label,accept,page,status,x_cache,placement,colo,appconnect_ms,ttfb_ms,total_ms,server_ms,bytes,db_count,db_total,db_first,db_last,render,cache_hit,cache_miss,server_timing
2026-10-06T08:06:46Z,pre-comments,curl,/posts/,200,MISS,remote-WAW,HAM,505.4,794.5,796.3,289.1,36696,6.0,225.0,0.0,83.0,83.0,2.0,6.0,"rt;dur=0;desc=""Runtime init"", render;dur=83;desc=""Page render"", mw;dur=83;desc=""Total middleware"", db.total;dur=225;desc=""DB total"", db.count;dur=6;desc=""Query count"", db.first;dur=0;desc=""First query at"", db.last;dur=83;desc=""Last query at"", cache.hit;dur=2;desc=""Cache hits"", cache.miss;dur=6;desc=""Cache misses"" | D1_layout;dur=62.0;desc=""D1:layout"", D1_posts;dur=62.0;desc=""D1:posts"", D1_all-tags;dur=21.0;desc=""D1:all-tags"", total;dur=83.0;desc=""total"""
2026-10-06T08:06:46Z,pre-comments,curl,/category/technologia,200,MISS,remote-,HAM,151.9,462.7,466.0,310.8,27880,7.0,216.0,0.0,63.0,63.0,2.0,6.0,"rt;dur=0;desc=""Runtime init"", render;dur=63;desc=""Page render"", mw;dur=63;desc=""Total middleware"", db.total;dur=216;desc=""DB total"", db.count;dur=7;desc=""Query count"", db.first;dur=0;desc=""First query at"", db.last;dur=63;desc=""Last query at"", cache.hit;dur=2;desc=""Cache hits"", cache.miss;dur=6;desc=""Cache misses"" | D1_layout;dur=61.0;desc=""D1:layout"", D1_term+posts;dur=63.0;desc=""D1:term+posts"", total;dur=63.0;desc=""total"""
2026-10-06T08:06:47Z,pre-comments,browser,/posts/architektura-emdash-typescript-astro,200,MISS,remote-WAW,HAM,208.6,461.3,462.2,252.7,33278,9.0,246.0,0.0,114.0,114.0,6.0,7.0,"rt;dur=0;desc=""Runtime init"", render;dur=114;desc=""Page render"", mw;dur=114;desc=""Total middleware"", db.total;dur=246;desc=""DB total"", db.count;dur=9;desc=""Query count"", db.first;dur=0;desc=""First query at"", db.last;dur=114;desc=""Last query at"", cache.hit;dur=6;desc=""Cache hits"", cache.miss;dur=7;desc=""Cache misses"" | D1_entry+recent;dur=38.0;desc=""D1:entry+recent"", D1_layout;dur=38.0;desc=""D1:layout"", D1_tags;dur=31.0;desc=""D1:tags"", total;dur=114.0;desc=""total"" | cfEdge;dur=193,cfOrigin;dur=0"
2026-10-06T08:06:48Z,pre-comments,browser,/category/technologia,200,MISS,remote-WAW,HAM,91.5,305.0,310.1,213.5,28259,8.0,289.0,0.0,69.0,69.0,2.0,6.0,"rt;dur=0;desc=""Runtime init"", render;dur=69;desc=""Page render"", mw;dur=69;desc=""Total middleware"", db.total;dur=289;desc=""DB total"", db.count;dur=8;desc=""Query count"", db.first;dur=0;desc=""First query at"", db.last;dur=69;desc=""Last query at"", cache.hit;dur=2;desc=""Cache hits"", cache.miss;dur=6;desc=""Cache misses"" | D1_term+posts;dur=69.0;desc=""D1:term+posts"", D1_layout;dur=69.0;desc=""D1:layout"", total;dur=69.0;desc=""total"" | cfEdge;dur=172,cfOrigin;dur=0"
2026-10-06T08:06:48Z,pre-comments,browser,/,200,MISS,remote-,HAM,79.1,290.0,295.1,210.9,29892,5.0,192.0,0.0,90.0,90.0,2.0,6.0,"rt;dur=0;desc=""Runtime init"", render;dur=90;desc=""Page render"", mw;dur=90;desc=""Total middleware"", db.total;dur=192;desc=""DB total"", db.count;dur=5;desc=""Query count"", db.first;dur=0;desc=""First query at"", db.last;dur=90;desc=""Last query at"", cache.hit;dur=2;desc=""Cache hits"", cache.miss;dur=6;desc=""Cache misses"" | D1_layout;dur=64.0;desc=""D1:layout"", D1_posts;dur=65.0;desc=""D1:posts"", D1_all-tags;dur=25.0;desc=""D1:all-tags"", total;dur=90.0;desc=""total"" | cfEdge;dur=170,cfOrigin;dur=0"
2026-10-06T08:06:49Z,pre-comments,curl,/posts/architektura-emdash-typescript-astro,200,MISS,remote-WAW,HAM,92.9,364.7,370.7,271.8,32907,9.0,297.0,0.0,135.0,135.0,6.0,7.0,"rt;dur=0;desc=""Runtime init"", render;dur=135;desc=""Page render"", mw;dur=135;desc=""Total middleware"", db.total;dur=297;desc=""DB total"", db.count;dur=9;desc=""Query count"", db.first;dur=0;desc=""First query at"", db.last;dur=135;desc=""Last query at"", cache.hit;dur=6;desc=""Cache hits"", cache.miss;dur=7;desc=""Cache misses"" | D1_entry+recent;dur=60.0;desc=""D1:entry+recent"", D1_layout;dur=60.0;desc=""D1:layout"", D1_tags;dur=28.0;desc=""D1:tags"", total;dur=135.0;desc=""total"""
2026-10-06T08:06:49Z,pre-comments,curl,/,200,MISS,remote-,HAM,100.4,291.0,296.2,190.6,29525,5.0,142.0,0.0,69.0,69.0,2.0,6.0,"rt;dur=0;desc=""Runtime init"", render;dur=69;desc=""Page render"", mw;dur=69;desc=""Total middleware"", db.total;dur=142;desc=""DB total"", db.count;dur=5;desc=""Query count"", db.first;dur=0;desc=""First query at"", db.last;dur=69;desc=""Last query at"", cache.hit;dur=2;desc=""Cache hits"", cache.miss;dur=6;desc=""Cache misses"" | D1_posts;dur=46.0;desc=""D1:posts"", D1_layout;dur=46.0;desc=""D1:layout"", D1_all-tags;dur=23.0;desc=""D1:all-tags"", total;dur=69.0;desc=""total"""
2026-10-06T08:06:50Z,pre-comments,browser,/posts/,200,MISS,remote-,HAM,101.4,394.3,446.3,292.9,37067,5.0,165.0,0.0,76.0,76.0,2.0,6.0,"rt;dur=0;desc=""Runtime init"", render;dur=76;desc=""Page render"", mw;dur=76;desc=""Total middleware"", db.total;dur=165;desc=""DB total"", db.count;dur=5;desc=""Query count"", db.first;dur=0;desc=""First query at"", db.last;dur=76;desc=""Last query at"", cache.hit;dur=2;desc=""Cache hits"", cache.miss;dur=6;desc=""Cache misses"" | D1_posts;dur=52.0;desc=""D1:posts"", D1_layout;dur=52.0;desc=""D1:layout"", D1_all-tags;dur=24.0;desc=""D1:all-tags"", total;dur=76.0;desc=""total"" | cfEdge;dur=161,cfOrigin;dur=0"
2026-10-06T08:06:51Z,pre-comments,curl,/posts/,200,MISS,remote-WAW,HAM,111.4,324.9,332.8,213.5,36712,5.0,150.0,0.0,73.0,73.0,2.0,6.0,"rt;dur=0;desc=""Runtime init"", render;dur=73;desc=""Page render"", mw;dur=73;desc=""Total middleware"", db.total;dur=150;desc=""DB total"", db.count;dur=5;desc=""Query count"", db.first;dur=0;desc=""First query at"", db.last;dur=73;desc=""Last query at"", cache.hit;dur=2;desc=""Cache hits"", cache.miss;dur=6;desc=""Cache misses"" | D1_posts;dur=50.0;desc=""D1:posts"", D1_layout;dur=50.0;desc=""D1:layout"", D1_all-tags;dur=23.0;desc=""D1:all-tags"", total;dur=73.0;desc=""total"""
2026-10-06T08:06:51Z,pre-comments,curl,/posts/architektura-emdash-typescript-astro,200,MISS,remote-WAW,HAM,80.6,312.3,318.5,231.7,32887,9.0,242.0,0.0,115.0,115.0,6.0,7.0,"rt;dur=0;desc=""Runtime init"", render;dur=115;desc=""Page render"", mw;dur=115;desc=""Total middleware"", db.total;dur=242;desc=""DB total"", db.count;dur=9;desc=""Query count"", db.first;dur=0;desc=""First query at"", db.last;dur=115;desc=""Last query at"", cache.hit;dur=6;desc=""Cache hits"", cache.miss;dur=7;desc=""Cache misses"" | D1_entry+recent;dur=52.0;desc=""D1:entry+recent"", D1_layout;dur=52.0;desc=""D1:layout"", D1_tags;dur=19.0;desc=""D1:tags"", total;dur=115.0;desc=""total"""
2026-10-06T08:06:52Z,pre-comments,curl,/category/technologia,200,MISS,remote-WAW,HAM,89.8,267.2,274.2,177.4,27884,7.0,202.0,0.0,62.0,62.0,2.0,6.0,"rt;dur=0;desc=""Runtime init"", render;dur=62;desc=""Page render"", mw;dur=62;desc=""Total middleware"", db.total;dur=202;desc=""DB total"", db.count;dur=7;desc=""Query count"", db.first;dur=0;desc=""First query at"", db.last;dur=62;desc=""Last query at"", cache.hit;dur=2;desc=""Cache hits"", cache.miss;dur=6;desc=""Cache misses"" | D1_layout;dur=57.0;desc=""D1:layout"", D1_term+posts;dur=62.0;desc=""D1:term+posts"", total;dur=62.0;desc=""total"""
2026-10-06T08:06:52Z,pre-comments,browser,/,200,MISS,remote-,HAM,118.0,301.6,305.1,183.6,29892,5.0,143.0,0.0,70.0,70.0,2.0,6.0,"rt;dur=0;desc=""Runtime init"", render;dur=70;desc=""Page render"", mw;dur=70;desc=""Total middleware"", db.total;dur=143;desc=""DB total"", db.count;dur=5;desc=""Query count"", db.first;dur=0;desc=""First query at"", db.last;dur=70;desc=""Last query at"", cache.hit;dur=2;desc=""Cache hits"", cache.miss;dur=6;desc=""Cache misses"" | D1_posts;dur=45.0;desc=""D1:posts"", D1_layout;dur=45.0;desc=""D1:layout"", D1_all-tags;dur=25.0;desc=""D1:all-tags"", total;dur=70.0;desc=""total"" | cfEdge;dur=140,cfOrigin;dur=0"
2026-10-06T08:06:53Z,pre-comments,browser,/posts/architektura-emdash-typescript-astro,200,MISS,remote-,HAM,93.2,335.8,349.8,242.6,33258,9.0,266.0,0.0,120.0,120.0,6.0,7.0,"rt;dur=0;desc=""Runtime init"", render;dur=120;desc=""Page render"", mw;dur=120;desc=""Total middleware"", db.total;dur=266;desc=""DB total"", db.count;dur=9;desc=""Query count"", db.first;dur=0;desc=""First query at"", db.last;dur=120;desc=""Last query at"", cache.hit;dur=6;desc=""Cache hits"", cache.miss;dur=7;desc=""Cache misses"" | D1_entry+recent;dur=57.0;desc=""D1:entry+recent"", D1_layout;dur=57.0;desc=""D1:layout"", D1_tags;dur=23.0;desc=""D1:tags"", total;dur=120.0;desc=""total"" | cfEdge;dur=201,cfOrigin;dur=0"
2026-10-06T08:06:53Z,pre-comments,browser,/posts/,200,MISS,remote-WAW,HAM,88.3,261.8,268.7,173.5,37067,5.0,132.0,0.0,65.0,65.0,2.0,6.0,"rt;dur=0;desc=""Runtime init"", render;dur=65;desc=""Page render"", mw;dur=65;desc=""Total middleware"", db.total;dur=132;desc=""DB total"", db.count;dur=5;desc=""Query count"", db.first;dur=0;desc=""First query at"", db.last;dur=65;desc=""Last query at"", cache.hit;dur=2;desc=""Cache hits"", cache.miss;dur=6;desc=""Cache misses"" | D1_posts;dur=39.0;desc=""D1:posts"", D1_layout;dur=39.0;desc=""D1:layout"", D1_all-tags;dur=26.0;desc=""D1:all-tags"", total;dur=65.0;desc=""total"" | cfEdge;dur=134,cfOrigin;dur=0"
2026-10-06T08:06:54Z,pre-comments,browser,/category/technologia,200,MISS,remote-WAW,HAM,79.4,271.8,287.3,192.4,28251,7.0,208.0,0.0,70.0,70.0,2.0,6.0,"rt;dur=0;desc=""Runtime init"", render;dur=70;desc=""Page render"", mw;dur=70;desc=""Total middleware"", db.total;dur=208;desc=""DB total"", db.count;dur=7;desc=""Query count"", db.first;dur=0;desc=""First query at"", db.last;dur=70;desc=""Last query at"", cache.hit;dur=2;desc=""Cache hits"", cache.miss;dur=6;desc=""Cache misses"" | D1_layout;dur=52.0;desc=""D1:layout"", D1_term+posts;dur=70.0;desc=""D1:term+posts"", total;dur=70.0;desc=""total"" | cfEdge;dur=154,cfOrigin;dur=0"
2026-10-06T08:06:54Z,pre-comments,curl,/,200,MISS,remote-WAW,HAM,104.1,307.5,308.4,203.4,29533,5.0,137.0,0.0,68.0,68.0,2.0,6.0,"rt;dur=0;desc=""Runtime init"", render;dur=68;desc=""Page render"", mw;dur=68;desc=""Total middleware"", db.total;dur=137;desc=""DB total"", db.count;dur=5;desc=""Query count"", db.first;dur=0;desc=""First query at"", db.last;dur=68;desc=""Last query at"", cache.hit;dur=2;desc=""Cache hits"", cache.miss;dur=6;desc=""Cache misses"" | D1_posts;dur=49.0;desc=""D1:posts"", D1_layout;dur=49.0;desc=""D1:layout"", D1_all-tags;dur=19.0;desc=""D1:all-tags"", total;dur=68.0;desc=""total"""
2026-10-06T08:06:55Z,pre-comments,browser,/posts/,200,MISS,remote-,HAM,125.2,493.5,505.2,368.3,37064,5.0,355.0,0.0,259.0,259.0,2.0,6.0,"rt;dur=0;desc=""Runtime init"", render;dur=259;desc=""Page render"", mw;dur=259;desc=""Total middleware"", db.total;dur=355;desc=""DB total"", db.count;dur=5;desc=""Query count"", db.first;dur=0;desc=""First query at"", db.last;dur=259;desc=""Last query at"", cache.hit;dur=2;desc=""Cache hits"", cache.miss;dur=6;desc=""Cache misses"" | D1_layout;dur=60.0;desc=""D1:layout"", D1_posts;dur=237.0;desc=""D1:posts"", D1_all-tags;dur=22.0;desc=""D1:all-tags"", total;dur=259.0;desc=""total"" | cfEdge;dur=322,cfOrigin;dur=0"
2026-10-06T08:06:56Z,pre-comments,curl,/,200,MISS,remote-WAW,HAM,87.3,298.1,302.5,210.8,29533,5.0,163.0,0.0,79.0,79.0,2.0,6.0,"rt;dur=0;desc=""Runtime init"", render;dur=79;desc=""Page render"", mw;dur=79;desc=""Total middleware"", db.total;dur=163;desc=""DB total"", db.count;dur=5;desc=""Query count"", db.first;dur=0;desc=""First query at"", db.last;dur=79;desc=""Last query at"", cache.hit;dur=2;desc=""Cache hits"", cache.miss;dur=6;desc=""Cache misses"" | D1_posts;dur=52.0;desc=""D1:posts"", D1_layout;dur=52.0;desc=""D1:layout"", D1_all-tags;dur=27.0;desc=""D1:all-tags"", total;dur=79.0;desc=""total"""
2026-10-06T08:06:56Z,pre-comments,curl,/posts/architektura-emdash-typescript-astro,200,MISS,remote-WAW,HAM,94.2,393.1,400.2,298.9,32895,9.0,334.0,0.0,179.0,179.0,6.0,7.0,"rt;dur=0;desc=""Runtime init"", render;dur=179;desc=""Page render"", mw;dur=179;desc=""Total middleware"", db.total;dur=334;desc=""DB total"", db.count;dur=9;desc=""Query count"", db.first;dur=0;desc=""First query at"", db.last;dur=179;desc=""Last query at"", cache.hit;dur=6;desc=""Cache hits"", cache.miss;dur=7;desc=""Cache misses"" | D1_entry+recent;dur=55.0;desc=""D1:entry+recent"", D1_layout;dur=55.0;desc=""D1:layout"", D1_tags;dur=79.0;desc=""D1:tags"", total;dur=179.0;desc=""total"""
2026-10-06T08:06:57Z,pre-comments,curl,/posts/,200,MISS,remote-WAW,HAM,145.4,317.5,338.4,172.1,36700,5.0,144.0,0.0,70.0,70.0,2.0,6.0,"rt;dur=0;desc=""Runtime init"", render;dur=70;desc=""Page render"", mw;dur=70;desc=""Total middleware"", db.total;dur=144;desc=""DB total"", db.count;dur=5;desc=""Query count"", db.first;dur=0;desc=""First query at"", db.last;dur=70;desc=""Last query at"", cache.hit;dur=2;desc=""Cache hits"", cache.miss;dur=6;desc=""Cache misses"" | D1_posts;dur=48.0;desc=""D1:posts"", D1_layout;dur=48.0;desc=""D1:layout"", D1_all-tags;dur=22.0;desc=""D1:all-tags"", total;dur=70.0;desc=""total"""
2026-10-06T08:06:58Z,pre-comments,browser,/,200,MISS,remote-WAW,HAM,135.8,571.9,573.2,436.1,29893,5.0,341.0,0.0,256.0,256.0,2.0,6.0,"rt;dur=0;desc=""Runtime init"", render;dur=256;desc=""Page render"", mw;dur=256;desc=""Total middleware"", db.total;dur=341;desc=""DB total"", db.count;dur=5;desc=""Query count"", db.first;dur=0;desc=""First query at"", db.last;dur=256;desc=""Last query at"", cache.hit;dur=2;desc=""Cache hits"", cache.miss;dur=6;desc=""Cache misses"" | D1_layout;dur=50.0;desc=""D1:layout"", D1_posts;dur=230.0;desc=""D1:posts"", D1_all-tags;dur=26.0;desc=""D1:all-tags"", total;dur=256.0;desc=""total"" | cfEdge;dur=348,cfOrigin;dur=0"
2026-10-06T08:06:58Z,pre-comments,browser,/category/technologia,200,MISS,remote-,HAM,92.5,289.6,294.1,197.1,28267,7.0,218.0,0.0,63.0,63.0,2.0,6.0,"rt;dur=0;desc=""Runtime init"", render;dur=63;desc=""Page render"", mw;dur=63;desc=""Total middleware"", db.total;dur=218;desc=""DB total"", db.count;dur=7;desc=""Query count"", db.first;dur=0;desc=""First query at"", db.last;dur=63;desc=""Last query at"", cache.hit;dur=2;desc=""Cache hits"", cache.miss;dur=6;desc=""Cache misses"" | D1_layout;dur=63.0;desc=""D1:layout"", D1_term+posts;dur=63.0;desc=""D1:term+posts"", total;dur=63.0;desc=""total"" | cfEdge;dur=143,cfOrigin;dur=0"
2026-10-06T08:06:59Z,pre-comments,browser,/posts/architektura-emdash-typescript-astro,200,MISS,remote-,HAM,81.6,317.4,324.8,235.8,33258,9.0,261.0,0.0,116.0,116.0,6.0,7.0,"rt;dur=0;desc=""Runtime init"", render;dur=116;desc=""Page render"", mw;dur=116;desc=""Total middleware"", db.total;dur=261;desc=""DB total"", db.count;dur=9;desc=""Query count"", db.first;dur=0;desc=""First query at"", db.last;dur=116;desc=""Last query at"", cache.hit;dur=6;desc=""Cache hits"", cache.miss;dur=7;desc=""Cache misses"" | D1_entry+recent;dur=57.0;desc=""D1:entry+recent"", D1_layout;dur=57.0;desc=""D1:layout"", D1_tags;dur=19.0;desc=""D1:tags"", total;dur=116.0;desc=""total"" | cfEdge;dur=191,cfOrigin;dur=0"
2026-10-06T08:07:00Z,pre-comments,curl,/category/technologia,200,MISS,remote-WAW,HAM,459.0,624.4,643.7,165.4,27888,7.0,175.0,0.0,49.0,49.0,2.0,6.0,"rt;dur=0;desc=""Runtime init"", render;dur=49;desc=""Page render"", mw;dur=49;desc=""Total middleware"", db.total;dur=175;desc=""DB total"", db.count;dur=7;desc=""Query count"", db.first;dur=0;desc=""First query at"", db.last;dur=49;desc=""Last query at"", cache.hit;dur=2;desc=""Cache hits"", cache.miss;dur=6;desc=""Cache misses"" | D1_layout;dur=49.0;desc=""D1:layout"", D1_term+posts;dur=49.0;desc=""D1:term+posts"", total;dur=49.0;desc=""total"""
2026-10-06T08:07:00Z,pre-comments,curl,/category/technologia,200,MISS,remote-WAW,HAM,277.0,615.7,616.7,338.7,27892,7.0,230.0,0.0,67.0,67.0,2.0,6.0,"rt;dur=0;desc=""Runtime init"", render;dur=67;desc=""Page render"", mw;dur=67;desc=""Total middleware"", db.total;dur=230;desc=""DB total"", db.count;dur=7;desc=""Query count"", db.first;dur=0;desc=""First query at"", db.last;dur=67;desc=""Last query at"", cache.hit;dur=2;desc=""Cache hits"", cache.miss;dur=6;desc=""Cache misses"" | D1_layout;dur=67.0;desc=""D1:layout"", D1_term+posts;dur=67.0;desc=""D1:term+posts"", total;dur=67.0;desc=""total"""
2026-10-06T08:07:01Z,pre-comments,curl,/,200,MISS,remote-WAW,HAM,303.7,481.3,484.0,177.6,29549,5.0,133.0,0.0,61.0,61.0,2.0,6.0,"rt;dur=0;desc=""Runtime init"", render;dur=61;desc=""Page render"", mw;dur=61;desc=""Total middleware"", db.total;dur=133;desc=""DB total"", db.count;dur=5;desc=""Query count"", db.first;dur=0;desc=""First query at"", db.last;dur=61;desc=""Last query at"", cache.hit;dur=2;desc=""Cache hits"", cache.miss;dur=6;desc=""Cache misses"" | D1_posts;dur=42.0;desc=""D1:posts"", D1_layout;dur=42.0;desc=""D1:layout"", D1_all-tags;dur=19.0;desc=""D1:all-tags"", total;dur=61.0;desc=""total"""
2026-10-06T08:07:02Z,pre-comments,browser,/category/technologia,200,MISS,remote-,HAM,192.9,456.3,457.7,263.4,28247,7.0,261.0,0.0,77.0,77.0,2.0,6.0,"rt;dur=0;desc=""Runtime init"", render;dur=77;desc=""Page render"", mw;dur=77;desc=""Total middleware"", db.total;dur=261;desc=""DB total"", db.count;dur=7;desc=""Query count"", db.first;dur=0;desc=""First query at"", db.last;dur=77;desc=""Last query at"", cache.hit;dur=2;desc=""Cache hits"", cache.miss;dur=6;desc=""Cache misses"" | D1_layout;dur=75.0;desc=""D1:layout"", D1_term+posts;dur=77.0;desc=""D1:term+posts"", total;dur=77.0;desc=""total"" | cfEdge;dur=168,cfOrigin;dur=0"
2026-10-06T08:07:03Z,pre-comments,browser,/posts/architektura-emdash-typescript-astro,200,MISS,remote-,HAM,293.3,811.8,812.7,518.5,33263,9.0,532.0,0.0,338.0,338.0,6.0,7.0,"rt;dur=0;desc=""Runtime init"", render;dur=338;desc=""Page render"", mw;dur=338;desc=""Total middleware"", db.total;dur=532;desc=""DB total"", db.count;dur=9;desc=""Query count"", db.first;dur=0;desc=""First query at"", db.last;dur=338;desc=""Last query at"", cache.hit;dur=6;desc=""Cache hits"", cache.miss;dur=7;desc=""Cache misses"" | D1_layout;dur=72.0;desc=""D1:layout"", D1_entry+recent;dur=230.0;desc=""D1:entry+recent"", D1_tags;dur=32.0;desc=""D1:tags"", total;dur=338.0;desc=""total"" | cfEdge;dur=423,cfOrigin;dur=0"
2026-10-06T08:07:04Z,pre-comments,browser,/posts/,200,MISS,remote-WAW,HAM,309.8,497.8,502.5,188.0,37067,5.0,141.0,0.0,77.0,77.0,2.0,6.0,"rt;dur=0;desc=""Runtime init"", render;dur=77;desc=""Page render"", mw;dur=77;desc=""Total middleware"", db.total;dur=141;desc=""DB total"", db.count;dur=5;desc=""Query count"", db.first;dur=0;desc=""First query at"", db.last;dur=77;desc=""Last query at"", cache.hit;dur=2;desc=""Cache hits"", cache.miss;dur=6;desc=""Cache misses"" | D1_posts;dur=55.0;desc=""D1:posts"", D1_layout;dur=55.0;desc=""D1:layout"", D1_all-tags;dur=22.0;desc=""D1:all-tags"", total;dur=77.0;desc=""total"" | cfEdge;dur=143,cfOrigin;dur=0"
2026-10-06T08:07:04Z,pre-comments,curl,/posts/,200,MISS,remote-WAW,HAM,285.7,467.4,472.4,181.7,36704,5.0,123.0,0.0,72.0,72.0,2.0,6.0,"rt;dur=0;desc=""Runtime init"", render;dur=72;desc=""Page render"", mw;dur=72;desc=""Total middleware"", db.total;dur=123;desc=""DB total"", db.count;dur=5;desc=""Query count"", db.first;dur=0;desc=""First query at"", db.last;dur=72;desc=""Last query at"", cache.hit;dur=2;desc=""Cache hits"", cache.miss;dur=6;desc=""Cache misses"" | D1_posts;dur=52.0;desc=""D1:posts"", D1_layout;dur=52.0;desc=""D1:layout"", D1_all-tags;dur=20.0;desc=""D1:all-tags"", total;dur=72.0;desc=""total"""
2026-10-06T08:07:05Z,pre-comments,browser,/,200,MISS,remote-,HAM,110.7,322.4,332.0,211.7,29892,5.0,154.0,0.0,80.0,80.0,2.0,6.0,"rt;dur=0;desc=""Runtime init"", render;dur=80;desc=""Page render"", mw;dur=80;desc=""Total middleware"", db.total;dur=154;desc=""DB total"", db.count;dur=5;desc=""Query count"", db.first;dur=0;desc=""First query at"", db.last;dur=80;desc=""Last query at"", cache.hit;dur=2;desc=""Cache hits"", cache.miss;dur=6;desc=""Cache misses"" | D1_posts;dur=56.0;desc=""D1:posts"", D1_layout;dur=56.0;desc=""D1:layout"", D1_all-tags;dur=24.0;desc=""D1:all-tags"", total;dur=80.0;desc=""total"" | cfEdge;dur=170,cfOrigin;dur=0"
2026-10-06T08:07:06Z,pre-comments,curl,/posts/architektura-emdash-typescript-astro,200,MISS,remote-WAW,HAM,106.6,399.0,405.0,292.4,32895,9.0,338.0,0.0,151.0,151.0,6.0,7.0,"rt;dur=0;desc=""Runtime init"", render;dur=151;desc=""Page render"", mw;dur=151;desc=""Total middleware"", db.total;dur=338;desc=""DB total"", db.count;dur=9;desc=""Query count"", db.first;dur=0;desc=""First query at"", db.last;dur=151;desc=""Last query at"", cache.hit;dur=6;desc=""Cache hits"", cache.miss;dur=7;desc=""Cache misses"" | D1_entry+recent;dur=74.0;desc=""D1:entry+recent"", D1_layout;dur=74.0;desc=""D1:layout"", D1_tags;dur=25.0;desc=""D1:tags"", total;dur=151.0;desc=""total"""
2026-10-06T08:07:06Z,pre-comments,browser,/posts/,200,MISS,remote-,HAM,109.2,328.9,335.6,219.7,37075,5.0,165.0,0.0,81.0,81.0,2.0,6.0,"rt;dur=0;desc=""Runtime init"", render;dur=81;desc=""Page render"", mw;dur=81;desc=""Total middleware"", db.total;dur=165;desc=""DB total"", db.count;dur=5;desc=""Query count"", db.first;dur=0;desc=""First query at"", db.last;dur=81;desc=""Last query at"", cache.hit;dur=2;desc=""Cache hits"", cache.miss;dur=6;desc=""Cache misses"" | D1_posts;dur=53.0;desc=""D1:posts"", D1_layout;dur=53.0;desc=""D1:layout"", D1_all-tags;dur=28.0;desc=""D1:all-tags"", total;dur=81.0;desc=""total"" | cfEdge;dur=166,cfOrigin;dur=0"
2026-10-06T08:07:07Z,pre-comments,curl,/posts/architektura-emdash-typescript-astro,200,MISS,remote-,HAM,99.0,337.7,345.6,238.7,32899,9.0,255.0,0.0,115.0,115.0,6.0,7.0,"rt;dur=0;desc=""Runtime init"", render;dur=115;desc=""Page render"", mw;dur=115;desc=""Total middleware"", db.total;dur=255;desc=""DB total"", db.count;dur=9;desc=""Query count"", db.first;dur=0;desc=""First query at"", db.last;dur=115;desc=""Last query at"", cache.hit;dur=6;desc=""Cache hits"", cache.miss;dur=7;desc=""Cache misses"" | D1_entry+recent;dur=52.0;desc=""D1:entry+recent"", D1_layout;dur=52.0;desc=""D1:layout"", D1_tags;dur=19.0;desc=""D1:tags"", total;dur=115.0;desc=""total"""
2026-10-06T08:07:07Z,pre-comments,browser,/category/technologia,200,MISS,remote-WAW,HAM,93.8,349.5,352.0,255.7,28251,7.0,204.0,0.0,59.0,59.0,2.0,6.0,"rt;dur=0;desc=""Runtime init"", render;dur=59;desc=""Page render"", mw;dur=59;desc=""Total middleware"", db.total;dur=204;desc=""DB total"", db.count;dur=7;desc=""Query count"", db.first;dur=0;desc=""First query at"", db.last;dur=59;desc=""Last query at"", cache.hit;dur=2;desc=""Cache hits"", cache.miss;dur=6;desc=""Cache misses"" | D1_layout;dur=57.0;desc=""D1:layout"", D1_term+posts;dur=59.0;desc=""D1:term+posts"", total;dur=59.0;desc=""total"" | cfEdge;dur=126,cfOrigin;dur=0"
2026-10-06T08:07:08Z,pre-comments,browser,/,200,MISS,remote-WAW,HAM,178.3,373.3,387.1,195.0,29896,5.0,175.0,0.0,81.0,81.0,2.0,6.0,"rt;dur=0;desc=""Runtime init"", render;dur=81;desc=""Page render"", mw;dur=81;desc=""Total middleware"", db.total;dur=175;desc=""DB total"", db.count;dur=5;desc=""Query count"", db.first;dur=0;desc=""First query at"", db.last;dur=81;desc=""Last query at"", cache.hit;dur=2;desc=""Cache hits"", cache.miss;dur=6;desc=""Cache misses"" | D1_posts;dur=58.0;desc=""D1:posts"", D1_layout;dur=58.0;desc=""D1:layout"", D1_all-tags;dur=23.0;desc=""D1:all-tags"", total;dur=81.0;desc=""total"" | cfEdge;dur=148,cfOrigin;dur=0"
2026-10-06T08:07:09Z,pre-comments,curl,/posts/,200,MISS,remote-WAW,HAM,103.6,546.6,547.8,443.0,36713,5.0,350.0,0.0,260.0,260.0,2.0,6.0,"rt;dur=0;desc=""Runtime init"", render;dur=260;desc=""Page render"", mw;dur=260;desc=""Total middleware"", db.total;dur=350;desc=""DB total"", db.count;dur=5;desc=""Query count"", db.first;dur=0;desc=""First query at"", db.last;dur=260;desc=""Last query at"", cache.hit;dur=2;desc=""Cache hits"", cache.miss;dur=6;desc=""Cache misses"" | D1_layout;dur=55.0;desc=""D1:layout"", D1_posts;dur=235.0;desc=""D1:posts"", D1_all-tags;dur=25.0;desc=""D1:all-tags"", total;dur=260.0;desc=""total"""
2026-10-06T08:07:09Z,pre-comments,browser,/posts/architektura-emdash-typescript-astro,200,MISS,remote-WAW,HAM,103.7,362.2,376.9,258.5,33262,9.0,282.0,0.0,126.0,126.0,6.0,7.0,"rt;dur=0;desc=""Runtime init"", render;dur=126;desc=""Page render"", mw;dur=126;desc=""Total middleware"", db.total;dur=282;desc=""DB total"", db.count;dur=9;desc=""Query count"", db.first;dur=0;desc=""First query at"", db.last;dur=126;desc=""Last query at"", cache.hit;dur=6;desc=""Cache hits"", cache.miss;dur=7;desc=""Cache misses"" | D1_entry+recent;dur=53.0;desc=""D1:entry+recent"", D1_layout;dur=53.0;desc=""D1:layout"", D1_tags;dur=22.0;desc=""D1:tags"", total;dur=126.0;desc=""total"" | cfEdge;dur=213,cfOrigin;dur=0"
2026-10-06T08:07:11Z,pre-comments,curl,/category/technologia,200,MISS,remote-,HAM,894.6,1072.1,1078.2,177.5,27908,7.0,159.0,0.0,47.0,47.0,2.0,6.0,"rt;dur=0;desc=""Runtime init"", render;dur=47;desc=""Page render"", mw;dur=47;desc=""Total middleware"", db.total;dur=159;desc=""DB total"", db.count;dur=7;desc=""Query count"", db.first;dur=0;desc=""First query at"", db.last;dur=47;desc=""Last query at"", cache.hit;dur=2;desc=""Cache hits"", cache.miss;dur=6;desc=""Cache misses"" | D1_term+posts;dur=47.0;desc=""D1:term+posts"", D1_layout;dur=47.0;desc=""D1:layout"", total;dur=47.0;desc=""total"""
2026-10-06T08:07:11Z,pre-comments,curl,/,200,MISS,remote-WAW,HAM,120.9,326.6,334.5,205.7,29541,5.0,157.0,0.0,88.0,88.0,2.0,6.0,"rt;dur=0;desc=""Runtime init"", render;dur=88;desc=""Page render"", mw;dur=88;desc=""Total middleware"", db.total;dur=157;desc=""DB total"", db.count;dur=5;desc=""Query count"", db.first;dur=0;desc=""First query at"", db.last;dur=88;desc=""Last query at"", cache.hit;dur=2;desc=""Cache hits"", cache.miss;dur=6;desc=""Cache misses"" | D1_posts;dur=65.0;desc=""D1:posts"", D1_layout;dur=65.0;desc=""D1:layout"", D1_all-tags;dur=23.0;desc=""D1:all-tags"", total;dur=88.0;desc=""total"""
2026-10-06T08:07:12Z,pre-comments,curl,/,200,MISS,remote-,HAM,79.0,244.1,256.5,165.1,29545,5.0,118.0,0.0,62.0,62.0,2.0,6.0,"rt;dur=0;desc=""Runtime init"", render;dur=62;desc=""Page render"", mw;dur=62;desc=""Total middleware"", db.total;dur=118;desc=""DB total"", db.count;dur=5;desc=""Query count"", db.first;dur=0;desc=""First query at"", db.last;dur=62;desc=""Last query at"", cache.hit;dur=2;desc=""Cache hits"", cache.miss;dur=6;desc=""Cache misses"" | D1_posts;dur=42.0;desc=""D1:posts"", D1_layout;dur=42.0;desc=""D1:layout"", D1_all-tags;dur=20.0;desc=""D1:all-tags"", total;dur=62.0;desc=""total"""
2026-10-06T08:07:12Z,pre-comments,browser,/,200,MISS,remote-WAW,HAM,96.8,494.7,499.8,397.9,29905,5.0,354.0,0.0,271.0,271.0,2.0,6.0,"rt;dur=0;desc=""Runtime init"", render;dur=271;desc=""Page render"", mw;dur=271;desc=""Total middleware"", db.total;dur=354;desc=""DB total"", db.count;dur=5;desc=""Query count"", db.first;dur=0;desc=""First query at"", db.last;dur=271;desc=""Last query at"", cache.hit;dur=2;desc=""Cache hits"", cache.miss;dur=6;desc=""Cache misses"" | D1_layout;dur=50.0;desc=""D1:layout"", D1_posts;dur=244.0;desc=""D1:posts"", D1_all-tags;dur=27.0;desc=""D1:all-tags"", total;dur=271.0;desc=""total"" | cfEdge;dur=348,cfOrigin;dur=0"
2026-10-06T08:07:13Z,pre-comments,curl,/category/technologia,200,MISS,remote-,HAM,106.4,277.0,284.1,170.6,27888,7.0,215.0,0.0,65.0,65.0,2.0,6.0,"rt;dur=0;desc=""Runtime init"", render;dur=65;desc=""Page render"", mw;dur=65;desc=""Total middleware"", db.total;dur=215;desc=""DB total"", db.count;dur=7;desc=""Query count"", db.first;dur=0;desc=""First query at"", db.last;dur=65;desc=""Last query at"", cache.hit;dur=2;desc=""Cache hits"", cache.miss;dur=6;desc=""Cache misses"" | D1_layout;dur=52.0;desc=""D1:layout"", D1_term+posts;dur=65.0;desc=""D1:term+posts"", total;dur=65.0;desc=""total"""
2026-10-06T08:07:14Z,pre-comments,browser,/posts/architektura-emdash-typescript-astro,200,MISS,remote-WAW,HAM,86.2,350.8,359.2,264.6,33254,9.0,298.0,0.0,135.0,135.0,6.0,7.0,"rt;dur=0;desc=""Runtime init"", render;dur=135;desc=""Page render"", mw;dur=135;desc=""Total middleware"", db.total;dur=298;desc=""DB total"", db.count;dur=9;desc=""Query count"", db.first;dur=0;desc=""First query at"", db.last;dur=135;desc=""Last query at"", cache.hit;dur=6;desc=""Cache hits"", cache.miss;dur=7;desc=""Cache misses"" | D1_layout;dur=42.0;desc=""D1:layout"", D1_entry+recent;dur=60.0;desc=""D1:entry+recent"", D1_tags;dur=24.0;desc=""D1:tags"", total;dur=135.0;desc=""total"" | cfEdge;dur=225,cfOrigin;dur=0"
2026-10-06T08:07:14Z,pre-comments,curl,/posts/,200,MISS,remote-,HAM,160.2,367.2,376.8,207.0,36696,5.0,139.0,0.0,81.0,81.0,2.0,6.0,"rt;dur=0;desc=""Runtime init"", render;dur=81;desc=""Page render"", mw;dur=81;desc=""Total middleware"", db.total;dur=139;desc=""DB total"", db.count;dur=5;desc=""Query count"", db.first;dur=0;desc=""First query at"", db.last;dur=81;desc=""Last query at"", cache.hit;dur=2;desc=""Cache hits"", cache.miss;dur=6;desc=""Cache misses"" | D1_posts;dur=57.0;desc=""D1:posts"", D1_layout;dur=57.0;desc=""D1:layout"", D1_all-tags;dur=24.0;desc=""D1:all-tags"", total;dur=81.0;desc=""total"""
2026-10-06T08:07:15Z,pre-comments,browser,/posts/,200,MISS,remote-WAW,HAM,155.9,399.9,409.4,244.0,37059,5.0,160.0,0.0,75.0,75.0,2.0,6.0,"rt;dur=0;desc=""Runtime init"", render;dur=75;desc=""Page render"", mw;dur=75;desc=""Total middleware"", db.total;dur=160;desc=""DB total"", db.count;dur=5;desc=""Query count"", db.first;dur=0;desc=""First query at"", db.last;dur=75;desc=""Last query at"", cache.hit;dur=2;desc=""Cache hits"", cache.miss;dur=6;desc=""Cache misses"" | D1_posts;dur=54.0;desc=""D1:posts"", D1_layout;dur=54.0;desc=""D1:layout"", D1_all-tags;dur=21.0;desc=""D1:all-tags"", total;dur=75.0;desc=""total"" | cfEdge;dur=169,cfOrigin;dur=0"
2026-10-06T08:07:15Z,pre-comments,browser,/category/technologia,200,MISS,remote-WAW,HAM,227.3,467.1,467.9,239.8,28255,7.0,227.0,0.0,68.0,68.0,2.0,6.0,"rt;dur=0;desc=""Runtime init"", render;dur=68;desc=""Page render"", mw;dur=68;desc=""Total middleware"", db.total;dur=227;desc=""DB total"", db.count;dur=7;desc=""Query count"", db.first;dur=0;desc=""First query at"", db.last;dur=68;desc=""Last query at"", cache.hit;dur=2;desc=""Cache hits"", cache.miss;dur=6;desc=""Cache misses"" | D1_layout;dur=66.0;desc=""D1:layout"", D1_term+posts;dur=68.0;desc=""D1:term+posts"", total;dur=68.0;desc=""total"" | cfEdge;dur=155,cfOrigin;dur=0"
2026-10-06T08:07:17Z,pre-comments,curl,/posts/architektura-emdash-typescript-astro,200,MISS,remote-,HAM,303.9,726.3,820.3,422.4,32892,10.0,539.0,0.0,309.0,309.0,6.0,7.0,"rt;dur=0;desc=""Runtime init"", render;dur=309;desc=""Page render"", mw;dur=309;desc=""Total middleware"", db.total;dur=539;desc=""DB total"", db.count;dur=10;desc=""Query count"", db.first;dur=0;desc=""First query at"", db.last;dur=309;desc=""Last query at"", cache.hit;dur=6;desc=""Cache hits"", cache.miss;dur=7;desc=""Cache misses"" | D1_layout;dur=68.0;desc=""D1:layout"", D1_entry+recent;dur=242.0;desc=""D1:entry+recent"", D1_tags;dur=22.0;desc=""D1:tags"", total;dur=309.0;desc=""total"""
2026-10-06T08:07:17Z,pre-comments,browser,/,200,MISS,remote-WAW,HAM,296.1,674.2,681.6,378.1,29897,5.0,335.0,0.0,256.0,256.0,2.0,6.0,"rt;dur=0;desc=""Runtime init"", render;dur=256;desc=""Page render"", mw;dur=256;desc=""Total middleware"", db.total;dur=335;desc=""DB total"", db.count;dur=5;desc=""Query count"", db.first;dur=0;desc=""First query at"", db.last;dur=256;desc=""Last query at"", cache.hit;dur=2;desc=""Cache hits"", cache.miss;dur=6;desc=""Cache misses"" | D1_layout;dur=56.0;desc=""D1:layout"", D1_posts;dur=226.0;desc=""D1:posts"", D1_all-tags;dur=30.0;desc=""D1:all-tags"", total;dur=256.0;desc=""total"" | cfEdge;dur=337,cfOrigin;dur=0"
2026-10-06T08:07:18Z,pre-comments,browser,/posts/architektura-emdash-typescript-astro,200,MISS,remote-WAW,HAM,317.1,602.0,605.2,284.9,33258,9.0,314.0,0.0,148.0,148.0,6.0,7.0,"rt;dur=0;desc=""Runtime init"", render;dur=148;desc=""Page render"", mw;dur=148;desc=""Total middleware"", db.total;dur=314;desc=""DB total"", db.count;dur=9;desc=""Query count"", db.first;dur=0;desc=""First query at"", db.last;dur=148;desc=""Last query at"", cache.hit;dur=6;desc=""Cache hits"", cache.miss;dur=7;desc=""Cache misses"" | D1_entry+recent;dur=75.0;desc=""D1:entry+recent"", D1_layout;dur=75.0;desc=""D1:layout"", D1_tags;dur=24.0;desc=""D1:tags"", total;dur=148.0;desc=""total"" | cfEdge;dur=227,cfOrigin;dur=0"
2026-10-06T08:07:19Z,pre-comments,browser,/category/technologia,200,MISS,remote-WAW,HAM,150.3,491.5,500.3,341.2,28271,8.0,257.0,0.0,63.0,63.0,2.0,6.0,"rt;dur=0;desc=""Runtime init"", render;dur=63;desc=""Page render"", mw;dur=63;desc=""Total middleware"", db.total;dur=257;desc=""DB total"", db.count;dur=8;desc=""Query count"", db.first;dur=0;desc=""First query at"", db.last;dur=63;desc=""Last query at"", cache.hit;dur=2;desc=""Cache hits"", cache.miss;dur=6;desc=""Cache misses"" | D1_layout;dur=63.0;desc=""D1:layout"", D1_term+posts;dur=63.0;desc=""D1:term+posts"", total;dur=63.0;desc=""total"" | cfEdge;dur=168,cfOrigin;dur=0"
2026-10-06T08:07:20Z,pre-comments,curl,/category/technologia,200,MISS,remote-WAW,HAM,202.1,427.6,431.0,225.5,27888,7.0,210.0,0.0,61.0,61.0,2.0,6.0,"rt;dur=0;desc=""Runtime init"", render;dur=61;desc=""Page render"", mw;dur=61;desc=""Total middleware"", db.total;dur=210;desc=""DB total"", db.count;dur=7;desc=""Query count"", db.first;dur=0;desc=""First query at"", db.last;dur=61;desc=""Last query at"", cache.hit;dur=2;desc=""Cache hits"", cache.miss;dur=6;desc=""Cache misses"" | D1_layout;dur=61.0;desc=""D1:layout"", D1_term+posts;dur=61.0;desc=""D1:term+posts"", total;dur=61.0;desc=""total"""
2026-10-06T08:07:20Z,pre-comments,curl,/posts/architektura-emdash-typescript-astro,200,MISS,remote-WAW,HAM,198.3,518.0,525.0,319.7,32895,9.0,267.0,0.0,125.0,125.0,6.0,7.0,"rt;dur=0;desc=""Runtime init"", render;dur=125;desc=""Page render"", mw;dur=125;desc=""Total middleware"", db.total;dur=267;desc=""DB total"", db.count;dur=9;desc=""Query count"", db.first;dur=0;desc=""First query at"", db.last;dur=125;desc=""Last query at"", cache.hit;dur=6;desc=""Cache hits"", cache.miss;dur=7;desc=""Cache misses"" | D1_entry+recent;dur=52.0;desc=""D1:entry+recent"", D1_layout;dur=52.0;desc=""D1:layout"", D1_tags;dur=21.0;desc=""D1:tags"", total;dur=125.0;desc=""total"""
2026-10-06T08:07:21Z,pre-comments,curl,/,200,MISS,remote-WAW,HAM,149.7,345.4,349.6,195.7,29529,5.0,135.0,0.0,73.0,73.0,2.0,6.0,"rt;dur=0;desc=""Runtime init"", render;dur=73;desc=""Page render"", mw;dur=73;desc=""Total middleware"", db.total;dur=135;desc=""DB total"", db.count;dur=5;desc=""Query count"", db.first;dur=0;desc=""First query at"", db.last;dur=73;desc=""Last query at"", cache.hit;dur=2;desc=""Cache hits"", cache.miss;dur=6;desc=""Cache misses"" | D1_posts;dur=54.0;desc=""D1:posts"", D1_layout;dur=54.0;desc=""D1:layout"", D1_all-tags;dur=19.0;desc=""D1:all-tags"", total;dur=73.0;desc=""total"""
2026-10-06T08:07:22Z,pre-comments,curl,/posts/,200,MISS,remote-WAW,HAM,83.4,292.3,299.5,208.9,36704,5.0,152.0,0.0,78.0,78.0,2.0,6.0,"rt;dur=0;desc=""Runtime init"", render;dur=78;desc=""Page render"", mw;dur=78;desc=""Total middleware"", db.total;dur=152;desc=""DB total"", db.count;dur=5;desc=""Query count"", db.first;dur=0;desc=""First query at"", db.last;dur=78;desc=""Last query at"", cache.hit;dur=2;desc=""Cache hits"", cache.miss;dur=6;desc=""Cache misses"" | D1_posts;dur=44.0;desc=""D1:posts"", D1_layout;dur=44.0;desc=""D1:layout"", D1_all-tags;dur=34.0;desc=""D1:all-tags"", total;dur=78.0;desc=""total"""
2026-10-06T08:07:22Z,pre-comments,browser,/posts/,200,MISS,remote-WAW,HAM,87.1,518.4,519.5,431.3,37088,5.0,352.0,0.0,256.0,256.0,2.0,6.0,"rt;dur=0;desc=""Runtime init"", render;dur=256;desc=""Page render"", mw;dur=256;desc=""Total middleware"", db.total;dur=352;desc=""DB total"", db.count;dur=5;desc=""Query count"", db.first;dur=0;desc=""First query at"", db.last;dur=256;desc=""Last query at"", cache.hit;dur=2;desc=""Cache hits"", cache.miss;dur=6;desc=""Cache misses"" | D1_layout;dur=58.0;desc=""D1:layout"", D1_posts;dur=231.0;desc=""D1:posts"", D1_all-tags;dur=25.0;desc=""D1:all-tags"", total;dur=256.0;desc=""total"" | cfEdge;dur=344,cfOrigin;dur=0"
2026-10-06T08:07:23Z,pre-comments,browser,/,200,MISS,remote-,HAM,116.1,386.6,394.8,270.5,29896,5.0,239.0,0.0,117.0,117.0,2.0,6.0,"rt;dur=0;desc=""Runtime init"", render;dur=117;desc=""Page render"", mw;dur=117;desc=""Total middleware"", db.total;dur=239;desc=""DB total"", db.count;dur=5;desc=""Query count"", db.first;dur=0;desc=""First query at"", db.last;dur=117;desc=""Last query at"", cache.hit;dur=2;desc=""Cache hits"", cache.miss;dur=6;desc=""Cache misses"" | D1_posts;dur=85.0;desc=""D1:posts"", D1_layout;dur=85.0;desc=""D1:layout"", D1_all-tags;dur=32.0;desc=""D1:all-tags"", total;dur=117.0;desc=""total"" | cfEdge;dur=223,cfOrigin;dur=0"
2026-10-06T08:07:23Z,pre-comments,browser,/category/technologia,200,MISS,remote-WAW,HAM,89.6,269.5,274.4,179.9,28251,7.0,240.0,0.0,71.0,71.0,2.0,6.0,"rt;dur=0;desc=""Runtime init"", render;dur=71;desc=""Page render"", mw;dur=71;desc=""Total middleware"", db.total;dur=240;desc=""DB total"", db.count;dur=7;desc=""Query count"", db.first;dur=0;desc=""First query at"", db.last;dur=71;desc=""Last query at"", cache.hit;dur=2;desc=""Cache hits"", cache.miss;dur=6;desc=""Cache misses"" | D1_layout;dur=69.0;desc=""D1:layout"", D1_term+posts;dur=71.0;desc=""D1:term+posts"", total;dur=71.0;desc=""total"" | cfEdge;dur=133,cfOrigin;dur=0"
2026-10-06T08:07:24Z,pre-comments,browser,/posts/architektura-emdash-typescript-astro,200,MISS,remote-WAW,HAM,124.4,386.2,407.5,261.8,33262,9.0,270.0,0.0,126.0,126.0,6.0,7.0,"rt;dur=0;desc=""Runtime init"", render;dur=126;desc=""Page render"", mw;dur=126;desc=""Total middleware"", db.total;dur=270;desc=""DB total"", db.count;dur=9;desc=""Query count"", db.first;dur=0;desc=""First query at"", db.last;dur=126;desc=""Last query at"", cache.hit;dur=6;desc=""Cache hits"", cache.miss;dur=7;desc=""Cache misses"" | D1_entry+recent;dur=59.0;desc=""D1:entry+recent"", D1_layout;dur=59.0;desc=""D1:layout"", D1_tags;dur=25.0;desc=""D1:tags"", total;dur=126.0;desc=""total"" | cfEdge;dur=201,cfOrigin;dur=0"
2026-10-06T08:07:25Z,pre-comments,curl,/category/technologia,200,MISS,remote-,HAM,168.2,382.2,392.5,214.0,27888,7.0,239.0,0.0,91.0,91.0,2.0,6.0,"rt;dur=0;desc=""Runtime init"", render;dur=91;desc=""Page render"", mw;dur=91;desc=""Total middleware"", db.total;dur=239;desc=""DB total"", db.count;dur=7;desc=""Query count"", db.first;dur=0;desc=""First query at"", db.last;dur=91;desc=""Last query at"", cache.hit;dur=2;desc=""Cache hits"", cache.miss;dur=6;desc=""Cache misses"" | D1_layout;dur=56.0;desc=""D1:layout"", D1_term+posts;dur=91.0;desc=""D1:term+posts"", total;dur=91.0;desc=""total"""
2026-10-06T08:07:25Z,pre-comments,browser,/posts/,200,MISS,remote-WAW,HAM,108.4,303.3,305.6,194.9,37063,5.0,144.0,0.0,68.0,68.0,2.0,6.0,"rt;dur=0;desc=""Runtime init"", render;dur=68;desc=""Page render"", mw;dur=68;desc=""Total middleware"", db.total;dur=144;desc=""DB total"", db.count;dur=5;desc=""Query count"", db.first;dur=0;desc=""First query at"", db.last;dur=68;desc=""Last query at"", cache.hit;dur=2;desc=""Cache hits"", cache.miss;dur=6;desc=""Cache misses"" | D1_posts;dur=45.0;desc=""D1:posts"", D1_layout;dur=45.0;desc=""D1:layout"", D1_all-tags;dur=23.0;desc=""D1:all-tags"", total;dur=68.0;desc=""total"" | cfEdge;dur=134,cfOrigin;dur=0"
2026-10-06T08:07:26Z,pre-comments,curl,/posts/architektura-emdash-typescript-astro,200,MISS,remote-WAW,HAM,117.2,600.8,609.1,483.6,32900,9.0,520.0,0.0,329.0,329.0,6.0,7.0,"rt;dur=0;desc=""Runtime init"", render;dur=329;desc=""Page render"", mw;dur=329;desc=""Total middleware"", db.total;dur=520;desc=""DB total"", db.count;dur=9;desc=""Query count"", db.first;dur=0;desc=""First query at"", db.last;dur=329;desc=""Last query at"", cache.hit;dur=6;desc=""Cache hits"", cache.miss;dur=7;desc=""Cache misses"" | D1_layout;dur=71.0;desc=""D1:layout"", D1_entry+recent;dur=254.0;desc=""D1:entry+recent"", D1_tags;dur=28.0;desc=""D1:tags"", total;dur=329.0;desc=""total"""
2026-10-06T08:07:27Z,pre-comments,curl,/,200,MISS,remote-,HAM,191.9,402.2,409.4,210.3,29533,5.0,146.0,0.0,77.0,77.0,2.0,6.0,"rt;dur=0;desc=""Runtime init"", render;dur=77;desc=""Page render"", mw;dur=77;desc=""Total middleware"", db.total;dur=146;desc=""DB total"", db.count;dur=5;desc=""Query count"", db.first;dur=0;desc=""First query at"", db.last;dur=77;desc=""Last query at"", cache.hit;dur=2;desc=""Cache hits"", cache.miss;dur=6;desc=""Cache misses"" | D1_layout;dur=42.0;desc=""D1:layout"", D1_posts;dur=43.0;desc=""D1:posts"", D1_all-tags;dur=34.0;desc=""D1:all-tags"", total;dur=77.0;desc=""total"""
2026-10-06T08:07:27Z,pre-comments,curl,/posts/,200,MISS,remote-WAW,HAM,182.0,381.7,393.2,199.7,36696,5.0,151.0,0.0,72.0,72.0,2.0,6.0,"rt;dur=0;desc=""Runtime init"", render;dur=72;desc=""Page render"", mw;dur=72;desc=""Total middleware"", db.total;dur=151;desc=""DB total"", db.count;dur=5;desc=""Query count"", db.first;dur=0;desc=""First query at"", db.last;dur=72;desc=""Last query at"", cache.hit;dur=2;desc=""Cache hits"", cache.miss;dur=6;desc=""Cache misses"" | D1_posts;dur=47.0;desc=""D1:posts"", D1_layout;dur=47.0;desc=""D1:layout"", D1_all-tags;dur=25.0;desc=""D1:all-tags"", total;dur=72.0;desc=""total"""
2026-10-06T08:07:28Z,pre-comments,browser,/posts/architektura-emdash-typescript-astro,200,MISS,remote-WAW,HAM,119.4,381.3,490.3,261.9,33254,9.0,257.0,0.0,117.0,117.0,6.0,7.0,"rt;dur=0;desc=""Runtime init"", render;dur=117;desc=""Page render"", mw;dur=117;desc=""Total middleware"", db.total;dur=257;desc=""DB total"", db.count;dur=9;desc=""Query count"", db.first;dur=0;desc=""First query at"", db.last;dur=117;desc=""Last query at"", cache.hit;dur=6;desc=""Cache hits"", cache.miss;dur=7;desc=""Cache misses"" | D1_entry+recent;dur=53.0;desc=""D1:entry+recent"", D1_layout;dur=53.0;desc=""D1:layout"", D1_tags;dur=21.0;desc=""D1:tags"", total;dur=117.0;desc=""total"" | cfEdge;dur=204,cfOrigin;dur=0"
2026-10-06T08:07:29Z,pre-comments,curl,/posts/architektura-emdash-typescript-astro,200,MISS,remote-,HAM,116.4,383.1,384.2,266.7,32895,9.0,254.0,0.0,128.0,128.0,6.0,7.0,"rt;dur=0;desc=""Runtime init"", render;dur=128;desc=""Page render"", mw;dur=128;desc=""Total middleware"", db.total;dur=254;desc=""DB total"", db.count;dur=9;desc=""Query count"", db.first;dur=0;desc=""First query at"", db.last;dur=128;desc=""Last query at"", cache.hit;dur=6;desc=""Cache hits"", cache.miss;dur=7;desc=""Cache misses"" | D1_entry+recent;dur=55.0;desc=""D1:entry+recent"", D1_layout;dur=55.0;desc=""D1:layout"", D1_tags;dur=25.0;desc=""D1:tags"", total;dur=128.0;desc=""total"""
2026-10-06T08:07:29Z,pre-comments,curl,/,200,MISS,remote-WAW,HAM,104.0,387.5,398.0,283.5,29533,5.0,153.0,0.0,79.0,79.0,2.0,6.0,"rt;dur=0;desc=""Runtime init"", render;dur=79;desc=""Page render"", mw;dur=79;desc=""Total middleware"", db.total;dur=153;desc=""DB total"", db.count;dur=5;desc=""Query count"", db.first;dur=0;desc=""First query at"", db.last;dur=79;desc=""Last query at"", cache.hit;dur=2;desc=""Cache hits"", cache.miss;dur=6;desc=""Cache misses"" | D1_posts;dur=55.0;desc=""D1:posts"", D1_layout;dur=55.0;desc=""D1:layout"", D1_all-tags;dur=24.0;desc=""D1:all-tags"", total;dur=79.0;desc=""total"""
2026-10-06T08:07:30Z,pre-comments,curl,/posts/,200,MISS,remote-WAW,HAM,178.3,606.3,607.6,428.0,36705,5.0,368.0,0.0,285.0,285.0,2.0,6.0,"rt;dur=0;desc=""Runtime init"", render;dur=285;desc=""Page render"", mw;dur=285;desc=""Total middleware"", db.total;dur=368;desc=""DB total"", db.count;dur=5;desc=""Query count"", db.first;dur=0;desc=""First query at"", db.last;dur=285;desc=""Last query at"", cache.hit;dur=2;desc=""Cache hits"", cache.miss;dur=6;desc=""Cache misses"" | D1_layout;dur=49.0;desc=""D1:layout"", D1_posts;dur=263.0;desc=""D1:posts"", D1_all-tags;dur=22.0;desc=""D1:all-tags"", total;dur=285.0;desc=""total"""
2026-10-06T08:07:31Z,pre-comments,browser,/category/technologia,200,MISS,remote-WAW,HAM,157.5,371.4,384.7,213.9,28247,7.0,212.0,0.0,62.0,62.0,2.0,6.0,"rt;dur=0;desc=""Runtime init"", render;dur=62;desc=""Page render"", mw;dur=62;desc=""Total middleware"", db.total;dur=212;desc=""DB total"", db.count;dur=7;desc=""Query count"", db.first;dur=0;desc=""First query at"", db.last;dur=62;desc=""Last query at"", cache.hit;dur=2;desc=""Cache hits"", cache.miss;dur=6;desc=""Cache misses"" | D1_layout;dur=58.0;desc=""D1:layout"", D1_term+posts;dur=62.0;desc=""D1:term+posts"", total;dur=62.0;desc=""total"" | cfEdge;dur=154,cfOrigin;dur=0"
2026-10-06T08:07:31Z,pre-comments,browser,/,200,MISS,remote-WAW,HAM,101.5,299.3,305.1,197.8,29896,5.0,144.0,0.0,80.0,80.0,2.0,6.0,"rt;dur=0;desc=""Runtime init"", render;dur=80;desc=""Page render"", mw;dur=80;desc=""Total middleware"", db.total;dur=144;desc=""DB total"", db.count;dur=5;desc=""Query count"", db.first;dur=0;desc=""First query at"", db.last;dur=80;desc=""Last query at"", cache.hit;dur=2;desc=""Cache hits"", cache.miss;dur=6;desc=""Cache misses"" | D1_posts;dur=52.0;desc=""D1:posts"", D1_layout;dur=52.0;desc=""D1:layout"", D1_all-tags;dur=28.0;desc=""D1:all-tags"", total;dur=80.0;desc=""total"" | cfEdge;dur=141,cfOrigin;dur=0"
2026-10-06T08:07:32Z,pre-comments,curl,/category/technologia,200,MISS,remote-WAW,HAM,321.7,584.6,601.2,262.9,27896,7.0,175.0,0.0,50.0,50.0,2.0,6.0,"rt;dur=0;desc=""Runtime init"", render;dur=50;desc=""Page render"", mw;dur=50;desc=""Total middleware"", db.total;dur=175;desc=""DB total"", db.count;dur=7;desc=""Query count"", db.first;dur=0;desc=""First query at"", db.last;dur=50;desc=""Last query at"", cache.hit;dur=2;desc=""Cache hits"", cache.miss;dur=6;desc=""Cache misses"" | D1_layout;dur=49.0;desc=""D1:layout"", D1_term+posts;dur=50.0;desc=""D1:term+posts"", total;dur=50.0;desc=""total"""
2026-10-06T08:07:33Z,pre-comments,browser,/posts/,200,MISS,remote-,HAM,283.5,568.4,569.4,284.9,37059,5.0,155.0,0.0,89.0,89.0,2.0,6.0,"rt;dur=0;desc=""Runtime init"", render;dur=89;desc=""Page render"", mw;dur=89;desc=""Total middleware"", db.total;dur=155;desc=""DB total"", db.count;dur=5;desc=""Query count"", db.first;dur=0;desc=""First query at"", db.last;dur=89;desc=""Last query at"", cache.hit;dur=2;desc=""Cache hits"", cache.miss;dur=6;desc=""Cache misses"" | D1_layout;dur=48.0;desc=""D1:layout"", D1_posts;dur=66.0;desc=""D1:posts"", D1_all-tags;dur=23.0;desc=""D1:all-tags"", total;dur=89.0;desc=""total"" | cfEdge;dur=158,cfOrigin;dur=0"
2026-10-06T08:07:34Z,pre-comments,curl,/,200,MISS,remote-WAW,HAM,303.1,505.2,516.1,202.1,29537,5.0,138.0,0.0,74.0,74.0,2.0,6.0,"rt;dur=0;desc=""Runtime init"", render;dur=74;desc=""Page render"", mw;dur=74;desc=""Total middleware"", db.total;dur=138;desc=""DB total"", db.count;dur=5;desc=""Query count"", db.first;dur=0;desc=""First query at"", db.last;dur=74;desc=""Last query at"", cache.hit;dur=2;desc=""Cache hits"", cache.miss;dur=6;desc=""Cache misses"" | D1_posts;dur=51.0;desc=""D1:posts"", D1_layout;dur=51.0;desc=""D1:layout"", D1_all-tags;dur=23.0;desc=""D1:all-tags"", total;dur=74.0;desc=""total"""
2026-10-06T08:07:35Z,pre-comments,browser,/posts/architektura-emdash-typescript-astro,200,MISS,remote-WAW,HAM,184.0,585.7,587.5,401.7,33262,9.0,327.0,0.0,150.0,150.0,6.0,7.0,"rt;dur=0;desc=""Runtime init"", render;dur=150;desc=""Page render"", mw;dur=150;desc=""Total middleware"", db.total;dur=327;desc=""DB total"", db.count;dur=9;desc=""Query count"", db.first;dur=0;desc=""First query at"", db.last;dur=150;desc=""Last query at"", cache.hit;dur=6;desc=""Cache hits"", cache.miss;dur=7;desc=""Cache misses"" | D1_entry+recent;dur=72.0;desc=""D1:entry+recent"", D1_layout;dur=72.0;desc=""D1:layout"", D1_tags;dur=26.0;desc=""D1:tags"", total;dur=150.0;desc=""total"" | cfEdge;dur=231,cfOrigin;dur=0"
2026-10-06T08:07:36Z,pre-comments,browser,/,200,MISS,remote-WAW,HAM,307.4,820.9,821.3,513.5,29913,5.0,333.0,0.0,250.0,250.0,2.0,6.0,"rt;dur=0;desc=""Runtime init"", render;dur=250;desc=""Page render"", mw;dur=250;desc=""Total middleware"", db.total;dur=333;desc=""DB total"", db.count;dur=5;desc=""Query count"", db.first;dur=0;desc=""First query at"", db.last;dur=250;desc=""Last query at"", cache.hit;dur=2;desc=""Cache hits"", cache.miss;dur=6;desc=""Cache misses"" | D1_layout;dur=59.0;desc=""D1:layout"", D1_posts;dur=229.0;desc=""D1:posts"", D1_all-tags;dur=21.0;desc=""D1:all-tags"", total;dur=250.0;desc=""total"" | cfEdge;dur=331,cfOrigin;dur=0"
2026-10-06T08:07:36Z,pre-comments,curl,/category/technologia,200,MISS,remote-WAW,HAM,308.2,481.9,497.2,173.7,27888,7.0,174.0,0.0,50.0,50.0,2.0,6.0,"rt;dur=0;desc=""Runtime init"", render;dur=50;desc=""Page render"", mw;dur=50;desc=""Total middleware"", db.total;dur=174;desc=""DB total"", db.count;dur=7;desc=""Query count"", db.first;dur=0;desc=""First query at"", db.last;dur=50;desc=""Last query at"", cache.hit;dur=2;desc=""Cache hits"", cache.miss;dur=6;desc=""Cache misses"" | D1_layout;dur=50.0;desc=""D1:layout"", D1_term+posts;dur=50.0;desc=""D1:term+posts"", total;dur=50.0;desc=""total"""
2026-10-06T08:07:37Z,pre-comments,curl,/posts/,200,MISS,remote-WAW,HAM,453.2,654.0,670.7,200.8,36700,5.0,153.0,0.0,83.0,83.0,2.0,6.0,"rt;dur=0;desc=""Runtime init"", render;dur=83;desc=""Page render"", mw;dur=83;desc=""Total middleware"", db.total;dur=153;desc=""DB total"", db.count;dur=5;desc=""Query count"", db.first;dur=0;desc=""First query at"", db.last;dur=83;desc=""Last query at"", cache.hit;dur=2;desc=""Cache hits"", cache.miss;dur=6;desc=""Cache misses"" | D1_posts;dur=51.0;desc=""D1:posts"", D1_layout;dur=51.0;desc=""D1:layout"", D1_all-tags;dur=32.0;desc=""D1:all-tags"", total;dur=83.0;desc=""total"""
2026-10-06T08:07:38Z,pre-comments,curl,/posts/architektura-emdash-typescript-astro,200,MISS,remote-WAW,HAM,166.5,431.9,453.8,265.4,32903,9.0,257.0,0.0,118.0,118.0,6.0,7.0,"rt;dur=0;desc=""Runtime init"", render;dur=118;desc=""Page render"", mw;dur=118;desc=""Total middleware"", db.total;dur=257;desc=""DB total"", db.count;dur=9;desc=""Query count"", db.first;dur=0;desc=""First query at"", db.last;dur=118;desc=""Last query at"", cache.hit;dur=6;desc=""Cache hits"", cache.miss;dur=7;desc=""Cache misses"" | D1_entry+recent;dur=54.0;desc=""D1:entry+recent"", D1_layout;dur=54.0;desc=""D1:layout"", D1_tags;dur=25.0;desc=""D1:tags"", total;dur=118.0;desc=""total"""
2026-10-06T08:07:39Z,pre-comments,browser,/category/technologia,200,MISS,remote-WAW,HAM,141.4,421.0,422.6,279.6,28256,7.0,301.0,0.0,124.0,124.0,2.0,6.0,"rt;dur=0;desc=""Runtime init"", render;dur=124;desc=""Page render"", mw;dur=124;desc=""Total middleware"", db.total;dur=301;desc=""DB total"", db.count;dur=7;desc=""Query count"", db.first;dur=0;desc=""First query at"", db.last;dur=124;desc=""Last query at"", cache.hit;dur=2;desc=""Cache hits"", cache.miss;dur=6;desc=""Cache misses"" | D1_layout;dur=69.0;desc=""D1:layout"", D1_term+posts;dur=124.0;desc=""D1:term+posts"", total;dur=124.0;desc=""total"" | cfEdge;dur=187,cfOrigin;dur=0"
2026-10-06T08:07:39Z,pre-comments,browser,/posts/,200,MISS,remote-,HAM,98.5,323.8,331.9,225.3,37075,5.0,173.0,0.0,82.0,82.0,2.0,6.0,"rt;dur=0;desc=""Runtime init"", render;dur=82;desc=""Page render"", mw;dur=82;desc=""Total middleware"", db.total;dur=173;desc=""DB total"", db.count;dur=5;desc=""Query count"", db.first;dur=0;desc=""First query at"", db.last;dur=82;desc=""Last query at"", cache.hit;dur=2;desc=""Cache hits"", cache.miss;dur=6;desc=""Cache misses"" | D1_posts;dur=55.0;desc=""D1:posts"", D1_layout;dur=55.0;desc=""D1:layout"", D1_all-tags;dur=27.0;desc=""D1:all-tags"", total;dur=82.0;desc=""total"" | cfEdge;dur=165,cfOrigin;dur=0"
2026-10-06T08:07:40Z,pre-comments,curl,/category/technologia,200,MISS,remote-WAW,HAM,114.3,294.2,301.0,179.9,27888,7.0,184.0,0.0,60.0,60.0,2.0,6.0,"rt;dur=0;desc=""Runtime init"", render;dur=60;desc=""Page render"", mw;dur=60;desc=""Total middleware"", db.total;dur=184;desc=""DB total"", db.count;dur=7;desc=""Query count"", db.first;dur=0;desc=""First query at"", db.last;dur=60;desc=""Last query at"", cache.hit;dur=2;desc=""Cache hits"", cache.miss;dur=6;desc=""Cache misses"" | D1_layout;dur=43.0;desc=""D1:layout"", D1_term+posts;dur=60.0;desc=""D1:term+posts"", total;dur=60.0;desc=""total"""
2026-10-06T08:07:40Z,pre-comments,browser,/,200,MISS,remote-,HAM,105.3,311.1,320.0,205.8,29908,5.0,156.0,0.0,78.0,78.0,2.0,6.0,"rt;dur=0;desc=""Runtime init"", render;dur=78;desc=""Page render"", mw;dur=78;desc=""Total middleware"", db.total;dur=156;desc=""DB total"", db.count;dur=5;desc=""Query count"", db.first;dur=0;desc=""First query at"", db.last;dur=78;desc=""Last query at"", cache.hit;dur=2;desc=""Cache hits"", cache.miss;dur=6;desc=""Cache misses"" | D1_posts;dur=55.0;desc=""D1:posts"", D1_layout;dur=55.0;desc=""D1:layout"", D1_all-tags;dur=23.0;desc=""D1:all-tags"", total;dur=78.0;desc=""total"" | cfEdge;dur=148,cfOrigin;dur=0"
2026-10-06T08:07:41Z,pre-comments,curl,/,200,MISS,remote-,HAM,272.5,479.5,502.2,207.0,29529,5.0,144.0,0.0,73.0,73.0,2.0,6.0,"rt;dur=0;desc=""Runtime init"", render;dur=73;desc=""Page render"", mw;dur=73;desc=""Total middleware"", db.total;dur=144;desc=""DB total"", db.count;dur=5;desc=""Query count"", db.first;dur=0;desc=""First query at"", db.last;dur=73;desc=""Last query at"", cache.hit;dur=2;desc=""Cache hits"", cache.miss;dur=6;desc=""Cache misses"" | D1_posts;dur=46.0;desc=""D1:posts"", D1_layout;dur=46.0;desc=""D1:layout"", D1_all-tags;dur=27.0;desc=""D1:all-tags"", total;dur=73.0;desc=""total"""
2026-10-06T08:07:42Z,pre-comments,curl,/posts/,200,MISS,remote-,HAM,124.6,317.8,334.1,193.2,36700,5.0,152.0,0.0,75.0,75.0,2.0,6.0,"rt;dur=0;desc=""Runtime init"", render;dur=75;desc=""Page render"", mw;dur=75;desc=""Total middleware"", db.total;dur=152;desc=""DB total"", db.count;dur=5;desc=""Query count"", db.first;dur=0;desc=""First query at"", db.last;dur=75;desc=""Last query at"", cache.hit;dur=2;desc=""Cache hits"", cache.miss;dur=6;desc=""Cache misses"" | D1_posts;dur=52.0;desc=""D1:posts"", D1_layout;dur=52.0;desc=""D1:layout"", D1_all-tags;dur=23.0;desc=""D1:all-tags"", total;dur=75.0;desc=""total"""
2026-10-06T08:07:42Z,pre-comments,browser,/posts/architektura-emdash-typescript-astro,200,MISS,remote-,HAM,110.1,339.1,345.9,229.0,33262,9.0,241.0,0.0,117.0,117.0,6.0,7.0,"rt;dur=0;desc=""Runtime init"", render;dur=117;desc=""Page render"", mw;dur=117;desc=""Total middleware"", db.total;dur=241;desc=""DB total"", db.count;dur=9;desc=""Query count"", db.first;dur=0;desc=""First query at"", db.last;dur=117;desc=""Last query at"", cache.hit;dur=6;desc=""Cache hits"", cache.miss;dur=7;desc=""Cache misses"" | D1_entry+recent;dur=53.0;desc=""D1:entry+recent"", D1_layout;dur=53.0;desc=""D1:layout"", D1_tags;dur=22.0;desc=""D1:tags"", total;dur=117.0;desc=""total"" | cfEdge;dur=183,cfOrigin;dur=0"
2026-10-06T08:07:43Z,pre-comments,browser,/posts/,200,MISS,remote-WAW,HAM,137.1,403.2,405.4,266.1,37079,5.0,132.0,0.0,60.0,60.0,2.0,6.0,"rt;dur=0;desc=""Runtime init"", render;dur=60;desc=""Page render"", mw;dur=60;desc=""Total middleware"", db.total;dur=132;desc=""DB total"", db.count;dur=5;desc=""Query count"", db.first;dur=0;desc=""First query at"", db.last;dur=60;desc=""Last query at"", cache.hit;dur=2;desc=""Cache hits"", cache.miss;dur=6;desc=""Cache misses"" | D1_posts;dur=39.0;desc=""D1:posts"", D1_layout;dur=39.0;desc=""D1:layout"", D1_all-tags;dur=21.0;desc=""D1:all-tags"", total;dur=60.0;desc=""total"" | cfEdge;dur=125,cfOrigin;dur=0"
2026-10-06T08:07:43Z,pre-comments,curl,/posts/architektura-emdash-typescript-astro,200,MISS,remote-WAW,HAM,110.3,362.1,363.7,251.8,32891,9.0,253.0,0.0,122.0,122.0,6.0,7.0,"rt;dur=0;desc=""Runtime init"", render;dur=122;desc=""Page render"", mw;dur=122;desc=""Total middleware"", db.total;dur=253;desc=""DB total"", db.count;dur=9;desc=""Query count"", db.first;dur=0;desc=""First query at"", db.last;dur=122;desc=""Last query at"", cache.hit;dur=6;desc=""Cache hits"", cache.miss;dur=7;desc=""Cache misses"" | D1_entry+recent;dur=51.0;desc=""D1:entry+recent"", D1_layout;dur=51.0;desc=""D1:layout"", D1_tags;dur=23.0;desc=""D1:tags"", total;dur=122.0;desc=""total"""
2026-10-06T08:07:44Z,pre-comments,browser,/category/technologia,200,MISS,remote-,HAM,119.0,378.8,387.9,259.8,28248,7.0,290.0,0.0,118.0,118.0,2.0,6.0,"rt;dur=0;desc=""Runtime init"", render;dur=118;desc=""Page render"", mw;dur=118;desc=""Total middleware"", db.total;dur=290;desc=""DB total"", db.count;dur=7;desc=""Query count"", db.first;dur=0;desc=""First query at"", db.last;dur=118;desc=""Last query at"", cache.hit;dur=2;desc=""Cache hits"", cache.miss;dur=6;desc=""Cache misses"" | D1_layout;dur=64.0;desc=""D1:layout"", D1_term+posts;dur=118.0;desc=""D1:term+posts"", total;dur=118.0;desc=""total"" | cfEdge;dur=203,cfOrigin;dur=0"
2026-10-06T08:07:45Z,pre-comments,browser,/posts/,200,MISS,remote-WAW,HAM,182.2,429.0,450.4,246.8,37071,5.0,192.0,0.0,97.0,97.0,2.0,6.0,"rt;dur=0;desc=""Runtime init"", render;dur=97;desc=""Page render"", mw;dur=97;desc=""Total middleware"", db.total;dur=192;desc=""DB total"", db.count;dur=5;desc=""Query count"", db.first;dur=0;desc=""First query at"", db.last;dur=97;desc=""Last query at"", cache.hit;dur=2;desc=""Cache hits"", cache.miss;dur=6;desc=""Cache misses"" | D1_posts;dur=71.0;desc=""D1:posts"", D1_layout;dur=71.0;desc=""D1:layout"", D1_all-tags;dur=26.0;desc=""D1:all-tags"", total;dur=97.0;desc=""total"" | cfEdge;dur=183,cfOrigin;dur=0"
2026-10-06T08:07:45Z,pre-comments,curl,/category/technologia,200,MISS,remote-WAW,HAM,103.2,310.0,320.3,206.8,27888,7.0,189.0,0.0,59.0,59.0,2.0,6.0,"rt;dur=0;desc=""Runtime init"", render;dur=59;desc=""Page render"", mw;dur=59;desc=""Total middleware"", db.total;dur=189;desc=""DB total"", db.count;dur=7;desc=""Query count"", db.first;dur=0;desc=""First query at"", db.last;dur=59;desc=""Last query at"", cache.hit;dur=2;desc=""Cache hits"", cache.miss;dur=6;desc=""Cache misses"" | D1_layout;dur=56.0;desc=""D1:layout"", D1_term+posts;dur=59.0;desc=""D1:term+posts"", total;dur=59.0;desc=""total"""
2026-10-06T08:07:46Z,pre-comments,browser,/posts/architektura-emdash-typescript-astro,200,MISS,remote-,HAM,108.5,567.4,575.8,458.9,33283,9.0,452.0,0.0,330.0,330.0,6.0,7.0,"rt;dur=0;desc=""Runtime init"", render;dur=330;desc=""Page render"", mw;dur=330;desc=""Total middleware"", db.total;dur=452;desc=""DB total"", db.count;dur=9;desc=""Query count"", db.first;dur=0;desc=""First query at"", db.last;dur=330;desc=""Last query at"", cache.hit;dur=6;desc=""Cache hits"", cache.miss;dur=7;desc=""Cache misses"" | D1_layout;dur=44.0;desc=""D1:layout"", D1_entry+recent;dur=233.0;desc=""D1:entry+recent"", D1_tags;dur=21.0;desc=""D1:tags"", total;dur=330.0;desc=""total"" | cfEdge;dur=408,cfOrigin;dur=0"
2026-10-06T08:07:47Z,pre-comments,browser,/category/technologia,200,MISS,remote-,HAM,190.4,400.7,407.8,210.3,28251,8.0,296.0,0.0,83.0,83.0,2.0,6.0,"rt;dur=0;desc=""Runtime init"", render;dur=83;desc=""Page render"", mw;dur=83;desc=""Total middleware"", db.total;dur=296;desc=""DB total"", db.count;dur=8;desc=""Query count"", db.first;dur=0;desc=""First query at"", db.last;dur=83;desc=""Last query at"", cache.hit;dur=2;desc=""Cache hits"", cache.miss;dur=6;desc=""Cache misses"" | D1_layout;dur=68.0;desc=""D1:layout"", D1_term+posts;dur=83.0;desc=""D1:term+posts"", total;dur=83.0;desc=""total"" | cfEdge;dur=151,cfOrigin;dur=0"
2026-10-06T08:07:47Z,pre-comments,curl,/posts/,200,MISS,remote-,HAM,161.1,377.0,388.0,215.9,36700,5.0,152.0,0.0,90.0,90.0,2.0,6.0,"rt;dur=0;desc=""Runtime init"", render;dur=90;desc=""Page render"", mw;dur=90;desc=""Total middleware"", db.total;dur=152;desc=""DB total"", db.count;dur=5;desc=""Query count"", db.first;dur=0;desc=""First query at"", db.last;dur=90;desc=""Last query at"", cache.hit;dur=2;desc=""Cache hits"", cache.miss;dur=6;desc=""Cache misses"" | D1_posts;dur=67.0;desc=""D1:posts"", D1_layout;dur=67.0;desc=""D1:layout"", D1_all-tags;dur=23.0;desc=""D1:all-tags"", total;dur=90.0;desc=""total"""
2026-10-06T08:07:48Z,pre-comments,browser,/,200,MISS,remote-WAW,HAM,116.2,318.4,325.0,202.2,29900,5.0,154.0,0.0,72.0,72.0,2.0,6.0,"rt;dur=0;desc=""Runtime init"", render;dur=72;desc=""Page render"", mw;dur=72;desc=""Total middleware"", db.total;dur=154;desc=""DB total"", db.count;dur=5;desc=""Query count"", db.first;dur=0;desc=""First query at"", db.last;dur=72;desc=""Last query at"", cache.hit;dur=2;desc=""Cache hits"", cache.miss;dur=6;desc=""Cache misses"" | D1_posts;dur=52.0;desc=""D1:posts"", D1_layout;dur=52.0;desc=""D1:layout"", D1_all-tags;dur=20.0;desc=""D1:all-tags"", total;dur=72.0;desc=""total"" | cfEdge;dur=140,cfOrigin;dur=0"
2026-10-06T08:07:49Z,pre-comments,curl,/,200,MISS,remote-WAW,HAM,315.9,495.7,513.7,179.8,29529,5.0,128.0,0.0,64.0,64.0,2.0,6.0,"rt;dur=0;desc=""Runtime init"", render;dur=64;desc=""Page render"", mw;dur=64;desc=""Total middleware"", db.total;dur=128;desc=""DB total"", db.count;dur=5;desc=""Query count"", db.first;dur=0;desc=""First query at"", db.last;dur=64;desc=""Last query at"", cache.hit;dur=2;desc=""Cache hits"", cache.miss;dur=6;desc=""Cache misses"" | D1_posts;dur=46.0;desc=""D1:posts"", D1_layout;dur=46.0;desc=""D1:layout"", D1_all-tags;dur=18.0;desc=""D1:all-tags"", total;dur=64.0;desc=""total"""
2026-10-06T08:07:49Z,pre-comments,curl,/posts/architektura-emdash-typescript-astro,503,,remote-WAW,HAM,111.1,438.3,438.5,327.2,0,,,,,,,,
2026-10-06T08:07:50Z,pre-comments,curl,/posts/,200,MISS,remote-WAW,HAM,311.6,497.0,514.5,185.4,36704,5.0,136.0,0.0,68.0,68.0,2.0,6.0,"rt;dur=0;desc=""Runtime init"", render;dur=68;desc=""Page render"", mw;dur=68;desc=""Total middleware"", db.total;dur=136;desc=""DB total"", db.count;dur=5;desc=""Query count"", db.first;dur=0;desc=""First query at"", db.last;dur=68;desc=""Last query at"", cache.hit;dur=2;desc=""Cache hits"", cache.miss;dur=6;desc=""Cache misses"" | D1_posts;dur=48.0;desc=""D1:posts"", D1_layout;dur=48.0;desc=""D1:layout"", D1_all-tags;dur=20.0;desc=""D1:all-tags"", total;dur=68.0;desc=""total"""
2026-10-06T08:07:51Z,pre-comments,browser,/,200,MISS,remote-,HAM,262.6,460.0,599.7,197.4,29904,5.0,137.0,0.0,69.0,69.0,2.0,6.0,"rt;dur=0;desc=""Runtime init"", render;dur=69;desc=""Page render"", mw;dur=69;desc=""Total middleware"", db.total;dur=137;desc=""DB total"", db.count;dur=5;desc=""Query count"", db.first;dur=0;desc=""First query at"", db.last;dur=69;desc=""Last query at"", cache.hit;dur=2;desc=""Cache hits"", cache.miss;dur=6;desc=""Cache misses"" | D1_posts;dur=48.0;desc=""D1:posts"", D1_layout;dur=48.0;desc=""D1:layout"", D1_all-tags;dur=21.0;desc=""D1:all-tags"", total;dur=69.0;desc=""total"" | cfEdge;dur=128,cfOrigin;dur=0"
2026-10-06T08:07:52Z,pre-comments,browser,/posts/,200,MISS,remote-WAW,HAM,297.3,484.3,503.8,187.0,37071,5.0,137.0,0.0,70.0,70.0,2.0,6.0,"rt;dur=0;desc=""Runtime init"", render;dur=70;desc=""Page render"", mw;dur=70;desc=""Total middleware"", db.total;dur=137;desc=""DB total"", db.count;dur=5;desc=""Query count"", db.first;dur=0;desc=""First query at"", db.last;dur=70;desc=""Last query at"", cache.hit;dur=2;desc=""Cache hits"", cache.miss;dur=6;desc=""Cache misses"" | D1_posts;dur=50.0;desc=""D1:posts"", D1_layout;dur=50.0;desc=""D1:layout"", D1_all-tags;dur=20.0;desc=""D1:all-tags"", total;dur=70.0;desc=""total"" | cfEdge;dur=133,cfOrigin;dur=0"
2026-10-06T08:07:52Z,pre-comments,curl,/posts/architektura-emdash-typescript-astro,503,,remote-,HAM,187.4,606.8,606.9,419.4,0,,,,,,,,
2026-10-06T08:07:53Z,pre-comments,curl,/,200,MISS,remote-,HAM,329.0,520.0,616.1,191.0,29529,5.0,159.0,0.0,75.0,75.0,2.0,6.0,"rt;dur=0;desc=""Runtime init"", render;dur=75;desc=""Page render"", mw;dur=75;desc=""Total middleware"", db.total;dur=159;desc=""DB total"", db.count;dur=5;desc=""Query count"", db.first;dur=0;desc=""First query at"", db.last;dur=75;desc=""Last query at"", cache.hit;dur=2;desc=""Cache hits"", cache.miss;dur=6;desc=""Cache misses"" | D1_layout;dur=52.0;desc=""D1:layout"", D1_posts;dur=53.0;desc=""D1:posts"", D1_all-tags;dur=22.0;desc=""D1:all-tags"", total;dur=75.0;desc=""total"""
2026-10-06T08:07:54Z,pre-comments,browser,/category/technologia,503,,remote-WAW,HAM,288.3,675.6,675.7,387.3,0,,,,,,,,"cfEdge;dur=327,cfOrigin;dur=0"
2026-10-06T08:07:55Z,pre-comments,browser,/posts/architektura-emdash-typescript-astro,503,,remote-WAW,HAM,101.2,404.6,419.8,303.4,0,,,,,,,,"cfEdge;dur=203,cfOrigin;dur=0"
2026-10-06T08:07:55Z,pre-comments,curl,/category/technologia,503,,remote-WAW,HAM,134.7,345.9,346.0,211.2,0,,,,,,,,
2026-10-06T08:07:56Z,pre-comments,curl,/,200,MISS,remote-WAW,HAM,200.2,606.6,614.3,406.4,29526,5.0,342.0,0.0,276.0,276.0,2.0,6.0,"rt;dur=0;desc=""Runtime init"", render;dur=276;desc=""Page render"", mw;dur=276;desc=""Total middleware"", db.total;dur=342;desc=""DB total"", db.count;dur=5;desc=""Query count"", db.first;dur=0;desc=""First query at"", db.last;dur=276;desc=""Last query at"", cache.hit;dur=2;desc=""Cache hits"", cache.miss;dur=6;desc=""Cache misses"" | D1_layout;dur=47.0;desc=""D1:layout"", D1_posts;dur=254.0;desc=""D1:posts"", D1_all-tags;dur=22.0;desc=""D1:all-tags"", total;dur=276.0;desc=""total"""
2026-10-06T08:07:57Z,pre-comments,browser,/posts/,200,MISS,remote-WAW,HAM,116.1,381.3,383.1,265.2,37063,5.0,131.0,0.0,73.0,73.0,2.0,6.0,"rt;dur=0;desc=""Runtime init"", render;dur=73;desc=""Page render"", mw;dur=73;desc=""Total middleware"", db.total;dur=131;desc=""DB total"", db.count;dur=5;desc=""Query count"", db.first;dur=0;desc=""First query at"", db.last;dur=73;desc=""Last query at"", cache.hit;dur=2;desc=""Cache hits"", cache.miss;dur=6;desc=""Cache misses"" | D1_posts;dur=53.0;desc=""D1:posts"", D1_layout;dur=53.0;desc=""D1:layout"", D1_all-tags;dur=20.0;desc=""D1:all-tags"", total;dur=73.0;desc=""total"" | cfEdge;dur=136,cfOrigin;dur=0"
2026-10-06T08:07:58Z,pre-comments,curl,/posts/architektura-emdash-typescript-astro,200,MISS,remote-WAW,HAM,138.9,387.2,388.0,248.3,32895,9.0,239.0,0.0,115.0,115.0,6.0,7.0,"rt;dur=0;desc=""Runtime init"", render;dur=115;desc=""Page render"", mw;dur=115;desc=""Total middleware"", db.total;dur=239;desc=""DB total"", db.count;dur=9;desc=""Query count"", db.first;dur=0;desc=""First query at"", db.last;dur=115;desc=""Last query at"", cache.hit;dur=6;desc=""Cache hits"", cache.miss;dur=7;desc=""Cache misses"" | D1_layout;dur=37.0;desc=""D1:layout"", D1_entry+recent;dur=44.0;desc=""D1:entry+recent"", D1_tags;dur=23.0;desc=""D1:tags"", total;dur=115.0;desc=""total"""
2026-10-06T08:07:58Z,pre-comments,curl,/category/technologia,200,MISS,remote-,HAM,204.0,400.8,403.1,196.8,27888,7.0,262.0,0.0,73.0,73.0,2.0,6.0,"rt;dur=0;desc=""Runtime init"", render;dur=73;desc=""Page render"", mw;dur=73;desc=""Total middleware"", db.total;dur=262;desc=""DB total"", db.count;dur=7;desc=""Query count"", db.first;dur=0;desc=""First query at"", db.last;dur=73;desc=""Last query at"", cache.hit;dur=2;desc=""Cache hits"", cache.miss;dur=6;desc=""Cache misses"" | D1_layout;dur=73.0;desc=""D1:layout"", D1_term+posts;dur=73.0;desc=""D1:term+posts"", total;dur=73.0;desc=""total"""
2026-10-06T08:07:59Z,pre-comments,browser,/,503,,remote-,HAM,155.8,347.1,347.1,191.3,0,,,,,,,,"cfEdge;dur=138,cfOrigin;dur=0"
2026-10-06T08:07:59Z,pre-comments,browser,/category/technologia,200,MISS,remote-,HAM,115.8,321.1,326.9,205.3,28247,7.0,190.0,0.0,56.0,56.0,2.0,6.0,"rt;dur=0;desc=""Runtime init"", render;dur=56;desc=""Page render"", mw;dur=56;desc=""Total middleware"", db.total;dur=190;desc=""DB total"", db.count;dur=7;desc=""Query count"", db.first;dur=0;desc=""First query at"", db.last;dur=56;desc=""Last query at"", cache.hit;dur=2;desc=""Cache hits"", cache.miss;dur=6;desc=""Cache misses"" | D1_layout;dur=52.0;desc=""D1:layout"", D1_term+posts;dur=56.0;desc=""D1:term+posts"", total;dur=56.0;desc=""total"" | cfEdge;dur=136,cfOrigin;dur=0"
2026-10-06T08:08:00Z,pre-comments,browser,/posts/architektura-emdash-typescript-astro,200,MISS,remote-,HAM,113.9,424.5,425.5,310.6,33270,9.0,247.0,0.0,125.0,125.0,6.0,7.0,"rt;dur=0;desc=""Runtime init"", render;dur=125;desc=""Page render"", mw;dur=125;desc=""Total middleware"", db.total;dur=247;desc=""DB total"", db.count;dur=9;desc=""Query count"", db.first;dur=0;desc=""First query at"", db.last;dur=125;desc=""Last query at"", cache.hit;dur=6;desc=""Cache hits"", cache.miss;dur=7;desc=""Cache misses"" | D1_entry+recent;dur=49.0;desc=""D1:entry+recent"", D1_layout;dur=49.0;desc=""D1:layout"", D1_tags;dur=26.0;desc=""D1:tags"", total;dur=125.0;desc=""total"" | cfEdge;dur=202,cfOrigin;dur=0"
2026-10-06T08:08:01Z,pre-comments,curl,/posts/,200,MISS,remote-WAW,HAM,126.2,527.2,536.0,401.0,36705,5.0,329.0,0.0,259.0,259.0,2.0,6.0,"rt;dur=0;desc=""Runtime init"", render;dur=259;desc=""Page render"", mw;dur=259;desc=""Total middleware"", db.total;dur=329;desc=""DB total"", db.count;dur=5;desc=""Query count"", db.first;dur=0;desc=""First query at"", db.last;dur=259;desc=""Last query at"", cache.hit;dur=2;desc=""Cache hits"", cache.miss;dur=6;desc=""Cache misses"" | D1_layout;dur=48.0;desc=""D1:layout"", D1_posts;dur=233.0;desc=""D1:posts"", D1_all-tags;dur=26.0;desc=""D1:all-tags"", total;dur=259.0;desc=""total"""
2026-10-06T08:08:01Z,pre-comments,curl,/posts/,200,MISS,remote-WAW,HAM,146.3,342.6,356.4,196.3,36708,5.0,135.0,0.0,72.0,72.0,2.0,6.0,"rt;dur=0;desc=""Runtime init"", render;dur=72;desc=""Page render"", mw;dur=72;desc=""Total middleware"", db.total;dur=135;desc=""DB total"", db.count;dur=5;desc=""Query count"", db.first;dur=0;desc=""First query at"", db.last;dur=72;desc=""Last query at"", cache.hit;dur=2;desc=""Cache hits"", cache.miss;dur=6;desc=""Cache misses"" | D1_posts;dur=47.0;desc=""D1:posts"", D1_layout;dur=47.0;desc=""D1:layout"", D1_all-tags;dur=25.0;desc=""D1:all-tags"", total;dur=72.0;desc=""total"""
2026-10-06T08:08:02Z,pre-comments,browser,/posts/,200,MISS,remote-WAW,HAM,116.6,326.9,329.1,210.3,37067,5.0,125.0,0.0,61.0,61.0,2.0,6.0,"rt;dur=0;desc=""Runtime init"", render;dur=61;desc=""Page render"", mw;dur=61;desc=""Total middleware"", db.total;dur=125;desc=""DB total"", db.count;dur=5;desc=""Query count"", db.first;dur=0;desc=""First query at"", db.last;dur=61;desc=""Last query at"", cache.hit;dur=2;desc=""Cache hits"", cache.miss;dur=6;desc=""Cache misses"" | D1_posts;dur=37.0;desc=""D1:posts"", D1_layout;dur=37.0;desc=""D1:layout"", D1_all-tags;dur=24.0;desc=""D1:all-tags"", total;dur=61.0;desc=""total"" | cfEdge;dur=143,cfOrigin;dur=0"
2026-10-06T08:08:03Z,pre-comments,browser,/category/technologia,200,MISS,remote-,HAM,101.4,289.6,298.6,188.2,28263,7.0,214.0,0.0,61.0,61.0,2.0,6.0,"rt;dur=0;desc=""Runtime init"", render;dur=61;desc=""Page render"", mw;dur=61;desc=""Total middleware"", db.total;dur=214;desc=""DB total"", db.count;dur=7;desc=""Query count"", db.first;dur=0;desc=""First query at"", db.last;dur=61;desc=""Last query at"", cache.hit;dur=2;desc=""Cache hits"", cache.miss;dur=6;desc=""Cache misses"" | D1_layout;dur=60.0;desc=""D1:layout"", D1_term+posts;dur=61.0;desc=""D1:term+posts"", total;dur=61.0;desc=""total"" | cfEdge;dur=128,cfOrigin;dur=0"
2026-10-06T08:08:03Z,pre-comments,curl,/,200,MISS,remote-,HAM,110.1,316.6,329.3,206.5,29529,5.0,142.0,0.0,75.0,75.0,2.0,6.0,"rt;dur=0;desc=""Runtime init"", render;dur=75;desc=""Page render"", mw;dur=75;desc=""Total middleware"", db.total;dur=142;desc=""DB total"", db.count;dur=5;desc=""Query count"", db.first;dur=0;desc=""First query at"", db.last;dur=75;desc=""Last query at"", cache.hit;dur=2;desc=""Cache hits"", cache.miss;dur=6;desc=""Cache misses"" | D1_posts;dur=47.0;desc=""D1:posts"", D1_layout;dur=47.0;desc=""D1:layout"", D1_all-tags;dur=28.0;desc=""D1:all-tags"", total;dur=75.0;desc=""total"""
2026-10-06T08:08:04Z,pre-comments,browser,/posts/architektura-emdash-typescript-astro,200,MISS,remote-WAW,HAM,111.3,436.3,437.0,325.0,33258,9.0,308.0,0.0,131.0,131.0,6.0,7.0,"rt;dur=0;desc=""Runtime init"", render;dur=131;desc=""Page render"", mw;dur=131;desc=""Total middleware"", db.total;dur=308;desc=""DB total"", db.count;dur=9;desc=""Query count"", db.first;dur=0;desc=""First query at"", db.last;dur=131;desc=""Last query at"", cache.hit;dur=6;desc=""Cache hits"", cache.miss;dur=7;desc=""Cache misses"" | D1_entry+recent;dur=68.0;desc=""D1:entry+recent"", D1_layout;dur=68.0;desc=""D1:layout"", D1_tags;dur=19.0;desc=""D1:tags"", total;dur=131.0;desc=""total"" | cfEdge;dur=208,cfOrigin;dur=0"
2026-10-06T08:08:04Z,pre-comments,browser,/,200,MISS,remote-WAW,HAM,103.3,287.7,288.6,184.4,29904,5.0,126.0,0.0,70.0,70.0,2.0,6.0,"rt;dur=0;desc=""Runtime init"", render;dur=70;desc=""Page render"", mw;dur=70;desc=""Total middleware"", db.total;dur=126;desc=""DB total"", db.count;dur=5;desc=""Query count"", db.first;dur=0;desc=""First query at"", db.last;dur=70;desc=""Last query at"", cache.hit;dur=2;desc=""Cache hits"", cache.miss;dur=6;desc=""Cache misses"" | D1_posts;dur=47.0;desc=""D1:posts"", D1_layout;dur=47.0;desc=""D1:layout"", D1_all-tags;dur=23.0;desc=""D1:all-tags"", total;dur=70.0;desc=""total"" | cfEdge;dur=138,cfOrigin;dur=0"
2026-10-06T08:08:05Z,pre-comments,curl,/category/technologia,200,MISS,remote-WAW,HAM,86.2,452.4,452.9,366.2,27894,7.0,539.0,0.0,170.0,170.0,2.0,6.0,"rt;dur=0;desc=""Runtime init"", render;dur=170;desc=""Page render"", mw;dur=170;desc=""Total middleware"", db.total;dur=539;desc=""DB total"", db.count;dur=7;desc=""Query count"", db.first;dur=0;desc=""First query at"", db.last;dur=170;desc=""Last query at"", cache.hit;dur=2;desc=""Cache hits"", cache.miss;dur=6;desc=""Cache misses"" | D1_layout;dur=168.0;desc=""D1:layout"", D1_term+posts;dur=170.0;desc=""D1:term+posts"", total;dur=170.0;desc=""total"""
2026-10-06T08:08:06Z,pre-comments,curl,/posts/architektura-emdash-typescript-astro,200,MISS,remote-WAW,HAM,276.9,556.7,558.8,279.8,32891,9.0,223.0,0.0,106.0,106.0,6.0,7.0,"rt;dur=0;desc=""Runtime init"", render;dur=106;desc=""Page render"", mw;dur=106;desc=""Total middleware"", db.total;dur=223;desc=""DB total"", db.count;dur=9;desc=""Query count"", db.first;dur=0;desc=""First query at"", db.last;dur=106;desc=""Last query at"", cache.hit;dur=6;desc=""Cache hits"", cache.miss;dur=7;desc=""Cache misses"" | D1_entry+recent;dur=43.0;desc=""D1:entry+recent"", D1_layout;dur=43.0;desc=""D1:layout"", D1_tags;dur=20.0;desc=""D1:tags"", total;dur=106.0;desc=""total"""
2026-10-06T08:08:07Z,pre-comments,browser,/category/technologia,200,MISS,remote-WAW,HAM,284.9,490.8,498.3,205.9,28267,7.0,211.0,0.0,80.0,80.0,2.0,6.0,"rt;dur=0;desc=""Runtime init"", render;dur=80;desc=""Page render"", mw;dur=80;desc=""Total middleware"", db.total;dur=211;desc=""DB total"", db.count;dur=7;desc=""Query count"", db.first;dur=0;desc=""First query at"", db.last;dur=80;desc=""Last query at"", cache.hit;dur=2;desc=""Cache hits"", cache.miss;dur=6;desc=""Cache misses"" | D1_layout;dur=54.0;desc=""D1:layout"", D1_term+posts;dur=80.0;desc=""D1:term+posts"", total;dur=80.0;desc=""total"" | cfEdge;dur=151,cfOrigin;dur=0"
2026-10-06T08:08:08Z,pre-comments,browser,/,200,MISS,remote-WAW,HAM,436.7,779.6,780.5,342.9,29900,5.0,142.0,0.0,88.0,88.0,2.0,6.0,"rt;dur=0;desc=""Runtime init"", render;dur=88;desc=""Page render"", mw;dur=88;desc=""Total middleware"", db.total;dur=142;desc=""DB total"", db.count;dur=5;desc=""Query count"", db.first;dur=0;desc=""First query at"", db.last;dur=88;desc=""Last query at"", cache.hit;dur=2;desc=""Cache hits"", cache.miss;dur=6;desc=""Cache misses"" | D1_posts;dur=44.0;desc=""D1:posts"", D1_layout;dur=44.0;desc=""D1:layout"", D1_all-tags;dur=44.0;desc=""D1:all-tags"", total;dur=88.0;desc=""total"" | cfEdge;dur=155,cfOrigin;dur=0"
2026-10-06T08:08:08Z,pre-comments,curl,/,200,MISS,remote-WAW,HAM,303.4,489.2,504.4,185.8,29533,5.0,124.0,0.0,69.0,69.0,2.0,6.0,"rt;dur=0;desc=""Runtime init"", render;dur=69;desc=""Page render"", mw;dur=69;desc=""Total middleware"", db.total;dur=124;desc=""DB total"", db.count;dur=5;desc=""Query count"", db.first;dur=0;desc=""First query at"", db.last;dur=69;desc=""Last query at"", cache.hit;dur=2;desc=""Cache hits"", cache.miss;dur=6;desc=""Cache misses"" | D1_posts;dur=42.0;desc=""D1:posts"", D1_layout;dur=42.0;desc=""D1:layout"", D1_all-tags;dur=27.0;desc=""D1:all-tags"", total;dur=69.0;desc=""total"""
2026-10-06T08:08:09Z,pre-comments,browser,/posts/architektura-emdash-typescript-astro,200,MISS,remote-WAW,HAM,203.9,445.7,474.1,241.8,33266,9.0,251.0,0.0,118.0,118.0,6.0,7.0,"rt;dur=0;desc=""Runtime init"", render;dur=118;desc=""Page render"", mw;dur=118;desc=""Total middleware"", db.total;dur=251;desc=""DB total"", db.count;dur=9;desc=""Query count"", db.first;dur=0;desc=""First query at"", db.last;dur=118;desc=""Last query at"", cache.hit;dur=6;desc=""Cache hits"", cache.miss;dur=7;desc=""Cache misses"" | D1_entry+recent;dur=50.0;desc=""D1:entry+recent"", D1_layout;dur=50.0;desc=""D1:layout"", D1_tags;dur=25.0;desc=""D1:tags"", total;dur=118.0;desc=""total"" | cfEdge;dur=190,cfOrigin;dur=0"
2026-10-06T08:08:10Z,pre-comments,curl,/category/technologia,200,MISS,remote-WAW,HAM,253.8,424.7,429.3,170.9,27888,7.0,175.0,0.0,52.0,52.0,2.0,6.0,"rt;dur=0;desc=""Runtime init"", render;dur=52;desc=""Page render"", mw;dur=52;desc=""Total middleware"", db.total;dur=175;desc=""DB total"", db.count;dur=7;desc=""Query count"", db.first;dur=0;desc=""First query at"", db.last;dur=52;desc=""Last query at"", cache.hit;dur=2;desc=""Cache hits"", cache.miss;dur=6;desc=""Cache misses"" | D1_layout;dur=50.0;desc=""D1:layout"", D1_term+posts;dur=52.0;desc=""D1:term+posts"", total;dur=52.0;desc=""total"""
2026-10-06T08:08:10Z,pre-comments,browser,/posts/,503,,remote-WAW,HAM,300.1,502.9,503.0,202.8,0,,,,,,,,"cfEdge;dur=167,cfOrigin;dur=0"
2026-10-06T08:08:11Z,pre-comments,curl,/posts/architektura-emdash-typescript-astro,200,MISS,remote-WAW,HAM,108.4,434.8,438.9,326.4,32919,9.0,222.0,0.0,109.0,109.0,6.0,7.0,"rt;dur=0;desc=""Runtime init"", render;dur=109;desc=""Page render"", mw;dur=109;desc=""Total middleware"", db.total;dur=222;desc=""DB total"", db.count;dur=9;desc=""Query count"", db.first;dur=0;desc=""First query at"", db.last;dur=109;desc=""Last query at"", cache.hit;dur=6;desc=""Cache hits"", cache.miss;dur=7;desc=""Cache misses"" | D1_entry+recent;dur=37.0;desc=""D1:entry+recent"", D1_layout;dur=37.0;desc=""D1:layout"", D1_tags;dur=25.0;desc=""D1:tags"", total;dur=109.0;desc=""total"""
2026-10-06T08:08:12Z,pre-comments,curl,/posts/,503,,remote-WAW,HAM,110.9,540.2,540.4,429.3,0,,,,,,,,
2026-10-06T08:08:13Z,pre-comments,curl,/,200,MISS,remote-WAW,HAM,233.2,530.8,531.6,297.6,29545,5.0,169.0,0.0,81.0,81.0,2.0,6.0,"rt;dur=0;desc=""Runtime init"", render;dur=81;desc=""Page render"", mw;dur=81;desc=""Total middleware"", db.total;dur=169;desc=""DB total"", db.count;dur=5;desc=""Query count"", db.first;dur=0;desc=""First query at"", db.last;dur=81;desc=""Last query at"", cache.hit;dur=2;desc=""Cache hits"", cache.miss;dur=6;desc=""Cache misses"" | D1_layout;dur=49.0;desc=""D1:layout"", D1_posts;dur=55.0;desc=""D1:posts"", D1_all-tags;dur=26.0;desc=""D1:all-tags"", total;dur=81.0;desc=""total"""
2026-10-06T08:08:13Z,pre-comments,curl,/posts/architektura-emdash-typescript-astro,503,,remote-,HAM,114.8,371.3,371.4,256.5,0,,,,,,,,
2026-10-06T08:08:14Z,pre-comments,curl,/category/technologia,200,MISS,remote-WAW,HAM,93.3,284.9,293.1,191.6,27888,7.0,191.0,0.0,59.0,59.0,2.0,6.0,"rt;dur=0;desc=""Runtime init"", render;dur=59;desc=""Page render"", mw;dur=59;desc=""Total middleware"", db.total;dur=191;desc=""DB total"", db.count;dur=7;desc=""Query count"", db.first;dur=0;desc=""First query at"", db.last;dur=59;desc=""Last query at"", cache.hit;dur=2;desc=""Cache hits"", cache.miss;dur=6;desc=""Cache misses"" | D1_layout;dur=54.0;desc=""D1:layout"", D1_term+posts;dur=59.0;desc=""D1:term+posts"", total;dur=59.0;desc=""total"""
2026-10-06T08:08:14Z,pre-comments,curl,/posts/,200,MISS,remote-WAW,HAM,107.7,298.7,311.4,191.0,36696,5.0,124.0,0.0,73.0,73.0,2.0,6.0,"rt;dur=0;desc=""Runtime init"", render;dur=73;desc=""Page render"", mw;dur=73;desc=""Total middleware"", db.total;dur=124;desc=""DB total"", db.count;dur=5;desc=""Query count"", db.first;dur=0;desc=""First query at"", db.last;dur=73;desc=""Last query at"", cache.hit;dur=2;desc=""Cache hits"", cache.miss;dur=6;desc=""Cache misses"" | D1_posts;dur=49.0;desc=""D1:posts"", D1_layout;dur=49.0;desc=""D1:layout"", D1_all-tags;dur=24.0;desc=""D1:all-tags"", total;dur=73.0;desc=""total"""
2026-10-06T08:08:15Z,pre-comments,browser,/category/technologia,200,MISS,remote-WAW,HAM,94.8,278.7,281.9,183.9,28247,7.0,203.0,0.0,59.0,59.0,2.0,6.0,"rt;dur=0;desc=""Runtime init"", render;dur=59;desc=""Page render"", mw;dur=59;desc=""Total middleware"", db.total;dur=203;desc=""DB total"", db.count;dur=7;desc=""Query count"", db.first;dur=0;desc=""First query at"", db.last;dur=59;desc=""Last query at"", cache.hit;dur=2;desc=""Cache hits"", cache.miss;dur=6;desc=""Cache misses"" | D1_layout;dur=54.0;desc=""D1:layout"", D1_term+posts;dur=59.0;desc=""D1:term+posts"", total;dur=59.0;desc=""total"" | cfEdge;dur=126,cfOrigin;dur=0"
2026-10-06T08:08:15Z,pre-comments,browser,/posts/,503,,remote-WAW,HAM,124.0,302.9,303.5,178.9,0,,,,,,,,"cfEdge;dur=123,cfOrigin;dur=0"
2026-10-06T08:08:16Z,pre-comments,browser,/,200,MISS,remote-,HAM,140.4,425.7,434.3,285.3,29916,5.0,163.0,0.0,89.0,89.0,2.0,6.0,"rt;dur=0;desc=""Runtime init"", render;dur=89;desc=""Page render"", mw;dur=89;desc=""Total middleware"", db.total;dur=163;desc=""DB total"", db.count;dur=5;desc=""Query count"", db.first;dur=0;desc=""First query at"", db.last;dur=89;desc=""Last query at"", cache.hit;dur=2;desc=""Cache hits"", cache.miss;dur=6;desc=""Cache misses"" | D1_posts;dur=57.0;desc=""D1:posts"", D1_layout;dur=57.0;desc=""D1:layout"", D1_all-tags;dur=32.0;desc=""D1:all-tags"", total;dur=89.0;desc=""total"" | cfEdge;dur=155,cfOrigin;dur=0"
2026-10-06T08:08:17Z,pre-comments,browser,/posts/architektura-emdash-typescript-astro,200,MISS,remote-,HAM,179.8,455.6,470.8,275.8,33270,9.0,261.0,0.0,122.0,122.0,6.0,7.0,"rt;dur=0;desc=""Runtime init"", render;dur=122;desc=""Page render"", mw;dur=122;desc=""Total middleware"", db.total;dur=261;desc=""DB total"", db.count;dur=9;desc=""Query count"", db.first;dur=0;desc=""First query at"", db.last;dur=122;desc=""Last query at"", cache.hit;dur=6;desc=""Cache hits"", cache.miss;dur=7;desc=""Cache misses"" | D1_layout;dur=45.0;desc=""D1:layout"", D1_entry+recent;dur=50.0;desc=""D1:entry+recent"", D1_tags;dur=24.0;desc=""D1:tags"", total;dur=122.0;desc=""total"" | cfEdge;dur=215,cfOrigin;dur=0"
2026-10-06T08:08:17Z,pre-comments,browser,/posts/,503,,remote-WAW,HAM,120.3,539.2,539.3,418.9,0,,,,,,,,"cfEdge;dur=367,cfOrigin;dur=0"
2026-10-06T08:08:18Z,pre-comments,browser,/category/technologia,200,MISS,remote-WAW,HAM,162.2,354.5,358.8,192.3,28259,8.0,331.0,0.0,77.0,77.0,2.0,6.0,"rt;dur=0;desc=""Runtime init"", render;dur=77;desc=""Page render"", mw;dur=77;desc=""Total middleware"", db.total;dur=331;desc=""DB total"", db.count;dur=8;desc=""Query count"", db.first;dur=0;desc=""First query at"", db.last;dur=77;desc=""Last query at"", cache.hit;dur=2;desc=""Cache hits"", cache.miss;dur=6;desc=""Cache misses"" | D1_layout;dur=73.0;desc=""D1:layout"", D1_term+posts;dur=77.0;desc=""D1:term+posts"", total;dur=77.0;desc=""total"" | cfEdge;dur=141,cfOrigin;dur=0"
2026-10-06T08:08:19Z,pre-comments,curl,/category/technologia,200,MISS,remote-WAW,HAM,162.0,352.3,387.4,190.3,27896,7.0,189.0,0.0,54.0,54.0,2.0,6.0,"rt;dur=0;desc=""Runtime init"", render;dur=54;desc=""Page render"", mw;dur=54;desc=""Total middleware"", db.total;dur=189;desc=""DB total"", db.count;dur=7;desc=""Query count"", db.first;dur=0;desc=""First query at"", db.last;dur=54;desc=""Last query at"", cache.hit;dur=2;desc=""Cache hits"", cache.miss;dur=6;desc=""Cache misses"" | D1_layout;dur=54.0;desc=""D1:layout"", D1_term+posts;dur=54.0;desc=""D1:term+posts"", total;dur=54.0;desc=""total"""
2026-10-06T08:08:19Z,pre-comments,curl,/,503,,remote-WAW,HAM,113.8,535.5,535.5,421.7,0,,,,,,,,
2026-10-06T08:08:20Z,pre-comments,browser,/,503,,remote-WAW,HAM,113.3,340.4,340.5,227.1,0,,,,,,,,"cfEdge;dur=168,cfOrigin;dur=0"
2026-10-06T08:08:21Z,pre-comments,curl,/posts/architektura-emdash-typescript-astro,200,MISS,remote-,HAM,92.0,355.6,364.8,263.6,32887,9.0,276.0,0.0,133.0,133.0,6.0,7.0,"rt;dur=0;desc=""Runtime init"", render;dur=133;desc=""Page render"", mw;dur=133;desc=""Total middleware"", db.total;dur=276;desc=""DB total"", db.count;dur=9;desc=""Query count"", db.first;dur=0;desc=""First query at"", db.last;dur=133;desc=""Last query at"", cache.hit;dur=6;desc=""Cache hits"", cache.miss;dur=7;desc=""Cache misses"" | D1_entry+recent;dur=60.0;desc=""D1:entry+recent"", D1_layout;dur=60.0;desc=""D1:layout"", D1_tags;dur=22.0;desc=""D1:tags"", total;dur=133.0;desc=""total"""
2026-10-06T08:08:21Z,pre-comments,browser,/posts/architektura-emdash-typescript-astro,200,MISS,remote-WAW,HAM,166.2,427.9,443.5,261.7,33270,9.0,251.0,0.0,129.0,129.0,6.0,7.0,"rt;dur=0;desc=""Runtime init"", render;dur=129;desc=""Page render"", mw;dur=129;desc=""Total middleware"", db.total;dur=251;desc=""DB total"", db.count;dur=9;desc=""Query count"", db.first;dur=0;desc=""First query at"", db.last;dur=129;desc=""Last query at"", cache.hit;dur=6;desc=""Cache hits"", cache.miss;dur=7;desc=""Cache misses"" | D1_entry+recent;dur=47.0;desc=""D1:entry+recent"", D1_layout;dur=47.0;desc=""D1:layout"", D1_tags;dur=29.0;desc=""D1:tags"", total;dur=129.0;desc=""total"" | cfEdge;dur=201,cfOrigin;dur=0"
2026-10-06T08:08:22Z,pre-comments,curl,/posts/,200,MISS,remote-,HAM,300.7,541.4,542.2,240.7,36708,5.0,195.0,0.0,97.0,97.0,2.0,6.0,"rt;dur=0;desc=""Runtime init"", render;dur=97;desc=""Page render"", mw;dur=97;desc=""Total middleware"", db.total;dur=195;desc=""DB total"", db.count;dur=5;desc=""Query count"", db.first;dur=0;desc=""First query at"", db.last;dur=97;desc=""Last query at"", cache.hit;dur=2;desc=""Cache hits"", cache.miss;dur=6;desc=""Cache misses"" | D1_layout;dur=60.0;desc=""D1:layout"", D1_posts;dur=69.0;desc=""D1:posts"", D1_all-tags;dur=28.0;desc=""D1:all-tags"", total;dur=97.0;desc=""total"""
2026-10-06T08:08:23Z,pre-comments,curl,/posts/architektura-emdash-typescript-astro,503,,remote-,HAM,105.0,643.0,643.4,538.0,0,,,,,,,,
2026-10-06T08:08:24Z,pre-comments,browser,/posts/architektura-emdash-typescript-astro,200,MISS,remote-WAW,HAM,221.0,471.4,479.7,250.4,33258,9.0,278.0,0.0,130.0,130.0,6.0,7.0,"rt;dur=0;desc=""Runtime init"", render;dur=130;desc=""Page render"", mw;dur=130;desc=""Total middleware"", db.total;dur=278;desc=""DB total"", db.count;dur=9;desc=""Query count"", db.first;dur=0;desc=""First query at"", db.last;dur=130;desc=""Last query at"", cache.hit;dur=6;desc=""Cache hits"", cache.miss;dur=7;desc=""Cache misses"" | D1_layout;dur=55.0;desc=""D1:layout"", D1_entry+recent;dur=64.0;desc=""D1:entry+recent"", D1_tags;dur=21.0;desc=""D1:tags"", total;dur=130.0;desc=""total"" | cfEdge;dur=195,cfOrigin;dur=0"
2026-10-06T08:08:24Z,pre-comments,curl,/posts/,503,,remote-,HAM,281.8,536.3,536.4,254.5,0,,,,,,,,
2026-10-06T08:08:25Z,pre-comments,browser,/category/technologia,503,,remote-,HAM,393.9,589.7,589.9,195.8,0,,,,,,,,"cfEdge;dur=145,cfOrigin;dur=0"
2026-10-06T08:08:26Z,pre-comments,curl,/,200,MISS,remote-WAW,HAM,130.8,443.8,445.1,313.0,29533,5.0,175.0,0.0,92.0,92.0,2.0,6.0,"rt;dur=0;desc=""Runtime init"", render;dur=92;desc=""Page render"", mw;dur=92;desc=""Total middleware"", db.total;dur=175;desc=""DB total"", db.count;dur=5;desc=""Query count"", db.first;dur=0;desc=""First query at"", db.last;dur=92;desc=""Last query at"", cache.hit;dur=2;desc=""Cache hits"", cache.miss;dur=6;desc=""Cache misses"" | D1_posts;dur=65.0;desc=""D1:posts"", D1_layout;dur=65.0;desc=""D1:layout"", D1_all-tags;dur=27.0;desc=""D1:all-tags"", total;dur=92.0;desc=""total"""
2026-10-06T08:08:27Z,pre-comments,browser,/posts/,503,,remote-,HAM,286.5,503.7,503.8,217.2,0,,,,,,,,"cfEdge;dur=167,cfOrigin;dur=0"
2026-10-06T08:08:27Z,pre-comments,curl,/category/technologia,503,,remote-WAW,HAM,269.7,502.8,503.6,233.1,0,,,,,,,,
2026-10-06T08:08:28Z,pre-comments,browser,/,503,,remote-,HAM,216.0,429.7,429.7,213.7,0,,,,,,,,"cfEdge;dur=154,cfOrigin;dur=0"
2026-10-06T08:08:29Z,pre-comments,curl,/,503,,remote-WAW,HAM,180.1,386.7,386.7,206.6,0,,,,,,,,
2026-10-06T08:08:29Z,pre-comments,curl,/category/technologia,503,,remote-WAW,HAM,107.0,328.2,328.5,221.2,0,,,,,,,,
2026-10-06T08:08:30Z,pre-comments,browser,/,503,,remote-,HAM,95.7,319.7,319.9,224.0,0,,,,,,,,"cfEdge;dur=174,cfOrigin;dur=0"
2026-10-06T08:08:30Z,pre-comments,curl,/posts/,200,MISS,remote-,HAM,102.8,296.6,301.8,193.8,36700,5.0,139.0,0.0,72.0,72.0,2.0,6.0,"rt;dur=0;desc=""Runtime init"", render;dur=72;desc=""Page render"", mw;dur=72;desc=""Total middleware"", db.total;dur=139;desc=""DB total"", db.count;dur=5;desc=""Query count"", db.first;dur=0;desc=""First query at"", db.last;dur=72;desc=""Last query at"", cache.hit;dur=2;desc=""Cache hits"", cache.miss;dur=6;desc=""Cache misses"" | D1_posts;dur=51.0;desc=""D1:posts"", D1_layout;dur=51.0;desc=""D1:layout"", D1_all-tags;dur=21.0;desc=""D1:all-tags"", total;dur=72.0;desc=""total"""
2026-10-06T08:08:31Z,pre-comments,curl,/posts/architektura-emdash-typescript-astro,503,,remote-WAW,HAM,116.5,280.4,280.5,163.9,0,,,,,,,,
2026-10-06T08:08:31Z,pre-comments,browser,/category/technologia,200,MISS,remote-WAW,HAM,153.2,331.4,342.9,178.2,28247,7.0,219.0,0.0,63.0,63.0,2.0,6.0,"rt;dur=0;desc=""Runtime init"", render;dur=63;desc=""Page render"", mw;dur=63;desc=""Total middleware"", db.total;dur=219;desc=""DB total"", db.count;dur=7;desc=""Query count"", db.first;dur=0;desc=""First query at"", db.last;dur=63;desc=""Last query at"", cache.hit;dur=2;desc=""Cache hits"", cache.miss;dur=6;desc=""Cache misses"" | D1_term+posts;dur=63.0;desc=""D1:term+posts"", D1_layout;dur=63.0;desc=""D1:layout"", total;dur=63.0;desc=""total"" | cfEdge;dur=129,cfOrigin;dur=0"
2026-10-06T08:08:32Z,pre-comments,browser,/posts/,200,MISS,remote-WAW,HAM,117.2,381.5,382.2,264.3,37075,5.0,141.0,0.0,72.0,72.0,2.0,6.0,"rt;dur=0;desc=""Runtime init"", render;dur=72;desc=""Page render"", mw;dur=72;desc=""Total middleware"", db.total;dur=141;desc=""DB total"", db.count;dur=5;desc=""Query count"", db.first;dur=0;desc=""First query at"", db.last;dur=72;desc=""Last query at"", cache.hit;dur=2;desc=""Cache hits"", cache.miss;dur=6;desc=""Cache misses"" | D1_posts;dur=47.0;desc=""D1:posts"", D1_layout;dur=47.0;desc=""D1:layout"", D1_all-tags;dur=25.0;desc=""D1:all-tags"", total;dur=72.0;desc=""total"" | cfEdge;dur=140,cfOrigin;dur=0"
2026-10-06T08:08:33Z,pre-comments,browser,/posts/architektura-emdash-typescript-astro,200,MISS,remote-WAW,HAM,109.5,342.6,348.6,233.1,33250,9.0,228.0,0.0,114.0,114.0,6.0,7.0,"rt;dur=0;desc=""Runtime init"", render;dur=114;desc=""Page render"", mw;dur=114;desc=""Total middleware"", db.total;dur=228;desc=""DB total"", db.count;dur=9;desc=""Query count"", db.first;dur=0;desc=""First query at"", db.last;dur=114;desc=""Last query at"", cache.hit;dur=6;desc=""Cache hits"", cache.miss;dur=7;desc=""Cache misses"" | D1_entry+recent;dur=45.0;desc=""D1:entry+recent"", D1_layout;dur=45.0;desc=""D1:layout"", D1_tags;dur=25.0;desc=""D1:tags"", total;dur=114.0;desc=""total"" | cfEdge;dur=179,cfOrigin;dur=0"
2026-10-06T08:08:33Z,pre-comments,curl,/,503,,remote-WAW,HAM,102.8,467.2,467.4,364.4,0,,,,,,,,
2026-10-06T08:08:34Z,pre-comments,browser,/,200,MISS,remote-,HAM,160.7,362.0,371.9,201.3,29896,5.0,170.0,0.0,86.0,86.0,2.0,6.0,"rt;dur=0;desc=""Runtime init"", render;dur=86;desc=""Page render"", mw;dur=86;desc=""Total middleware"", db.total;dur=170;desc=""DB total"", db.count;dur=5;desc=""Query count"", db.first;dur=0;desc=""First query at"", db.last;dur=86;desc=""Last query at"", cache.hit;dur=2;desc=""Cache hits"", cache.miss;dur=6;desc=""Cache misses"" | D1_posts;dur=62.0;desc=""D1:posts"", D1_layout;dur=62.0;desc=""D1:layout"", D1_all-tags;dur=24.0;desc=""D1:all-tags"", total;dur=86.0;desc=""total"" | cfEdge;dur=153,cfOrigin;dur=0"
2026-10-06T08:08:35Z,pre-comments,browser,/posts/architektura-emdash-typescript-astro,200,MISS,remote-WAW,HAM,139.0,397.7,405.4,258.7,33262,9.0,245.0,0.0,123.0,123.0,6.0,7.0,"rt;dur=0;desc=""Runtime init"", render;dur=123;desc=""Page render"", mw;dur=123;desc=""Total middleware"", db.total;dur=245;desc=""DB total"", db.count;dur=9;desc=""Query count"", db.first;dur=0;desc=""First query at"", db.last;dur=123;desc=""Last query at"", cache.hit;dur=6;desc=""Cache hits"", cache.miss;dur=7;desc=""Cache misses"" | D1_entry+recent;dur=45.0;desc=""D1:entry+recent"", D1_layout;dur=45.0;desc=""D1:layout"", D1_tags;dur=23.0;desc=""D1:tags"", total;dur=123.0;desc=""total"" | cfEdge;dur=196,cfOrigin;dur=0"
2026-10-06T08:08:35Z,pre-comments,curl,/posts/,200,MISS,remote-WAW,HAM,111.4,378.2,381.3,266.8,36708,5.0,129.0,0.0,64.0,64.0,2.0,6.0,"rt;dur=0;desc=""Runtime init"", render;dur=64;desc=""Page render"", mw;dur=64;desc=""Total middleware"", db.total;dur=129;desc=""DB total"", db.count;dur=5;desc=""Query count"", db.first;dur=0;desc=""First query at"", db.last;dur=64;desc=""Last query at"", cache.hit;dur=2;desc=""Cache hits"", cache.miss;dur=6;desc=""Cache misses"" | D1_posts;dur=45.0;desc=""D1:posts"", D1_layout;dur=45.0;desc=""D1:layout"", D1_all-tags;dur=19.0;desc=""D1:all-tags"", total;dur=64.0;desc=""total"""
2026-10-06T08:08:36Z,pre-comments,curl,/posts/architektura-emdash-typescript-astro,503,,remote-WAW,HAM,101.8,293.0,293.4,191.2,0,,,,,,,,
2026-10-06T08:08:36Z,pre-comments,curl,/category/technologia,200,MISS,remote-WAW,HAM,110.8,301.5,303.9,190.7,27892,7.0,160.0,0.0,47.0,47.0,2.0,6.0,"rt;dur=0;desc=""Runtime init"", render;dur=47;desc=""Page render"", mw;dur=47;desc=""Total middleware"", db.total;dur=160;desc=""DB total"", db.count;dur=7;desc=""Query count"", db.first;dur=0;desc=""First query at"", db.last;dur=47;desc=""Last query at"", cache.hit;dur=2;desc=""Cache hits"", cache.miss;dur=6;desc=""Cache misses"" | D1_term+posts;dur=47.0;desc=""D1:term+posts"", D1_layout;dur=47.0;desc=""D1:layout"", total;dur=47.0;desc=""total"""
2026-10-06T08:08:37Z,pre-comments,browser,/posts/,200,MISS,remote-WAW,HAM,98.3,281.8,291.1,183.5,37063,5.0,126.0,0.0,64.0,64.0,2.0,6.0,"rt;dur=0;desc=""Runtime init"", render;dur=64;desc=""Page render"", mw;dur=64;desc=""Total middleware"", db.total;dur=126;desc=""DB total"", db.count;dur=5;desc=""Query count"", db.first;dur=0;desc=""First query at"", db.last;dur=64;desc=""Last query at"", cache.hit;dur=2;desc=""Cache hits"", cache.miss;dur=6;desc=""Cache misses"" | D1_posts;dur=42.0;desc=""D1:posts"", D1_layout;dur=42.0;desc=""D1:layout"", D1_all-tags;dur=22.0;desc=""D1:all-tags"", total;dur=64.0;desc=""total"" | cfEdge;dur=132,cfOrigin;dur=0"
2026-10-06T08:08:37Z,pre-comments,browser,/category/technologia,200,MISS,remote-WAW,HAM,130.7,324.5,324.7,193.8,0,7.0,217.0,0.0,63.0,63.0,2.0,6.0,"rt;dur=0;desc=""Runtime init"", render;dur=63;desc=""Page render"", mw;dur=63;desc=""Total middleware"", db.total;dur=217;desc=""DB total"", db.count;dur=7;desc=""Query count"", db.first;dur=0;desc=""First query at"", db.last;dur=63;desc=""Last query at"", cache.hit;dur=2;desc=""Cache hits"", cache.miss;dur=6;desc=""Cache misses"" | D1_layout;dur=62.0;desc=""D1:layout"", D1_term+posts;dur=63.0;desc=""D1:term+posts"", total;dur=63.0;desc=""total"" | cfEdge;dur=143,cfOrigin;dur=0"
2026-10-06T08:08:38Z,pre-comments,browser,/posts/architektura-emdash-typescript-astro,200,MISS,remote-,HAM,122.4,388.6,392.7,266.2,33254,9.0,252.0,0.0,121.0,121.0,6.0,7.0,"rt;dur=0;desc=""Runtime init"", render;dur=121;desc=""Page render"", mw;dur=121;desc=""Total middleware"", db.total;dur=252;desc=""DB total"", db.count;dur=9;desc=""Query count"", db.first;dur=0;desc=""First query at"", db.last;dur=121;desc=""Last query at"", cache.hit;dur=6;desc=""Cache hits"", cache.miss;dur=7;desc=""Cache misses"" | D1_entry+recent;dur=59.0;desc=""D1:entry+recent"", D1_layout;dur=59.0;desc=""D1:layout"", D1_tags;dur=21.0;desc=""D1:tags"", total;dur=121.0;desc=""total"" | cfEdge;dur=198,cfOrigin;dur=0"
2026-10-06T08:08:39Z,pre-comments,curl,/,200,MISS,remote-WAW,HAM,161.5,374.7,378.7,213.2,29537,5.0,145.0,0.0,75.0,75.0,2.0,6.0,"rt;dur=0;desc=""Runtime init"", render;dur=75;desc=""Page render"", mw;dur=75;desc=""Total middleware"", db.total;dur=145;desc=""DB total"", db.count;dur=5;desc=""Query count"", db.first;dur=0;desc=""First query at"", db.last;dur=75;desc=""Last query at"", cache.hit;dur=2;desc=""Cache hits"", cache.miss;dur=6;desc=""Cache misses"" | D1_posts;dur=51.0;desc=""D1:posts"", D1_layout;dur=51.0;desc=""D1:layout"", D1_all-tags;dur=24.0;desc=""D1:all-tags"", total;dur=75.0;desc=""total"""
2026-10-06T08:08:39Z,pre-comments,curl,/posts/,200,MISS,remote-WAW,HAM,307.9,491.7,590.0,183.8,36712,5.0,127.0,0.0,70.0,70.0,2.0,6.0,"rt;dur=0;desc=""Runtime init"", render;dur=70;desc=""Page render"", mw;dur=70;desc=""Total middleware"", db.total;dur=127;desc=""DB total"", db.count;dur=5;desc=""Query count"", db.first;dur=0;desc=""First query at"", db.last;dur=70;desc=""Last query at"", cache.hit;dur=2;desc=""Cache hits"", cache.miss;dur=6;desc=""Cache misses"" | D1_posts;dur=48.0;desc=""D1:posts"", D1_layout;dur=48.0;desc=""D1:layout"", D1_all-tags;dur=22.0;desc=""D1:all-tags"", total;dur=70.0;desc=""total"""
2026-10-06T08:08:40Z,pre-comments,browser,/posts/,200,MISS,remote-WAW,HAM,297.3,493.4,504.2,196.1,37087,5.0,125.0,0.0,69.0,69.0,2.0,6.0,"rt;dur=0;desc=""Runtime init"", render;dur=69;desc=""Page render"", mw;dur=69;desc=""Total middleware"", db.total;dur=125;desc=""DB total"", db.count;dur=5;desc=""Query count"", db.first;dur=0;desc=""First query at"", db.last;dur=69;desc=""Last query at"", cache.hit;dur=2;desc=""Cache hits"", cache.miss;dur=6;desc=""Cache misses"" | D1_posts;dur=46.0;desc=""D1:posts"", D1_layout;dur=46.0;desc=""D1:layout"", D1_all-tags;dur=23.0;desc=""D1:all-tags"", total;dur=69.0;desc=""total"" | cfEdge;dur=138,cfOrigin;dur=0"
2026-10-06T08:08:41Z,pre-comments,curl,/category/technologia,200,MISS,remote-,HAM,448.4,628.9,652.9,180.5,27904,7.0,198.0,0.0,69.0,69.0,2.0,6.0,"rt;dur=0;desc=""Runtime init"", render;dur=69;desc=""Page render"", mw;dur=69;desc=""Total middleware"", db.total;dur=198;desc=""DB total"", db.count;dur=7;desc=""Query count"", db.first;dur=0;desc=""First query at"", db.last;dur=69;desc=""Last query at"", cache.hit;dur=2;desc=""Cache hits"", cache.miss;dur=6;desc=""Cache misses"" | D1_layout;dur=53.0;desc=""D1:layout"", D1_term+posts;dur=69.0;desc=""D1:term+posts"", total;dur=69.0;desc=""total"""
2026-10-06T08:08:42Z,pre-comments,curl,/posts/architektura-emdash-typescript-astro,200,MISS,remote-WAW,HAM,110.3,442.0,442.7,331.7,32887,9.0,274.0,0.0,132.0,132.0,6.0,7.0,"rt;dur=0;desc=""Runtime init"", render;dur=132;desc=""Page render"", mw;dur=132;desc=""Total middleware"", db.total;dur=274;desc=""DB total"", db.count;dur=9;desc=""Query count"", db.first;dur=0;desc=""First query at"", db.last;dur=132;desc=""Last query at"", cache.hit;dur=6;desc=""Cache hits"", cache.miss;dur=7;desc=""Cache misses"" | D1_entry+recent;dur=52.0;desc=""D1:entry+recent"", D1_layout;dur=52.0;desc=""D1:layout"", D1_tags;dur=23.0;desc=""D1:tags"", total;dur=132.0;desc=""total"""
2026-10-06T08:08:42Z,pre-comments,browser,/category/technologia,503,,remote-,HAM,298.2,505.4,505.4,207.2,0,,,,,,,,"cfEdge;dur=139,cfOrigin;dur=0"
2026-10-06T08:08:43Z,pre-comments,browser,/,200,MISS,remote-,HAM,294.3,588.2,588.9,293.9,29904,5.0,136.0,0.0,76.0,76.0,2.0,6.0,"rt;dur=0;desc=""Runtime init"", render;dur=76;desc=""Page render"", mw;dur=76;desc=""Total middleware"", db.total;dur=136;desc=""DB total"", db.count;dur=5;desc=""Query count"", db.first;dur=0;desc=""First query at"", db.last;dur=76;desc=""Last query at"", cache.hit;dur=2;desc=""Cache hits"", cache.miss;dur=6;desc=""Cache misses"" | D1_posts;dur=48.0;desc=""D1:posts"", D1_layout;dur=48.0;desc=""D1:layout"", D1_all-tags;dur=28.0;desc=""D1:all-tags"", total;dur=76.0;desc=""total"" | cfEdge;dur=136,cfOrigin;dur=0"
2026-10-06T08:08:44Z,pre-comments,curl,/posts/,200,MISS,remote-,HAM,294.8,469.2,488.4,174.4,36708,5.0,119.0,0.0,57.0,57.0,2.0,6.0,"rt;dur=0;desc=""Runtime init"", render;dur=57;desc=""Page render"", mw;dur=57;desc=""Total middleware"", db.total;dur=119;desc=""DB total"", db.count;dur=5;desc=""Query count"", db.first;dur=0;desc=""First query at"", db.last;dur=57;desc=""Last query at"", cache.hit;dur=2;desc=""Cache hits"", cache.miss;dur=6;desc=""Cache misses"" | D1_posts;dur=38.0;desc=""D1:posts"", D1_layout;dur=38.0;desc=""D1:layout"", D1_all-tags;dur=19.0;desc=""D1:all-tags"", total;dur=57.0;desc=""total"""
2026-10-06T08:08:44Z,pre-comments,browser,/category/technologia,200,MISS,remote-WAW,HAM,114.0,310.8,325.0,196.8,28259,7.0,180.0,0.0,55.0,55.0,2.0,6.0,"rt;dur=0;desc=""Runtime init"", render;dur=55;desc=""Page render"", mw;dur=55;desc=""Total middleware"", db.total;dur=180;desc=""DB total"", db.count;dur=7;desc=""Query count"", db.first;dur=0;desc=""First query at"", db.last;dur=55;desc=""Last query at"", cache.hit;dur=2;desc=""Cache hits"", cache.miss;dur=6;desc=""Cache misses"" | D1_layout;dur=48.0;desc=""D1:layout"", D1_term+posts;dur=55.0;desc=""D1:term+posts"", total;dur=55.0;desc=""total"" | cfEdge;dur=145,cfOrigin;dur=0"
2026-10-06T08:08:45Z,pre-comments,browser,/posts/,503,,remote-WAW,HAM,113.6,305.2,305.2,191.6,0,,,,,,,,"cfEdge;dur=139,cfOrigin;dur=0"
2026-10-06T08:08:46Z,pre-comments,browser,/,200,MISS,remote-WAW,HAM,121.6,403.9,407.0,282.3,29900,5.0,133.0,0.0,71.0,71.0,2.0,6.0,"rt;dur=0;desc=""Runtime init"", render;dur=71;desc=""Page render"", mw;dur=71;desc=""Total middleware"", db.total;dur=133;desc=""DB total"", db.count;dur=5;desc=""Query count"", db.first;dur=0;desc=""First query at"", db.last;dur=71;desc=""Last query at"", cache.hit;dur=2;desc=""Cache hits"", cache.miss;dur=6;desc=""Cache misses"" | D1_posts;dur=47.0;desc=""D1:posts"", D1_layout;dur=47.0;desc=""D1:layout"", D1_all-tags;dur=24.0;desc=""D1:all-tags"", total;dur=71.0;desc=""total"" | cfEdge;dur=148,cfOrigin;dur=0"
2026-10-06T08:08:46Z,pre-comments,curl,/category/technologia,200,MISS,remote-WAW,HAM,99.7,275.6,278.9,175.9,27880,7.0,166.0,0.0,53.0,53.0,2.0,6.0,"rt;dur=0;desc=""Runtime init"", render;dur=53;desc=""Page render"", mw;dur=53;desc=""Total middleware"", db.total;dur=166;desc=""DB total"", db.count;dur=7;desc=""Query count"", db.first;dur=0;desc=""First query at"", db.last;dur=53;desc=""Last query at"", cache.hit;dur=2;desc=""Cache hits"", cache.miss;dur=6;desc=""Cache misses"" | D1_layout;dur=49.0;desc=""D1:layout"", D1_term+posts;dur=53.0;desc=""D1:term+posts"", total;dur=53.0;desc=""total"""
2026-10-06T08:08:47Z,pre-comments,browser,/posts/architektura-emdash-typescript-astro,200,MISS,remote-,HAM,123.9,381.4,407.2,257.5,33254,9.0,313.0,0.0,134.0,134.0,6.0,7.0,"rt;dur=0;desc=""Runtime init"", render;dur=134;desc=""Page render"", mw;dur=134;desc=""Total middleware"", db.total;dur=313;desc=""DB total"", db.count;dur=9;desc=""Query count"", db.first;dur=0;desc=""First query at"", db.last;dur=134;desc=""Last query at"", cache.hit;dur=6;desc=""Cache hits"", cache.miss;dur=7;desc=""Cache misses"" | D1_entry+recent;dur=63.0;desc=""D1:entry+recent"", D1_layout;dur=63.0;desc=""D1:layout"", D1_tags;dur=21.0;desc=""D1:tags"", total;dur=134.0;desc=""total"" | cfEdge;dur=208,cfOrigin;dur=0"
2026-10-06T08:08:47Z,pre-comments,curl,/,200,MISS,remote-WAW,HAM,162.5,369.4,374.0,206.9,29549,5.0,127.0,0.0,68.0,68.0,2.0,6.0,"rt;dur=0;desc=""Runtime init"", render;dur=68;desc=""Page render"", mw;dur=68;desc=""Total middleware"", db.total;dur=127;desc=""DB total"", db.count;dur=5;desc=""Query count"", db.first;dur=0;desc=""First query at"", db.last;dur=68;desc=""Last query at"", cache.hit;dur=2;desc=""Cache hits"", cache.miss;dur=6;desc=""Cache misses"" | D1_posts;dur=40.0;desc=""D1:posts"", D1_layout;dur=40.0;desc=""D1:layout"", D1_all-tags;dur=28.0;desc=""D1:all-tags"", total;dur=68.0;desc=""total"""
2026-10-06T08:08:48Z,pre-comments,curl,/posts/architektura-emdash-typescript-astro,503,,remote-WAW,HAM,212.2,435.6,435.8,223.4,0,,,,,,,,
2026-10-06T08:08:49Z,pre-comments,curl,/posts/architektura-emdash-typescript-astro,200,MISS,remote-WAW,HAM,108.7,383.3,384.5,274.6,32895,10.0,313.0,0.0,139.0,139.0,6.0,7.0,"rt;dur=0;desc=""Runtime init"", render;dur=139;desc=""Page render"", mw;dur=139;desc=""Total middleware"", db.total;dur=313;desc=""DB total"", db.count;dur=10;desc=""Query count"", db.first;dur=0;desc=""First query at"", db.last;dur=139;desc=""Last query at"", cache.hit;dur=6;desc=""Cache hits"", cache.miss;dur=7;desc=""Cache misses"" | D1_entry+recent;dur=57.0;desc=""D1:entry+recent"", D1_layout;dur=57.0;desc=""D1:layout"", D1_tags;dur=24.0;desc=""D1:tags"", total;dur=139.0;desc=""total"""
2026-10-06T08:08:49Z,pre-comments,browser,/category/technologia,200,MISS,remote-WAW,HAM,101.6,284.2,290.7,182.6,28263,7.0,183.0,0.0,54.0,54.0,2.0,6.0,"rt;dur=0;desc=""Runtime init"", render;dur=54;desc=""Page render"", mw;dur=54;desc=""Total middleware"", db.total;dur=183;desc=""DB total"", db.count;dur=7;desc=""Query count"", db.first;dur=0;desc=""First query at"", db.last;dur=54;desc=""Last query at"", cache.hit;dur=2;desc=""Cache hits"", cache.miss;dur=6;desc=""Cache misses"" | D1_layout;dur=47.0;desc=""D1:layout"", D1_term+posts;dur=54.0;desc=""D1:term+posts"", total;dur=54.0;desc=""total"" | cfEdge;dur=127,cfOrigin;dur=0"
2026-10-06T08:08:50Z,pre-comments,browser,/posts/architektura-emdash-typescript-astro,200,MISS,remote-WAW,HAM,112.7,380.9,384.3,268.2,33246,9.0,233.0,0.0,115.0,115.0,6.0,7.0,"rt;dur=0;desc=""Runtime init"", render;dur=115;desc=""Page render"", mw;dur=115;desc=""Total middleware"", db.total;dur=233;desc=""DB total"", db.count;dur=9;desc=""Query count"", db.first;dur=0;desc=""First query at"", db.last;dur=115;desc=""Last query at"", cache.hit;dur=6;desc=""Cache hits"", cache.miss;dur=7;desc=""Cache misses"" | D1_entry+recent;dur=49.0;desc=""D1:entry+recent"", D1_layout;dur=49.0;desc=""D1:layout"", D1_tags;dur=22.0;desc=""D1:tags"", total;dur=115.0;desc=""total"" | cfEdge;dur=184,cfOrigin;dur=0"
2026-10-06T08:08:50Z,pre-comments,browser,/,200,MISS,remote-WAW,HAM,110.9,303.9,309.7,193.0,29904,5.0,147.0,0.0,74.0,74.0,2.0,6.0,"rt;dur=0;desc=""Runtime init"", render;dur=74;desc=""Page render"", mw;dur=74;desc=""Total middleware"", db.total;dur=147;desc=""DB total"", db.count;dur=5;desc=""Query count"", db.first;dur=0;desc=""First query at"", db.last;dur=74;desc=""Last query at"", cache.hit;dur=2;desc=""Cache hits"", cache.miss;dur=6;desc=""Cache misses"" | D1_posts;dur=47.0;desc=""D1:posts"", D1_layout;dur=47.0;desc=""D1:layout"", D1_all-tags;dur=27.0;desc=""D1:all-tags"", total;dur=74.0;desc=""total"" | cfEdge;dur=134,cfOrigin;dur=0"
2026-10-06T08:08:51Z,pre-comments,curl,/,200,MISS,remote-WAW,HAM,116.7,305.5,352.6,188.8,29529,5.0,116.0,0.0,60.0,60.0,2.0,6.0,"rt;dur=0;desc=""Runtime init"", render;dur=60;desc=""Page render"", mw;dur=60;desc=""Total middleware"", db.total;dur=116;desc=""DB total"", db.count;dur=5;desc=""Query count"", db.first;dur=0;desc=""First query at"", db.last;dur=60;desc=""Last query at"", cache.hit;dur=2;desc=""Cache hits"", cache.miss;dur=6;desc=""Cache misses"" | D1_posts;dur=38.0;desc=""D1:posts"", D1_layout;dur=38.0;desc=""D1:layout"", D1_all-tags;dur=22.0;desc=""D1:all-tags"", total;dur=60.0;desc=""total"""
2026-10-06T08:08:52Z,pre-comments,curl,/posts/,200,MISS,remote-,HAM,105.8,320.4,322.4,214.6,36708,5.0,169.0,0.0,84.0,84.0,2.0,6.0,"rt;dur=0;desc=""Runtime init"", render;dur=84;desc=""Page render"", mw;dur=84;desc=""Total middleware"", db.total;dur=169;desc=""DB total"", db.count;dur=5;desc=""Query count"", db.first;dur=0;desc=""First query at"", db.last;dur=84;desc=""Last query at"", cache.hit;dur=2;desc=""Cache hits"", cache.miss;dur=6;desc=""Cache misses"" | D1_posts;dur=61.0;desc=""D1:posts"", D1_layout;dur=61.0;desc=""D1:layout"", D1_all-tags;dur=23.0;desc=""D1:all-tags"", total;dur=84.0;desc=""total"""
2026-10-06T08:08:52Z,pre-comments,browser,/posts/,200,MISS,remote-,HAM,103.8,378.9,393.7,275.1,37059,5.0,148.0,0.0,72.0,72.0,2.0,6.0,"rt;dur=0;desc=""Runtime init"", render;dur=72;desc=""Page render"", mw;dur=72;desc=""Total middleware"", db.total;dur=148;desc=""DB total"", db.count;dur=5;desc=""Query count"", db.first;dur=0;desc=""First query at"", db.last;dur=72;desc=""Last query at"", cache.hit;dur=2;desc=""Cache hits"", cache.miss;dur=6;desc=""Cache misses"" | D1_posts;dur=50.0;desc=""D1:posts"", D1_layout;dur=50.0;desc=""D1:layout"", D1_all-tags;dur=22.0;desc=""D1:all-tags"", total;dur=72.0;desc=""total"" | cfEdge;dur=138,cfOrigin;dur=0"
2026-10-06T08:08:53Z,pre-comments,curl,/category/technologia,503,,remote-WAW,HAM,195.7,610.1,610.3,414.4,0,,,,,,,,
2026-10-06T08:08:54Z,pre-comments,browser,/posts/architektura-emdash-typescript-astro,503,,remote-WAW,HAM,152.1,403.1,404.2,251.0,0,,,,,,,,"cfEdge;dur=203,cfOrigin;dur=0"
2026-10-06T08:08:54Z,pre-comments,curl,/posts/,200,MISS,remote-,HAM,171.7,373.9,376.6,202.2,36696,5.0,141.0,0.0,69.0,69.0,2.0,6.0,"rt;dur=0;desc=""Runtime init"", render;dur=69;desc=""Page render"", mw;dur=69;desc=""Total middleware"", db.total;dur=141;desc=""DB total"", db.count;dur=5;desc=""Query count"", db.first;dur=0;desc=""First query at"", db.last;dur=69;desc=""Last query at"", cache.hit;dur=2;desc=""Cache hits"", cache.miss;dur=6;desc=""Cache misses"" | D1_posts;dur=47.0;desc=""D1:posts"", D1_layout;dur=47.0;desc=""D1:layout"", D1_all-tags;dur=22.0;desc=""D1:all-tags"", total;dur=69.0;desc=""total"""
2026-10-06T08:08:55Z,pre-comments,browser,/posts/,200,MISS,remote-,HAM,214.6,439.0,441.3,224.4,37063,5.0,158.0,0.0,85.0,85.0,2.0,6.0,"rt;dur=0;desc=""Runtime init"", render;dur=85;desc=""Page render"", mw;dur=85;desc=""Total middleware"", db.total;dur=158;desc=""DB total"", db.count;dur=5;desc=""Query count"", db.first;dur=0;desc=""First query at"", db.last;dur=85;desc=""Last query at"", cache.hit;dur=2;desc=""Cache hits"", cache.miss;dur=6;desc=""Cache misses"" | D1_posts;dur=51.0;desc=""D1:posts"", D1_layout;dur=51.0;desc=""D1:layout"", D1_all-tags;dur=34.0;desc=""D1:all-tags"", total;dur=85.0;desc=""total"" | cfEdge;dur=159,cfOrigin;dur=0"
2026-10-06T08:08:56Z,pre-comments,curl,/posts/architektura-emdash-typescript-astro,200,MISS,remote-WAW,HAM,359.2,648.1,650.4,288.9,32883,9.0,235.0,0.0,114.0,114.0,6.0,7.0,"rt;dur=0;desc=""Runtime init"", render;dur=114;desc=""Page render"", mw;dur=114;desc=""Total middleware"", db.total;dur=235;desc=""DB total"", db.count;dur=9;desc=""Query count"", db.first;dur=0;desc=""First query at"", db.last;dur=114;desc=""Last query at"", cache.hit;dur=6;desc=""Cache hits"", cache.miss;dur=7;desc=""Cache misses"" | D1_entry+recent;dur=53.0;desc=""D1:entry+recent"", D1_layout;dur=53.0;desc=""D1:layout"", D1_tags;dur=18.0;desc=""D1:tags"", total;dur=114.0;desc=""total"""
2026-10-06T08:08:57Z,pre-comments,curl,/category/technologia,503,,remote-,HAM,298.2,515.2,515.3,217.0,0,,,,,,,,
2026-10-06T08:08:57Z,pre-comments,browser,/category/technologia,200,MISS,remote-WAW,HAM,217.3,406.8,408.3,189.5,28263,7.0,173.0,0.0,58.0,58.0,2.0,6.0,"rt;dur=0;desc=""Runtime init"", render;dur=58;desc=""Page render"", mw;dur=58;desc=""Total middleware"", db.total;dur=173;desc=""DB total"", db.count;dur=7;desc=""Query count"", db.first;dur=0;desc=""First query at"", db.last;dur=58;desc=""Last query at"", cache.hit;dur=2;desc=""Cache hits"", cache.miss;dur=6;desc=""Cache misses"" | D1_layout;dur=48.0;desc=""D1:layout"", D1_term+posts;dur=58.0;desc=""D1:term+posts"", total;dur=58.0;desc=""total"" | cfEdge;dur=125,cfOrigin;dur=0"
2026-10-06T08:08:58Z,pre-comments,curl,/,200,MISS,remote-WAW,HAM,271.3,472.0,477.7,200.7,29529,5.0,130.0,0.0,65.0,65.0,2.0,6.0,"rt;dur=0;desc=""Runtime init"", render;dur=65;desc=""Page render"", mw;dur=65;desc=""Total middleware"", db.total;dur=130;desc=""DB total"", db.count;dur=5;desc=""Query count"", db.first;dur=0;desc=""First query at"", db.last;dur=65;desc=""Last query at"", cache.hit;dur=2;desc=""Cache hits"", cache.miss;dur=6;desc=""Cache misses"" | D1_posts;dur=44.0;desc=""D1:posts"", D1_layout;dur=44.0;desc=""D1:layout"", D1_all-tags;dur=21.0;desc=""D1:all-tags"", total;dur=65.0;desc=""total"""
2026-10-06T08:08:59Z,pre-comments,browser,/,503,,remote-WAW,HAM,450.9,792.8,793.4,341.9,0,,,,,,,,"cfEdge;dur=154,cfOrigin;dur=0"
2026-10-06T08:09:00Z,pre-comments,browser,/posts/architektura-emdash-typescript-astro,200,MISS,remote-,HAM,304.0,643.7,644.7,339.7,33254,9.0,249.0,0.0,118.0,118.0,6.0,7.0,"rt;dur=0;desc=""Runtime init"", render;dur=118;desc=""Page render"", mw;dur=118;desc=""Total middleware"", db.total;dur=249;desc=""DB total"", db.count;dur=9;desc=""Query count"", db.first;dur=0;desc=""First query at"", db.last;dur=118;desc=""Last query at"", cache.hit;dur=6;desc=""Cache hits"", cache.miss;dur=7;desc=""Cache misses"" | D1_entry+recent;dur=48.0;desc=""D1:entry+recent"", D1_layout;dur=48.0;desc=""D1:layout"", D1_tags;dur=24.0;desc=""D1:tags"", total;dur=118.0;desc=""total"" | cfEdge;dur=203,cfOrigin;dur=0"
2026-10-06T08:09:00Z,pre-comments,curl,/category/technologia,200,MISS,remote-,HAM,110.5,294.7,298.6,184.2,27888,7.0,192.0,0.0,55.0,55.0,2.0,6.0,"rt;dur=0;desc=""Runtime init"", render;dur=55;desc=""Page render"", mw;dur=55;desc=""Total middleware"", db.total;dur=192;desc=""DB total"", db.count;dur=7;desc=""Query count"", db.first;dur=0;desc=""First query at"", db.last;dur=55;desc=""Last query at"", cache.hit;dur=2;desc=""Cache hits"", cache.miss;dur=6;desc=""Cache misses"" | D1_layout;dur=53.0;desc=""D1:layout"", D1_term+posts;dur=55.0;desc=""D1:term+posts"", total;dur=55.0;desc=""total"""
2026-10-06T08:09:01Z,pre-comments,browser,/category/technologia,200,MISS,remote-WAW,HAM,306.1,476.0,484.1,169.9,28259,7.0,218.0,0.0,64.0,64.0,2.0,6.0,"rt;dur=0;desc=""Runtime init"", render;dur=64;desc=""Page render"", mw;dur=64;desc=""Total middleware"", db.total;dur=218;desc=""DB total"", db.count;dur=7;desc=""Query count"", db.first;dur=0;desc=""First query at"", db.last;dur=64;desc=""Last query at"", cache.hit;dur=2;desc=""Cache hits"", cache.miss;dur=6;desc=""Cache misses"" | D1_layout;dur=61.0;desc=""D1:layout"", D1_term+posts;dur=64.0;desc=""D1:term+posts"", total;dur=64.0;desc=""total"" | cfEdge;dur=127,cfOrigin;dur=0"
2026-10-06T08:09:02Z,pre-comments,curl,/posts/architektura-emdash-typescript-astro,200,MISS,remote-,HAM,166.6,405.9,423.6,239.3,32903,9.0,264.0,0.0,116.0,116.0,6.0,7.0,"rt;dur=0;desc=""Runtime init"", render;dur=116;desc=""Page render"", mw;dur=116;desc=""Total middleware"", db.total;dur=264;desc=""DB total"", db.count;dur=9;desc=""Query count"", db.first;dur=0;desc=""First query at"", db.last;dur=116;desc=""Last query at"", cache.hit;dur=6;desc=""Cache hits"", cache.miss;dur=7;desc=""Cache misses"" | D1_entry+recent;dur=55.0;desc=""D1:entry+recent"", D1_layout;dur=55.0;desc=""D1:layout"", D1_tags;dur=22.0;desc=""D1:tags"", total;dur=116.0;desc=""total"""
2026-10-06T08:09:02Z,pre-comments,browser,/posts/,503,,remote-WAW,HAM,150.9,348.9,349.3,198.0,0,,,,,,,,"cfEdge;dur=142,cfOrigin;dur=0"
2026-10-06T08:09:03Z,pre-comments,curl,/,200,MISS,remote-,HAM,129.9,322.2,328.2,192.3,29537,5.0,145.0,0.0,75.0,75.0,2.0,6.0,"rt;dur=0;desc=""Runtime init"", render;dur=75;desc=""Page render"", mw;dur=75;desc=""Total middleware"", db.total;dur=145;desc=""DB total"", db.count;dur=5;desc=""Query count"", db.first;dur=0;desc=""First query at"", db.last;dur=75;desc=""Last query at"", cache.hit;dur=2;desc=""Cache hits"", cache.miss;dur=6;desc=""Cache misses"" | D1_posts;dur=51.0;desc=""D1:posts"", D1_layout;dur=51.0;desc=""D1:layout"", D1_all-tags;dur=24.0;desc=""D1:all-tags"", total;dur=75.0;desc=""total"""
2026-10-06T08:09:03Z,pre-comments,browser,/,200,MISS,remote-WAW,HAM,125.9,311.0,318.3,185.1,29888,5.0,149.0,0.0,71.0,71.0,2.0,6.0,"rt;dur=0;desc=""Runtime init"", render;dur=71;desc=""Page render"", mw;dur=71;desc=""Total middleware"", db.total;dur=149;desc=""DB total"", db.count;dur=5;desc=""Query count"", db.first;dur=0;desc=""First query at"", db.last;dur=71;desc=""Last query at"", cache.hit;dur=2;desc=""Cache hits"", cache.miss;dur=6;desc=""Cache misses"" | D1_posts;dur=51.0;desc=""D1:posts"", D1_layout;dur=51.0;desc=""D1:layout"", D1_all-tags;dur=20.0;desc=""D1:all-tags"", total;dur=71.0;desc=""total"" | cfEdge;dur=134,cfOrigin;dur=0"
2026-10-06T08:09:04Z,pre-comments,curl,/posts/,503,,remote-WAW,HAM,123.2,400.1,400.3,276.9,0,,,,,,,,
2026-10-06T08:09:05Z,pre-comments,browser,/posts/,200,MISS,remote-WAW,HAM,98.3,289.3,317.8,191.0,37067,5.0,122.0,0.0,66.0,66.0,2.0,6.0,"rt;dur=0;desc=""Runtime init"", render;dur=66;desc=""Page render"", mw;dur=66;desc=""Total middleware"", db.total;dur=122;desc=""DB total"", db.count;dur=5;desc=""Query count"", db.first;dur=0;desc=""First query at"", db.last;dur=66;desc=""Last query at"", cache.hit;dur=2;desc=""Cache hits"", cache.miss;dur=6;desc=""Cache misses"" | D1_posts;dur=43.0;desc=""D1:posts"", D1_layout;dur=43.0;desc=""D1:layout"", D1_all-tags;dur=23.0;desc=""D1:all-tags"", total;dur=66.0;desc=""total"" | cfEdge;dur=134,cfOrigin;dur=0"
2026-10-06T08:09:05Z,pre-comments,browser,/category/technologia,200,MISS,remote-WAW,HAM,219.9,626.9,633.5,407.0,28260,7.0,408.0,0.0,270.0,270.0,2.0,6.0,"rt;dur=0;desc=""Runtime init"", render;dur=270;desc=""Page render"", mw;dur=270;desc=""Total middleware"", db.total;dur=408;desc=""DB total"", db.count;dur=7;desc=""Query count"", db.first;dur=0;desc=""First query at"", db.last;dur=270;desc=""Last query at"", cache.hit;dur=2;desc=""Cache hits"", cache.miss;dur=6;desc=""Cache misses"" | D1_layout;dur=56.0;desc=""D1:layout"", D1_term+posts;dur=270.0;desc=""D1:term+posts"", total;dur=270.0;desc=""total"" | cfEdge;dur=344,cfOrigin;dur=0"
2026-10-06T08:09:06Z,pre-comments,browser,/,200,MISS,remote-WAW,HAM,119.5,402.2,403.5,282.7,29904,5.0,128.0,0.0,64.0,64.0,2.0,6.0,"rt;dur=0;desc=""Runtime init"", render;dur=64;desc=""Page render"", mw;dur=64;desc=""Total middleware"", db.total;dur=128;desc=""DB total"", db.count;dur=5;desc=""Query count"", db.first;dur=0;desc=""First query at"", db.last;dur=64;desc=""Last query at"", cache.hit;dur=2;desc=""Cache hits"", cache.miss;dur=6;desc=""Cache misses"" | D1_posts;dur=40.0;desc=""D1:posts"", D1_layout;dur=40.0;desc=""D1:layout"", D1_all-tags;dur=24.0;desc=""D1:all-tags"", total;dur=64.0;desc=""total"" | cfEdge;dur=127,cfOrigin;dur=0"
2026-10-06T08:09:07Z,pre-comments,curl,/posts/,200,MISS,remote-WAW,HAM,128.2,316.0,332.2,187.8,36712,5.0,128.0,0.0,64.0,64.0,2.0,6.0,"rt;dur=0;desc=""Runtime init"", render;dur=64;desc=""Page render"", mw;dur=64;desc=""Total middleware"", db.total;dur=128;desc=""DB total"", db.count;dur=5;desc=""Query count"", db.first;dur=0;desc=""First query at"", db.last;dur=64;desc=""Last query at"", cache.hit;dur=2;desc=""Cache hits"", cache.miss;dur=6;desc=""Cache misses"" | D1_posts;dur=43.0;desc=""D1:posts"", D1_layout;dur=43.0;desc=""D1:layout"", D1_all-tags;dur=21.0;desc=""D1:all-tags"", total;dur=64.0;desc=""total"""
2026-10-06T08:09:07Z,pre-comments,browser,/posts/architektura-emdash-typescript-astro,200,MISS,remote-,HAM,104.0,330.4,336.2,226.4,33266,9.0,229.0,0.0,112.0,112.0,6.0,7.0,"rt;dur=0;desc=""Runtime init"", render;dur=112;desc=""Page render"", mw;dur=112;desc=""Total middleware"", db.total;dur=229;desc=""DB total"", db.count;dur=9;desc=""Query count"", db.first;dur=0;desc=""First query at"", db.last;dur=112;desc=""Last query at"", cache.hit;dur=6;desc=""Cache hits"", cache.miss;dur=7;desc=""Cache misses"" | D1_entry+recent;dur=51.0;desc=""D1:entry+recent"", D1_layout;dur=51.0;desc=""D1:layout"", D1_tags;dur=21.0;desc=""D1:tags"", total;dur=112.0;desc=""total"" | cfEdge;dur=181,cfOrigin;dur=0"
2026-10-06T08:09:08Z,pre-comments,curl,/category/technologia,200,MISS,remote-WAW,HAM,206.1,383.4,390.5,177.3,27900,7.0,204.0,0.0,61.0,61.0,2.0,6.0,"rt;dur=0;desc=""Runtime init"", render;dur=61;desc=""Page render"", mw;dur=61;desc=""Total middleware"", db.total;dur=204;desc=""DB total"", db.count;dur=7;desc=""Query count"", db.first;dur=0;desc=""First query at"", db.last;dur=61;desc=""Last query at"", cache.hit;dur=2;desc=""Cache hits"", cache.miss;dur=6;desc=""Cache misses"" | D1_layout;dur=57.0;desc=""D1:layout"", D1_term+posts;dur=61.0;desc=""D1:term+posts"", total;dur=61.0;desc=""total"""
2026-10-06T08:09:09Z,pre-comments,curl,/posts/architektura-emdash-typescript-astro,200,MISS,remote-,HAM,201.9,446.0,452.5,244.1,32883,9.0,253.0,0.0,121.0,121.0,6.0,7.0,"rt;dur=0;desc=""Runtime init"", render;dur=121;desc=""Page render"", mw;dur=121;desc=""Total middleware"", db.total;dur=253;desc=""DB total"", db.count;dur=9;desc=""Query count"", db.first;dur=0;desc=""First query at"", db.last;dur=121;desc=""Last query at"", cache.hit;dur=6;desc=""Cache hits"", cache.miss;dur=7;desc=""Cache misses"" | D1_entry+recent;dur=51.0;desc=""D1:entry+recent"", D1_layout;dur=51.0;desc=""D1:layout"", D1_tags;dur=23.0;desc=""D1:tags"", total;dur=121.0;desc=""total"""
2026-10-06T08:09:09Z,pre-comments,curl,/,200,MISS,remote-WAW,HAM,107.1,310.6,310.7,203.5,0,5.0,136.0,0.0,69.0,69.0,2.0,6.0,"rt;dur=0;desc=""Runtime init"", render;dur=69;desc=""Page render"", mw;dur=69;desc=""Total middleware"", db.total;dur=136;desc=""DB total"", db.count;dur=5;desc=""Query count"", db.first;dur=0;desc=""First query at"", db.last;dur=69;desc=""Last query at"", cache.hit;dur=2;desc=""Cache hits"", cache.miss;dur=6;desc=""Cache misses"" | D1_posts;dur=43.0;desc=""D1:posts"", D1_layout;dur=43.0;desc=""D1:layout"", D1_all-tags;dur=26.0;desc=""D1:all-tags"", total;dur=69.0;desc=""total"""
2026-10-06T08:09:10Z,pre-comments,browser,/category/technologia,200,MISS,remote-WAW,HAM,94.2,298.6,299.3,204.4,0,7.0,224.0,0.0,72.0,72.0,2.0,6.0,"rt;dur=0;desc=""Runtime init"", render;dur=72;desc=""Page render"", mw;dur=72;desc=""Total middleware"", db.total;dur=224;desc=""DB total"", db.count;dur=7;desc=""Query count"", db.first;dur=0;desc=""First query at"", db.last;dur=72;desc=""Last query at"", cache.hit;dur=2;desc=""Cache hits"", cache.miss;dur=6;desc=""Cache misses"" | D1_layout;dur=62.0;desc=""D1:layout"", D1_term+posts;dur=72.0;desc=""D1:term+posts"", total;dur=72.0;desc=""total"" | cfEdge;dur=156,cfOrigin;dur=0"
2026-10-06T08:09:10Z,pre-comments,curl,/category/technologia,200,MISS,remote-WAW,HAM,116.6,288.4,294.8,171.8,27884,7.0,182.0,0.0,59.0,59.0,2.0,6.0,"rt;dur=0;desc=""Runtime init"", render;dur=59;desc=""Page render"", mw;dur=59;desc=""Total middleware"", db.total;dur=182;desc=""DB total"", db.count;dur=7;desc=""Query count"", db.first;dur=0;desc=""First query at"", db.last;dur=59;desc=""Last query at"", cache.hit;dur=2;desc=""Cache hits"", cache.miss;dur=6;desc=""Cache misses"" | D1_layout;dur=46.0;desc=""D1:layout"", D1_term+posts;dur=59.0;desc=""D1:term+posts"", total;dur=59.0;desc=""total"""
2026-10-06T08:09:11Z,pre-comments,curl,/posts/architektura-emdash-typescript-astro,200,MISS,remote-WAW,HAM,178.0,436.4,444.9,258.4,32895,9.0,256.0,0.0,132.0,132.0,6.0,7.0,"rt;dur=0;desc=""Runtime init"", render;dur=132;desc=""Page render"", mw;dur=132;desc=""Total middleware"", db.total;dur=256;desc=""DB total"", db.count;dur=9;desc=""Query count"", db.first;dur=0;desc=""First query at"", db.last;dur=132;desc=""Last query at"", cache.hit;dur=6;desc=""Cache hits"", cache.miss;dur=7;desc=""Cache misses"" | D1_entry+recent;dur=60.0;desc=""D1:entry+recent"", D1_layout;dur=60.0;desc=""D1:layout"", D1_tags;dur=21.0;desc=""D1:tags"", total;dur=132.0;desc=""total"""
2026-10-06T08:09:11Z,pre-comments,browser,/posts/architektura-emdash-typescript-astro,200,MISS,remote-,HAM,114.3,370.2,375.2,255.9,33262,9.0,250.0,0.0,123.0,123.0,6.0,7.0,"rt;dur=0;desc=""Runtime init"", render;dur=123;desc=""Page render"", mw;dur=123;desc=""Total middleware"", db.total;dur=250;desc=""DB total"", db.count;dur=9;desc=""Query count"", db.first;dur=0;desc=""First query at"", db.last;dur=123;desc=""Last query at"", cache.hit;dur=6;desc=""Cache hits"", cache.miss;dur=7;desc=""Cache misses"" | D1_entry+recent;dur=55.0;desc=""D1:entry+recent"", D1_layout;dur=55.0;desc=""D1:layout"", D1_tags;dur=24.0;desc=""D1:tags"", total;dur=123.0;desc=""total"" | cfEdge;dur=204,cfOrigin;dur=0"
2026-10-06T08:09:12Z,pre-comments,curl,/,503,,remote-,HAM,190.6,485.0,485.3,294.4,0,,,,,,,,
2026-10-06T08:09:13Z,pre-comments,curl,/posts/,200,MISS,remote-WAW,HAM,220.8,513.7,519.2,292.9,36696,5.0,138.0,0.0,71.0,71.0,2.0,6.0,"rt;dur=0;desc=""Runtime init"", render;dur=71;desc=""Page render"", mw;dur=71;desc=""Total middleware"", db.total;dur=138;desc=""DB total"", db.count;dur=5;desc=""Query count"", db.first;dur=0;desc=""First query at"", db.last;dur=71;desc=""Last query at"", cache.hit;dur=2;desc=""Cache hits"", cache.miss;dur=6;desc=""Cache misses"" | D1_posts;dur=47.0;desc=""D1:posts"", D1_layout;dur=47.0;desc=""D1:layout"", D1_all-tags;dur=24.0;desc=""D1:all-tags"", total;dur=71.0;desc=""total"""
2026-10-06T08:09:14Z,pre-comments,browser,/,200,MISS,remote-WAW,HAM,202.4,466.3,469.2,263.9,29900,5.0,145.0,0.0,74.0,74.0,2.0,6.0,"rt;dur=0;desc=""Runtime init"", render;dur=74;desc=""Page render"", mw;dur=74;desc=""Total middleware"", db.total;dur=145;desc=""DB total"", db.count;dur=5;desc=""Query count"", db.first;dur=0;desc=""First query at"", db.last;dur=74;desc=""Last query at"", cache.hit;dur=2;desc=""Cache hits"", cache.miss;dur=6;desc=""Cache misses"" | D1_posts;dur=49.0;desc=""D1:posts"", D1_layout;dur=49.0;desc=""D1:layout"", D1_all-tags;dur=25.0;desc=""D1:all-tags"", total;dur=74.0;desc=""total"" | cfEdge;dur=135,cfOrigin;dur=0"
2026-10-06T08:09:14Z,pre-comments,browser,/posts/,200,MISS,remote-,HAM,295.6,511.0,511.1,215.4,0,5.0,169.0,0.0,86.0,86.0,2.0,6.0,"rt;dur=0;desc=""Runtime init"", render;dur=86;desc=""Page render"", mw;dur=86;desc=""Total middleware"", db.total;dur=169;desc=""DB total"", db.count;dur=5;desc=""Query count"", db.first;dur=0;desc=""First query at"", db.last;dur=86;desc=""Last query at"", cache.hit;dur=2;desc=""Cache hits"", cache.miss;dur=6;desc=""Cache misses"" | D1_layout;dur=51.0;desc=""D1:layout"", D1_posts;dur=61.0;desc=""D1:posts"", D1_all-tags;dur=25.0;desc=""D1:all-tags"", total;dur=86.0;desc=""total"" | cfEdge;dur=168,cfOrigin;dur=0"
2026-10-06T08:09:15Z,pre-comments,browser,/posts/architektura-emdash-typescript-astro,503,,remote-WAW,HAM,189.7,462.8,462.9,273.1,0,,,,,,,,"cfEdge;dur=220,cfOrigin;dur=0"
2026-10-06T08:09:16Z,pre-comments,curl,/posts/architektura-emdash-typescript-astro,200,MISS,remote-WAW,HAM,266.9,521.7,525.5,254.8,32895,9.0,279.0,0.0,134.0,134.0,6.0,7.0,"rt;dur=0;desc=""Runtime init"", render;dur=134;desc=""Page render"", mw;dur=134;desc=""Total middleware"", db.total;dur=279;desc=""DB total"", db.count;dur=9;desc=""Query count"", db.first;dur=0;desc=""First query at"", db.last;dur=134;desc=""Last query at"", cache.hit;dur=6;desc=""Cache hits"", cache.miss;dur=7;desc=""Cache misses"" | D1_entry+recent;dur=66.0;desc=""D1:entry+recent"", D1_layout;dur=66.0;desc=""D1:layout"", D1_tags;dur=25.0;desc=""D1:tags"", total;dur=134.0;desc=""total"""
2026-10-06T08:09:17Z,pre-comments,browser,/,200,MISS,remote-,HAM,388.2,814.9,815.3,426.7,0,5.0,381.0,0.0,297.0,297.0,2.0,6.0,"rt;dur=0;desc=""Runtime init"", render;dur=297;desc=""Page render"", mw;dur=297;desc=""Total middleware"", db.total;dur=381;desc=""DB total"", db.count;dur=5;desc=""Query count"", db.first;dur=0;desc=""First query at"", db.last;dur=297;desc=""Last query at"", cache.hit;dur=2;desc=""Cache hits"", cache.miss;dur=6;desc=""Cache misses"" | D1_layout;dur=57.0;desc=""D1:layout"", D1_posts;dur=271.0;desc=""D1:posts"", D1_all-tags;dur=26.0;desc=""D1:all-tags"", total;dur=297.0;desc=""total"" | cfEdge;dur=364,cfOrigin;dur=0"
2026-10-06T08:09:18Z,pre-comments,curl,/category/technologia,200,MISS,remote-,HAM,401.7,594.5,616.6,192.8,27876,7.0,211.0,0.0,65.0,65.0,2.0,6.0,"rt;dur=0;desc=""Runtime init"", render;dur=65;desc=""Page render"", mw;dur=65;desc=""Total middleware"", db.total;dur=211;desc=""DB total"", db.count;dur=7;desc=""Query count"", db.first;dur=0;desc=""First query at"", db.last;dur=65;desc=""Last query at"", cache.hit;dur=2;desc=""Cache hits"", cache.miss;dur=6;desc=""Cache misses"" | D1_layout;dur=62.0;desc=""D1:layout"", D1_term+posts;dur=65.0;desc=""D1:term+posts"", total;dur=65.0;desc=""total"""
2026-10-06T08:09:18Z,pre-comments,curl,/,200,MISS,remote-,HAM,101.5,289.4,297.7,187.9,29521,5.0,143.0,0.0,71.0,71.0,2.0,6.0,"rt;dur=0;desc=""Runtime init"", render;dur=71;desc=""Page render"", mw;dur=71;desc=""Total middleware"", db.total;dur=143;desc=""DB total"", db.count;dur=5;desc=""Query count"", db.first;dur=0;desc=""First query at"", db.last;dur=71;desc=""Last query at"", cache.hit;dur=2;desc=""Cache hits"", cache.miss;dur=6;desc=""Cache misses"" | D1_posts;dur=46.0;desc=""D1:posts"", D1_layout;dur=46.0;desc=""D1:layout"", D1_all-tags;dur=25.0;desc=""D1:all-tags"", total;dur=71.0;desc=""total"""
2026-10-06T08:09:19Z,pre-comments,curl,/posts/,200,MISS,remote-WAW,HAM,123.9,419.0,428.7,295.1,36692,6.0,180.0,0.0,73.0,73.0,2.0,6.0,"rt;dur=0;desc=""Runtime init"", render;dur=73;desc=""Page render"", mw;dur=73;desc=""Total middleware"", db.total;dur=180;desc=""DB total"", db.count;dur=6;desc=""Query count"", db.first;dur=0;desc=""First query at"", db.last;dur=73;desc=""Last query at"", cache.hit;dur=2;desc=""Cache hits"", cache.miss;dur=6;desc=""Cache misses"" | D1_posts;dur=53.0;desc=""D1:posts"", D1_layout;dur=53.0;desc=""D1:layout"", D1_all-tags;dur=20.0;desc=""D1:all-tags"", total;dur=73.0;desc=""total"""
2026-10-06T08:09:19Z,pre-comments,browser,/category/technologia,200,MISS,remote-WAW,HAM,168.2,362.1,367.0,193.9,28251,7.0,200.0,0.0,72.0,72.0,2.0,6.0,"rt;dur=0;desc=""Runtime init"", render;dur=72;desc=""Page render"", mw;dur=72;desc=""Total middleware"", db.total;dur=200;desc=""DB total"", db.count;dur=7;desc=""Query count"", db.first;dur=0;desc=""First query at"", db.last;dur=72;desc=""Last query at"", cache.hit;dur=2;desc=""Cache hits"", cache.miss;dur=6;desc=""Cache misses"" | D1_layout;dur=41.0;desc=""D1:layout"", D1_term+posts;dur=72.0;desc=""D1:term+posts"", total;dur=72.0;desc=""total"" | cfEdge;dur=141,cfOrigin;dur=0"
2026-10-06T08:09:20Z,pre-comments,browser,/posts/,200,MISS,remote-WAW,HAM,141.9,326.2,334.9,184.3,37067,5.0,147.0,0.0,70.0,70.0,2.0,6.0,"rt;dur=0;desc=""Runtime init"", render;dur=70;desc=""Page render"", mw;dur=70;desc=""Total middleware"", db.total;dur=147;desc=""DB total"", db.count;dur=5;desc=""Query count"", db.first;dur=0;desc=""First query at"", db.last;dur=70;desc=""Last query at"", cache.hit;dur=2;desc=""Cache hits"", cache.miss;dur=6;desc=""Cache misses"" | D1_posts;dur=49.0;desc=""D1:posts"", D1_layout;dur=49.0;desc=""D1:layout"", D1_all-tags;dur=21.0;desc=""D1:all-tags"", total;dur=70.0;desc=""total"" | cfEdge;dur=138,cfOrigin;dur=0"
2026-10-06T08:09:21Z,pre-comments,browser,/posts/architektura-emdash-typescript-astro,200,MISS,remote-WAW,HAM,108.6,365.3,372.8,256.7,33258,9.0,245.0,0.0,122.0,122.0,6.0,7.0,"rt;dur=0;desc=""Runtime init"", render;dur=122;desc=""Page render"", mw;dur=122;desc=""Total middleware"", db.total;dur=245;desc=""DB total"", db.count;dur=9;desc=""Query count"", db.first;dur=0;desc=""First query at"", db.last;dur=122;desc=""Last query at"", cache.hit;dur=6;desc=""Cache hits"", cache.miss;dur=7;desc=""Cache misses"" | D1_entry+recent;dur=51.0;desc=""D1:entry+recent"", D1_layout;dur=51.0;desc=""D1:layout"", D1_tags;dur=19.0;desc=""D1:tags"", total;dur=122.0;desc=""total"" | cfEdge;dur=197,cfOrigin;dur=0"
2026-10-06T08:09:21Z,pre-comments,curl,/posts/,200,MISS,remote-,HAM,89.1,269.9,276.6,180.8,36700,5.0,140.0,0.0,72.0,72.0,2.0,6.0,"rt;dur=0;desc=""Runtime init"", render;dur=72;desc=""Page render"", mw;dur=72;desc=""Total middleware"", db.total;dur=140;desc=""DB total"", db.count;dur=5;desc=""Query count"", db.first;dur=0;desc=""First query at"", db.last;dur=72;desc=""Last query at"", cache.hit;dur=2;desc=""Cache hits"", cache.miss;dur=6;desc=""Cache misses"" | D1_posts;dur=52.0;desc=""D1:posts"", D1_layout;dur=52.0;desc=""D1:layout"", D1_all-tags;dur=20.0;desc=""D1:all-tags"", total;dur=72.0;desc=""total"""
2026-10-06T08:09:22Z,pre-comments,curl,/posts/architektura-emdash-typescript-astro,200,MISS,remote-,HAM,93.4,498.0,504.5,404.6,32884,9.0,499.0,0.0,292.0,292.0,6.0,7.0,"rt;dur=0;desc=""Runtime init"", render;dur=292;desc=""Page render"", mw;dur=292;desc=""Total middleware"", db.total;dur=499;desc=""DB total"", db.count;dur=9;desc=""Query count"", db.first;dur=0;desc=""First query at"", db.last;dur=292;desc=""Last query at"", cache.hit;dur=6;desc=""Cache hits"", cache.miss;dur=7;desc=""Cache misses"" | D1_layout;dur=74.0;desc=""D1:layout"", D1_entry+recent;dur=226.0;desc=""D1:entry+recent"", D1_tags;dur=21.0;desc=""D1:tags"", total;dur=292.0;desc=""total"""
2026-10-06T08:09:23Z,pre-comments,browser,/posts/,503,,remote-WAW,HAM,180.8,587.4,587.5,406.6,0,,,,,,,,"cfEdge;dur=317,cfOrigin;dur=0"
2026-10-06T08:09:23Z,pre-comments,browser,/category/technologia,503,,remote-WAW,HAM,123.4,408.4,408.6,285.0,0,,,,,,,,"cfEdge;dur=159,cfOrigin;dur=0"
2026-10-06T08:09:24Z,pre-comments,curl,/category/technologia,503,,remote-WAW,HAM,100.4,314.1,314.2,213.7,0,,,,,,,,
2026-10-06T08:09:25Z,pre-comments,curl,/,200,MISS,remote-,HAM,104.4,309.7,313.3,205.3,29533,5.0,160.0,0.0,78.0,78.0,2.0,6.0,"rt;dur=0;desc=""Runtime init"", render;dur=78;desc=""Page render"", mw;dur=78;desc=""Total middleware"", db.total;dur=160;desc=""DB total"", db.count;dur=5;desc=""Query count"", db.first;dur=0;desc=""First query at"", db.last;dur=78;desc=""Last query at"", cache.hit;dur=2;desc=""Cache hits"", cache.miss;dur=6;desc=""Cache misses"" | D1_posts;dur=52.0;desc=""D1:posts"", D1_layout;dur=52.0;desc=""D1:layout"", D1_all-tags;dur=26.0;desc=""D1:all-tags"", total;dur=78.0;desc=""total"""
2026-10-06T08:09:25Z,pre-comments,browser,/,503,,remote-WAW,HAM,109.2,327.6,327.6,218.4,0,,,,,,,,"cfEdge;dur=160,cfOrigin;dur=0"
